api_id,api_name,api_category,endpoint,version,owner_team,status,service_name
1,Okta Verify Service,IAM,https://okta.internal/api/v1/authn/467,v1.4,FinTech-Core,Deprecated,okta
2,User Profile Core API,User,https://internal.platform/services/user-profile/436,v1.4,Identity-IAM,Active,internal
3,Snowflake Ingestion Service,Analytics,https://snowflake.internal/api/v1/ingest,0.0.1-SNAPSHOT,Comms-Team,Inactive,snowflake
4,Google Maps Geocode API,Maps,https://maps.googleapis.com/maps/api/geocode/json,test-version,Growth-Marketing,Active,maps
5,PayPal Checkout API,Payment,https://api-m.paypal.com/v2/checkout/orders/106,Unknown,Comms-Team,Deprecated,api-m
6,Stripe Payments API,Payment,https://api.stripe.com/v3/charges,0.0.1-SNAPSHOT,Core-Platform,Active,api
7,Snowflake Ingestion API,Unknown,https://snowflake.internal/api/v1/ingest/845,v3,SecOps-Compliance,Active,snowflake
8,Compliance Engine #49,Compliance,https://internal.api/v1/compliance/action,Unknown,FinTech-Core,Active,internal
9,SendGrid Mailer Service,Notifications,https://api.sendgrid.com/v3/mail/send/552,v1.0.0,SecOps-Compliance,Active,api
10,Snowflake Ingestion API,Analytics,https://snowflake.internal/api/v1/ingest/660,v1.4,Unknown,Active,snowflake
11,SHIPPING ENGINE #58,Shipping,https://internal.api/v1/shipping/action,v1.0.0,FinTech-Core,Deprecated,internal
12,Stripe Payments API,Payment,https://api.stripe.com/v3/charges/435,v1.0.0,Logistics,Active,api
13,Twilio SMS Gateway API,Notifications,https://api.twilio.com/2010-04-01/accounts/426,v2.1.0,Identity-IAM,Active,api
14,User Engine #11,Unknown,https://internal.api/v1/user/action,v1.0.0,Data-Eng,Deprecated,internal
15,Payment Engine #53,Payment,https://internal.api/v1/payment/action,v2.1.0,Logistics,Inactive,internal
16,HubSpot Contacts Service,CRM,https://api.hubapi.com/crm/v3/objects/contacts,v2.1.0,Logistics,Active,api
17,Twilio SMS Gateway API,Notifications,https://api.twilio.com/2010-04-01/accounts,v2.1.0,Unknown,Active,api
18,User Engine #53,Unknown,https://internal.api/v1/user/action,v1.0.0,Growth-Marketing,Active,internal
19,Notifications Engine #96,Notifications,https://internal.api/v1/notifications/action,v2-beta,Growth-Marketing,Deprecated,internal
20,Notifications Engine #26,Notifications,https://internal.api/v1/notifications/action,v1.4,Growth-Marketing,Active,internal
21,User Profile Core API,User,https://internal.platform/services/user-profile,v1.4,Logistics,Active,internal
22,SENDGRID MAILER SERVICE,Notifications,https://api.sendgrid.com/v3/mail/send,v2-beta,FinTech-Core,Active,api
23,Analytics Engine #89,Unknown,https://internal.api/v1/analytics/action,v1.0.0,FinTech-Core,Inactive,internal
24,Marketing Engine #28,Marketing,https://internal.api/v1/marketing/action,v1.4,FinTech-Core,Active,internal
25,Marketing Engine #91,Unknown,https://internal.api/v1/marketing/action,v1.0.0,Identity-IAM,Deprecated,internal
26,Datadog Telemetry API,Analytics,https://api.datadoghq.com/api/v2/logs,v1.4,Identity-IAM,Active,api
27,Salesforce Leads Service,CRM,https://test.salesforce.com/services/data/v55.0/sobjects,v2.1.0,Unknown,Active,test
28,Marketing Engine #95,Marketing,https://internal.api/v1/marketing/action,v2-beta,Unknown,Inactive,internal
29,Okta Verify Service,Auth,https://okta.internal/api/v1/authn/913,v2-beta,Comms-Team,Active,okta
30,Stripe Payments API,Payment,https://api.stripe.com/v3/charges/231,Unknown,SecOps-Compliance,Active,api
31,Stripe Payments API,Payment,https://api.stripe.com/v3/charges/994,0.0.1-SNAPSHOT,Identity-IAM,Active,api
32,Auth Engine #46,Auth,https://internal.api/v1/auth/action,v2-beta,FinTech-Core,Active,internal
33,Auth0 Login Service,Auth,https://identity.auth0.com/oauth/token,2024-01-01,Data-Eng,Active,identity
34,Shipping Engine #99,Shipping,https://internal.api/v1/shipping/action,0.0.1-SNAPSHOT,Comms-Team,Active,internal
35,Okta Verify API,Auth,https://okta.internal/api/v1/authn/607,v1.4,SecOps-Compliance,Active,okta
36,notifications engine #52,Notifications,https://internal.api/v1/notifications/action,v1.0.0,Comms-Team,Active,internal
37,CRM Engine #26,CRM,https://internal.api/v1/crm/action,v3,Growth-Marketing,Inactive,internal
38,Maps Engine #17,Maps,https://internal.api/v1/maps/action,v1.4,Unknown,Active,internal
39,Shipping Engine #71,Shipping,https://internal.api/v1/shipping/action/{env}/debug_mode,v1.0.0,Data-Eng,Active,internal
40,Stripe Payments API,Payment,https://api.stripe.com/v3/charges,test-version,Identity-IAM,Active,api
41,GDPR PURGE UTILITY SERVICE,Compliance,https://compliance.internal/v1/purge/391,v1.4,Core-Platform,Active,compliance
42,Okta Verify API,Auth,https://okta.internal/api/v1/authn/147,v1.0.0,Identity-IAM,Active,okta
43,Google Maps Geocode Service,Maps,https://maps.googleapis.com/maps/api/geocode/json/239,v3,Unknown,Active,maps
44,auth engine #59,Auth,https://internal.api/v1/auth/action,v1.0.0,SecOps-Compliance,Active,internal
45,MAPS ENGINE #54,Maps,https://internal.api/v1/maps/action,v1.4,Core-Platform,Active,internal
46,Compliance Engine #75,Compliance,https://internal.api/v1/compliance/action,v1.4,Data-Eng,Active,internal
47,datadog telemetry service,Analytics,https://api.datadoghq.com/api/v2/logs,v2.1.0,Logistics,Active,api
48,Compliance Engine #82,Compliance,https://internal.api/v1/compliance/action,2024-01-01,Comms-Team,Deprecated,internal
49,Auth Engine #34,Security,https://internal.api/v1/auth/action,v2.1.0,FinTech-Core,Deprecated,internal
50,Auth0 Login API,Unknown,https://identity.auth0.com/oauth/token/288,v2.1.0,Core-Platform,Active,identity
51,Snowflake Ingestion API,Analytics,https://snowflake.internal/api/v1/ingest,v1.0.0,Logistics,Active,snowflake
52,SendGrid Mailer API,Notifications,https://api.sendgrid.com/v3/mail/send,v2-beta,Core-Platform,Inactive,api
53,Snowflake Ingestion Service,Analytics,https://snowflake.internal/api/v1/ingest,v2-beta,Data-Eng,Active,snowflake
54,User Profile Core Service,User,https://internal.platform/services/user-profile/532,v1-alpha,Core-Platform,Active,internal
55,GDPR Purge Utility Service,Compliance,https://compliance.internal/v1/purge/356,v2.1.0,SecOps-Compliance,Inactive,compliance
56,PayPal Checkout API,Payment,https://api-m.paypal.com/v2/checkout/orders/921,v1.4,Unknown,Active,api-m
57,Compliance Engine #86,Compliance,https://internal.api/v1/compliance/action,v2-beta,Data-Eng,Active,internal
58,MARKETING ENGINE #20,Marketing,https://internal.api/v1/marketing/action,v2-beta,Core-Platform,Active,internal
59,Payment Engine #32,Payment,https://internal.api/v1/payment/action,v1.0.0,Data-Eng,Active,internal
60,Snowflake Ingestion Service,Analytics,https://snowflake.internal/api/v1/ingest/813,2024-01-01,SecOps-Compliance,Active,snowflake
61,User Engine #11,User,https://internal.api/v1/user/action,v1.4,SecOps-Compliance,Active,internal
62,Shipping Engine #18,Shipping,https://internal.api/v1/shipping/action,v1.4,SecOps-Compliance,Active,internal
63,Shipping Engine #72,Shipping,https://internal.api/v1/shipping/action/{env}/debug_mode,v1.0.0,Identity-IAM,Active,internal
64,PayPal Checkout API,Payment,https://api-m.paypal.com/v2/checkout/orders/579,v1.4,Logistics,Active,api-m
65,user engine #78,User,https://internal.api/v1/user/action,v2.1.0,Core-Platform,Deprecated,internal
66,Marketing Engine #23,Marketing,https://internal.api/v1/marketing/action,v2-beta,Core-Platform,Active,internal
67,User Engine #88,User,https://internal.api/v1/user/action,v1.4,Growth-Marketing,Deprecated,internal
68,SendGrid Mailer Service,Notifications,https://api.sendgrid.com/v3/mail/send,2024-01-01,Comms-Team,Active,api
69,GDPR Purge Utility API,Compliance,https://compliance.internal/v1/purge/900,Unknown,Identity-IAM,Active,compliance
70,user profile core api,User,https://internal.platform/services/user-profile,v2.1.0,Comms-Team,Active,internal
71,CRM Engine #20,CRM,https://internal.api/v1/crm/action,test-version,Growth-Marketing,Active,internal
72,sendgrid mailer service,Notifications,https://api.sendgrid.com/v3/mail/send,v1.0.0,Logistics,Active,api
73,CRM Engine #35,Unknown,https://internal.api/v1/crm/action,v2.1.0,FinTech-Core,Active,internal
74,PayPal Checkout Service,Payment,https://api-m.paypal.com/v2/checkout/orders,2024-01-01,Logistics,Active,api-m
75,AdRoll Tracking Pixels Service,Marketing,https://api.adroll.com/v2/pixels,v2.1.0,Logistics,Active,api
76,User Engine #21,User,https://internal.api/v1/user/action,v2.1.0,Logistics,Active,internal
77,Shipping Engine #87,Shipping,https://internal.api/v1/shipping/action,v2-beta,FinTech-Core,Active,internal
78,FedEx Ship Rates Service,Unknown,https://apis.fedex.com/rate/v1/rates/659,v2.1.0,Core-Platform,Active,apis
79,Twilio SMS Gateway API,Notifications,https://api.twilio.com/2010-04-01/accounts,Unknown,Growth-Marketing,Deprecated,api
80,Compliance Engine #13,Compliance,https://internal.api/v1/compliance/action,v1.4,Core-Platform,Deprecated,internal
81,Salesforce Leads Service,CRM,https://test.salesforce.com/services/data/v55.0/sobjects,v2-beta,Logistics,Deprecated,test
82,Datadog Telemetry API,Analytics,https://api.datadoghq.com/api/v2/logs,v1.4,Core-Platform,Active,api
83,FedEx Ship Rates Service,Shipping,https://apis.fedex.com/rate/v1/rates/718,v2-beta,FinTech-Core,Active,apis
84,Okta Verify API,Auth,https://okta.internal/api/v1/authn,v2-beta,Comms-Team,Deprecated,okta
85,GDPR Purge Utility Service,Compliance,https://compliance.internal/v1/purge,v2-beta,Growth-Marketing,Active,compliance
86,Auth0 Login API,Auth,https://identity.auth0.com/oauth/token/980,Unknown,Logistics,Deprecated,identity
87,Payment Engine #25,Payment,https://internal.api/v1/payment/action,v2-beta,Unknown,Active,internal
88,Marketing Engine #60,Marketing,https://internal.api/v1/marketing/action,v3,FinTech-Core,Active,internal
89,FedEx Ship Rates API,Shipping,https://apis.fedex.com/rate/v1/rates/{env}/debug_mode,v3,Identity-IAM,Inactive,apis
90,Shipping Engine #66,Shipping,https://internal.api/v1/shipping/action,2024-01-01,Comms-Team,Active,internal
91,Salesforce Leads API,CRM,https://test.salesforce.com/services/data/v55.0/sobjects/357,v2-beta,FinTech-Core,Deprecated,test
92,Notifications Engine #14,Notifications,https://internal.api/v1/notifications/action/{env}/debug_mode,v2.1.0,SecOps-Compliance,Inactive,internal
93,FedEx Ship Rates API,Shipping,https://apis.fedex.com/rate/v1/rates/387,0.0.1-SNAPSHOT,Logistics,Active,apis
94,Okta Verify Service,Auth,https://okta.internal/api/v1/authn,v1.0.0,Core-Platform,Active,okta
95,HubSpot Contacts Service,CRM,https://api.hubapi.com/crm/v3/objects/contacts/613,v1.4,Core-Platform,Active,api
96,FEDEX SHIP RATES API,Shipping,https://apis.fedex.com/rate/v1/rates/818,v3,Comms-Team,Inactive,apis
97,AdRoll Tracking Pixels Service,Marketing,https://api.adroll.com/v2/pixels,v2-beta,Logistics,Active,api
98,CRM Engine #82,CRM,https://internal.api/v1/crm/action,Unknown,Logistics,Deprecated,internal
99,Snowflake Ingestion API,Unknown,https://snowflake.internal/api/v1/ingest,2024-01-01,FinTech-Core,Active,snowflake
100,Stripe Payments API,FinTech,https://api.stripe.com/v3/charges/905,v2-beta,SecOps-Compliance,Active,api
101,CRM Engine #29,CRM,https://internal.api/v1/crm/action,v2.1.0,Logistics,Deprecated,internal
102,Compliance Engine #91,Compliance,https://internal.api/v1/compliance/action,test-version,Growth-Marketing,Active,internal
103,Notifications Engine #56,Notifications,https://internal.api/v1/notifications/action,v1.4,SecOps-Compliance,Inactive,internal
104,SendGrid Mailer Service,Notifications,https://api.sendgrid.com/v3/mail/send/{env}/debug_mode,2024-01-01,SecOps-Compliance,Active,api
105,AdRoll Tracking Pixels Service,Marketing,https://api.adroll.com/v2/pixels/414,v2.1.0,Data-Eng,Inactive,api
106,FedEx Ship Rates Service,Shipping,https://apis.fedex.com/rate/v1/rates/585/{env}/debug_mode,v1.0.0,Comms-Team,Active,apis
107,Notifications Engine #68,Unknown,https://internal.api/v1/notifications/action,v3,Logistics,Active,internal
108,FedEx Ship Rates Service,Shipping,https://apis.fedex.com/rate/v1/rates/942,v1.0.0,Growth-Marketing,Deprecated,apis
109,Auth0 Login API,Auth,https://identity.auth0.com/oauth/token/{env}/debug_mode,2024-01-01,Data-Eng,Inactive,identity
110,Snowflake Ingestion Service,Analytics,https://snowflake.internal/api/v1/ingest/643,v1.4,Identity-IAM,Active,snowflake
111,Notifications Engine #71,Notifications,https://internal.api/v1/notifications/action,v2.1.0,Growth-Marketing,Active,internal
112,Notifications Engine #17,Notifications,https://internal.api/v1/notifications/action,v2.1.0,Logistics,Inactive,internal
113,Maps Engine #66,Maps,https://internal.api/v1/maps/action,v1.0.0,Unknown,Active,internal
114,Snowflake Ingestion API,Unknown,https://snowflake.internal/api/v1/ingest,v2-beta,Identity-IAM,Inactive,snowflake
115,Snowflake Ingestion Service,Analytics,https://snowflake.internal/api/v1/ingest/147,v2-beta,Unknown,Deprecated,snowflake
116,Auth0 Login Service,Auth,https://identity.auth0.com/oauth/token,0.0.1-SNAPSHOT,Comms-Team,Active,identity
117,Twilio SMS Gateway API,Unknown,https://api.twilio.com/2010-04-01/accounts,2024-01-01,Core-Platform,Inactive,api
118,Shipping Engine #48,Shipping,https://internal.api/v1/shipping/action/{env}/debug_mode,2024-01-01,Core-Platform,Active,internal
119,Google Maps Geocode Service,Maps,https://maps.googleapis.com/maps/api/geocode/json/302,v1-alpha,SecOps-Compliance,Active,maps
120,PayPal Checkout API,Payment,https://api-m.paypal.com/v2/checkout/orders,0.0.1-SNAPSHOT,SecOps-Compliance,Active,api-m
121,Payment Engine #46,Payment,https://internal.api/v1/payment/action/{env}/debug_mode,v2.1.0,FinTech-Core,Deprecated,internal
122,Snowflake Ingestion Service,Analytics,https://snowflake.internal/api/v1/ingest/709,v2-beta,Comms-Team,Deprecated,snowflake
123,Maps Engine #74,Maps,https://internal.api/v1/maps/action,v3,SecOps-Compliance,Active,internal
124,user engine #26,User,https://internal.api/v1/user/action,v1.0.0,Growth-Marketing,Active,internal
125,PAYPAL CHECKOUT API,Payment,https://api-m.paypal.com/v2/checkout/orders,2024-01-01,Core-Platform,Active,api-m
126,Stripe Payments Service,Payment,https://api.stripe.com/v3/charges/592,v1.0.0,Logistics,Active,api
127,FedEx Ship Rates Service,Shipping,https://apis.fedex.com/rate/v1/rates/535,v1.4,Comms-Team,Inactive,apis
128,Auth Engine #22,Auth,https://internal.api/v1/auth/action,2024-01-01,Core-Platform,Inactive,internal
129,Shipping Engine #15,Unknown,https://internal.api/v1/shipping/action,v2.1.0,Growth-Marketing,Active,internal
130,Snowflake Ingestion Service,Analytics,https://snowflake.internal/api/v1/ingest/707,v1.0.0,FinTech-Core,Active,snowflake
131,User Engine #62,User,https://internal.api/v1/user/action,v2-beta,Data-Eng,Active,internal
132,Auth Engine #54,Auth,https://internal.api/v1/auth/action,Unknown,Data-Eng,Deprecated,internal
133,FedEx Ship Rates Service,Shipping,https://apis.fedex.com/rate/v1/rates,v1.4,Core-Platform,Active,apis
134,Payment Engine #75,Payment,https://internal.api/v1/payment/action,v2-beta,FinTech-Core,Deprecated,internal
135,Twilio SMS Gateway Service,Notifications,https://api.twilio.com/2010-04-01/accounts/748,v2-beta,Comms-Team,Active,api
136,AdRoll Tracking Pixels Service,Marketing,https://api.adroll.com/v2/pixels,2024-01-01,Comms-Team,Active,api
137,Stripe Payments API,Payment,https://api.stripe.com/v3/charges/243,v2.1.0,Identity-IAM,Deprecated,api
138,FedEx Ship Rates API,Shipping,https://apis.fedex.com/rate/v1/rates/794,v2-beta,Logistics,Active,apis
139,GDPR Purge Utility API,Compliance,https://compliance.internal/v1/purge,v3,SecOps-Compliance,Active,compliance
140,Datadog Telemetry Service,Unknown,https://api.datadoghq.com/api/v2/logs,2024-01-01,SecOps-Compliance,Active,api
141,Auth Engine #65,Auth,https://internal.api/v1/auth/action/{env}/debug_mode,v2.1.0,Comms-Team,Active,internal
142,FedEx Ship Rates Service,Shipping,https://apis.fedex.com/rate/v1/rates,Unknown,Data-Eng,Deprecated,apis
143,FedEx Ship Rates Service,Shipping,https://apis.fedex.com/rate/v1/rates/{env}/debug_mode,v2-beta,Data-Eng,Active,apis
144,AdRoll Tracking Pixels API,Marketing,https://api.adroll.com/v2/pixels/{env}/debug_mode,v2-beta,Core-Platform,Active,api
145,Twilio SMS Gateway API,Notifications,https://api.twilio.com/2010-04-01/accounts/252,Unknown,FinTech-Core,Inactive,api
146,Compliance Engine #19,Compliance,https://internal.api/v1/compliance/action/{env}/debug_mode,v1.0.0,FinTech-Core,Active,internal
147,Snowflake Ingestion API,Analytics,https://snowflake.internal/api/v1/ingest,v2-beta,Identity-IAM,Inactive,snowflake
148,Okta Verify Service,Auth,https://okta.internal/api/v1/authn/362,v3,Comms-Team,Active,okta
149,Maps Engine #89,Maps,https://internal.api/v1/maps/action,v2-beta,Logistics,Inactive,internal
150,Auth Engine #16,Auth,https://internal.api/v1/auth/action/{env}/debug_mode,v2.1.0,Logistics,Deprecated,internal
151,gdpr purge utility api,Compliance,https://compliance.internal/v1/purge,v1.4,Growth-Marketing,Deprecated,compliance
152,Datadog Telemetry Service,Analytics,https://api.datadoghq.com/api/v2/logs/221,v2-beta,Growth-Marketing,Active,api
153,Snowflake Ingestion Service,Analytics,https://snowflake.internal/api/v1/ingest/{env}/debug_mode,2024-01-01,Data-Eng,Deprecated,snowflake
154,Shipping Engine #44,Shipping,https://internal.api/v1/shipping/action/{env}/debug_mode,v1.4,Comms-Team,Deprecated,internal
155,CRM Engine #71,CRM,https://internal.api/v1/crm/action,v1.0.0,Unknown,Active,internal
156,Twilio SMS Gateway Service,Notifications,https://api.twilio.com/2010-04-01/accounts,v1.0.0,Unknown,Inactive,api
157,GDPR Purge Utility API,Compliance,https://compliance.internal/v1/purge/802,Unknown,Data-Eng,Active,compliance
158,User Engine #24,User,https://internal.api/v1/user/action,Unknown,SecOps-Compliance,Active,internal
159,Datadog Telemetry Service,Analytics,https://api.datadoghq.com/api/v2/logs/947,2024-01-01,Identity-IAM,Inactive,api
160,FedEx Ship Rates API,Shipping,https://apis.fedex.com/rate/v1/rates/186,v1.4,Identity-IAM,Inactive,apis
161,Shipping Engine #31,Shipping,https://internal.api/v1/shipping/action,v2.1.0,Identity-IAM,Active,internal
162,User Engine #34,Unknown,https://internal.api/v1/user/action,2024-01-01,FinTech-Core,Active,internal
163,GDPR Purge Utility Service,Compliance,https://compliance.internal/v1/purge/950,v2.1.0,Data-Eng,Deprecated,compliance
164,Auth Engine #55,Auth,https://internal.api/v1/auth/action/{env}/debug_mode,v1.0.0,Data-Eng,Active,internal
165,User Engine #30,User,https://internal.api/v1/user/action,2024-01-01,Data-Eng,Deprecated,internal
166,Shipping Engine #70,Shipping,https://internal.api/v1/shipping/action,v2-beta,Growth-Marketing,Active,internal
167,Payment Engine #65,Payment,https://internal.api/v1/payment/action,2024-01-01,Logistics,Active,internal
168,GDPR Purge Utility Service,Compliance,https://compliance.internal/v1/purge,v1.0.0,SecOps-Compliance,Inactive,compliance
169,Auth0 Login Service,Auth,https://identity.auth0.com/oauth/token/217/{env}/debug_mode,v1.0.0,Data-Eng,Active,identity
170,Stripe Payments Service,Payment,https://api.stripe.com/v3/charges/685,v1-alpha,Data-Eng,Active,api
171,User Profile Core API,User,https://internal.platform/services/user-profile,v1.4,Comms-Team,Inactive,internal
172,HUBSPOT CONTACTS API,CRM,https://api.hubapi.com/crm/v3/objects/contacts,v2-beta,Data-Eng,Active,api
173,Payment Engine #76,Payment,https://internal.api/v1/payment/action,Unknown,Comms-Team,Active,internal
174,Okta Verify Service,Auth,https://okta.internal/api/v1/authn,v3,FinTech-Core,Active,okta
175,HubSpot Contacts API,CRM,https://api.hubapi.com/crm/v3/objects/contacts/375,v1.0.0,Data-Eng,Active,api
176,Datadog Telemetry Service,Analytics,https://api.datadoghq.com/api/v2/logs,v3,Comms-Team,Active,api
177,Analytics Engine #65,Analytics,https://internal.api/v1/analytics/action,v1.4,Data-Eng,Deprecated,internal
178,GDPR Purge Utility Service,Compliance,https://compliance.internal/v1/purge/515,Unknown,SecOps-Compliance,Active,compliance
179,SendGrid Mailer Service,Notifications,https://api.sendgrid.com/v3/mail/send/517,Unknown,Comms-Team,Active,api
180,SendGrid Mailer API,Notifications,https://api.sendgrid.com/v3/mail/send,v3,Data-Eng,Active,api
181,SendGrid Mailer Service,Notifications,https://api.sendgrid.com/v3/mail/send/811/{env}/debug_mode,v2-beta,SecOps-Compliance,Active,api
182,Twilio SMS Gateway Service,Comms,https://api.twilio.com/2010-04-01/accounts,v3,FinTech-Core,Active,api
183,FedEx Ship Rates API,Shipping,https://apis.fedex.com/rate/v1/rates,v3,Logistics,Deprecated,apis
184,GDPR Purge Utility Service,Compliance,https://compliance.internal/v1/purge/514,v1.0.0,Identity-IAM,Active,compliance
185,Auth0 Login Service,Auth,https://identity.auth0.com/oauth/token/136,Unknown,Logistics,Active,identity
186,GDPR Purge Utility API,Compliance,https://compliance.internal/v1/purge/343,2024-01-01,Data-Eng,Inactive,compliance
187,Shipping Engine #24,Shipping,https://internal.api/v1/shipping/action/{env}/debug_mode,2024-01-01,SecOps-Compliance,Active,internal
188,Compliance Engine #89,Compliance,https://internal.api/v1/compliance/action,v1.4,FinTech-Core,Inactive,internal
189,Okta Verify Service,Auth,https://okta.internal/api/v1/authn/474,Unknown,Growth-Marketing,Active,okta
190,Auth0 Login API,Auth,https://identity.auth0.com/oauth/token/677,2024-01-01,Identity-IAM,Inactive,identity
191,PayPal Checkout API,Payment,https://api-m.paypal.com/v2/checkout/orders/146,v1.4,Unknown,Active,api-m
192,Marketing Engine #41,Marketing,https://internal.api/v1/marketing/action,v3,Unknown,Active,internal
193,Twilio SMS Gateway API,Notifications,https://api.twilio.com/2010-04-01/accounts,v3,SecOps-Compliance,Inactive,api
194,Datadog Telemetry Service,Analytics,https://api.datadoghq.com/api/v2/logs/549,v1.4,FinTech-Core,Active,api
195,FedEx Ship Rates API,Shipping,https://apis.fedex.com/rate/v1/rates,Unknown,Core-Platform,Active,apis
196,Auth Engine #24,Auth,https://internal.api/v1/auth/action,v2-beta,Logistics,Inactive,internal
197,CRM Engine #27,CRM,https://internal.api/v1/crm/action,v2-beta,Unknown,Active,internal
198,Datadog Telemetry Service,Analytics,https://api.datadoghq.com/api/v2/logs,2026_RC4,Growth-Marketing,Active,api
199,AUTH0 LOGIN SERVICE,Auth,https://identity.auth0.com/oauth/token,v1.0.0,FinTech-Core,Active,identity
200,AdRoll Tracking Pixels Service,Marketing,https://api.adroll.com/v2/pixels/{env}/debug_mode,v3,FinTech-Core,Deprecated,api
201,user engine #54,User,https://internal.api/v1/user/action,v3,Identity-IAM,Active,internal
202,Okta Verify Service,Auth,https://okta.internal/api/v1/authn/483,v3,SecOps-Compliance,Active,okta
203,SendGrid Mailer Service,Notifications,https://api.sendgrid.com/v3/mail/send/336,v1.4,Comms-Team,Active,api
204,Maps Engine #23,Maps,https://internal.api/v1/maps/action,test-version,Data-Eng,Active,internal
205,AdRoll Tracking Pixels Service,Marketing,https://api.adroll.com/v2/pixels,v3,Comms-Team,Active,api
206,Auth0 Login API,Unknown,https://identity.auth0.com/oauth/token/913,v2.1.0,SecOps-Compliance,Deprecated,identity
207,Twilio SMS Gateway API,Notifications,https://api.twilio.com/2010-04-01/accounts/121,2024-01-01,SecOps-Compliance,Inactive,api
208,Maps Engine #58,Maps,https://internal.api/v1/maps/action,v2.1.0,Data-Eng,Deprecated,internal
209,PayPal Checkout API,Unknown,https://api-m.paypal.com/v2/checkout/orders,v2.1.0,Identity-IAM,Inactive,api-m
210,User Profile Core Service,User,https://internal.platform/services/user-profile,test-version,Comms-Team,Inactive,internal
211,AdRoll Tracking Pixels API,Marketing,https://api.adroll.com/v2/pixels/431,2024-01-01,Comms-Team,Deprecated,api
212,CRM Engine #79,CRM,https://internal.api/v1/crm/action,v1.4,Data-Eng,Active,internal
213,PayPal Checkout API,Unknown,https://api-m.paypal.com/v2/checkout/orders,v2-beta,Comms-Team,Deprecated,api-m
214,SendGrid Mailer API,Unknown,https://api.sendgrid.com/v3/mail/send/103,v1.0.0,SecOps-Compliance,Deprecated,api
215,Marketing Engine #29,Marketing,https://internal.api/v1/marketing/action,test-version,Core-Platform,Active,internal
216,CRM Engine #98,CRM,https://internal.api/v1/crm/action,v1.0.0,SecOps-Compliance,Active,internal
217,User Engine #63,User,https://internal.api/v1/user/action,v3,Data-Eng,Active,internal
218,Auth0 Login API,Auth,https://identity.auth0.com/oauth/token,v1.4,Growth-Marketing,Deprecated,identity
219,crm engine #96,CRM,https://internal.api/v1/crm/action,v1.4,Comms-Team,Active,internal
220,HubSpot Contacts API,CRM,https://api.hubapi.com/crm/v3/objects/contacts/274,v1.0.0,Comms-Team,Active,api
221,Shipping Engine #80,Shipping,https://internal.api/v1/shipping/action,v2.1.0,Logistics,Active,internal
222,Salesforce Leads Service,CRM,https://test.salesforce.com/services/data/v55.0/sobjects,0.0.1-SNAPSHOT,Data-Eng,Deprecated,test
223,Auth Engine #53,Auth,https://internal.api/v1/auth/action,v1.0.0,Unknown,Active,internal
224,Auth Engine #79,Auth,https://internal.api/v1/auth/action,2024-01-01,Comms-Team,Active,internal
225,Auth Engine #13,Auth,https://internal.api/v1/auth/action,v2-beta,Comms-Team,Active,internal
226,PayPal Checkout API,Payment,https://api-m.paypal.com/v2/checkout/orders/538,2024-01-01,Core-Platform,Inactive,api-m
227,Auth0 Login API,Auth,https://identity.auth0.com/oauth/token/{env}/debug_mode,v1.4,Comms-Team,Active,identity
228,User Engine #25,User,https://internal.api/v1/user/action,v1.0.0,Unknown,Active,internal
229,Notifications Engine #42,Notifications,https://internal.api/v1/notifications/action,v3,FinTech-Core,Active,internal
230,Auth Engine #82,Auth,https://internal.api/v1/auth/action,v2-beta,Comms-Team,Inactive,internal
231,Datadog Telemetry API,Analytics,https://api.datadoghq.com/api/v2/logs/154,v3,Identity-IAM,Active,api
232,Shipping Engine #94,Shipping,https://internal.api/v1/shipping/action/{env}/debug_mode,v2-beta,SecOps-Compliance,Deprecated,internal
233,Stripe Payments Service,Payment,https://api.stripe.com/v3/charges/932,0.0.1-SNAPSHOT,Data-Eng,Inactive,api
234,Stripe Payments Service,Payment,https://api.stripe.com/v3/charges/514,v2-beta,Data-Eng,Active,api
235,SendGrid Mailer Service,Notifications,https://api.sendgrid.com/v3/mail/send/119,v1.4,Growth-Marketing,Active,api
236,Okta Verify API,Auth,https://okta.internal/api/v1/authn/484,v2.1.0,Growth-Marketing,Active,okta
237,Shipping Engine #72,Unknown,https://internal.api/v1/shipping/action,v2.1.0,Comms-Team,Active,internal
238,Snowflake Ingestion API,Analytics,https://snowflake.internal/api/v1/ingest,v2.1.0,Identity-IAM,Active,snowflake
239,Snowflake Ingestion Service,Analytics,https://snowflake.internal/api/v1/ingest/378,2024-01-01,FinTech-Core,Active,snowflake
240,GDPR Purge Utility API,Compliance,https://compliance.internal/v1/purge/627,v2.1.0,Unknown,Deprecated,compliance
241,SendGrid Mailer Service,Notifications,https://api.sendgrid.com/v3/mail/send,v2-beta,Growth-Marketing,Deprecated,api
242,GDPR Purge Utility API,Compliance,https://compliance.internal/v1/purge,v2-beta,Logistics,Inactive,compliance
243,CRM Engine #52,CRM,https://internal.api/v1/crm/action,v2.1.0,SecOps-Compliance,Inactive,internal
244,Payment Engine #72,Payment,https://internal.api/v1/payment/action,v1.4,FinTech-Core,Active,internal
245,Okta Verify API,Auth,https://okta.internal/api/v1/authn,v2.1.0,Unknown,Active,okta
246,CRM Engine #61,CRM,https://internal.api/v1/crm/action,v3,Data-Eng,Deprecated,internal
247,Marketing Engine #59,Marketing,https://internal.api/v1/marketing/action,v1.0.0,Data-Eng,Active,internal
248,Analytics Engine #14,Analytics,https://internal.api/v1/analytics/action,2024-01-01,SecOps-Compliance,Active,internal
249,Okta Verify API,Auth,https://okta.internal/api/v1/authn/750,v2-beta,Data-Eng,Inactive,okta
250,HubSpot Contacts API,CRM,https://api.hubapi.com/crm/v3/objects/contacts/{env}/debug_mode,v3,FinTech-Core,Active,api
251,GDPR Purge Utility API,Compliance,https://compliance.internal/v1/purge,2024-01-01,SecOps-Compliance,Active,compliance
252,Twilio SMS Gateway Service,Notifications,https://api.twilio.com/2010-04-01/accounts/859/{env}/debug_mode,v3,Data-Eng,Deprecated,api
253,Payment Engine #19,Payment,https://internal.api/v1/payment/action,Unknown,Identity-IAM,Inactive,internal
254,Marketing Engine #92,Marketing,https://internal.api/v1/marketing/action,v1.4,Comms-Team,Active,internal
255,Datadog Telemetry API,Analytics,https://api.datadoghq.com/api/v2/logs/147,v2.1.0,FinTech-Core,Active,api
256,Compliance Engine #63,Compliance,https://internal.api/v1/compliance/action,2024-01-01,Data-Eng,Active,internal
257,FedEx Ship Rates API,Unknown,https://apis.fedex.com/rate/v1/rates,2024-01-01,Data-Eng,Active,apis
258,SendGrid Mailer Service,Notifications,https://api.sendgrid.com/v3/mail/send/545,v1-alpha,Data-Eng,Active,api
259,Snowflake Ingestion Service,Analytics,https://snowflake.internal/api/v1/ingest/608,v2-beta,Data-Eng,Active,snowflake
260,User Profile Core API,User,https://internal.platform/services/user-profile/299,v2.1.0,FinTech-Core,Active,internal
261,Okta Verify Service,Auth,https://okta.internal/api/v1/authn,v1-alpha,Core-Platform,Active,okta
262,Okta Verify API,Unknown,https://okta.internal/api/v1/authn/792,v1.0.0,Comms-Team,Active,okta
263,Auth Engine #65,Auth,https://internal.api/v1/auth/action/{env}/debug_mode,v2-beta,FinTech-Core,Active,internal
264,PayPal Checkout API,Payment,https://api-m.paypal.com/v2/checkout/orders/894,2024-01-01,Logistics,Active,api-m
265,USER PROFILE CORE API,User,https://internal.platform/services/user-profile/987,v1.4,Logistics,Active,internal
266,Snowflake Ingestion Service,Analytics,https://snowflake.internal/api/v1/ingest,v1.4,Data-Eng,Active,snowflake
267,crm engine #94,CRM,https://internal.api/v1/crm/action,2024-01-01,Core-Platform,Active,internal
268,Auth Engine #25,Auth,https://internal.api/v1/auth/action,v2-beta,Identity-IAM,Deprecated,internal
269,PayPal Checkout Service,Payment,https://api-m.paypal.com/v2/checkout/orders,v1.0.0,Data-Eng,Active,api-m
270,Compliance Engine #23,Compliance,https://internal.api/v1/compliance/action/{env}/debug_mode,v3,Data-Eng,Active,internal
271,User Profile Core Service,User,https://internal.platform/services/user-profile/748,v2-beta,FinTech-Core,Deprecated,internal
272,Analytics Engine #62,Analytics,https://internal.api/v1/analytics/action,0.0.1-SNAPSHOT,FinTech-Core,Inactive,internal
273,Stripe Payments API,Payment,https://api.stripe.com/v3/charges,v1-alpha,Identity-IAM,Active,api
274,AdRoll Tracking Pixels Service,Marketing,https://api.adroll.com/v2/pixels/798,Unknown,Comms-Team,Inactive,api
275,HubSpot Contacts API,CRM,https://api.hubapi.com/crm/v3/objects/contacts,v3,SecOps-Compliance,Active,api
276,Stripe Payments Service,FinTech,https://api.stripe.com/v3/charges/334,v2-beta,Logistics,Active,api
277,Payment Engine #22,Payment,https://internal.api/v1/payment/action,v2.1.0,Data-Eng,Active,internal
278,Auth Engine #40,Auth,https://internal.api/v1/auth/action,2024-01-01,FinTech-Core,Active,internal
279,AdRoll Tracking Pixels Service,Marketing,https://api.adroll.com/v2/pixels/389,v3,Core-Platform,Active,api
280,FedEx Ship Rates Service,Shipping,https://apis.fedex.com/rate/v1/rates,v3,SecOps-Compliance,Active,apis
281,Twilio SMS Gateway API,Notifications,https://api.twilio.com/2010-04-01/accounts/965/{env}/debug_mode,v3,Comms-Team,Active,api
282,Notifications Engine #40,Notifications,https://internal.api/v1/notifications/action,v1.4,FinTech-Core,Active,internal
283,GDPR Purge Utility Service,Compliance,https://compliance.internal/v1/purge/{env}/debug_mode,v1.4,Core-Platform,Active,compliance
284,Marketing Engine #90,Marketing,https://internal.api/v1/marketing/action,v1.0.0,SecOps-Compliance,Active,internal
285,Auth Engine #80,Auth,https://internal.api/v1/auth/action,v1.0.0,Identity-IAM,Deprecated,internal
286,Stripe Payments Service,Payment,https://api.stripe.com/v3/charges,v3,FinTech-Core,Deprecated,api
287,Auth0 Login API,Auth,https://identity.auth0.com/oauth/token/497,v2-beta,Unknown,Active,identity
288,Compliance Engine #61,Compliance,https://internal.api/v1/compliance/action,v3,SecOps-Compliance,Inactive,internal
289,User Engine #99,User,https://internal.api/v1/user/action,2024-01-01,SecOps-Compliance,Active,internal
290,Maps Engine #40,Unknown,https://internal.api/v1/maps/action,v1.0.0,FinTech-Core,Active,internal
291,User Profile Core API,User,https://internal.platform/services/user-profile/526,v2-beta,SecOps-Compliance,Active,internal
292,Notifications Engine #90,Notifications,https://internal.api/v1/notifications/action,v2-beta,Data-Eng,Active,internal
293,User Engine #47,User,https://internal.api/v1/user/action,v1.0.0,Logistics,Active,internal
294,CRM Engine #39,CRM,https://internal.api/v1/crm/action/{env}/debug_mode,v1.4,Comms-Team,Active,internal
295,Auth0 Login Service,Auth,https://identity.auth0.com/oauth/token/936,v3,FinTech-Core,Deprecated,identity
296,Datadog Telemetry API,Analytics,https://api.datadoghq.com/api/v2/logs,v1.0.0,Growth-Marketing,Active,api
297,User Profile Core Service,User,https://internal.platform/services/user-profile,Unknown,Data-Eng,Active,internal
298,Notifications Engine #52,Notifications,https://internal.api/v1/notifications/action,v3,Unknown,Deprecated,internal
299,Marketing Engine #84,Marketing,https://internal.api/v1/marketing/action,v1.0.0,Growth-Marketing,Active,internal
300,FedEx Ship Rates API,Shipping,https://apis.fedex.com/rate/v1/rates/433,v2.1.0,Logistics,Active,apis
301,Analytics Engine #68,Analytics,https://internal.api/v1/analytics/action,v2-beta,FinTech-Core,Inactive,internal
302,COMPLIANCE ENGINE #84,Compliance,https://internal.api/v1/compliance/action,v2.1.0,Data-Eng,Deprecated,internal
303,Snowflake Ingestion Service,Analytics,https://snowflake.internal/api/v1/ingest/922,v1.4,Data-Eng,Deprecated,snowflake
304,GDPR Purge Utility Service,Compliance,https://compliance.internal/v1/purge,v1.0.0,Logistics,Active,compliance
305,Google Maps Geocode Service,Maps,https://maps.googleapis.com/maps/api/geocode/json/{env}/debug_mode,v1.0.0,FinTech-Core,Active,maps
306,Marketing Engine #38,Marketing,https://internal.api/v1/marketing/action,v1-alpha,SecOps-Compliance,Deprecated,internal
307,CRM Engine #27,CRM,https://internal.api/v1/crm/action/{env}/debug_mode,v1.4,FinTech-Core,Active,internal
308,HubSpot Contacts Service,CRM,https://api.hubapi.com/crm/v3/objects/contacts/229/{env}/debug_mode,2024-01-01,Comms-Team,Deprecated,api
309,Salesforce Leads API,CRM,https://test.salesforce.com/services/data/v55.0/sobjects,v1.0.0,Comms-Team,Active,test
310,Payment Engine #45,Unknown,https://internal.api/v1/payment/action,2024-01-01,SecOps-Compliance,Active,internal
311,Salesforce Leads API,CRM,https://test.salesforce.com/services/data/v55.0/sobjects/469,v2.1.0,Comms-Team,Active,test
312,Shipping Engine #88,Shipping,https://internal.api/v1/shipping/action,v2.1.0,Identity-IAM,Deprecated,internal
313,SendGrid Mailer API,Notifications,https://api.sendgrid.com/v3/mail/send/242,v2-beta,FinTech-Core,Inactive,api
314,User Engine #87,User,https://internal.api/v1/user/action,2026_RC4,Logistics,Active,internal
315,Google Maps Geocode Service,Maps,https://maps.googleapis.com/maps/api/geocode/json,v1.4,SecOps-Compliance,Active,maps
316,Datadog Telemetry Service,Analytics,https://api.datadoghq.com/api/v2/logs/216,2024-01-01,Identity-IAM,Active,api
317,Auth Engine #73,Auth,https://internal.api/v1/auth/action/{env}/debug_mode,2024-01-01,Comms-Team,Active,internal
318,Compliance Engine #52,Compliance,https://internal.api/v1/compliance/action,Unknown,Logistics,Inactive,internal
319,Auth Engine #84,Auth,https://internal.api/v1/auth/action/{env}/debug_mode,v2-beta,Core-Platform,Active,internal
320,CRM Engine #31,CRM,https://internal.api/v1/crm/action,v2-beta,Identity-IAM,Inactive,internal
321,HubSpot Contacts Service,CRM,https://api.hubapi.com/crm/v3/objects/contacts/787,v1.4,Logistics,Active,api
322,Analytics Engine #53,Analytics,https://internal.api/v1/analytics/action,v2-beta,Data-Eng,Active,internal
323,google maps geocode service,Maps,https://maps.googleapis.com/maps/api/geocode/json,v1.4,Core-Platform,Active,maps
324,Notifications Engine #23,Notifications,https://internal.api/v1/notifications/action,v3,Core-Platform,Active,internal
325,Payment Engine #74,Payment,https://internal.api/v1/payment/action,2024-01-01,Unknown,Active,internal
326,google maps geocode service,Maps,https://maps.googleapis.com/maps/api/geocode/json/417,v2-beta,Identity-IAM,Active,maps
327,User Engine #24,Unknown,https://internal.api/v1/user/action,v3,Logistics,Inactive,internal
328,Google Maps Geocode API,Maps,https://maps.googleapis.com/maps/api/geocode/json,v2-beta,FinTech-Core,Deprecated,maps
329,Payment Engine #40,Payment,https://internal.api/v1/payment/action,v1.4,Logistics,Inactive,internal
330,auth engine #91,Auth,https://internal.api/v1/auth/action,v1.4,Data-Eng,Deprecated,internal
331,Twilio SMS Gateway Service,Notifications,https://api.twilio.com/2010-04-01/accounts/933,v2-beta,Data-Eng,Deprecated,api
332,User Engine #31,User,https://internal.api/v1/user/action,Unknown,Growth-Marketing,Active,internal
333,Google Maps Geocode API,Maps,https://maps.googleapis.com/maps/api/geocode/json/828,v2.1.0,Comms-Team,Deprecated,maps
334,Auth Engine #13,Auth,https://internal.api/v1/auth/action/{env}/debug_mode,2024-01-01,Data-Eng,Deprecated,internal
335,User Profile Core Service,User,https://internal.platform/services/user-profile/918,v1.4,Logistics,Active,internal
336,fedex ship rates api,Shipping,https://apis.fedex.com/rate/v1/rates/659,v3,SecOps-Compliance,Deprecated,apis
337,SALESFORCE LEADS API,CRM,https://test.salesforce.com/services/data/v55.0/sobjects,v2.1.0,Core-Platform,Active,test
338,Datadog Telemetry API,Unknown,https://api.datadoghq.com/api/v2/logs/557,v2-beta,Data-Eng,Active,api
339,AdRoll Tracking Pixels API,Marketing,https://api.adroll.com/v2/pixels/{env}/debug_mode,v1.4,SecOps-Compliance,Active,api
340,TWILIO SMS GATEWAY API,Notifications,https://api.twilio.com/2010-04-01/accounts/825,v3,Growth-Marketing,Inactive,api
341,marketing engine #94,Marketing,https://internal.api/v1/marketing/action,v3,FinTech-Core,Inactive,internal
342,Maps Engine #93,Maps,https://internal.api/v1/maps/action,v2-beta,Growth-Marketing,Active,internal
343,Auth0 Login Service,Auth,https://identity.auth0.com/oauth/token,v2-beta,SecOps-Compliance,Active,identity
344,ADROLL TRACKING PIXELS API,Marketing,https://api.adroll.com/v2/pixels,2024-01-01,Core-Platform,Active,api
345,User Profile Core Service,Unknown,https://internal.platform/services/user-profile,v1.0.0,Data-Eng,Active,internal
346,Okta Verify API,Auth,https://okta.internal/api/v1/authn,v2-beta,Core-Platform,Active,okta
347,Okta Verify API,Auth,https://okta.internal/api/v1/authn/667,v3,Core-Platform,Inactive,okta
348,User Engine #70,User,https://internal.api/v1/user/action/{env}/debug_mode,v2.1.0,Identity-IAM,Deprecated,internal
349,Stripe Payments API,Payment,https://api.stripe.com/v3/charges,2024-01-01,Growth-Marketing,Inactive,api
350,Twilio SMS Gateway API,Notifications,https://api.twilio.com/2010-04-01/accounts/941,Unknown,Identity-IAM,Active,api
351,Stripe Payments API,Payment,https://api.stripe.com/v3/charges,v2.1.0,Core-Platform,Deprecated,api
352,Twilio SMS Gateway API,Notifications,https://api.twilio.com/2010-04-01/accounts/548,v2-beta,Unknown,Active,api
353,Datadog Telemetry API,Analytics,https://api.datadoghq.com/api/v2/logs/954,2024-01-01,Growth-Marketing,Active,api
354,Compliance Engine #85,Compliance,https://internal.api/v1/compliance/action,Unknown,Logistics,Inactive,internal
355,payment engine #45,Payment,https://internal.api/v1/payment/action,v3,Core-Platform,Active,internal
356,FedEx Ship Rates API,Shipping,https://apis.fedex.com/rate/v1/rates,v2-beta,Growth-Marketing,Active,apis
357,Snowflake Ingestion Service,Analytics,https://snowflake.internal/api/v1/ingest,2024-01-01,Identity-IAM,Deprecated,snowflake
358,Maps Engine #61,Maps,https://internal.api/v1/maps/action,v2.1.0,Core-Platform,Inactive,internal
359,Datadog Telemetry API,Analytics,https://api.datadoghq.com/api/v2/logs/800,v2.1.0,Identity-IAM,Active,api
360,Maps Engine #60,Maps,https://internal.api/v1/maps/action,v1.0.0,Logistics,Deprecated,internal
361,Google Maps Geocode Service,Maps,https://maps.googleapis.com/maps/api/geocode/json,v3,Core-Platform,Deprecated,maps
362,User Profile Core API,User,https://internal.platform/services/user-profile,v2-beta,Data-Eng,Inactive,internal
363,Google Maps Geocode API,Maps,https://maps.googleapis.com/maps/api/geocode/json/135/{env}/debug_mode,v2.1.0,FinTech-Core,Active,maps
364,Compliance Engine #21,Compliance,https://internal.api/v1/compliance/action,v3,SecOps-Compliance,Deprecated,internal
365,Analytics Engine #13,Analytics,https://internal.api/v1/analytics/action,0.0.1-SNAPSHOT,Identity-IAM,Active,internal
366,Maps Engine #53,Maps,https://internal.api/v1/maps/action,2024-01-01,FinTech-Core,Active,internal
367,Notifications Engine #74,Notifications,https://internal.api/v1/notifications/action,v3,SecOps-Compliance,Inactive,internal
368,PayPal Checkout Service,Payment,https://api-m.paypal.com/v2/checkout/orders,v1.4,Logistics,Deprecated,api-m
369,Notifications Engine #37,Unknown,https://internal.api/v1/notifications/action,v1.0.0,Comms-Team,Active,internal
370,Google Maps Geocode API,Maps,https://maps.googleapis.com/maps/api/geocode/json,2024-01-01,Core-Platform,Active,maps
371,GDPR Purge Utility API,Compliance,https://compliance.internal/v1/purge/416,v2.1.0,Growth-Marketing,Inactive,compliance
372,Google Maps Geocode Service,Maps,https://maps.googleapis.com/maps/api/geocode/json,v2.1.0,FinTech-Core,legacy-active,maps
373,CRM Engine #90,CRM,https://internal.api/v1/crm/action,Unknown,Core-Platform,Active,internal
374,Datadog Telemetry API,Analytics,https://api.datadoghq.com/api/v2/logs,v1.4,Data-Eng,Deprecated,api
375,CRM Engine #60,CRM,https://internal.api/v1/crm/action,Unknown,Identity-IAM,Inactive,internal
376,PayPal Checkout Service,Unknown,https://api-m.paypal.com/v2/checkout/orders/752,v2.1.0,Data-Eng,Active,api-m
377,Payment Engine #41,Payment,https://internal.api/v1/payment/action,v1.4,SecOps-Compliance,Inactive,internal
378,DATADOG TELEMETRY API,Analytics,https://api.datadoghq.com/api/v2/logs/112,v3,Data-Eng,Active,api
379,Notifications Engine #90,Notifications,https://internal.api/v1/notifications/action,v1.0.0,SecOps-Compliance,Active,internal
380,GDPR Purge Utility Service,Compliance,https://compliance.internal/v1/purge,v1.4,Growth-Marketing,Inactive,compliance
381,User Profile Core Service,Unknown,https://internal.platform/services/user-profile,v2-beta,Growth-Marketing,Active,internal
382,Notifications Engine #23,Notifications,https://internal.api/v1/notifications/action,2026_RC4,Growth-Marketing,Active,internal
383,SendGrid Mailer API,Comms,https://api.sendgrid.com/v3/mail/send/102,v2-beta,Logistics,Active,api
384,User Engine #22,Unknown,https://internal.api/v1/user/action,v1.0.0,Identity-IAM,Active,internal
385,Analytics Engine #74,Analytics,https://internal.api/v1/analytics/action/{env}/debug_mode,v2-beta,Data-Eng,Active,internal
386,Stripe Payments Service,Payment,https://api.stripe.com/v3/charges/122,v3,Unknown,Active,api
387,Google Maps Geocode Service,Maps,https://maps.googleapis.com/maps/api/geocode/json/561,Unknown,Core-Platform,Active,maps
388,AdRoll Tracking Pixels API,Marketing,https://api.adroll.com/v2/pixels/230,v1.4,FinTech-Core,Active,api
389,Snowflake Ingestion Service,Analytics,https://snowflake.internal/api/v1/ingest/784,Unknown,Logistics,Active,snowflake
390,analytics engine #18,Analytics,https://internal.api/v1/analytics/action,v1.4,FinTech-Core,Active,internal
391,GDPR Purge Utility API,Compliance,https://compliance.internal/v1/purge,Unknown,SecOps-Compliance,Inactive,compliance
392,GDPR Purge Utility API,Compliance,https://compliance.internal/v1/purge,v3,SecOps-Compliance,Active,compliance
393,CRM Engine #47,CRM,https://internal.api/v1/crm/action,v3,Growth-Marketing,Active,internal
394,FedEx Ship Rates API,Shipping,https://apis.fedex.com/rate/v1/rates,v3,Comms-Team,Active,apis
395,Shipping Engine #85,Shipping,https://internal.api/v1/shipping/action,v1.4,Identity-IAM,Active,internal
396,Marketing Engine #52,Marketing,https://internal.api/v1/marketing/action/{env}/debug_mode,v2.1.0,Data-Eng,Active,internal
397,Marketing Engine #75,Marketing,https://internal.api/v1/marketing/action,v3,Unknown,Inactive,internal
398,FedEx Ship Rates API,Shipping,https://apis.fedex.com/rate/v1/rates/498,v1.0.0,Core-Platform,Active,apis
399,Shipping Engine #57,Shipping,https://internal.api/v1/shipping/action,v1.0.0,FinTech-Core,Active,internal
400,GOOGLE MAPS GEOCODE SERVICE,Maps,https://maps.googleapis.com/maps/api/geocode/json,2024-01-01,FinTech-Core,Active,maps
401,Google Maps Geocode API,Maps,https://maps.googleapis.com/maps/api/geocode/json/{env}/debug_mode,v1.0.0,Identity-IAM,Active,maps
402,User Engine #26,User,https://internal.api/v1/user/action,test-version,Identity-IAM,Active,internal
403,Twilio SMS Gateway API,Notifications,https://api.twilio.com/2010-04-01/accounts/239,v2.1.0,Unknown,Active,api
404,Auth0 Login API,Auth,https://identity.auth0.com/oauth/token,v1.0.0,Logistics,Inactive,identity
405,Maps Engine #26,Maps,https://internal.api/v1/maps/action,v2.1.0,Data-Eng,Deprecated,internal
406,Compliance Engine #59,Compliance,https://internal.api/v1/compliance/action,v1.4,Growth-Marketing,Active,internal
407,GDPR Purge Utility Service,Compliance,https://compliance.internal/v1/purge,v2-beta,Unknown,Active,compliance
408,Datadog Telemetry Service,Analytics,https://api.datadoghq.com/api/v2/logs,v2-beta,SecOps-Compliance,Active,api
409,User Engine #12,User,https://internal.api/v1/user/action/{env}/debug_mode,v3,Comms-Team,Active,internal
410,Auth Engine #98,Auth,https://internal.api/v1/auth/action,v3,Unknown,Active,internal
411,Shipping Engine #17,Unknown,https://internal.api/v1/shipping/action,v2.1.0,Core-Platform,Active,internal
412,Payment Engine #39,Payment,https://internal.api/v1/payment/action,v3,Core-Platform,Inactive,internal
413,FedEx Ship Rates API,Shipping,https://apis.fedex.com/rate/v1/rates,v1.4,Identity-IAM,Active,apis
414,notifications engine #16,Notifications,https://internal.api/v1/notifications/action,v2.1.0,Logistics,Deprecated,internal
415,SendGrid Mailer Service,Notifications,https://api.sendgrid.com/v3/mail/send/860,v1.0.0,Identity-IAM,Active,api
416,SendGrid Mailer Service,Notifications,https://api.sendgrid.com/v3/mail/send/944,v2-beta,FinTech-Core,Active,api
417,AdRoll Tracking Pixels API,Marketing,https://api.adroll.com/v2/pixels,0.0.1-SNAPSHOT,SecOps-Compliance,Active,api
418,Notifications Engine #52,Notifications,https://internal.api/v1/notifications/action,test-version,FinTech-Core,Inactive,internal
419,Datadog Telemetry API,Analytics,https://api.datadoghq.com/api/v2/logs/284,Unknown,SecOps-Compliance,Inactive,api
420,Analytics Engine #94,Analytics,https://internal.api/v1/analytics/action,v2.1.0,Growth-Marketing,Deprecated,internal
421,Okta Verify Service,Auth,https://okta.internal/api/v1/authn/{env}/debug_mode,v3,Identity-IAM,Active,okta
422,HubSpot Contacts Service,CRM,https://api.hubapi.com/crm/v3/objects/contacts/257/{env}/debug_mode,2024-01-01,Data-Eng,Inactive,api
423,Payment Engine #89,FinTech,https://internal.api/v1/payment/action,v1.4,Growth-Marketing,Active,internal
424,Auth0 Login Service,Auth,https://identity.auth0.com/oauth/token/805,v1.4,SecOps-Compliance,Inactive,identity
425,PayPal Checkout Service,Payment,https://api-m.paypal.com/v2/checkout/orders/441,Unknown,Logistics,Inactive,api-m
426,Marketing Engine #98,Marketing,https://internal.api/v1/marketing/action,v3,Comms-Team,Deprecated,internal
427,Stripe Payments API,Payment,https://api.stripe.com/v3/charges/169,v1.4,Identity-IAM,Inactive,api
428,Shipping Engine #34,Shipping,https://internal.api/v1/shipping/action,v2-beta,Core-Platform,Active,internal
429,HubSpot Contacts API,CRM,https://api.hubapi.com/crm/v3/objects/contacts,0.0.1-SNAPSHOT,Data-Eng,Deprecated,api
430,Shipping Engine #97,Shipping,https://internal.api/v1/shipping/action,Unknown,FinTech-Core,Active,internal
431,GDPR Purge Utility API,Compliance,https://compliance.internal/v1/purge/854,2026_RC4,Data-Eng,Active,compliance
432,Okta Verify Service,Auth,https://okta.internal/api/v1/authn/931,v2.1.0,FinTech-Core,Active,okta
433,PayPal Checkout API,Payment,https://api-m.paypal.com/v2/checkout/orders/986,v2.1.0,SecOps-Compliance,Inactive,api-m
434,Datadog Telemetry Service,Analytics,https://api.datadoghq.com/api/v2/logs/884,2024-01-01,FinTech-Core,Active,api
435,Shipping Engine #83,Shipping,https://internal.api/v1/shipping/action,2024-01-01,Growth-Marketing,Active,internal
436,HubSpot Contacts Service,CRM,https://api.hubapi.com/crm/v3/objects/contacts/{env}/debug_mode,v2-beta,Core-Platform,Inactive,api
437,Salesforce Leads API,CRM,https://test.salesforce.com/services/data/v55.0/sobjects/672,2024-01-01,Unknown,Inactive,test
438,Maps Engine #29,Maps,https://internal.api/v1/maps/action,v3,Data-Eng,Active,internal
439,Marketing Engine #88,Marketing,https://internal.api/v1/marketing/action,v2-beta,Identity-IAM,Deprecated,internal
440,Stripe Payments API,Payment,https://api.stripe.com/v3/charges,2026_RC4,Growth-Marketing,Active,api
441,Marketing Engine #97,Marketing,https://internal.api/v1/marketing/action,v3,Logistics,Inactive,internal
442,GDPR Purge Utility API,Compliance,https://compliance.internal/v1/purge/328,2024-01-01,Growth-Marketing,Active,compliance
443,Payment Engine #27,Unknown,https://internal.api/v1/payment/action,v2.1.0,Growth-Marketing,Active,internal
444,Datadog Telemetry Service,Analytics,https://api.datadoghq.com/api/v2/logs/804,v1.0.0,Unknown,Active,api
445,Google Maps Geocode API,Maps,https://maps.googleapis.com/maps/api/geocode/json/756,2024-01-01,Data-Eng,Active,maps
446,Snowflake Ingestion API,Unknown,https://snowflake.internal/api/v1/ingest,v1.4,Comms-Team,Deprecated,snowflake
447,Marketing Engine #45,Unknown,https://internal.api/v1/marketing/action,v2-beta,Identity-IAM,Deprecated,internal
448,Auth0 Login API,Auth,https://identity.auth0.com/oauth/token,v1.0.0,SecOps-Compliance,Active,identity
449,User Engine #84,User,https://internal.api/v1/user/action,Unknown,Growth-Marketing,Active,internal
450,Salesforce Leads API,CRM,https://test.salesforce.com/services/data/v55.0/sobjects,v1-alpha,Logistics,Active,test
451,Shipping Engine #76,Shipping,https://internal.api/v1/shipping/action,v1.4,Identity-IAM,Inactive,internal
452,AdRoll Tracking Pixels API,Unknown,https://api.adroll.com/v2/pixels,v3,Comms-Team,Active,api
453,Auth0 Login API,Auth,https://identity.auth0.com/oauth/token,v1.4,Comms-Team,Active,identity
454,Shipping Engine #61,Shipping,https://internal.api/v1/shipping/action/{env}/debug_mode,v2-beta,Core-Platform,Active,internal
455,FedEx Ship Rates Service,Unknown,https://apis.fedex.com/rate/v1/rates,2024-01-01,FinTech-Core,Active,apis
456,SendGrid Mailer Service,Notifications,https://api.sendgrid.com/v3/mail/send/393,v1.0.0,Comms-Team,Active,api
457,HubSpot Contacts Service,CRM,https://api.hubapi.com/crm/v3/objects/contacts/735,2026_RC4,Core-Platform,Active,api
458,Auth0 Login API,Auth,https://identity.auth0.com/oauth/token/751,test-version,Logistics,Active,identity
459,Twilio SMS Gateway Service,Notifications,https://api.twilio.com/2010-04-01/accounts,2024-01-01,SecOps-Compliance,Deprecated,api
460,FedEx Ship Rates Service,Shipping,https://apis.fedex.com/rate/v1/rates/944,v2-beta,SecOps-Compliance,Deprecated,apis
461,Shipping Engine #57,Shipping,https://internal.api/v1/shipping/action,v1.0.0,SecOps-Compliance,Deprecated,internal
462,User Engine #59,User,https://internal.api/v1/user/action,v2-beta,Core-Platform,Deprecated,internal
463,Shipping Engine #89,Shipping,https://internal.api/v1/shipping/action,Unknown,SecOps-Compliance,Deprecated,internal
464,FedEx Ship Rates Service,Shipping,https://apis.fedex.com/rate/v1/rates/876,2024-01-01,Core-Platform,Inactive,apis
465,CRM Engine #74,CRM,https://internal.api/v1/crm/action,v3,Growth-Marketing,Active,internal
466,Compliance Engine #92,Compliance,https://internal.api/v1/compliance/action/{env}/debug_mode,2024-01-01,Growth-Marketing,Active,internal
467,SendGrid Mailer API,Unknown,https://api.sendgrid.com/v3/mail/send/669,v3,FinTech-Core,Active,api
468,Maps Engine #59,Maps,https://internal.api/v1/maps/action,v1.0.0,Identity-IAM,Deprecated,internal
469,Marketing Engine #92,Marketing,https://internal.api/v1/marketing/action,v1.0.0,Data-Eng,Active,internal
470,SNOWFLAKE INGESTION SERVICE,Analytics,https://snowflake.internal/api/v1/ingest/875,v3,Identity-IAM,Active,snowflake
471,Payment Engine #73,Payment,https://internal.api/v1/payment/action,2026_RC4,Data-Eng,Inactive,internal
472,HubSpot Contacts API,CRM,https://api.hubapi.com/crm/v3/objects/contacts,v2.1.0,SecOps-Compliance,Deprecated,api
473,CRM Engine #13,CRM,https://internal.api/v1/crm/action,v3,Logistics,Deprecated,internal
474,Compliance Engine #39,Compliance,https://internal.api/v1/compliance/action,v2-beta,FinTech-Core,Active,internal
475,Twilio SMS Gateway API,Notifications,https://api.twilio.com/2010-04-01/accounts/{env}/debug_mode,v2-beta,Identity-IAM,Active,api
476,Snowflake Ingestion Service,Analytics,https://snowflake.internal/api/v1/ingest/662,v3,FinTech-Core,Deprecated,snowflake
477,Stripe Payments Service,Payment,https://api.stripe.com/v3/charges,v2.1.0,Identity-IAM,Active,api
478,Analytics Engine #73,Unknown,https://internal.api/v1/analytics/action,v2.1.0,Data-Eng,Inactive,internal
479,Snowflake Ingestion API,Analytics,https://snowflake.internal/api/v1/ingest/752,v1.0.0,Unknown,Deprecated,snowflake
480,Payment Engine #88,Payment,https://internal.api/v1/payment/action,v1-alpha,FinTech-Core,Active,internal
481,Notifications Engine #24,Notifications,https://internal.api/v1/notifications/action/{env}/debug_mode,v3,Growth-Marketing,Deprecated,internal
482,AdRoll Tracking Pixels API,Marketing,https://api.adroll.com/v2/pixels,test-version,Data-Eng,Inactive,api
483,CRM Engine #47,Unknown,https://internal.api/v1/crm/action,v2-beta,Logistics,Active,internal
484,Auth0 Login Service,Auth,https://identity.auth0.com/oauth/token,v1.0.0,SecOps-Compliance,Active,identity
485,Analytics Engine #55,Analytics,https://internal.api/v1/analytics/action,v1.0.0,SecOps-Compliance,Active,internal
486,Analytics Engine #55,Analytics,https://internal.api/v1/analytics/action,2024-01-01,Logistics,Active,internal
487,Marketing Engine #26,Marketing,https://internal.api/v1/marketing/action/{env}/debug_mode,v2.1.0,Identity-IAM,Active,internal
488,Salesforce Leads Service,CRM,https://test.salesforce.com/services/data/v55.0/sobjects,v3,Core-Platform,Active,test
489,Okta Verify Service,Auth,https://okta.internal/api/v1/authn/877,v3,Unknown,Inactive,okta
490,Payment Engine #22,Payment,https://internal.api/v1/payment/action,v1-alpha,Identity-IAM,Inactive,internal
491,AdRoll Tracking Pixels API,Marketing,https://api.adroll.com/v2/pixels/329/{env}/debug_mode,v3,FinTech-Core,Active,api
492,Notifications Engine #30,Notifications,https://internal.api/v1/notifications/action,2024-01-01,FinTech-Core,Active,internal
493,Snowflake Ingestion Service,Analytics,https://snowflake.internal/api/v1/ingest,v2.1.0,Logistics,Active,snowflake
494,Payment Engine #88,Payment,https://internal.api/v1/payment/action,v1.0.0,Core-Platform,Inactive,internal
495,GDPR Purge Utility API,Compliance,https://compliance.internal/v1/purge,v1.4,Identity-IAM,Inactive,compliance
496,User Profile Core API,Unknown,https://internal.platform/services/user-profile,v1.4,Core-Platform,Inactive,internal
497,CRM ENGINE #90,CRM,https://internal.api/v1/crm/action,v3,Data-Eng,Deprecated,internal
498,Auth Engine #23,Auth,https://internal.api/v1/auth/action,v2.1.0,SecOps-Compliance,Active,internal
499,Okta Verify API,Auth,https://okta.internal/api/v1/authn/922,2024-01-01,Core-Platform,Active,okta
500,HubSpot Contacts Service,CRM,https://api.hubapi.com/crm/v3/objects/contacts/513/{env}/debug_mode,v2.1.0,Core-Platform,Inactive,api
501,Compliance Engine #88,Compliance,https://internal.api/v1/compliance/action,2024-01-01,Identity-IAM,Inactive,internal
502,Maps Engine #58,Maps,https://internal.api/v1/maps/action,v1.0.0,Core-Platform,Active,internal
503,Compliance Engine #84,Compliance,https://internal.api/v1/compliance/action,2024-01-01,Growth-Marketing,Inactive,internal
504,Compliance Engine #17,Compliance,https://internal.api/v1/compliance/action,v2-beta,Growth-Marketing,Deprecated,internal
505,Stripe Payments Service,Payment,https://api.stripe.com/v3/charges/844,v1.4,Core-Platform,Active,api
506,Auth0 Login Service,Auth,https://identity.auth0.com/oauth/token/426/{env}/debug_mode,v2-beta,SecOps-Compliance,Active,identity
507,PayPal Checkout Service,Payment,https://api-m.paypal.com/v2/checkout/orders,test-version,Identity-IAM,Active,api-m
508,Google Maps Geocode Service,Maps,https://maps.googleapis.com/maps/api/geocode/json,Unknown,SecOps-Compliance,Active,maps
509,Twilio SMS Gateway API,Notifications,https://api.twilio.com/2010-04-01/accounts/657,v3,Data-Eng,Active,api
510,CRM Engine #34,CRM,https://internal.api/v1/crm/action,v1.0.0,SecOps-Compliance,Inactive,internal
511,Maps Engine #54,Maps,https://internal.api/v1/maps/action,Unknown,Logistics,Inactive,internal
512,User Profile Core API,User,https://internal.platform/services/user-profile/607/{env}/debug_mode,v2-beta,Data-Eng,Deprecated,internal
513,PayPal Checkout API,Unknown,https://api-m.paypal.com/v2/checkout/orders,v1.4,FinTech-Core,Active,api-m
514,SendGrid Mailer API,Unknown,https://api.sendgrid.com/v3/mail/send/823,v1.0.0,Comms-Team,Active,api
515,Stripe Payments Service,Payment,https://api.stripe.com/v3/charges/622,v3,Growth-Marketing,Inactive,api
516,Okta Verify Service,Auth,https://okta.internal/api/v1/authn/201,v1.0.0,Logistics,Inactive,okta
517,Stripe Payments Service,Payment,https://api.stripe.com/v3/charges/783,v1.0.0,Unknown,Active,api
518,CRM Engine #19,CRM,https://internal.api/v1/crm/action/{env}/debug_mode,v2-beta,Logistics,Active,internal
519,Notifications Engine #62,Notifications,https://internal.api/v1/notifications/action,v1.4,Core-Platform,Inactive,internal
520,Snowflake Ingestion API,Analytics,https://snowflake.internal/api/v1/ingest/422,v1.0.0,Data-Eng,Inactive,snowflake
521,USER ENGINE #14,User,https://internal.api/v1/user/action,v2-beta,Data-Eng,Deprecated,internal
522,PayPal Checkout Service,Payment,https://api-m.paypal.com/v2/checkout/orders,v1.0.0,Unknown,Active,api-m
523,Compliance Engine #18,Compliance,https://internal.api/v1/compliance/action,v2.1.0,Identity-IAM,Deprecated,internal
524,Twilio SMS Gateway API,Notifications,https://api.twilio.com/2010-04-01/accounts,v2.1.0,Growth-Marketing,Inactive,api
525,Snowflake Ingestion API,Analytics,https://snowflake.internal/api/v1/ingest,v1.0.0,SecOps-Compliance,Deprecated,snowflake
526,SendGrid Mailer Service,Notifications,https://api.sendgrid.com/v3/mail/send/767,2024-01-01,SecOps-Compliance,Deprecated,api
527,User Engine #59,User,https://internal.api/v1/user/action,v2.1.0,Comms-Team,Active,internal
528,Salesforce Leads API,CRM,https://test.salesforce.com/services/data/v55.0/sobjects/924,v3,Identity-IAM,Inactive,test
529,Okta Verify API,Auth,https://okta.internal/api/v1/authn,2024-01-01,Unknown,Active,okta
530,PayPal Checkout API,Payment,https://api-m.paypal.com/v2/checkout/orders/779/{env}/debug_mode,v3,Identity-IAM,Active,api-m
531,Auth Engine #22,Auth,https://internal.api/v1/auth/action,v1.0.0,Core-Platform,Active,internal
532,Shipping Engine #36,Shipping,https://internal.api/v1/shipping/action/{env}/debug_mode,v3,Logistics,Active,internal
533,Auth Engine #57,Auth,https://internal.api/v1/auth/action,v1.0.0,Data-Eng,Active,internal
534,CRM Engine #84,CRM,https://internal.api/v1/crm/action,2024-01-01,Data-Eng,Active,internal
535,twilio sms gateway api,Notifications,https://api.twilio.com/2010-04-01/accounts,v2.1.0,Comms-Team,Active,api
536,Salesforce Leads Service,Unknown,https://test.salesforce.com/services/data/v55.0/sobjects/991,v2.1.0,SecOps-Compliance,Deprecated,test
537,Maps Engine #59,Maps,https://internal.api/v1/maps/action,v1.0.0,Data-Eng,Active,internal
538,PayPal Checkout Service,Payment,https://api-m.paypal.com/v2/checkout/orders,v2.1.0,Comms-Team,Deprecated,api-m
539,Auth0 Login Service,Auth,https://identity.auth0.com/oauth/token,v1.4,Core-Platform,Active,identity
540,Marketing Engine #75,Marketing,https://internal.api/v1/marketing/action,v2-beta,SecOps-Compliance,Active,internal
541,Maps Engine #49,Maps,https://internal.api/v1/maps/action,v1.4,Unknown,Deprecated,internal
542,SendGrid Mailer API,Notifications,https://api.sendgrid.com/v3/mail/send/306,v1.0.0,Core-Platform,Deprecated,api
543,AUTH ENGINE #93,Auth,https://internal.api/v1/auth/action,2024-01-01,Comms-Team,Active,internal
544,PayPal Checkout Service,Payment,https://api-m.paypal.com/v2/checkout/orders/196,v1-alpha,Identity-IAM,Active,api-m
545,fedex ship rates api,Shipping,https://apis.fedex.com/rate/v1/rates,v3,Data-Eng,Deprecated,apis
546,Okta Verify Service,Auth,https://okta.internal/api/v1/authn,v1.0.0,Unknown,Inactive,okta
547,CRM Engine #16,CRM,https://internal.api/v1/crm/action,v2.1.0,Core-Platform,Active,internal
548,Auth Engine #56,Auth,https://internal.api/v1/auth/action,Unknown,Identity-IAM,Deprecated,internal
549,User Profile Core Service,User,https://internal.platform/services/user-profile,Unknown,Comms-Team,Active,internal
550,User Profile Core Service,User,https://internal.platform/services/user-profile/973,v2.1.0,Logistics,Active,internal
551,Shipping Engine #55,Shipping,https://internal.api/v1/shipping/action,Unknown,Data-Eng,Inactive,internal
552,CRM Engine #55,CRM,https://internal.api/v1/crm/action,v3,Logistics,Inactive,internal
553,USER ENGINE #66,User,https://internal.api/v1/user/action,v1.4,SecOps-Compliance,Active,internal
554,Auth0 Login Service,Auth,https://identity.auth0.com/oauth/token/885,2024-01-01,FinTech-Core,Inactive,identity
555,Compliance Engine #65,Compliance,https://internal.api/v1/compliance/action,Unknown,Identity-IAM,Deprecated,internal
556,Stripe Payments API,Payment,https://api.stripe.com/v3/charges/966,Unknown,Logistics,Active,api
557,User Profile Core API,Unknown,https://internal.platform/services/user-profile/155,v1.4,SecOps-Compliance,Inactive,internal
558,Notifications Engine #14,Unknown,https://internal.api/v1/notifications/action,v2-beta,Data-Eng,Deprecated,internal
559,Snowflake Ingestion API,Analytics,https://snowflake.internal/api/v1/ingest,v3,FinTech-Core,legacy-active,snowflake
560,AdRoll Tracking Pixels Service,Marketing,https://api.adroll.com/v2/pixels/301,2024-01-01,Data-Eng,Active,api
561,Auth Engine #32,Auth,https://internal.api/v1/auth/action,v1.4,Unknown,Deprecated,internal
562,Shipping Engine #59,Unknown,https://internal.api/v1/shipping/action,2024-01-01,Growth-Marketing,Active,internal
563,GDPR Purge Utility API,Compliance,https://compliance.internal/v1/purge/267,v2-beta,Data-Eng,Inactive,compliance
564,HubSpot Contacts Service,CRM,https://api.hubapi.com/crm/v3/objects/contacts/688,v1-alpha,Identity-IAM,Inactive,api
565,Compliance Engine #54,Compliance,https://internal.api/v1/compliance/action,v2-beta,FinTech-Core,Active,internal
566,Analytics Engine #90,Analytics,https://internal.api/v1/analytics/action,v2.1.0,Logistics,Active,internal
567,User Engine #88,User,https://internal.api/v1/user/action,2024-01-01,Logistics,Active,internal
568,CRM Engine #26,CRM,https://internal.api/v1/crm/action,test-version,Data-Eng,Inactive,internal
569,FedEx Ship Rates API,Shipping,https://apis.fedex.com/rate/v1/rates,v1.0.0,Data-Eng,Active,apis
570,Notifications Engine #50,Comms,https://internal.api/v1/notifications/action,v2-beta,FinTech-Core,Active,internal
571,Analytics Engine #57,Analytics,https://internal.api/v1/analytics/action,v1.4,Core-Platform,Inactive,internal
572,okta verify service,Auth,https://okta.internal/api/v1/authn,v1.4,FinTech-Core,Active,okta
573,CRM Engine #11,CRM,https://internal.api/v1/crm/action,v1.4,Data-Eng,Inactive,internal
574,SendGrid Mailer API,Notifications,https://api.sendgrid.com/v3/mail/send/999/{env}/debug_mode,v1.0.0,Growth-Marketing,Active,api
575,CRM Engine #84,CRM,https://internal.api/v1/crm/action,v1.0.0,Comms-Team,Deprecated,internal
576,GDPR Purge Utility API,Compliance,https://compliance.internal/v1/purge/216,2026_RC4,Core-Platform,Inactive,compliance
577,CRM Engine #51,Unknown,https://internal.api/v1/crm/action,2024-01-01,Core-Platform,Inactive,internal
578,Compliance Engine #70,Compliance,https://internal.api/v1/compliance/action,v1.4,Data-Eng,Active,internal
579,Maps Engine #70,Maps,https://internal.api/v1/maps/action,v1.0.0,Growth-Marketing,Active,internal
580,HubSpot Contacts API,CRM,https://api.hubapi.com/crm/v3/objects/contacts,2026_RC4,Identity-IAM,Deprecated,api
581,Analytics Engine #74,Analytics,https://internal.api/v1/analytics/action,v1.4,FinTech-Core,Active,internal
582,SENDGRID MAILER SERVICE,Notifications,https://api.sendgrid.com/v3/mail/send,v3,Growth-Marketing,Deprecated,api
583,Analytics Engine #52,Analytics,https://internal.api/v1/analytics/action,2024-01-01,Comms-Team,Inactive,internal
584,SendGrid Mailer API,Notifications,https://api.sendgrid.com/v3/mail/send/945,v1.0.0,Growth-Marketing,Inactive,api
585,Salesforce Leads Service,CRM,https://test.salesforce.com/services/data/v55.0/sobjects/{env}/debug_mode,2024-01-01,Growth-Marketing,Active,test
586,Snowflake Ingestion Service,Analytics,https://snowflake.internal/api/v1/ingest/869,2026_RC4,Growth-Marketing,Active,snowflake
587,FedEx Ship Rates API,Shipping,https://apis.fedex.com/rate/v1/rates,2026_RC4,Data-Eng,Active,apis
588,PayPal Checkout API,Payment,https://api-m.paypal.com/v2/checkout/orders,2024-01-01,FinTech-Core,Active,api-m
589,PayPal Checkout API,Payment,https://api-m.paypal.com/v2/checkout/orders/316,v1.4,Data-Eng,Deprecated,api-m
590,Analytics Engine #66,Analytics,https://internal.api/v1/analytics/action,v2-beta,Data-Eng,Deprecated,internal
591,PayPal Checkout Service,Payment,https://api-m.paypal.com/v2/checkout/orders/827,v2.1.0,SecOps-Compliance,Inactive,api-m
592,User Profile Core Service,User,https://internal.platform/services/user-profile,v1.4,Unknown,Deprecated,internal
593,Payment Engine #88,Unknown,https://internal.api/v1/payment/action,v2-beta,Growth-Marketing,Active,internal
594,SendGrid Mailer Service,Notifications,https://api.sendgrid.com/v3/mail/send,v3,Unknown,Active,api
595,Compliance Engine #23,Compliance,https://internal.api/v1/compliance/action,2024-01-01,Comms-Team,Active,internal
596,Snowflake Ingestion API,Analytics,https://snowflake.internal/api/v1/ingest/118,v2.1.0,Identity-IAM,Active,snowflake
597,PayPal Checkout Service,Payment,https://api-m.paypal.com/v2/checkout/orders,v1.0.0,Logistics,Active,api-m
598,PAYMENT ENGINE #95,Payment,https://internal.api/v1/payment/action,v2-beta,Comms-Team,Active,internal
599,GDPR Purge Utility Service,Compliance,https://compliance.internal/v1/purge/321,v2-beta,FinTech-Core,Inactive,compliance
600,Datadog Telemetry Service,Analytics,https://api.datadoghq.com/api/v2/logs/317,Unknown,Logistics,Active,api
601,CRM Engine #13,CRM,https://internal.api/v1/crm/action/{env}/debug_mode,v1.4,Logistics,Inactive,internal
602,Analytics Engine #56,Unknown,https://internal.api/v1/analytics/action,v2.1.0,Comms-Team,Deprecated,internal
603,GDPR Purge Utility API,Unknown,https://compliance.internal/v1/purge,v2-beta,Core-Platform,Inactive,compliance
604,Analytics Engine #50,Analytics,https://internal.api/v1/analytics/action,2026_RC4,Growth-Marketing,Active,internal
605,Shipping Engine #86,Shipping,https://internal.api/v1/shipping/action,v2-beta,Unknown,Active,internal
606,Okta Verify Service,Auth,https://okta.internal/api/v1/authn,2024-01-01,Data-Eng,Inactive,okta
607,Stripe Payments API,Payment,https://api.stripe.com/v3/charges/383/{env}/debug_mode,v1.4,FinTech-Core,Active,api
608,Datadog Telemetry API,Analytics,https://api.datadoghq.com/api/v2/logs/898,v1.0.0,Unknown,Deprecated,api
609,Maps Engine #24,Maps,https://internal.api/v1/maps/action,Unknown,Identity-IAM,Active,internal
610,HubSpot Contacts API,CRM,https://api.hubapi.com/crm/v3/objects/contacts/473,Unknown,Logistics,Deprecated,api
611,Payment Engine #89,Payment,https://internal.api/v1/payment/action,2024-01-01,SecOps-Compliance,Deprecated,internal
612,GDPR Purge Utility Service,Compliance,https://compliance.internal/v1/purge/100,v3,Comms-Team,Deprecated,compliance
613,Okta Verify API,IAM,https://okta.internal/api/v1/authn,v1.4,Growth-Marketing,Deprecated,okta
614,SHIPPING ENGINE #88,Shipping,https://internal.api/v1/shipping/action,v1.4,Identity-IAM,Active,internal
615,Marketing Engine #49,Marketing,https://internal.api/v1/marketing/action,v1.0.0,Data-Eng,Active,internal
616,HubSpot Contacts API,CRM,https://api.hubapi.com/crm/v3/objects/contacts/926,v3,FinTech-Core,Active,api
617,fedex ship rates service,Shipping,https://apis.fedex.com/rate/v1/rates,v1.0.0,Data-Eng,Deprecated,apis
618,Twilio SMS Gateway API,Notifications,https://api.twilio.com/2010-04-01/accounts/826,v1.4,Unknown,Inactive,api
619,FedEx Ship Rates Service,Shipping,https://apis.fedex.com/rate/v1/rates,v2.1.0,SecOps-Compliance,Active,apis
620,Auth0 Login Service,Unknown,https://identity.auth0.com/oauth/token,v1.4,Data-Eng,Active,identity
621,GDPR Purge Utility API,Compliance,https://compliance.internal/v1/purge/470,test-version,SecOps-Compliance,Inactive,compliance
622,Payment Engine #49,Payment,https://internal.api/v1/payment/action,v2-beta,Logistics,Active,internal
623,Marketing Engine #93,Marketing,https://internal.api/v1/marketing/action,v1.4,Data-Eng,Active,internal
624,Stripe Payments API,Payment,https://api.stripe.com/v3/charges,2024-01-01,SecOps-Compliance,Active,api
625,Salesforce Leads API,CRM,https://test.salesforce.com/services/data/v55.0/sobjects,v1.0.0,Logistics,Inactive,test
626,Auth0 Login API,Auth,https://identity.auth0.com/oauth/token/388,v1.4,SecOps-Compliance,Active,identity
627,Analytics Engine #79,Analytics,https://internal.api/v1/analytics/action,v2-beta,SecOps-Compliance,Active,internal
628,Maps Engine #47,Maps,https://internal.api/v1/maps/action/{env}/debug_mode,v2.1.0,FinTech-Core,Inactive,internal
629,Twilio SMS Gateway Service,Notifications,https://api.twilio.com/2010-04-01/accounts,v2.1.0,SecOps-Compliance,legacy-active,api
630,Maps Engine #18,Maps,https://internal.api/v1/maps/action,v2-beta,Unknown,Inactive,internal
631,CRM Engine #41,CRM,https://internal.api/v1/crm/action,v1.0.0,Unknown,Active,internal
632,Twilio SMS Gateway Service,Notifications,https://api.twilio.com/2010-04-01/accounts,test-version,Growth-Marketing,Active,api
633,Auth Engine #13,Auth,https://internal.api/v1/auth/action,test-version,SecOps-Compliance,Deprecated,internal
634,Notifications Engine #51,Notifications,https://internal.api/v1/notifications/action,v1.4,Unknown,Active,internal
635,Datadog Telemetry Service,Analytics,https://api.datadoghq.com/api/v2/logs/592,v2-beta,Unknown,Active,api
636,Twilio SMS Gateway Service,Comms,https://api.twilio.com/2010-04-01/accounts,v3,Logistics,Active,api
637,Twilio SMS Gateway API,Notifications,https://api.twilio.com/2010-04-01/accounts,v1.0.0,Identity-IAM,Deprecated,api
638,SALESFORCE LEADS SERVICE,CRM,https://test.salesforce.com/services/data/v55.0/sobjects/729,v3,SecOps-Compliance,Active,test
639,User Engine #93,User,https://internal.api/v1/user/action,v1.0.0,Unknown,Active,internal
640,Shipping Engine #69,Shipping,https://internal.api/v1/shipping/action,v1.4,Unknown,Active,internal
641,fedex ship rates service,Shipping,https://apis.fedex.com/rate/v1/rates,v3,Comms-Team,Inactive,apis
642,Auth Engine #82,Auth,https://internal.api/v1/auth/action,Unknown,Core-Platform,Deprecated,internal
643,Marketing Engine #25,Marketing,https://internal.api/v1/marketing/action,v2.1.0,Core-Platform,Deprecated,internal
644,MARKETING ENGINE #18,Marketing,https://internal.api/v1/marketing/action,v1.4,Core-Platform,Inactive,internal
645,ADROLL TRACKING PIXELS SERVICE,Marketing,https://api.adroll.com/v2/pixels/851,v1.0.0,Logistics,Inactive,api
646,Google Maps Geocode Service,Unknown,https://maps.googleapis.com/maps/api/geocode/json/203,v2.1.0,Core-Platform,Active,maps
647,Payment Engine #82,Unknown,https://internal.api/v1/payment/action,2024-01-01,Logistics,Active,internal
648,AdRoll Tracking Pixels API,Marketing,https://api.adroll.com/v2/pixels,v2.1.0,Logistics,Active,api
649,GDPR Purge Utility API,Compliance,https://compliance.internal/v1/purge/134,v1.0.0,Core-Platform,Deprecated,compliance
650,User Engine #34,User,https://internal.api/v1/user/action,v2-beta,Core-Platform,Active,internal
651,CRM Engine #41,Unknown,https://internal.api/v1/crm/action,v3,Identity-IAM,Active,internal
652,User Engine #25,User,https://internal.api/v1/user/action,2026_RC4,Data-Eng,Active,internal
653,PayPal Checkout API,Payment,https://api-m.paypal.com/v2/checkout/orders,v2.1.0,Identity-IAM,Active,api-m
654,Snowflake Ingestion API,Analytics,https://snowflake.internal/api/v1/ingest,v1.4,Core-Platform,Inactive,snowflake
655,Analytics Engine #54,Analytics,https://internal.api/v1/analytics/action,v1.4,Data-Eng,Inactive,internal
656,google maps geocode service,Maps,https://maps.googleapis.com/maps/api/geocode/json,v1.0.0,Identity-IAM,Active,maps
657,maps engine #37,Maps,https://internal.api/v1/maps/action,v2-beta,Logistics,Active,internal
658,Compliance Engine #89,Compliance,https://internal.api/v1/compliance/action,v2.1.0,FinTech-Core,Active,internal
659,Compliance Engine #46,Compliance,https://internal.api/v1/compliance/action,v2.1.0,Identity-IAM,Active,internal
660,User Engine #22,User,https://internal.api/v1/user/action,v3,Unknown,Inactive,internal
661,Auth Engine #96,Auth,https://internal.api/v1/auth/action,v1.4,Identity-IAM,Deprecated,internal
662,SendGrid Mailer Service,Notifications,https://api.sendgrid.com/v3/mail/send,2024-01-01,Identity-IAM,Active,api
663,Salesforce Leads API,CRM,https://test.salesforce.com/services/data/v55.0/sobjects,v2.1.0,Growth-Marketing,Active,test
664,User Profile Core API,User,https://internal.platform/services/user-profile/973,v2-beta,Logistics,Active,internal
665,Shipping Engine #74,Shipping,https://internal.api/v1/shipping/action,v1.0.0,Unknown,Active,internal
666,Analytics Engine #59,Analytics,https://internal.api/v1/analytics/action,2024-01-01,Data-Eng,Active,internal
667,Auth0 Login API,Auth,https://identity.auth0.com/oauth/token,2024-01-01,Core-Platform,Active,identity
668,HubSpot Contacts Service,CRM,https://api.hubapi.com/crm/v3/objects/contacts,v2-beta,Unknown,Active,api
669,PayPal Checkout API,Payment,https://api-m.paypal.com/v2/checkout/orders,Unknown,Logistics,Deprecated,api-m
670,HubSpot Contacts Service,CRM,https://api.hubapi.com/crm/v3/objects/contacts/{env}/debug_mode,v3,FinTech-Core,Active,api
671,SendGrid Mailer Service,Notifications,https://api.sendgrid.com/v3/mail/send,v2.1.0,Data-Eng,Inactive,api
672,Analytics Engine #97,Analytics,https://internal.api/v1/analytics/action,2024-01-01,Comms-Team,Active,internal
673,Payment Engine #98,Payment,https://internal.api/v1/payment/action,v2-beta,FinTech-Core,Active,internal
674,gdpr purge utility api,Compliance,https://compliance.internal/v1/purge,v3,Growth-Marketing,Active,compliance
675,CRM Engine #53,CRM,https://internal.api/v1/crm/action,v1.0.0,Core-Platform,Active,internal
676,CRM Engine #50,CRM,https://internal.api/v1/crm/action,v1.0.0,Comms-Team,Active,internal
677,Stripe Payments Service,Payment,https://api.stripe.com/v3/charges,v3,FinTech-Core,Deprecated,api
678,GDPR Purge Utility API,Compliance,https://compliance.internal/v1/purge/467,v3,Core-Platform,Active,compliance
679,Payment Engine #81,Payment,https://internal.api/v1/payment/action,v2.1.0,Data-Eng,Deprecated,internal
680,Marketing Engine #63,Marketing,https://internal.api/v1/marketing/action/{env}/debug_mode,2024-01-01,Logistics,Active,internal
681,Notifications Engine #10,Comms,https://internal.api/v1/notifications/action,v2.1.0,Identity-IAM,Active,internal
682,Okta Verify Service,Unknown,https://okta.internal/api/v1/authn/951,v2-beta,Data-Eng,Active,okta
683,Datadog Telemetry Service,Analytics,https://api.datadoghq.com/api/v2/logs/300/{env}/debug_mode,v2.1.0,Identity-IAM,Inactive,api
684,FedEx Ship Rates API,Shipping,https://apis.fedex.com/rate/v1/rates/449,v2-beta,Core-Platform,Active,apis
685,Payment Engine #98,Payment,https://internal.api/v1/payment/action,v3,FinTech-Core,Active,internal
686,FedEx Ship Rates API,Shipping,https://apis.fedex.com/rate/v1/rates/449,v2-beta,Growth-Marketing,Active,apis
687,Auth Engine #86,IAM,https://internal.api/v1/auth/action,v1.0.0,Core-Platform,Deprecated,internal
688,Shipping Engine #96,Shipping,https://internal.api/v1/shipping/action,v1.4,SecOps-Compliance,Active,internal
689,Auth Engine #29,Auth,https://internal.api/v1/auth/action,v2-beta,Growth-Marketing,Active,internal
690,Auth0 Login Service,Auth,https://identity.auth0.com/oauth/token,2024-01-01,Logistics,Active,identity
691,FedEx Ship Rates Service,Shipping,https://apis.fedex.com/rate/v1/rates,2024-01-01,Logistics,Active,apis
692,HubSpot Contacts API,CRM,https://api.hubapi.com/crm/v3/objects/contacts,v2.1.0,FinTech-Core,Deprecated,api
693,Auth0 Login Service,Auth,https://identity.auth0.com/oauth/token,2024-01-01,Growth-Marketing,Active,identity
694,User Engine #96,User,https://internal.api/v1/user/action/{env}/debug_mode,v1.0.0,Growth-Marketing,Active,internal
695,AdRoll Tracking Pixels Service,Marketing,https://api.adroll.com/v2/pixels/745,v1.4,Logistics,Active,api
696,Compliance Engine #69,Compliance,https://internal.api/v1/compliance/action,v1.4,Comms-Team,Active,internal
697,Shipping Engine #55,Shipping,https://internal.api/v1/shipping/action,v2-beta,Growth-Marketing,Active,internal
698,Auth0 Login Service,Auth,https://identity.auth0.com/oauth/token/145,0.0.1-SNAPSHOT,Growth-Marketing,Active,identity
699,FedEx Ship Rates Service,Shipping,https://apis.fedex.com/rate/v1/rates/130,v1.0.0,Data-Eng,Inactive,apis
700,Auth Engine #54,Auth,https://internal.api/v1/auth/action,v1.0.0,Unknown,Active,internal
701,Okta Verify API,Auth,https://okta.internal/api/v1/authn,v2.1.0,Growth-Marketing,Active,okta
702,AdRoll Tracking Pixels API,Marketing,https://api.adroll.com/v2/pixels,2024-01-01,Identity-IAM,Active,api
703,Marketing Engine #86,Marketing,https://internal.api/v1/marketing/action,v2.1.0,Logistics,Active,internal
704,Auth0 Login Service,Auth,https://identity.auth0.com/oauth/token,2024-01-01,Logistics,Deprecated,identity
705,user profile core api,User,https://internal.platform/services/user-profile,v3,Core-Platform,Active,internal
706,User Profile Core Service,User,https://internal.platform/services/user-profile/157,v1-alpha,Identity-IAM,Active,internal
707,Okta Verify Service,Auth,https://okta.internal/api/v1/authn,Unknown,FinTech-Core,Active,okta
708,Shipping Engine #41,Shipping,https://internal.api/v1/shipping/action,Unknown,Comms-Team,Active,internal
709,AdRoll Tracking Pixels Service,Marketing,https://api.adroll.com/v2/pixels,2024-01-01,Logistics,Deprecated,api
710,Google Maps Geocode Service,Maps,https://maps.googleapis.com/maps/api/geocode/json/381,v1.0.0,Data-Eng,Deprecated,maps
711,PayPal Checkout API,Payment,https://api-m.paypal.com/v2/checkout/orders,v1.4,Logistics,Active,api-m
712,Marketing Engine #10,Marketing,https://internal.api/v1/marketing/action,v2-beta,Comms-Team,Inactive,internal
713,SendGrid Mailer API,Unknown,https://api.sendgrid.com/v3/mail/send/197,v3,Core-Platform,Active,api
714,Snowflake Ingestion Service,Analytics,https://snowflake.internal/api/v1/ingest/765,v1.0.0,Growth-Marketing,Active,snowflake
715,Shipping Engine #88,Shipping,https://internal.api/v1/shipping/action/{env}/debug_mode,v2.1.0,Identity-IAM,Active,internal
716,Payment Engine #72,Payment,https://internal.api/v1/payment/action,v2.1.0,Growth-Marketing,Active,internal
717,Okta Verify API,Auth,https://okta.internal/api/v1/authn,2024-01-01,Core-Platform,Active,okta
718,AdRoll Tracking Pixels API,Marketing,https://api.adroll.com/v2/pixels,v2-beta,Data-Eng,Inactive,api
719,Analytics Engine #19,Analytics,https://internal.api/v1/analytics/action,v3,Core-Platform,Inactive,internal
720,Shipping Engine #92,Shipping,https://internal.api/v1/shipping/action,v2.1.0,Identity-IAM,Deprecated,internal
721,Marketing Engine #46,Marketing,https://internal.api/v1/marketing/action,Unknown,FinTech-Core,Active,internal
722,Analytics Engine #50,Analytics,https://internal.api/v1/analytics/action/{env}/debug_mode,2024-01-01,Comms-Team,Active,internal
723,Shipping Engine #63,Shipping,https://internal.api/v1/shipping/action,v2.1.0,Identity-IAM,Active,internal
724,Payment Engine #14,Payment,https://internal.api/v1/payment/action,v3,Growth-Marketing,Deprecated,internal
725,Compliance Engine #52,Compliance,https://internal.api/v1/compliance/action,v1.4,Logistics,legacy-active,internal
726,User Profile Core API,User,https://internal.platform/services/user-profile/217,2024-01-01,SecOps-Compliance,Active,internal
727,Marketing Engine #23,Unknown,https://internal.api/v1/marketing/action,v2-beta,Core-Platform,Inactive,internal
728,Payment Engine #54,Payment,https://internal.api/v1/payment/action,v2-beta,Core-Platform,Deprecated,internal
729,Analytics Engine #85,Analytics,https://internal.api/v1/analytics/action,v1.4,Growth-Marketing,Deprecated,internal
730,GDPR Purge Utility Service,Compliance,https://compliance.internal/v1/purge,v3,Core-Platform,Deprecated,compliance
731,Shipping Engine #95,Shipping,https://internal.api/v1/shipping/action,v3,Identity-IAM,Active,internal
732,User Profile Core Service,User,https://internal.platform/services/user-profile,v2.1.0,Data-Eng,Active,internal
733,User Engine #67,Unknown,https://internal.api/v1/user/action,2024-01-01,FinTech-Core,Deprecated,internal
734,Google Maps Geocode API,Maps,https://maps.googleapis.com/maps/api/geocode/json/591,v1.0.0,FinTech-Core,Deprecated,maps
735,paypal checkout api,Payment,https://api-m.paypal.com/v2/checkout/orders,v2.1.0,Logistics,Inactive,api-m
736,Payment Engine #98,Payment,https://internal.api/v1/payment/action,v2-beta,Identity-IAM,Deprecated,internal
737,Shipping Engine #69,Shipping,https://internal.api/v1/shipping/action,v3,Identity-IAM,Active,internal
738,Shipping Engine #75,Shipping,https://internal.api/v1/shipping/action,v2.1.0,Growth-Marketing,Inactive,internal
739,Twilio SMS Gateway API,Notifications,https://api.twilio.com/2010-04-01/accounts/311,v1.0.0,Data-Eng,Active,api
740,Datadog Telemetry Service,Analytics,https://api.datadoghq.com/api/v2/logs/527,Unknown,Data-Eng,Active,api
741,SALESFORCE LEADS SERVICE,CRM,https://test.salesforce.com/services/data/v55.0/sobjects/507,v3,Growth-Marketing,Active,test
742,Okta Verify Service,Auth,https://okta.internal/api/v1/authn/975/{env}/debug_mode,v2-beta,Growth-Marketing,Active,okta
743,Marketing Engine #63,Marketing,https://internal.api/v1/marketing/action/{env}/debug_mode,v1.4,FinTech-Core,Active,internal
744,Notifications Engine #23,Notifications,https://internal.api/v1/notifications/action,v1.0.0,FinTech-Core,Active,internal
745,AUTH0 LOGIN API,Auth,https://identity.auth0.com/oauth/token/433,v1.0.0,Identity-IAM,Active,identity
746,AdRoll Tracking Pixels Service,Marketing,https://api.adroll.com/v2/pixels/{env}/debug_mode,v2-beta,Data-Eng,Active,api
747,Okta Verify API,Auth,https://okta.internal/api/v1/authn,v2.1.0,Unknown,Active,okta
748,AdRoll Tracking Pixels Service,Marketing,https://api.adroll.com/v2/pixels,v2.1.0,Growth-Marketing,Active,api
749,Compliance Engine #89,Compliance,https://internal.api/v1/compliance/action,2024-01-01,Identity-IAM,Inactive,internal
750,Shipping Engine #13,Shipping,https://internal.api/v1/shipping/action,v1.0.0,Data-Eng,Inactive,internal
751,SNOWFLAKE INGESTION SERVICE,Analytics,https://snowflake.internal/api/v1/ingest,v1.0.0,Core-Platform,Active,snowflake
752,GDPR Purge Utility API,Compliance,https://compliance.internal/v1/purge/199,2026_RC4,Identity-IAM,Active,compliance
753,Google Maps Geocode Service,Maps,https://maps.googleapis.com/maps/api/geocode/json/184/{env}/debug_mode,v1.0.0,SecOps-Compliance,Active,maps
754,Notifications Engine #87,Unknown,https://internal.api/v1/notifications/action,v1.0.0,Comms-Team,Deprecated,internal
755,User Engine #20,Unknown,https://internal.api/v1/user/action,v2.1.0,Comms-Team,Inactive,internal
756,Marketing Engine #42,Marketing,https://internal.api/v1/marketing/action,2024-01-01,Identity-IAM,Active,internal
757,Snowflake Ingestion API,Analytics,https://snowflake.internal/api/v1/ingest,v2.1.0,Identity-IAM,Active,snowflake
758,Snowflake Ingestion API,Analytics,https://snowflake.internal/api/v1/ingest,Unknown,SecOps-Compliance,Active,snowflake
759,Analytics Engine #53,Analytics,https://internal.api/v1/analytics/action,0.0.1-SNAPSHOT,FinTech-Core,Active,internal
760,Snowflake Ingestion API,Analytics,https://snowflake.internal/api/v1/ingest,v2-beta,Core-Platform,Deprecated,snowflake
761,User Profile Core Service,User,https://internal.platform/services/user-profile,v1.4,Unknown,Active,internal
762,Payment Engine #31,Payment,https://internal.api/v1/payment/action,v2-beta,Logistics,legacy-active,internal
763,Stripe Payments Service,Payment,https://api.stripe.com/v3/charges/960,v1.4,Comms-Team,Deprecated,api
764,okta verify service,Auth,https://okta.internal/api/v1/authn,v2-beta,SecOps-Compliance,Deprecated,okta
765,Snowflake Ingestion Service,Analytics,https://snowflake.internal/api/v1/ingest,v1.4,Data-Eng,Active,snowflake
766,FedEx Ship Rates API,Shipping,https://apis.fedex.com/rate/v1/rates,v1.0.0,FinTech-Core,Active,apis
767,Marketing Engine #74,Marketing,https://internal.api/v1/marketing/action/{env}/debug_mode,v2.1.0,Logistics,Active,internal
768,User Engine #14,User,https://internal.api/v1/user/action,2026_RC4,SecOps-Compliance,Active,internal
769,Okta Verify API,Auth,https://okta.internal/api/v1/authn,v2-beta,Identity-IAM,Active,okta
770,user engine #88,User,https://internal.api/v1/user/action,v1.0.0,Logistics,Active,internal
771,SendGrid Mailer API,Notifications,https://api.sendgrid.com/v3/mail/send,v3,Identity-IAM,Deprecated,api
772,Auth0 Login Service,Auth,https://identity.auth0.com/oauth/token,v1.0.0,FinTech-Core,Inactive,identity
773,GDPR Purge Utility API,Compliance,https://compliance.internal/v1/purge/432,v2.1.0,FinTech-Core,Active,compliance
774,Google Maps Geocode API,Maps,https://maps.googleapis.com/maps/api/geocode/json,0.0.1-SNAPSHOT,Core-Platform,Deprecated,maps
775,GDPR Purge Utility API,Unknown,https://compliance.internal/v1/purge/356,2024-01-01,Identity-IAM,Active,compliance
776,Payment Engine #18,Payment,https://internal.api/v1/payment/action,Unknown,Growth-Marketing,Inactive,internal
777,HubSpot Contacts Service,CRM,https://api.hubapi.com/crm/v3/objects/contacts,v1.4,SecOps-Compliance,Active,api
778,Maps Engine #95,Maps,https://internal.api/v1/maps/action,2024-01-01,Comms-Team,Active,internal
779,Datadog Telemetry API,Analytics,https://api.datadoghq.com/api/v2/logs/369,v3,FinTech-Core,Active,api
780,Stripe Payments API,Payment,https://api.stripe.com/v3/charges/360,2024-01-01,Comms-Team,Inactive,api
781,CRM Engine #35,CRM,https://internal.api/v1/crm/action,v1.0.0,Logistics,Inactive,internal
782,SendGrid Mailer Service,Notifications,https://api.sendgrid.com/v3/mail/send,v1.4,Identity-IAM,Inactive,api
783,GDPR Purge Utility API,Compliance,https://compliance.internal/v1/purge,v3,Logistics,Active,compliance
784,AdRoll Tracking Pixels Service,Marketing,https://api.adroll.com/v2/pixels,v1.4,Core-Platform,Inactive,api
785,Stripe Payments API,Payment,https://api.stripe.com/v3/charges,2024-01-01,Core-Platform,Active,api
786,User Profile Core Service,User,https://internal.platform/services/user-profile,2024-01-01,Data-Eng,Inactive,internal
787,GDPR Purge Utility API,Compliance,https://compliance.internal/v1/purge,v1.0.0,Growth-Marketing,Active,compliance
788,HubSpot Contacts API,CRM,https://api.hubapi.com/crm/v3/objects/contacts/{env}/debug_mode,2024-01-01,FinTech-Core,Deprecated,api
789,Payment Engine #47,Payment,https://internal.api/v1/payment/action,v1.0.0,Data-Eng,Active,internal
790,Notifications Engine #81,Notifications,https://internal.api/v1/notifications/action,v1.4,Growth-Marketing,Inactive,internal
791,AdRoll Tracking Pixels API,Marketing,https://api.adroll.com/v2/pixels/783/{env}/debug_mode,v1.4,Logistics,Inactive,api
792,Maps Engine #65,Maps,https://internal.api/v1/maps/action,v2.1.0,Identity-IAM,Active,internal
793,Compliance Engine #17,Compliance,https://internal.api/v1/compliance/action,v2.1.0,Unknown,Active,internal
794,AdRoll Tracking Pixels Service,Marketing,https://api.adroll.com/v2/pixels,v1.0.0,Comms-Team,Active,api
795,PayPal Checkout Service,Payment,https://api-m.paypal.com/v2/checkout/orders/825,v1.0.0,Logistics,Active,api-m
796,GDPR Purge Utility Service,Compliance,https://compliance.internal/v1/purge,v2.1.0,Comms-Team,Inactive,compliance
797,Analytics Engine #32,Analytics,https://internal.api/v1/analytics/action,v3,Data-Eng,Inactive,internal
798,maps engine #40,Maps,https://internal.api/v1/maps/action,v1.0.0,Identity-IAM,Active,internal
799,User Engine #73,Unknown,https://internal.api/v1/user/action,v1.4,FinTech-Core,Active,internal
800,AdRoll Tracking Pixels API,Marketing,https://api.adroll.com/v2/pixels/587,test-version,Core-Platform,Deprecated,api
801,HubSpot Contacts API,CRM,https://api.hubapi.com/crm/v3/objects/contacts/297,v1.4,FinTech-Core,Active,api
802,User Engine #17,Unknown,https://internal.api/v1/user/action,v1.4,SecOps-Compliance,Active,internal
803,CRM Engine #45,CRM,https://internal.api/v1/crm/action,Unknown,Identity-IAM,Inactive,internal
804,Shipping Engine #71,Shipping,https://internal.api/v1/shipping/action,2024-01-01,Identity-IAM,Active,internal
805,User Profile Core API,User,https://internal.platform/services/user-profile,Unknown,Identity-IAM,Inactive,internal
806,CRM Engine #49,CRM,https://internal.api/v1/crm/action,v1.4,Growth-Marketing,Inactive,internal
807,Shipping Engine #97,Shipping,https://internal.api/v1/shipping/action,v1.4,Data-Eng,Active,internal
808,CRM Engine #12,CRM,https://internal.api/v1/crm/action,v1.4,Comms-Team,Inactive,internal
809,Payment Engine #30,Payment,https://internal.api/v1/payment/action,v2.1.0,Logistics,Active,internal
810,SALESFORCE LEADS SERVICE,CRM,https://test.salesforce.com/services/data/v55.0/sobjects,v1.4,FinTech-Core,Active,test
811,FedEx Ship Rates API,Unknown,https://apis.fedex.com/rate/v1/rates/920,v1.4,Core-Platform,Active,apis
812,PAYPAL CHECKOUT SERVICE,Payment,https://api-m.paypal.com/v2/checkout/orders,v2-beta,FinTech-Core,Active,api-m
813,User Engine #37,User,https://internal.api/v1/user/action,v1.0.0,Logistics,Active,internal
814,Compliance Engine #46,Compliance,https://internal.api/v1/compliance/action,v3,Growth-Marketing,Active,internal
815,AUTH ENGINE #42,Auth,https://internal.api/v1/auth/action,v2-beta,SecOps-Compliance,Active,internal
816,FedEx Ship Rates Service,Shipping,https://apis.fedex.com/rate/v1/rates/619,v3,Logistics,Active,apis
817,Compliance Engine #67,Compliance,https://internal.api/v1/compliance/action,v1.4,FinTech-Core,Active,internal
818,Snowflake Ingestion API,Analytics,https://snowflake.internal/api/v1/ingest,v1.0.0,Logistics,Active,snowflake
819,Auth0 Login Service,Auth,https://identity.auth0.com/oauth/token/331,v1.4,Unknown,Active,identity
820,Twilio SMS Gateway API,Notifications,https://api.twilio.com/2010-04-01/accounts/930/{env}/debug_mode,v2.1.0,Core-Platform,Active,api
821,Auth0 Login API,Auth,https://identity.auth0.com/oauth/token/770,2024-01-01,Comms-Team,Deprecated,identity
822,Salesforce Leads API,CRM,https://test.salesforce.com/services/data/v55.0/sobjects/394,v2-beta,Identity-IAM,Active,test
823,Google Maps Geocode API,Maps,https://maps.googleapis.com/maps/api/geocode/json,v2-beta,Comms-Team,Deprecated,maps
824,Payment Engine #99,Payment,https://internal.api/v1/payment/action,v1.4,Unknown,Active,internal
825,Google Maps Geocode Service,Maps,https://maps.googleapis.com/maps/api/geocode/json/506,Unknown,Comms-Team,Active,maps
826,Auth Engine #28,Auth,https://internal.api/v1/auth/action/{env}/debug_mode,v2-beta,FinTech-Core,Active,internal
827,Marketing Engine #97,Marketing,https://internal.api/v1/marketing/action,v2-beta,Comms-Team,Inactive,internal
828,Auth Engine #76,Auth,https://internal.api/v1/auth/action,v3,Identity-IAM,Inactive,internal
829,FedEx Ship Rates API,Shipping,https://apis.fedex.com/rate/v1/rates/295/{env}/debug_mode,v3,Logistics,Active,apis
830,AdRoll Tracking Pixels API,Marketing,https://api.adroll.com/v2/pixels/439,Unknown,Identity-IAM,Active,api
831,CRM Engine #12,CRM,https://internal.api/v1/crm/action,v3,Comms-Team,Active,internal
832,Maps Engine #25,Maps,https://internal.api/v1/maps/action,Unknown,Logistics,Deprecated,internal
833,Salesforce Leads Service,CRM,https://test.salesforce.com/services/data/v55.0/sobjects/664,v3,Data-Eng,Active,test
834,CRM Engine #33,CRM,https://internal.api/v1/crm/action,2024-01-01,FinTech-Core,Inactive,internal
835,Maps Engine #20,Maps,https://internal.api/v1/maps/action,v1.4,Core-Platform,Active,internal
836,Notifications Engine #11,Notifications,https://internal.api/v1/notifications/action,Unknown,Growth-Marketing,Active,internal
837,Stripe Payments API,Payment,https://api.stripe.com/v3/charges/721/{env}/debug_mode,v1.4,SecOps-Compliance,Deprecated,api
838,Notifications Engine #57,Notifications,https://internal.api/v1/notifications/action,v3,Core-Platform,Active,internal
839,Analytics Engine #46,Unknown,https://internal.api/v1/analytics/action,v1.0.0,Comms-Team,Inactive,internal
840,PayPal Checkout Service,Unknown,https://api-m.paypal.com/v2/checkout/orders/720,v2-beta,Identity-IAM,Deprecated,api-m
841,Auth0 Login API,Unknown,https://identity.auth0.com/oauth/token/293,v1.0.0,Identity-IAM,Deprecated,identity
842,Google Maps Geocode API,Maps,https://maps.googleapis.com/maps/api/geocode/json/{env}/debug_mode,v2-beta,Core-Platform,Inactive,maps
843,Okta Verify API,Auth,https://okta.internal/api/v1/authn,v1.4,FinTech-Core,Active,okta
844,Shipping Engine #38,Shipping,https://internal.api/v1/shipping/action,2024-01-01,Identity-IAM,Deprecated,internal
845,Twilio SMS Gateway API,Notifications,https://api.twilio.com/2010-04-01/accounts/166,v1.0.0,Growth-Marketing,Inactive,api
846,Snowflake Ingestion API,Analytics,https://snowflake.internal/api/v1/ingest,v2-beta,Identity-IAM,Active,snowflake
847,Analytics Engine #66,Analytics,https://internal.api/v1/analytics/action,Unknown,Core-Platform,Active,internal
848,Stripe Payments Service,Payment,https://api.stripe.com/v3/charges/595/{env}/debug_mode,2024-01-01,Data-Eng,Active,api
849,google maps geocode service,Maps,https://maps.googleapis.com/maps/api/geocode/json,v2.1.0,Growth-Marketing,Active,maps
850,Marketing Engine #61,Marketing,https://internal.api/v1/marketing/action,v1.0.0,Comms-Team,Inactive,internal
851,analytics engine #10,Analytics,https://internal.api/v1/analytics/action,2024-01-01,Core-Platform,Inactive,internal
852,AdRoll Tracking Pixels API,Marketing,https://api.adroll.com/v2/pixels/155/{env}/debug_mode,v1.4,Identity-IAM,Deprecated,api
853,AdRoll Tracking Pixels Service,Marketing,https://api.adroll.com/v2/pixels/729,v3,Identity-IAM,Inactive,api
854,Salesforce Leads Service,CRM,https://test.salesforce.com/services/data/v55.0/sobjects/660,v1.4,Comms-Team,Active,test
855,Marketing Engine #34,Unknown,https://internal.api/v1/marketing/action,v3,Data-Eng,Active,internal
856,PayPal Checkout API,Payment,https://api-m.paypal.com/v2/checkout/orders,2024-01-01,Data-Eng,Deprecated,api-m
857,AdRoll Tracking Pixels API,Marketing,https://api.adroll.com/v2/pixels/337/{env}/debug_mode,v2.1.0,Growth-Marketing,Inactive,api
858,PayPal Checkout API,Payment,https://api-m.paypal.com/v2/checkout/orders/775,v1.4,FinTech-Core,Active,api-m
859,CRM Engine #11,CRM,https://internal.api/v1/crm/action,v2-beta,Core-Platform,Active,internal
860,Marketing Engine #19,Marketing,https://internal.api/v1/marketing/action,0.0.1-SNAPSHOT,Data-Eng,Active,internal
861,Analytics Engine #20,Analytics,https://internal.api/v1/analytics/action,v3,Core-Platform,Active,internal
862,User Profile Core API,User,https://internal.platform/services/user-profile/956,v2-beta,Identity-IAM,Deprecated,internal
863,Notifications Engine #82,Notifications,https://internal.api/v1/notifications/action/{env}/debug_mode,v1.0.0,Core-Platform,Active,internal
864,CRM Engine #56,Unknown,https://internal.api/v1/crm/action,v3,SecOps-Compliance,Deprecated,internal
865,Shipping Engine #37,Shipping,https://internal.api/v1/shipping/action,test-version,FinTech-Core,Deprecated,internal
866,Compliance Engine #83,Compliance,https://internal.api/v1/compliance/action,v1.4,Logistics,Deprecated,internal
867,Snowflake Ingestion API,Analytics,https://snowflake.internal/api/v1/ingest,0.0.1-SNAPSHOT,Growth-Marketing,Active,snowflake
868,Payment Engine #45,Payment,https://internal.api/v1/payment/action,v1.4,Unknown,Active,internal
869,AdRoll Tracking Pixels API,Marketing,https://api.adroll.com/v2/pixels,v2-beta,Logistics,Active,api
870,Auth Engine #26,Auth,https://internal.api/v1/auth/action,v2.1.0,Comms-Team,Active,internal
871,Auth0 Login Service,Auth,https://identity.auth0.com/oauth/token/594,Unknown,SecOps-Compliance,Active,identity
872,FEDEX SHIP RATES API,Shipping,https://apis.fedex.com/rate/v1/rates/976,2024-01-01,Logistics,Deprecated,apis
873,CRM Engine #42,CRM,https://internal.api/v1/crm/action,0.0.1-SNAPSHOT,Comms-Team,Active,internal
874,SNOWFLAKE INGESTION API,Analytics,https://snowflake.internal/api/v1/ingest/179,v2-beta,FinTech-Core,Inactive,snowflake
875,Maps Engine #22,Maps,https://internal.api/v1/maps/action,v1.4,Growth-Marketing,Deprecated,internal
876,Payment Engine #56,Payment,https://internal.api/v1/payment/action,v1.0.0,Logistics,Active,internal
877,PayPal Checkout Service,Payment,https://api-m.paypal.com/v2/checkout/orders/585,v3,Logistics,Active,api-m
878,CRM ENGINE #18,CRM,https://internal.api/v1/crm/action,2024-01-01,Data-Eng,Active,internal
879,Google Maps Geocode Service,Maps,https://maps.googleapis.com/maps/api/geocode/json/635,Unknown,FinTech-Core,Deprecated,maps
880,Snowflake Ingestion Service,Analytics,https://snowflake.internal/api/v1/ingest,test-version,Data-Eng,Inactive,snowflake
881,PayPal Checkout Service,Payment,https://api-m.paypal.com/v2/checkout/orders/249,v3,Comms-Team,Inactive,api-m
882,GOOGLE MAPS GEOCODE SERVICE,Maps,https://maps.googleapis.com/maps/api/geocode/json/491,2024-01-01,FinTech-Core,Inactive,maps
883,Auth Engine #34,Auth,https://internal.api/v1/auth/action,v1.0.0,Data-Eng,Active,internal
884,Analytics Engine #58,Analytics,https://internal.api/v1/analytics/action/{env}/debug_mode,v3,Data-Eng,Active,internal
885,MARKETING ENGINE #92,Marketing,https://internal.api/v1/marketing/action,v2-beta,SecOps-Compliance,Active,internal
886,User Engine #62,User,https://internal.api/v1/user/action,v1-alpha,Comms-Team,Deprecated,internal
887,Salesforce Leads Service,Unknown,https://test.salesforce.com/services/data/v55.0/sobjects,v2.1.0,Data-Eng,Deprecated,test
888,Salesforce Leads Service,CRM,https://test.salesforce.com/services/data/v55.0/sobjects/231,v1-alpha,SecOps-Compliance,Active,test
889,User Engine #96,User,https://internal.api/v1/user/action,v1.0.0,Unknown,Inactive,internal
890,Compliance Engine #60,Compliance,https://internal.api/v1/compliance/action,v2-beta,Unknown,Active,internal
891,gdpr purge utility service,Compliance,https://compliance.internal/v1/purge/825,2024-01-01,Comms-Team,Inactive,compliance
892,Payment Engine #88,Payment,https://internal.api/v1/payment/action,v2.1.0,SecOps-Compliance,Inactive,internal
893,Payment Engine #53,Payment,https://internal.api/v1/payment/action,Unknown,Data-Eng,Active,internal
894,GDPR Purge Utility API,Compliance,https://compliance.internal/v1/purge/277,v3,SecOps-Compliance,Deprecated,compliance
895,Auth0 Login Service,Auth,https://identity.auth0.com/oauth/token/263,v1.4,SecOps-Compliance,Inactive,identity
896,Marketing Engine #64,Marketing,https://internal.api/v1/marketing/action,Unknown,Growth-Marketing,Active,internal
897,GDPR Purge Utility API,Compliance,https://compliance.internal/v1/purge/669,v2-beta,Comms-Team,Deprecated,compliance
898,Google Maps Geocode API,Maps,https://maps.googleapis.com/maps/api/geocode/json,v1.4,Identity-IAM,Active,maps
899,GDPR Purge Utility API,Compliance,https://compliance.internal/v1/purge/336,v2-beta,Logistics,Inactive,compliance
900,Shipping Engine #41,Shipping,https://internal.api/v1/shipping/action,v2.1.0,Logistics,Inactive,internal
901,Analytics Engine #72,Analytics,https://internal.api/v1/analytics/action,v2-beta,Comms-Team,Active,internal
902,Notifications Engine #84,Notifications,https://internal.api/v1/notifications/action,v1.4,Unknown,Inactive,internal
903,AdRoll Tracking Pixels Service,Unknown,https://api.adroll.com/v2/pixels,2024-01-01,Comms-Team,Active,api
904,PayPal Checkout Service,Payment,https://api-m.paypal.com/v2/checkout/orders/542,v2-beta,Unknown,Deprecated,api-m
905,HubSpot Contacts API,CRM,https://api.hubapi.com/crm/v3/objects/contacts/749,v1.4,Data-Eng,Active,api
906,Auth0 Login API,Auth,https://identity.auth0.com/oauth/token/365,Unknown,Growth-Marketing,Active,identity
907,Payment Engine #20,Payment,https://internal.api/v1/payment/action,v1.0.0,FinTech-Core,Deprecated,internal
908,HubSpot Contacts API,CRM,https://api.hubapi.com/crm/v3/objects/contacts,2024-01-01,FinTech-Core,Active,api
909,CRM Engine #27,CRM,https://internal.api/v1/crm/action,2024-01-01,SecOps-Compliance,Active,internal
910,Auth Engine #64,Auth,https://internal.api/v1/auth/action,v3,Identity-IAM,Deprecated,internal
911,GDPR Purge Utility API,Compliance,https://compliance.internal/v1/purge/881,v3,Logistics,Active,compliance
912,Compliance Engine #26,Compliance,https://internal.api/v1/compliance/action,Unknown,SecOps-Compliance,Deprecated,internal
913,Shipping Engine #34,Shipping,https://internal.api/v1/shipping/action,v1.4,Identity-IAM,Inactive,internal
914,SendGrid Mailer Service,Notifications,https://api.sendgrid.com/v3/mail/send/770,v2.1.0,Identity-IAM,Deprecated,api
915,Maps Engine #14,Maps,https://internal.api/v1/maps/action,v2.1.0,Logistics,Inactive,internal
916,User Profile Core Service,User,https://internal.platform/services/user-profile,v2-beta,Comms-Team,Inactive,internal
917,Maps Engine #55,Unknown,https://internal.api/v1/maps/action,v1.0.0,SecOps-Compliance,Deprecated,internal
918,User Engine #90,User,https://internal.api/v1/user/action,v3,Data-Eng,Active,internal
919,Notifications Engine #14,Notifications,https://internal.api/v1/notifications/action,v3,Core-Platform,Active,internal
920,Google Maps Geocode API,Maps,https://maps.googleapis.com/maps/api/geocode/json/759,2024-01-01,Data-Eng,Inactive,maps
921,Marketing Engine #45,Marketing,https://internal.api/v1/marketing/action,v1.0.0,Unknown,Inactive,internal
922,PayPal Checkout Service,Payment,https://api-m.paypal.com/v2/checkout/orders/{env}/debug_mode,v2-beta,Logistics,Active,api-m
923,OKTA VERIFY API,Auth,https://okta.internal/api/v1/authn/136,v2-beta,SecOps-Compliance,Deprecated,okta
924,GDPR Purge Utility API,Compliance,https://compliance.internal/v1/purge,v1.4,Data-Eng,Deprecated,compliance
925,Salesforce Leads API,CRM,https://test.salesforce.com/services/data/v55.0/sobjects/209,v1-alpha,Logistics,Deprecated,test
926,Snowflake Ingestion Service,Analytics,https://snowflake.internal/api/v1/ingest/206,0.0.1-SNAPSHOT,FinTech-Core,Inactive,snowflake
927,FedEx Ship Rates Service,Shipping,https://apis.fedex.com/rate/v1/rates/295/{env}/debug_mode,v1.4,Identity-IAM,Deprecated,apis
928,AdRoll Tracking Pixels API,Marketing,https://api.adroll.com/v2/pixels/704,v1.4,Unknown,Active,api
929,Shipping Engine #84,Shipping,https://internal.api/v1/shipping/action,2024-01-01,Comms-Team,Deprecated,internal
930,Snowflake Ingestion Service,Analytics,https://snowflake.internal/api/v1/ingest,v1-alpha,Data-Eng,Active,snowflake
931,Shipping Engine #66,Shipping,https://internal.api/v1/shipping/action,v1.4,FinTech-Core,Deprecated,internal
932,HubSpot Contacts API,CRM,https://api.hubapi.com/crm/v3/objects/contacts,v1.4,Data-Eng,Inactive,api
933,Maps Engine #23,Unknown,https://internal.api/v1/maps/action,v1.4,Identity-IAM,Active,internal
934,user profile core service,User,https://internal.platform/services/user-profile,v2.1.0,Data-Eng,Active,internal
935,snowflake ingestion service,Analytics,https://snowflake.internal/api/v1/ingest,v2-beta,FinTech-Core,Inactive,snowflake
936,Snowflake Ingestion Service,Analytics,https://snowflake.internal/api/v1/ingest/836,v1.0.0,Data-Eng,Deprecated,snowflake
937,Google Maps Geocode API,Maps,https://maps.googleapis.com/maps/api/geocode/json,2026_RC4,Data-Eng,Active,maps
938,FedEx Ship Rates API,Shipping,https://apis.fedex.com/rate/v1/rates/973,v3,Comms-Team,Active,apis
939,Maps Engine #59,Maps,https://internal.api/v1/maps/action,v2-beta,Comms-Team,Active,internal
940,PayPal Checkout Service,Payment,https://api-m.paypal.com/v2/checkout/orders,v2.1.0,Unknown,Active,api-m
941,Notifications Engine #90,Notifications,https://internal.api/v1/notifications/action,0.0.1-SNAPSHOT,Logistics,Inactive,internal
942,fedex ship rates service,Shipping,https://apis.fedex.com/rate/v1/rates,v1.4,Logistics,Active,apis
943,CRM Engine #85,CRM,https://internal.api/v1/crm/action,v3,Comms-Team,Active,internal
944,Shipping Engine #68,Shipping,https://internal.api/v1/shipping/action,v2.1.0,Core-Platform,Inactive,internal
945,Payment Engine #14,Payment,https://internal.api/v1/payment/action,v3,Growth-Marketing,Active,internal
946,Okta Verify API,Auth,https://okta.internal/api/v1/authn/354,0.0.1-SNAPSHOT,Logistics,Deprecated,okta
947,User Profile Core Service,User,https://internal.platform/services/user-profile/209,v1.0.0,SecOps-Compliance,Active,internal
948,FedEx Ship Rates Service,Shipping,https://apis.fedex.com/rate/v1/rates/897,v3,Unknown,Active,apis
949,hubspot contacts service,CRM,https://api.hubapi.com/crm/v3/objects/contacts,v2-beta,Core-Platform,Active,api
950,User Engine #48,User,https://internal.api/v1/user/action/{env}/debug_mode,v3,Identity-IAM,Deprecated,internal
951,USER PROFILE CORE SERVICE,User,https://internal.platform/services/user-profile/842,v2.1.0,FinTech-Core,Deprecated,internal
952,SendGrid Mailer API,Notifications,https://api.sendgrid.com/v3/mail/send/477,2024-01-01,Unknown,Inactive,api
953,Salesforce Leads API,CRM,https://test.salesforce.com/services/data/v55.0/sobjects,Unknown,Data-Eng,Active,test
954,Auth0 Login Service,Auth,https://identity.auth0.com/oauth/token/{env}/debug_mode,2024-01-01,SecOps-Compliance,Active,identity
955,Notifications Engine #96,Notifications,https://internal.api/v1/notifications/action,v1.0.0,Comms-Team,Active,internal
956,PayPal Checkout API,Payment,https://api-m.paypal.com/v2/checkout/orders/325,v1.0.0,Unknown,Active,api-m
957,SendGrid Mailer API,Notifications,https://api.sendgrid.com/v3/mail/send/871,Unknown,Growth-Marketing,Inactive,api
958,Notifications Engine #59,Notifications,https://internal.api/v1/notifications/action/{env}/debug_mode,v2-beta,FinTech-Core,Inactive,internal
959,CRM Engine #27,CRM,https://internal.api/v1/crm/action,v2-beta,Core-Platform,Active,internal
960,Auth Engine #26,Auth,https://internal.api/v1/auth/action,Unknown,Core-Platform,Active,internal
961,Auth Engine #96,Auth,https://internal.api/v1/auth/action,v3,Identity-IAM,Active,internal
962,Auth0 Login Service,Auth,https://identity.auth0.com/oauth/token,v3,Identity-IAM,Active,identity
963,Compliance Engine #86,Compliance,https://internal.api/v1/compliance/action,v2-beta,Identity-IAM,Inactive,internal
964,User Engine #17,User,https://internal.api/v1/user/action,v2.1.0,FinTech-Core,Active,internal
965,GDPR Purge Utility API,Compliance,https://compliance.internal/v1/purge,v3,Core-Platform,Active,compliance
966,FedEx Ship Rates Service,Shipping,https://apis.fedex.com/rate/v1/rates,v2.1.0,Data-Eng,Deprecated,apis
967,User Engine #46,User,https://internal.api/v1/user/action,Unknown,Comms-Team,Deprecated,internal
968,FedEx Ship Rates Service,Shipping,https://apis.fedex.com/rate/v1/rates/210,v2.1.0,Identity-IAM,Active,apis
969,Notifications Engine #61,Notifications,https://internal.api/v1/notifications/action,2024-01-01,Comms-Team,Active,internal
970,Auth0 Login Service,Auth,https://identity.auth0.com/oauth/token/696,2024-01-01,Data-Eng,Deprecated,identity
971,GDPR Purge Utility API,Compliance,https://compliance.internal/v1/purge/{env}/debug_mode,v2.1.0,Identity-IAM,Deprecated,compliance
972,Okta Verify API,Auth,https://okta.internal/api/v1/authn/401,v3,Comms-Team,Inactive,okta
973,Compliance Engine #21,Compliance,https://internal.api/v1/compliance/action,v3,Identity-IAM,Active,internal
974,Shipping Engine #51,Shipping,https://internal.api/v1/shipping/action,v2.1.0,SecOps-Compliance,Active,internal
975,Okta Verify API,Auth,https://okta.internal/api/v1/authn/836,v3,Core-Platform,Active,okta
976,Snowflake Ingestion Service,Analytics,https://snowflake.internal/api/v1/ingest,v2.1.0,Unknown,Active,snowflake
977,AdRoll Tracking Pixels API,Marketing,https://api.adroll.com/v2/pixels/928,v2.1.0,Core-Platform,Inactive,api
978,GDPR Purge Utility Service,Compliance,https://compliance.internal/v1/purge,v1.4,Growth-Marketing,Inactive,compliance
979,Notifications Engine #96,Notifications,https://internal.api/v1/notifications/action,v1-alpha,Data-Eng,Active,internal
980,Analytics Engine #58,Unknown,https://internal.api/v1/analytics/action,2024-01-01,Data-Eng,Active,internal
981,FedEx Ship Rates API,Shipping,https://apis.fedex.com/rate/v1/rates/615,v1.0.0,Identity-IAM,Active,apis
982,Payment Engine #34,Payment,https://internal.api/v1/payment/action,v2.1.0,Data-Eng,Inactive,internal
983,Auth Engine #57,IAM,https://internal.api/v1/auth/action,v2-beta,Growth-Marketing,Active,internal
984,Payment Engine #36,Payment,https://internal.api/v1/payment/action/{env}/debug_mode,2024-01-01,Growth-Marketing,Active,internal
985,GDPR Purge Utility Service,Unknown,https://compliance.internal/v1/purge,v1.4,Core-Platform,Active,compliance
986,User Profile Core API,User,https://internal.platform/services/user-profile/176,2024-01-01,Growth-Marketing,Deprecated,internal
987,Payment Engine #38,Payment,https://internal.api/v1/payment/action,v3,Logistics,Deprecated,internal
988,CRM Engine #33,CRM,https://internal.api/v1/crm/action,v1.4,Growth-Marketing,Active,internal
989,Salesforce Leads API,CRM,https://test.salesforce.com/services/data/v55.0/sobjects,Unknown,Growth-Marketing,Active,test
990,User Profile Core Service,User,https://internal.platform/services/user-profile/502,v1-alpha,SecOps-Compliance,Active,internal
991,FedEx Ship Rates Service,Shipping,https://apis.fedex.com/rate/v1/rates/180,2024-01-01,Identity-IAM,Active,apis
992,Snowflake Ingestion Service,Analytics,https://snowflake.internal/api/v1/ingest/279,0.0.1-SNAPSHOT,Comms-Team,Active,snowflake
993,Salesforce Leads Service,CRM,https://test.salesforce.com/services/data/v55.0/sobjects,v2-beta,FinTech-Core,Active,test
994,GDPR Purge Utility API,Compliance,https://compliance.internal/v1/purge,0.0.1-SNAPSHOT,SecOps-Compliance,Deprecated,compliance
995,Okta Verify Service,Auth,https://okta.internal/api/v1/authn/512,v2.1.0,SecOps-Compliance,Deprecated,okta
996,Datadog Telemetry API,Analytics,https://api.datadoghq.com/api/v2/logs,v2-beta,Unknown,Active,api
997,Twilio SMS Gateway API,Notifications,https://api.twilio.com/2010-04-01/accounts/661/{env}/debug_mode,v2.1.0,Core-Platform,Active,api
998,PayPal Checkout API,Payment,https://api-m.paypal.com/v2/checkout/orders/{env}/debug_mode,v1.0.0,FinTech-Core,Active,api-m
999,Google Maps Geocode Service,Maps,https://maps.googleapis.com/maps/api/geocode/json/629/{env}/debug_mode,v1.0.0,SecOps-Compliance,Deprecated,maps
1000,Salesforce Leads Service,CRM,https://test.salesforce.com/services/data/v55.0/sobjects/570/{env}/debug_mode,v2.1.0,Logistics,Inactive,test
1001,Datadog Telemetry API,Analytics,https://api.datadoghq.com/api/v2/logs,2024-01-01,Growth-Marketing,Active,api
1002,Twilio SMS Gateway Service,Notifications,https://api.twilio.com/2010-04-01/accounts,2024-01-01,Unknown,Active,api
1003,Marketing Engine #99,Marketing,https://internal.api/v1/marketing/action/{env}/debug_mode,2024-01-01,FinTech-Core,Deprecated,internal
1004,Auth0 Login API,Auth,https://identity.auth0.com/oauth/token/710/{env}/debug_mode,v1.4,Data-Eng,Active,identity
1005,Analytics Engine #63,Analytics,https://internal.api/v1/analytics/action,v1-alpha,Growth-Marketing,Inactive,internal
1006,Stripe Payments Service,Payment,https://api.stripe.com/v3/charges/346,2024-01-01,SecOps-Compliance,Active,api
1007,Datadog Telemetry Service,Analytics,https://api.datadoghq.com/api/v2/logs/325,0.0.1-SNAPSHOT,Growth-Marketing,Active,api
1008,HubSpot Contacts Service,Unknown,https://api.hubapi.com/crm/v3/objects/contacts/554,v1.0.0,Identity-IAM,Active,api
1009,GDPR PURGE UTILITY SERVICE,Compliance,https://compliance.internal/v1/purge,2024-01-01,Core-Platform,Active,compliance
1010,User Profile Core Service,User,https://internal.platform/services/user-profile/998,v1.4,Growth-Marketing,Inactive,internal
1011,CRM Engine #21,CRM,https://internal.api/v1/crm/action,v2.1.0,FinTech-Core,Active,internal
1012,Shipping Engine #51,Shipping,https://internal.api/v1/shipping/action,v1.0.0,Growth-Marketing,Deprecated,internal
1013,PayPal Checkout Service,Payment,https://api-m.paypal.com/v2/checkout/orders/583,v2.1.0,Growth-Marketing,Active,api-m
1014,Twilio SMS Gateway API,Notifications,https://api.twilio.com/2010-04-01/accounts,v2-beta,FinTech-Core,Active,api
1015,twilio sms gateway api,Notifications,https://api.twilio.com/2010-04-01/accounts/174,v1.4,Identity-IAM,Active,api
1016,Okta Verify API,Auth,https://okta.internal/api/v1/authn,v2.1.0,SecOps-Compliance,Deprecated,okta
1017,HubSpot Contacts API,Unknown,https://api.hubapi.com/crm/v3/objects/contacts,2024-01-01,Comms-Team,Active,api
1018,Twilio SMS Gateway API,Notifications,https://api.twilio.com/2010-04-01/accounts,2026_RC4,Logistics,Active,api
1019,Notifications Engine #95,Notifications,https://internal.api/v1/notifications/action,2024-01-01,SecOps-Compliance,Deprecated,internal
1020,AdRoll Tracking Pixels Service,Marketing,https://api.adroll.com/v2/pixels,v2-beta,Comms-Team,Inactive,api
1021,Twilio SMS Gateway API,Notifications,https://api.twilio.com/2010-04-01/accounts,v2-beta,SecOps-Compliance,Active,api
1022,marketing engine #56,Marketing,https://internal.api/v1/marketing/action,v1.0.0,FinTech-Core,Active,internal
1023,Maps Engine #39,Unknown,https://internal.api/v1/maps/action,v2.1.0,SecOps-Compliance,Inactive,internal
1024,Notifications Engine #88,Notifications,https://internal.api/v1/notifications/action,v1.4,FinTech-Core,Active,internal
1025,Maps Engine #61,Maps,https://internal.api/v1/maps/action,Unknown,Data-Eng,Active,internal
1026,Google Maps Geocode API,Maps,https://maps.googleapis.com/maps/api/geocode/json,v1.0.0,Logistics,Inactive,maps
1027,Google Maps Geocode API,Maps,https://maps.googleapis.com/maps/api/geocode/json/385,Unknown,Growth-Marketing,Inactive,maps
1028,compliance engine #28,Compliance,https://internal.api/v1/compliance/action,v1.4,Logistics,Inactive,internal
1029,Maps Engine #35,Maps,https://internal.api/v1/maps/action,v2.1.0,SecOps-Compliance,Inactive,internal
1030,Okta Verify API,Auth,https://okta.internal/api/v1/authn,v1.0.0,FinTech-Core,Deprecated,okta
1031,gdpr purge utility api,Compliance,https://compliance.internal/v1/purge,v2-beta,FinTech-Core,Active,compliance
1032,GDPR Purge Utility API,Compliance,https://compliance.internal/v1/purge,v2-beta,FinTech-Core,Active,compliance
1033,Notifications Engine #78,Notifications,https://internal.api/v1/notifications/action,v2.1.0,SecOps-Compliance,Active,internal
1034,Payment Engine #38,Payment,https://internal.api/v1/payment/action,2024-01-01,Comms-Team,Deprecated,internal
1035,Payment Engine #65,Payment,https://internal.api/v1/payment/action,v3,Comms-Team,legacy-active,internal
1036,FedEx Ship Rates Service,Shipping,https://apis.fedex.com/rate/v1/rates/601,v3,Unknown,Inactive,apis
1037,Stripe Payments API,Payment,https://api.stripe.com/v3/charges/557,v1.0.0,Growth-Marketing,Deprecated,api
1038,Payment Engine #18,Payment,https://internal.api/v1/payment/action,2026_RC4,Comms-Team,Active,internal
1039,CRM Engine #24,CRM,https://internal.api/v1/crm/action,v1.0.0,Identity-IAM,Active,internal
1040,Auth0 Login Service,Auth,https://identity.auth0.com/oauth/token/915,v1.0.0,Comms-Team,Inactive,identity
1041,Google Maps Geocode Service,Maps,https://maps.googleapis.com/maps/api/geocode/json,v1.4,Identity-IAM,Active,maps
1042,User Profile Core API,User,https://internal.platform/services/user-profile/686,test-version,Comms-Team,Active,internal
1043,CRM Engine #67,CRM,https://internal.api/v1/crm/action,2024-01-01,Unknown,Deprecated,internal
1044,USER ENGINE #97,User,https://internal.api/v1/user/action,v2.1.0,Identity-IAM,Active,internal
1045,Notifications Engine #27,Notifications,https://internal.api/v1/notifications/action,v1.4,Identity-IAM,Active,internal
1046,Twilio SMS Gateway API,Notifications,https://api.twilio.com/2010-04-01/accounts,v3,SecOps-Compliance,Deprecated,api
1047,Marketing Engine #95,Marketing,https://internal.api/v1/marketing/action,2024-01-01,Comms-Team,Active,internal
1048,Stripe Payments Service,Payment,https://api.stripe.com/v3/charges,v1.4,SecOps-Compliance,Deprecated,api
1049,Shipping Engine #11,Shipping,https://internal.api/v1/shipping/action,2024-01-01,Core-Platform,Active,internal
1050,Marketing Engine #18,Marketing,https://internal.api/v1/marketing/action,v1.4,Logistics,Deprecated,internal
1051,Salesforce Leads API,CRM,https://test.salesforce.com/services/data/v55.0/sobjects,v3,Identity-IAM,Active,test
1052,GDPR Purge Utility API,Compliance,https://compliance.internal/v1/purge/612,2024-01-01,Core-Platform,Active,compliance
1053,AdRoll Tracking Pixels API,Marketing,https://api.adroll.com/v2/pixels,v2.1.0,FinTech-Core,Active,api
1054,FedEx Ship Rates API,Shipping,https://apis.fedex.com/rate/v1/rates,v1-alpha,Core-Platform,Active,apis
1055,Twilio SMS Gateway Service,Notifications,https://api.twilio.com/2010-04-01/accounts,v1.4,Core-Platform,Active,api
1056,Twilio SMS Gateway Service,Notifications,https://api.twilio.com/2010-04-01/accounts/217,2026_RC4,Core-Platform,Deprecated,api
1057,User Profile Core Service,User,https://internal.platform/services/user-profile,v3,FinTech-Core,Inactive,internal
1058,SALESFORCE LEADS SERVICE,CRM,https://test.salesforce.com/services/data/v55.0/sobjects,v2-beta,SecOps-Compliance,Active,test
1059,Stripe Payments Service,Payment,https://api.stripe.com/v3/charges,Unknown,FinTech-Core,Inactive,api
1060,Stripe Payments Service,Payment,https://api.stripe.com/v3/charges,v2.1.0,SecOps-Compliance,Active,api
1061,Payment Engine #55,Unknown,https://internal.api/v1/payment/action,v3,SecOps-Compliance,Deprecated,internal
1062,SendGrid Mailer API,Unknown,https://api.sendgrid.com/v3/mail/send,v2-beta,Data-Eng,Active,api
1063,MARKETING ENGINE #56,Marketing,https://internal.api/v1/marketing/action,v2-beta,Logistics,Inactive,internal
1064,Notifications Engine #57,Notifications,https://internal.api/v1/notifications/action,Unknown,Comms-Team,Deprecated,internal
1065,FedEx Ship Rates Service,Shipping,https://apis.fedex.com/rate/v1/rates,v2.1.0,Unknown,Active,apis
1066,Stripe Payments API,Payment,https://api.stripe.com/v3/charges,v1.4,Unknown,Inactive,api
1067,Maps Engine #79,Maps,https://internal.api/v1/maps/action,v1.4,Comms-Team,Active,internal
1068,Marketing Engine #84,Marketing,https://internal.api/v1/marketing/action,v1.0.0,SecOps-Compliance,Active,internal
1069,FedEx Ship Rates Service,Shipping,https://apis.fedex.com/rate/v1/rates/960,v1.0.0,Identity-IAM,Active,apis
1070,PayPal Checkout API,Payment,https://api-m.paypal.com/v2/checkout/orders,0.0.1-SNAPSHOT,Comms-Team,Active,api-m
1071,Analytics Engine #61,Analytics,https://internal.api/v1/analytics/action,v1.0.0,SecOps-Compliance,Active,internal
1072,Snowflake Ingestion API,Analytics,https://snowflake.internal/api/v1/ingest,v2-beta,Logistics,Active,snowflake
1073,SendGrid Mailer Service,Notifications,https://api.sendgrid.com/v3/mail/send/781,v1.4,Comms-Team,Inactive,api
1074,AdRoll Tracking Pixels API,Marketing,https://api.adroll.com/v2/pixels/420,v3,Growth-Marketing,Active,api
1075,Datadog Telemetry API,Analytics,https://api.datadoghq.com/api/v2/logs,v1.0.0,Unknown,Deprecated,api
1076,Salesforce Leads Service,CRM,https://test.salesforce.com/services/data/v55.0/sobjects/780,v1.4,SecOps-Compliance,Active,test
1077,HubSpot Contacts API,CRM,https://api.hubapi.com/crm/v3/objects/contacts,v1.4,Core-Platform,Deprecated,api
1078,GDPR Purge Utility API,Compliance,https://compliance.internal/v1/purge/401,2024-01-01,Core-Platform,Deprecated,compliance
1079,Notifications Engine #65,Comms,https://internal.api/v1/notifications/action,v2.1.0,Comms-Team,Active,internal
1080,CRM Engine #54,CRM,https://internal.api/v1/crm/action,v1.0.0,Data-Eng,Active,internal
1081,AdRoll Tracking Pixels Service,Marketing,https://api.adroll.com/v2/pixels/977,v3,Unknown,Active,api
1082,AdRoll Tracking Pixels Service,Marketing,https://api.adroll.com/v2/pixels/819,2024-01-01,Data-Eng,Active,api
1083,HubSpot Contacts Service,Unknown,https://api.hubapi.com/crm/v3/objects/contacts/432,v2.1.0,SecOps-Compliance,Active,api
1084,Shipping Engine #56,Shipping,https://internal.api/v1/shipping/action,2024-01-01,Growth-Marketing,Inactive,internal
1085,Okta Verify Service,Auth,https://okta.internal/api/v1/authn/496,v1.0.0,Data-Eng,legacy-active,okta
1086,FedEx Ship Rates API,Shipping,https://apis.fedex.com/rate/v1/rates/418,2024-01-01,Data-Eng,Inactive,apis
1087,Payment Engine #67,Payment,https://internal.api/v1/payment/action,2024-01-01,Logistics,Active,internal
1088,FedEx Ship Rates API,Shipping,https://apis.fedex.com/rate/v1/rates,2024-01-01,Growth-Marketing,Active,apis
1089,Payment Engine #34,Payment,https://internal.api/v1/payment/action,v2.1.0,Unknown,Deprecated,internal
1090,CRM Engine #69,CRM,https://internal.api/v1/crm/action,2024-01-01,Data-Eng,Active,internal
1091,AdRoll Tracking Pixels API,Marketing,https://api.adroll.com/v2/pixels,v2.1.0,Unknown,Active,api
1092,Salesforce Leads Service,CRM,https://test.salesforce.com/services/data/v55.0/sobjects/293,v1.4,Logistics,Active,test
1093,Compliance Engine #98,Compliance,https://internal.api/v1/compliance/action,v1.4,Identity-IAM,Active,internal
1094,GDPR Purge Utility Service,Unknown,https://compliance.internal/v1/purge,2024-01-01,SecOps-Compliance,Active,compliance
1095,Stripe Payments API,Payment,https://api.stripe.com/v3/charges/769,v1.4,Data-Eng,Active,api
1096,User Engine #92,User,https://internal.api/v1/user/action,v1.0.0,Data-Eng,Active,internal
1097,datadog telemetry service,Analytics,https://api.datadoghq.com/api/v2/logs,v1.0.0,Core-Platform,Inactive,api
1098,Google Maps Geocode Service,Maps,https://maps.googleapis.com/maps/api/geocode/json/676/{env}/debug_mode,v2-beta,Data-Eng,Active,maps
1099,User Engine #84,User,https://internal.api/v1/user/action,2026_RC4,Comms-Team,Deprecated,internal
1100,Shipping Engine #16,Shipping,https://internal.api/v1/shipping/action,v2.1.0,Identity-IAM,Active,internal
1101,SendGrid Mailer Service,Notifications,https://api.sendgrid.com/v3/mail/send,2024-01-01,Unknown,Inactive,api
1102,Datadog Telemetry API,Analytics,https://api.datadoghq.com/api/v2/logs,v1-alpha,Data-Eng,Deprecated,api
1103,Notifications Engine #52,Notifications,https://internal.api/v1/notifications/action,v1.4,FinTech-Core,Active,internal
1104,user engine #49,User,https://internal.api/v1/user/action,v1.0.0,SecOps-Compliance,Active,internal
1105,Compliance Engine #75,Compliance,https://internal.api/v1/compliance/action,Unknown,SecOps-Compliance,Active,internal
1106,Twilio SMS Gateway Service,Notifications,https://api.twilio.com/2010-04-01/accounts/586,v1.0.0,Logistics,Inactive,api
1107,FedEx Ship Rates API,Shipping,https://apis.fedex.com/rate/v1/rates,v1.4,SecOps-Compliance,Active,apis
1108,FEDEX SHIP RATES SERVICE,Shipping,https://apis.fedex.com/rate/v1/rates,v2-beta,Growth-Marketing,Active,apis
1109,Google Maps Geocode Service,Maps,https://maps.googleapis.com/maps/api/geocode/json,v1.4,Logistics,Active,maps
1110,HubSpot Contacts Service,Unknown,https://api.hubapi.com/crm/v3/objects/contacts,v2-beta,SecOps-Compliance,Active,api
1111,Google Maps Geocode API,Maps,https://maps.googleapis.com/maps/api/geocode/json,v1.0.0,Core-Platform,Inactive,maps
1112,PayPal Checkout API,Payment,https://api-m.paypal.com/v2/checkout/orders/814,v3,SecOps-Compliance,Active,api-m
1113,SendGrid Mailer API,Notifications,https://api.sendgrid.com/v3/mail/send/112,v2.1.0,Unknown,Inactive,api
1114,Notifications Engine #45,Notifications,https://internal.api/v1/notifications/action,Unknown,Data-Eng,Active,internal
1115,Salesforce Leads API,CRM,https://test.salesforce.com/services/data/v55.0/sobjects,v1.4,Identity-IAM,Deprecated,test
1116,GDPR Purge Utility Service,Compliance,https://compliance.internal/v1/purge/546,2024-01-01,Core-Platform,Active,compliance
1117,Google Maps Geocode Service,Maps,https://maps.googleapis.com/maps/api/geocode/json/667,v2.1.0,SecOps-Compliance,Active,maps
1118,Twilio SMS Gateway Service,Notifications,https://api.twilio.com/2010-04-01/accounts/534,v2.1.0,Data-Eng,legacy-active,api
1119,Auth0 Login API,Auth,https://identity.auth0.com/oauth/token/927,v1.4,Comms-Team,Inactive,identity
1120,Auth Engine #76,Auth,https://internal.api/v1/auth/action,v2.1.0,Unknown,Deprecated,internal
1121,sendgrid mailer api,Notifications,https://api.sendgrid.com/v3/mail/send,2024-01-01,SecOps-Compliance,Active,api
1122,Stripe Payments Service,Payment,https://api.stripe.com/v3/charges/584,2024-01-01,Growth-Marketing,Active,api
1123,AdRoll Tracking Pixels Service,Marketing,https://api.adroll.com/v2/pixels/147,v1.0.0,Unknown,Active,api
1124,HubSpot Contacts API,CRM,https://api.hubapi.com/crm/v3/objects/contacts,2024-01-01,Logistics,Active,api
1125,Datadog Telemetry Service,Analytics,https://api.datadoghq.com/api/v2/logs,Unknown,Growth-Marketing,Active,api
1126,Compliance Engine #65,Compliance,https://internal.api/v1/compliance/action,0.0.1-SNAPSHOT,Identity-IAM,Active,internal
1127,Salesforce Leads API,CRM,https://test.salesforce.com/services/data/v55.0/sobjects,v1.0.0,Core-Platform,Deprecated,test
1128,Stripe Payments Service,Payment,https://api.stripe.com/v3/charges/375,v1.4,Logistics,Active,api
1129,CRM Engine #42,CRM,https://internal.api/v1/crm/action/{env}/debug_mode,2024-01-01,Core-Platform,Active,internal
1130,Google Maps Geocode API,Maps,https://maps.googleapis.com/maps/api/geocode/json/{env}/debug_mode,v1.0.0,FinTech-Core,Active,maps
1131,Shipping Engine #95,Shipping,https://internal.api/v1/shipping/action,v2-beta,Core-Platform,Active,internal
1132,Twilio SMS Gateway API,Notifications,https://api.twilio.com/2010-04-01/accounts,0.0.1-SNAPSHOT,Identity-IAM,Inactive,api
1133,AdRoll Tracking Pixels Service,Marketing,https://api.adroll.com/v2/pixels,v2.1.0,FinTech-Core,Active,api
1134,HubSpot Contacts API,CRM,https://api.hubapi.com/crm/v3/objects/contacts,v1.0.0,Unknown,Deprecated,api
1135,SendGrid Mailer API,Notifications,https://api.sendgrid.com/v3/mail/send/689,v1.0.0,FinTech-Core,Deprecated,api
1136,Google Maps Geocode API,Maps,https://maps.googleapis.com/maps/api/geocode/json/216,v1.0.0,Unknown,Active,maps
1137,Google Maps Geocode API,Maps,https://maps.googleapis.com/maps/api/geocode/json/627,v1.0.0,Data-Eng,Active,maps
1138,PayPal Checkout API,Payment,https://api-m.paypal.com/v2/checkout/orders,v3,Core-Platform,Active,api-m
1139,Maps Engine #90,Maps,https://internal.api/v1/maps/action,Unknown,FinTech-Core,Deprecated,internal
1140,Salesforce Leads API,CRM,https://test.salesforce.com/services/data/v55.0/sobjects/{env}/debug_mode,2024-01-01,Identity-IAM,Inactive,test
1141,Payment Engine #42,Payment,https://internal.api/v1/payment/action,v2-beta,Data-Eng,Active,internal
1142,SendGrid Mailer API,Notifications,https://api.sendgrid.com/v3/mail/send,2024-01-01,FinTech-Core,Inactive,api
1143,Maps Engine #59,Maps,https://internal.api/v1/maps/action,2024-01-01,Data-Eng,Active,internal
1144,user profile core api,User,https://internal.platform/services/user-profile,v2.1.0,Core-Platform,Active,internal
1145,COMPLIANCE ENGINE #76,Compliance,https://internal.api/v1/compliance/action,v2.1.0,Growth-Marketing,Deprecated,internal
1146,STRIPE PAYMENTS SERVICE,Payment,https://api.stripe.com/v3/charges,v1.0.0,Growth-Marketing,Active,api
1147,Auth Engine #73,Security,https://internal.api/v1/auth/action,v2.1.0,Core-Platform,Inactive,internal
1148,Analytics Engine #83,Analytics,https://internal.api/v1/analytics/action,v1.0.0,Unknown,Deprecated,internal
1149,Notifications Engine #97,Notifications,https://internal.api/v1/notifications/action/{env}/debug_mode,v2-beta,Growth-Marketing,Inactive,internal
1150,Google Maps Geocode Service,Maps,https://maps.googleapis.com/maps/api/geocode/json,v2.1.0,Data-Eng,Deprecated,maps
1151,Snowflake Ingestion API,Analytics,https://snowflake.internal/api/v1/ingest/699,2024-01-01,FinTech-Core,Inactive,snowflake
1152,Stripe Payments API,Payment,https://api.stripe.com/v3/charges,2024-01-01,Data-Eng,Active,api
1153,Twilio SMS Gateway Service,Notifications,https://api.twilio.com/2010-04-01/accounts/841/{env}/debug_mode,2024-01-01,SecOps-Compliance,Inactive,api
1154,Google Maps Geocode Service,Maps,https://maps.googleapis.com/maps/api/geocode/json/913,test-version,Data-Eng,Active,maps
1155,stripe payments service,Payment,https://api.stripe.com/v3/charges/252,v1.4,Core-Platform,Deprecated,api
1156,Twilio SMS Gateway API,Notifications,https://api.twilio.com/2010-04-01/accounts/173,v1.4,Comms-Team,Deprecated,api
1157,Google Maps Geocode Service,Maps,https://maps.googleapis.com/maps/api/geocode/json,v3,Data-Eng,Active,maps
1158,GDPR Purge Utility Service,Compliance,https://compliance.internal/v1/purge/632/{env}/debug_mode,2024-01-01,Core-Platform,Deprecated,compliance
1159,Maps Engine #47,Maps,https://internal.api/v1/maps/action,Unknown,Comms-Team,Inactive,internal
1160,GDPR Purge Utility API,Compliance,https://compliance.internal/v1/purge,v2-beta,Logistics,Active,compliance
1161,Twilio SMS Gateway Service,Unknown,https://api.twilio.com/2010-04-01/accounts/245,v1.0.0,FinTech-Core,Active,api
1162,User Engine #33,User,https://internal.api/v1/user/action,v1.0.0,Unknown,Active,internal
1163,ADROLL TRACKING PIXELS API,Marketing,https://api.adroll.com/v2/pixels,v1.4,Core-Platform,Active,api
1164,gdpr purge utility api,Compliance,https://compliance.internal/v1/purge/855,2024-01-01,Growth-Marketing,Active,compliance
1165,Stripe Payments Service,Payment,https://api.stripe.com/v3/charges,v2.1.0,Comms-Team,Active,api
1166,Datadog Telemetry API,Analytics,https://api.datadoghq.com/api/v2/logs/753/{env}/debug_mode,2024-01-01,SecOps-Compliance,Active,api
1167,Shipping Engine #51,Shipping,https://internal.api/v1/shipping/action,2026_RC4,Growth-Marketing,Active,internal
1168,Compliance Engine #83,Unknown,https://internal.api/v1/compliance/action,v3,Comms-Team,Active,internal
1169,Shipping Engine #11,Shipping,https://internal.api/v1/shipping/action,v2-beta,Data-Eng,Active,internal
1170,FedEx Ship Rates API,Shipping,https://apis.fedex.com/rate/v1/rates/{env}/debug_mode,v2-beta,Logistics,Deprecated,apis
1171,User Engine #84,User,https://internal.api/v1/user/action,v2.1.0,FinTech-Core,Active,internal
1172,PAYPAL CHECKOUT SERVICE,Payment,https://api-m.paypal.com/v2/checkout/orders/965,v1.4,SecOps-Compliance,Active,api-m
1173,Stripe Payments API,Payment,https://api.stripe.com/v3/charges,v3,Unknown,Inactive,api
1174,Compliance Engine #82,Compliance,https://internal.api/v1/compliance/action,v1.4,Unknown,Active,internal
1175,PayPal Checkout API,Payment,https://api-m.paypal.com/v2/checkout/orders,Unknown,Logistics,Inactive,api-m
1176,SendGrid Mailer Service,Notifications,https://api.sendgrid.com/v3/mail/send/339,2024-01-01,Core-Platform,Deprecated,api
1177,Maps Engine #35,Maps,https://internal.api/v1/maps/action/{env}/debug_mode,v1.4,Core-Platform,Inactive,internal
1178,GDPR Purge Utility Service,Compliance,https://compliance.internal/v1/purge,2024-01-01,Data-Eng,Deprecated,compliance
1179,FedEx Ship Rates Service,Shipping,https://apis.fedex.com/rate/v1/rates,v2-beta,Unknown,Inactive,apis
1180,Payment Engine #49,Payment,https://internal.api/v1/payment/action,2024-01-01,Identity-IAM,Inactive,internal
1181,SendGrid Mailer API,Notifications,https://api.sendgrid.com/v3/mail/send/759,v2.1.0,Logistics,Deprecated,api
1182,Snowflake Ingestion API,Analytics,https://snowflake.internal/api/v1/ingest,v1.0.0,Unknown,Deprecated,snowflake
1183,CRM Engine #39,CRM,https://internal.api/v1/crm/action,2024-01-01,Growth-Marketing,Active,internal
1184,Snowflake Ingestion Service,Analytics,https://snowflake.internal/api/v1/ingest,v1-alpha,Comms-Team,Inactive,snowflake
1185,Notifications Engine #84,Notifications,https://internal.api/v1/notifications/action,0.0.1-SNAPSHOT,Identity-IAM,Deprecated,internal
1186,Shipping Engine #99,Shipping,https://internal.api/v1/shipping/action,2024-01-01,FinTech-Core,Active,internal
1187,Marketing Engine #47,Marketing,https://internal.api/v1/marketing/action,Unknown,Comms-Team,Active,internal
1188,GDPR Purge Utility API,Compliance,https://compliance.internal/v1/purge,Unknown,FinTech-Core,Deprecated,compliance
1189,CRM Engine #85,CRM,https://internal.api/v1/crm/action,v1.0.0,FinTech-Core,Inactive,internal
1190,HubSpot Contacts Service,CRM,https://api.hubapi.com/crm/v3/objects/contacts/167,Unknown,FinTech-Core,Active,api
1191,SendGrid Mailer Service,Unknown,https://api.sendgrid.com/v3/mail/send,v2-beta,Identity-IAM,Inactive,api
1192,Marketing Engine #51,Marketing,https://internal.api/v1/marketing/action,v2-beta,Data-Eng,Active,internal
1193,AdRoll Tracking Pixels API,Marketing,https://api.adroll.com/v2/pixels,v1.4,Unknown,Active,api
1194,Snowflake Ingestion API,Analytics,https://snowflake.internal/api/v1/ingest/676,v2-beta,Growth-Marketing,Deprecated,snowflake
1195,Marketing Engine #73,Marketing,https://internal.api/v1/marketing/action,v2.1.0,Identity-IAM,Deprecated,internal
1196,Stripe Payments Service,Payment,https://api.stripe.com/v3/charges,v2.1.0,Unknown,Inactive,api
1197,FedEx Ship Rates API,Shipping,https://apis.fedex.com/rate/v1/rates,v2.1.0,FinTech-Core,Active,apis
1198,AdRoll Tracking Pixels API,Marketing,https://api.adroll.com/v2/pixels,v2.1.0,Unknown,Active,api
1199,Maps Engine #23,Maps,https://internal.api/v1/maps/action,v1.0.0,Core-Platform,Active,internal
1200,Twilio SMS Gateway API,Notifications,https://api.twilio.com/2010-04-01/accounts/361,2026_RC4,Core-Platform,Active,api
1201,Analytics Engine #75,Analytics,https://internal.api/v1/analytics/action,Unknown,Data-Eng,Inactive,internal
1202,Google Maps Geocode Service,Maps,https://maps.googleapis.com/maps/api/geocode/json,Unknown,Data-Eng,Inactive,maps
1203,Payment Engine #89,Payment,https://internal.api/v1/payment/action/{env}/debug_mode,v2-beta,Growth-Marketing,Deprecated,internal
1204,Google Maps Geocode Service,Unknown,https://maps.googleapis.com/maps/api/geocode/json,v2-beta,SecOps-Compliance,Active,maps
1205,Shipping Engine #37,Shipping,https://internal.api/v1/shipping/action,v2.1.0,Comms-Team,Active,internal
1206,Auth Engine #65,Auth,https://internal.api/v1/auth/action,v2.1.0,Unknown,Active,internal
1207,Stripe Payments API,Payment,https://api.stripe.com/v3/charges/205,2024-01-01,Unknown,Active,api
1208,HubSpot Contacts Service,CRM,https://api.hubapi.com/crm/v3/objects/contacts/212/{env}/debug_mode,v1.4,SecOps-Compliance,Active,api
1209,datadog telemetry service,Analytics,https://api.datadoghq.com/api/v2/logs,v1.4,SecOps-Compliance,Active,api
1210,User Profile Core API,User,https://internal.platform/services/user-profile/919,2024-01-01,SecOps-Compliance,Active,internal
1211,User Engine #26,User,https://internal.api/v1/user/action,v3,SecOps-Compliance,Active,internal
1212,Auth0 Login Service,Auth,https://identity.auth0.com/oauth/token,2024-01-01,Unknown,Inactive,identity
1213,Payment Engine #62,Payment,https://internal.api/v1/payment/action,v1.0.0,Unknown,Active,internal
1214,User Profile Core Service,User,https://internal.platform/services/user-profile,v2.1.0,Identity-IAM,Active,internal
1215,FedEx Ship Rates Service,Shipping,https://apis.fedex.com/rate/v1/rates/645,v1.0.0,Growth-Marketing,Inactive,apis
1216,GDPR Purge Utility Service,Compliance,https://compliance.internal/v1/purge,2024-01-01,Comms-Team,Deprecated,compliance
1217,Stripe Payments API,FinTech,https://api.stripe.com/v3/charges/848,v1.0.0,Logistics,Deprecated,api
1218,PayPal Checkout Service,Payment,https://api-m.paypal.com/v2/checkout/orders/337,v1.0.0,Growth-Marketing,Active,api-m
1219,GDPR Purge Utility API,Compliance,https://compliance.internal/v1/purge/961/{env}/debug_mode,v2.1.0,Data-Eng,Inactive,compliance
1220,Marketing Engine #40,Marketing,https://internal.api/v1/marketing/action/{env}/debug_mode,2024-01-01,Identity-IAM,Inactive,internal
1221,Auth0 Login API,Unknown,https://identity.auth0.com/oauth/token/849,v2-beta,Core-Platform,Inactive,identity
1222,PayPal Checkout Service,Payment,https://api-m.paypal.com/v2/checkout/orders,Unknown,FinTech-Core,Active,api-m
1223,AdRoll Tracking Pixels Service,Marketing,https://api.adroll.com/v2/pixels/950,v2.1.0,Logistics,Active,api
1224,Compliance Engine #59,Compliance,https://internal.api/v1/compliance/action,v2-beta,Data-Eng,Active,internal
1225,Salesforce Leads Service,CRM,https://test.salesforce.com/services/data/v55.0/sobjects/842,v1.0.0,Comms-Team,Active,test
1226,Stripe Payments API,Payment,https://api.stripe.com/v3/charges/785,v2.1.0,Data-Eng,Active,api
1227,STRIPE PAYMENTS SERVICE,Payment,https://api.stripe.com/v3/charges,2024-01-01,Core-Platform,Active,api
1228,CRM Engine #67,CRM,https://internal.api/v1/crm/action,2024-01-01,Logistics,Deprecated,internal
1229,Auth0 Login API,Auth,https://identity.auth0.com/oauth/token,Unknown,Data-Eng,Inactive,identity
1230,Twilio SMS Gateway API,Notifications,https://api.twilio.com/2010-04-01/accounts,v3,Growth-Marketing,Deprecated,api
1231,Compliance Engine #53,Compliance,https://internal.api/v1/compliance/action,v1.4,Core-Platform,Deprecated,internal
1232,Payment Engine #54,Payment,https://internal.api/v1/payment/action/{env}/debug_mode,v2-beta,SecOps-Compliance,Active,internal
1233,Okta Verify API,Auth,https://okta.internal/api/v1/authn,Unknown,SecOps-Compliance,Active,okta
1234,Stripe Payments API,Payment,https://api.stripe.com/v3/charges,v1.0.0,Data-Eng,Active,api
1235,SendGrid Mailer Service,Notifications,https://api.sendgrid.com/v3/mail/send,Unknown,Comms-Team,Deprecated,api
1236,OKTA VERIFY SERVICE,Auth,https://okta.internal/api/v1/authn,2024-01-01,Comms-Team,Deprecated,okta
1237,CRM Engine #26,CRM,https://internal.api/v1/crm/action,v1.0.0,Growth-Marketing,Active,internal
1238,Twilio SMS Gateway API,Notifications,https://api.twilio.com/2010-04-01/accounts,v2.1.0,Unknown,Deprecated,api
1239,Analytics Engine #37,Unknown,https://internal.api/v1/analytics/action,v3,Identity-IAM,Active,internal
1240,FedEx Ship Rates API,Shipping,https://apis.fedex.com/rate/v1/rates,2024-01-01,Logistics,Active,apis
1241,shipping engine #85,Shipping,https://internal.api/v1/shipping/action,v2.1.0,Comms-Team,Active,internal
1242,Auth Engine #24,Auth,https://internal.api/v1/auth/action,Unknown,Logistics,Active,internal
1243,Datadog Telemetry API,Analytics,https://api.datadoghq.com/api/v2/logs/182,v1.0.0,Growth-Marketing,Active,api
1244,Compliance Engine #81,Compliance,https://internal.api/v1/compliance/action,2024-01-01,Data-Eng,Active,internal
1245,Datadog Telemetry API,Analytics,https://api.datadoghq.com/api/v2/logs,Unknown,Data-Eng,Active,api
1246,Notifications Engine #27,Notifications,https://internal.api/v1/notifications/action,Unknown,Identity-IAM,Active,internal
1247,CRM Engine #45,CRM,https://internal.api/v1/crm/action,2024-01-01,SecOps-Compliance,Inactive,internal
1248,SNOWFLAKE INGESTION SERVICE,Analytics,https://snowflake.internal/api/v1/ingest,v3,Comms-Team,Active,snowflake
1249,Salesforce Leads Service,CRM,https://test.salesforce.com/services/data/v55.0/sobjects,v2-beta,SecOps-Compliance,Active,test
1250,GDPR Purge Utility Service,Unknown,https://compliance.internal/v1/purge/851,v2.1.0,Core-Platform,Deprecated,compliance
1251,Marketing Engine #60,Marketing,https://internal.api/v1/marketing/action,v2-beta,Unknown,Active,internal
1252,Maps Engine #39,Maps,https://internal.api/v1/maps/action,v2-beta,Core-Platform,Inactive,internal
1253,Maps Engine #40,Maps,https://internal.api/v1/maps/action,0.0.1-SNAPSHOT,Data-Eng,Active,internal
1254,Payment Engine #31,Payment,https://internal.api/v1/payment/action,v3,Growth-Marketing,Deprecated,internal
1255,Notifications Engine #53,Notifications,https://internal.api/v1/notifications/action,v2-beta,Core-Platform,Deprecated,internal
1256,ANALYTICS ENGINE #16,Analytics,https://internal.api/v1/analytics/action,2024-01-01,FinTech-Core,Active,internal
1257,Notifications Engine #17,Notifications,https://internal.api/v1/notifications/action,v1.4,Unknown,Active,internal
1258,Payment Engine #84,Payment,https://internal.api/v1/payment/action,v1-alpha,Growth-Marketing,Inactive,internal
1259,Auth0 Login Service,Auth,https://identity.auth0.com/oauth/token/226,2024-01-01,Core-Platform,Active,identity
1260,Auth Engine #99,Auth,https://internal.api/v1/auth/action,v2.1.0,FinTech-Core,Inactive,internal
1261,SendGrid Mailer API,Notifications,https://api.sendgrid.com/v3/mail/send,2024-01-01,Core-Platform,Deprecated,api
1262,SendGrid Mailer Service,Notifications,https://api.sendgrid.com/v3/mail/send,v1.0.0,Logistics,Deprecated,api
1263,Shipping Engine #98,Shipping,https://internal.api/v1/shipping/action,v3,Identity-IAM,Active,internal
1264,FedEx Ship Rates API,Shipping,https://apis.fedex.com/rate/v1/rates,v2.1.0,Growth-Marketing,Active,apis
1265,HubSpot Contacts API,Unknown,https://api.hubapi.com/crm/v3/objects/contacts,2024-01-01,Identity-IAM,Deprecated,api
1266,Notifications Engine #92,Notifications,https://internal.api/v1/notifications/action,v2-beta,Unknown,Deprecated,internal
1267,SendGrid Mailer Service,Notifications,https://api.sendgrid.com/v3/mail/send,v2.1.0,Core-Platform,Deprecated,api
1268,CRM Engine #17,CRM,https://internal.api/v1/crm/action,v2.1.0,Comms-Team,Deprecated,internal
1269,Analytics Engine #42,Analytics,https://internal.api/v1/analytics/action,v1.0.0,Unknown,Active,internal
1270,adroll tracking pixels api,Marketing,https://api.adroll.com/v2/pixels/913,v1.0.0,Data-Eng,Active,api
1271,FedEx Ship Rates Service,Shipping,https://apis.fedex.com/rate/v1/rates/779,v2.1.0,Data-Eng,Deprecated,apis
1272,AdRoll Tracking Pixels API,Marketing,https://api.adroll.com/v2/pixels,2024-01-01,Data-Eng,Active,api
1273,PayPal Checkout API,Payment,https://api-m.paypal.com/v2/checkout/orders,v2.1.0,FinTech-Core,Inactive,api-m
1274,FedEx Ship Rates API,Shipping,https://apis.fedex.com/rate/v1/rates,v2-beta,SecOps-Compliance,Deprecated,apis
1275,google maps geocode api,Maps,https://maps.googleapis.com/maps/api/geocode/json,2024-01-01,Data-Eng,Inactive,maps
1276,SendGrid Mailer Service,Notifications,https://api.sendgrid.com/v3/mail/send/280,0.0.1-SNAPSHOT,Logistics,Deprecated,api
1277,GDPR Purge Utility API,Compliance,https://compliance.internal/v1/purge/289/{env}/debug_mode,v3,Data-Eng,Active,compliance
1278,Shipping Engine #35,Shipping,https://internal.api/v1/shipping/action,v1.4,Comms-Team,Active,internal
1279,PayPal Checkout Service,Unknown,https://api-m.paypal.com/v2/checkout/orders/907,v2.1.0,SecOps-Compliance,Active,api-m
1280,Auth0 Login API,Auth,https://identity.auth0.com/oauth/token/614,v1.0.0,SecOps-Compliance,Active,identity
1281,Auth Engine #68,Auth,https://internal.api/v1/auth/action/{env}/debug_mode,v1.4,SecOps-Compliance,Active,internal
1282,CRM Engine #63,CRM,https://internal.api/v1/crm/action,v2.1.0,Core-Platform,Deprecated,internal
1283,AdRoll Tracking Pixels Service,Marketing,https://api.adroll.com/v2/pixels/377,0.0.1-SNAPSHOT,FinTech-Core,Active,api
1284,AdRoll Tracking Pixels Service,Marketing,https://api.adroll.com/v2/pixels/628,2026_RC4,Growth-Marketing,Inactive,api
1285,CRM Engine #92,CRM,https://internal.api/v1/crm/action,v3,FinTech-Core,Active,internal
1286,Shipping Engine #85,Shipping,https://internal.api/v1/shipping/action,v2-beta,Identity-IAM,Active,internal
1287,Datadog Telemetry API,Analytics,https://api.datadoghq.com/api/v2/logs/671,v1-alpha,FinTech-Core,Active,api
1288,adroll tracking pixels api,Marketing,https://api.adroll.com/v2/pixels/207,v3,Identity-IAM,Active,api
1289,HubSpot Contacts API,Unknown,https://api.hubapi.com/crm/v3/objects/contacts,v1.4,Core-Platform,Inactive,api
1290,GDPR Purge Utility Service,Compliance,https://compliance.internal/v1/purge/756,v3,Core-Platform,Inactive,compliance
1291,CRM Engine #67,CRM,https://internal.api/v1/crm/action,v1.0.0,Data-Eng,Deprecated,internal
1292,AdRoll Tracking Pixels Service,Marketing,https://api.adroll.com/v2/pixels/460,Unknown,Comms-Team,Active,api
1293,Marketing Engine #96,Marketing,https://internal.api/v1/marketing/action,v2.1.0,FinTech-Core,Active,internal
1294,Datadog Telemetry API,Analytics,https://api.datadoghq.com/api/v2/logs,v1.0.0,Data-Eng,Active,api
1295,Twilio SMS Gateway API,Notifications,https://api.twilio.com/2010-04-01/accounts/328,v2.1.0,Comms-Team,Active,api
1296,SendGrid Mailer API,Notifications,https://api.sendgrid.com/v3/mail/send/577,Unknown,Comms-Team,Deprecated,api
1297,GDPR Purge Utility Service,Compliance,https://compliance.internal/v1/purge/736,Unknown,Logistics,Inactive,compliance
1298,Maps Engine #57,Maps,https://internal.api/v1/maps/action,v1.4,Unknown,Active,internal
1299,AdRoll Tracking Pixels Service,Marketing,https://api.adroll.com/v2/pixels,v1.4,Logistics,Inactive,api
1300,User Profile Core Service,User,https://internal.platform/services/user-profile,v1.0.0,Comms-Team,Deprecated,internal
1301,Datadog Telemetry API,Unknown,https://api.datadoghq.com/api/v2/logs/574,v3,Logistics,Active,api
1302,Auth Engine #35,Auth,https://internal.api/v1/auth/action,v2-beta,Comms-Team,Active,internal
1303,FedEx Ship Rates API,Shipping,https://apis.fedex.com/rate/v1/rates/808,v1-alpha,Data-Eng,Active,apis
1304,AdRoll Tracking Pixels API,Unknown,https://api.adroll.com/v2/pixels/725,v2-beta,Logistics,Inactive,api
1305,PayPal Checkout Service,Payment,https://api-m.paypal.com/v2/checkout/orders/791,2024-01-01,Logistics,Active,api-m
1306,User Engine #84,User,https://internal.api/v1/user/action,2026_RC4,Logistics,Active,internal
1307,Google Maps Geocode Service,Maps,https://maps.googleapis.com/maps/api/geocode/json/307,v1-alpha,SecOps-Compliance,Inactive,maps
1308,Notifications Engine #85,Notifications,https://internal.api/v1/notifications/action,v2-beta,Identity-IAM,Deprecated,internal
1309,hubspot contacts api,CRM,https://api.hubapi.com/crm/v3/objects/contacts/703,v2-beta,Comms-Team,Inactive,api
1310,Datadog Telemetry Service,Analytics,https://api.datadoghq.com/api/v2/logs,v2.1.0,Data-Eng,Active,api
1311,AdRoll Tracking Pixels Service,Unknown,https://api.adroll.com/v2/pixels/194,v2.1.0,Core-Platform,Deprecated,api
1312,Google Maps Geocode API,Maps,https://maps.googleapis.com/maps/api/geocode/json/766,v1-alpha,SecOps-Compliance,Active,maps
1313,Notifications Engine #57,Notifications,https://internal.api/v1/notifications/action,v3,Identity-IAM,Active,internal
1314,Shipping Engine #10,Unknown,https://internal.api/v1/shipping/action,v2.1.0,Data-Eng,Active,internal
1315,Twilio SMS Gateway API,Notifications,https://api.twilio.com/2010-04-01/accounts,2024-01-01,Comms-Team,Active,api
1316,HubSpot Contacts Service,CRM,https://api.hubapi.com/crm/v3/objects/contacts,v3,Data-Eng,Active,api
1317,Auth0 Login Service,Auth,https://identity.auth0.com/oauth/token/203,v2.1.0,FinTech-Core,Deprecated,identity
1318,User Profile Core Service,User,https://internal.platform/services/user-profile/156,2024-01-01,Unknown,Active,internal
1319,Auth0 Login Service,Auth,https://identity.auth0.com/oauth/token,v2.1.0,Core-Platform,Active,identity
1320,FedEx Ship Rates API,Shipping,https://apis.fedex.com/rate/v1/rates/878,v2.1.0,Growth-Marketing,Active,apis
1321,shipping engine #53,Shipping,https://internal.api/v1/shipping/action,2024-01-01,Core-Platform,Active,internal
1322,PayPal Checkout Service,Payment,https://api-m.paypal.com/v2/checkout/orders/160,Unknown,Logistics,Inactive,api-m
1323,User Engine #92,User,https://internal.api/v1/user/action,v1.4,Core-Platform,Active,internal
1324,sendgrid mailer api,Notifications,https://api.sendgrid.com/v3/mail/send/465,v1.4,Core-Platform,Active,api
1325,PayPal Checkout Service,Unknown,https://api-m.paypal.com/v2/checkout/orders,v2.1.0,Comms-Team,Inactive,api-m
1326,Notifications Engine #34,Unknown,https://internal.api/v1/notifications/action,v3,Identity-IAM,Active,internal
1327,Google Maps Geocode API,Maps,https://maps.googleapis.com/maps/api/geocode/json/239,v1.4,Unknown,Inactive,maps
1328,Salesforce Leads Service,Unknown,https://test.salesforce.com/services/data/v55.0/sobjects,v1.4,Identity-IAM,Deprecated,test
1329,Auth Engine #27,Auth,https://internal.api/v1/auth/action,v2-beta,SecOps-Compliance,Inactive,internal
1330,OKTA VERIFY SERVICE,Auth,https://okta.internal/api/v1/authn,v2.1.0,FinTech-Core,Active,okta
1331,User Engine #97,User,https://internal.api/v1/user/action,v2-beta,Unknown,Active,internal
1332,Okta Verify API,Auth,https://okta.internal/api/v1/authn,v1-alpha,Logistics,Inactive,okta
1333,Maps Engine #16,Maps,https://internal.api/v1/maps/action,2024-01-01,Core-Platform,Deprecated,internal
1334,Analytics Engine #72,Analytics,https://internal.api/v1/analytics/action/{env}/debug_mode,v1.4,SecOps-Compliance,Active,internal
1335,Datadog Telemetry Service,Analytics,https://api.datadoghq.com/api/v2/logs/832,v3,Core-Platform,Active,api
1336,Auth0 Login API,Auth,https://identity.auth0.com/oauth/token,v1.4,Comms-Team,Active,identity
1337,User Engine #31,User,https://internal.api/v1/user/action,v1.0.0,Unknown,Inactive,internal
1338,crm engine #82,CRM,https://internal.api/v1/crm/action,v2.1.0,Logistics,Inactive,internal
1339,GDPR Purge Utility API,Compliance,https://compliance.internal/v1/purge/{env}/debug_mode,v2-beta,Identity-IAM,Active,compliance
1340,Auth0 Login Service,Auth,https://identity.auth0.com/oauth/token/389,Unknown,Comms-Team,Deprecated,identity
1341,Notifications Engine #21,Notifications,https://internal.api/v1/notifications/action,Unknown,Identity-IAM,Active,internal
1342,auth0 login service,Auth,https://identity.auth0.com/oauth/token,2024-01-01,FinTech-Core,Active,identity
1343,Marketing Engine #88,Marketing,https://internal.api/v1/marketing/action,v1.4,Growth-Marketing,Active,internal
1344,Datadog Telemetry API,Analytics,https://api.datadoghq.com/api/v2/logs/{env}/debug_mode,v2.1.0,SecOps-Compliance,Active,api
1345,AUTH0 LOGIN API,Auth,https://identity.auth0.com/oauth/token,v1.0.0,FinTech-Core,Active,identity
1346,Auth0 Login API,Auth,https://identity.auth0.com/oauth/token,v2.1.0,Logistics,Active,identity
1347,Notifications Engine #14,Notifications,https://internal.api/v1/notifications/action/{env}/debug_mode,v2-beta,SecOps-Compliance,Active,internal
1348,Datadog Telemetry API,Analytics,https://api.datadoghq.com/api/v2/logs,v3,FinTech-Core,Active,api
1349,Auth0 Login API,Auth,https://identity.auth0.com/oauth/token,v2.1.0,Unknown,Active,identity
1350,Stripe Payments Service,Payment,https://api.stripe.com/v3/charges/796/{env}/debug_mode,2024-01-01,Comms-Team,Active,api
1351,User Engine #92,User,https://internal.api/v1/user/action,v1.0.0,Logistics,Active,internal
1352,Stripe Payments API,Payment,https://api.stripe.com/v3/charges/551,2026_RC4,Logistics,Active,api
1353,Maps Engine #15,Maps,https://internal.api/v1/maps/action,2024-01-01,Core-Platform,Deprecated,internal
1354,Salesforce Leads Service,CRM,https://test.salesforce.com/services/data/v55.0/sobjects/882,v1.0.0,Core-Platform,Inactive,test
1355,Auth Engine #30,Auth,https://internal.api/v1/auth/action,2026_RC4,SecOps-Compliance,Active,internal
1356,Auth Engine #86,Auth,https://internal.api/v1/auth/action,v2-beta,SecOps-Compliance,Inactive,internal
1357,CRM Engine #29,CRM,https://internal.api/v1/crm/action,Unknown,Identity-IAM,Active,internal
1358,Marketing Engine #93,Marketing,https://internal.api/v1/marketing/action,v3,Core-Platform,Active,internal
1359,Okta Verify API,Auth,https://okta.internal/api/v1/authn,v1.0.0,Data-Eng,Active,okta
1360,Auth0 Login API,Auth,https://identity.auth0.com/oauth/token,v3,FinTech-Core,Inactive,identity
1361,Notifications Engine #35,Notifications,https://internal.api/v1/notifications/action,2024-01-01,Core-Platform,Active,internal
1362,Shipping Engine #89,Unknown,https://internal.api/v1/shipping/action,v2-beta,SecOps-Compliance,Active,internal
1363,User Profile Core API,User,https://internal.platform/services/user-profile/722,v2.1.0,Logistics,Inactive,internal
1364,Auth Engine #51,Auth,https://internal.api/v1/auth/action,v2.1.0,SecOps-Compliance,Deprecated,internal
1365,CRM Engine #49,CRM,https://internal.api/v1/crm/action,test-version,Core-Platform,Active,internal
1366,Marketing Engine #93,Marketing,https://internal.api/v1/marketing/action,v2.1.0,Comms-Team,Inactive,internal
1367,Shipping Engine #44,Shipping,https://internal.api/v1/shipping/action,test-version,Data-Eng,Active,internal
1368,SHIPPING ENGINE #90,Shipping,https://internal.api/v1/shipping/action,v2-beta,Logistics,Active,internal
1369,sendgrid mailer service,Notifications,https://api.sendgrid.com/v3/mail/send,v1.0.0,Identity-IAM,Active,api
1370,Shipping Engine #60,Shipping,https://internal.api/v1/shipping/action,Unknown,Comms-Team,Active,internal
1371,Compliance Engine #61,Compliance,https://internal.api/v1/compliance/action,v2-beta,SecOps-Compliance,Active,internal
1372,Payment Engine #71,Payment,https://internal.api/v1/payment/action,v2.1.0,Comms-Team,Inactive,internal
1373,Datadog Telemetry Service,Analytics,https://api.datadoghq.com/api/v2/logs,2024-01-01,Core-Platform,Active,api
1374,Auth Engine #24,Auth,https://internal.api/v1/auth/action,v2.1.0,Growth-Marketing,Deprecated,internal
1375,Stripe Payments API,Payment,https://api.stripe.com/v3/charges/466,v1.4,Logistics,Active,api
1376,Auth0 Login Service,Auth,https://identity.auth0.com/oauth/token,v1.4,Identity-IAM,Active,identity
1377,PayPal Checkout Service,Payment,https://api-m.paypal.com/v2/checkout/orders/279,v2-beta,Core-Platform,Deprecated,api-m
1378,Twilio SMS Gateway API,Notifications,https://api.twilio.com/2010-04-01/accounts,0.0.1-SNAPSHOT,FinTech-Core,Active,api
1379,GDPR Purge Utility Service,Unknown,https://compliance.internal/v1/purge/171,v3,Growth-Marketing,Active,compliance
1380,PAYMENT ENGINE #22,Payment,https://internal.api/v1/payment/action,v2-beta,Identity-IAM,Deprecated,internal
1381,Twilio SMS Gateway Service,Notifications,https://api.twilio.com/2010-04-01/accounts/841,test-version,FinTech-Core,Active,api
1382,Google Maps Geocode Service,Maps,https://maps.googleapis.com/maps/api/geocode/json,v1.0.0,Unknown,Active,maps
1383,Marketing Engine #51,Marketing,https://internal.api/v1/marketing/action,0.0.1-SNAPSHOT,Comms-Team,Active,internal
1384,Payment Engine #72,Payment,https://internal.api/v1/payment/action,v1.0.0,SecOps-Compliance,Active,internal
1385,Compliance Engine #18,Unknown,https://internal.api/v1/compliance/action,v3,Core-Platform,Active,internal
1386,STRIPE PAYMENTS API,Payment,https://api.stripe.com/v3/charges/485,2024-01-01,Data-Eng,Deprecated,api
1387,Notifications Engine #72,Notifications,https://internal.api/v1/notifications/action,v1.0.0,Growth-Marketing,Inactive,internal
1388,CRM Engine #56,CRM,https://internal.api/v1/crm/action,Unknown,Identity-IAM,Active,internal
1389,HUBSPOT CONTACTS SERVICE,CRM,https://api.hubapi.com/crm/v3/objects/contacts/925,v3,FinTech-Core,Active,api
1390,AdRoll Tracking Pixels Service,Marketing,https://api.adroll.com/v2/pixels,v2.1.0,SecOps-Compliance,Active,api
1391,Okta Verify API,Auth,https://okta.internal/api/v1/authn,v3,Growth-Marketing,Deprecated,okta
1392,Okta Verify API,Auth,https://okta.internal/api/v1/authn/448,v2.1.0,Unknown,Deprecated,okta
1393,Compliance Engine #85,Compliance,https://internal.api/v1/compliance/action,v3,Logistics,Active,internal
1394,Shipping Engine #81,Shipping,https://internal.api/v1/shipping/action,2024-01-01,Unknown,Active,internal
1395,AdRoll Tracking Pixels Service,Marketing,https://api.adroll.com/v2/pixels/945,v1.0.0,Unknown,Active,api
1396,Maps Engine #51,Maps,https://internal.api/v1/maps/action,v3,FinTech-Core,Active,internal
1397,Auth Engine #68,IAM,https://internal.api/v1/auth/action,2024-01-01,Core-Platform,Active,internal
1398,Compliance Engine #73,Compliance,https://internal.api/v1/compliance/action/{env}/debug_mode,v2-beta,SecOps-Compliance,Inactive,internal
1399,Twilio SMS Gateway API,Notifications,https://api.twilio.com/2010-04-01/accounts,2024-01-01,SecOps-Compliance,Active,api
1400,AdRoll Tracking Pixels Service,Marketing,https://api.adroll.com/v2/pixels,v1.0.0,Identity-IAM,Active,api
1401,User Engine #82,User,https://internal.api/v1/user/action,Unknown,Logistics,Active,internal
1402,Notifications Engine #42,Notifications,https://internal.api/v1/notifications/action,v1.0.0,Logistics,Deprecated,internal
1403,Marketing Engine #93,Marketing,https://internal.api/v1/marketing/action,2026_RC4,Data-Eng,Active,internal
1404,Salesforce Leads Service,CRM,https://test.salesforce.com/services/data/v55.0/sobjects/979,v1.4,Comms-Team,Deprecated,test
1405,Marketing Engine #29,Marketing,https://internal.api/v1/marketing/action,v2-beta,Logistics,Inactive,internal
1406,HubSpot Contacts API,CRM,https://api.hubapi.com/crm/v3/objects/contacts/{env}/debug_mode,v1.0.0,FinTech-Core,Active,api
1407,Analytics Engine #58,Analytics,https://internal.api/v1/analytics/action,v1.4,Unknown,Inactive,internal
1408,Marketing Engine #71,Marketing,https://internal.api/v1/marketing/action,2024-01-01,Core-Platform,Deprecated,internal
1409,User Engine #44,User,https://internal.api/v1/user/action,v2-beta,Data-Eng,Active,internal
1410,Payment Engine #69,Payment,https://internal.api/v1/payment/action,2024-01-01,Growth-Marketing,Deprecated,internal
1411,Auth Engine #63,Auth,https://internal.api/v1/auth/action,v1.0.0,Identity-IAM,Inactive,internal
1412,GDPR Purge Utility API,Unknown,https://compliance.internal/v1/purge,v2.1.0,Comms-Team,Active,compliance
1413,User Profile Core Service,User,https://internal.platform/services/user-profile,2026_RC4,Growth-Marketing,Active,internal
1414,Okta Verify API,Unknown,https://okta.internal/api/v1/authn,2024-01-01,Growth-Marketing,Active,okta
1415,User Engine #92,User,https://internal.api/v1/user/action/{env}/debug_mode,v2-beta,Comms-Team,Active,internal
1416,SENDGRID MAILER API,Notifications,https://api.sendgrid.com/v3/mail/send,v2.1.0,Comms-Team,Deprecated,api
1417,SendGrid Mailer API,Notifications,https://api.sendgrid.com/v3/mail/send/817,2024-01-01,Data-Eng,Active,api
1418,User Engine #19,User,https://internal.api/v1/user/action/{env}/debug_mode,v3,Comms-Team,Active,internal
1419,Datadog Telemetry Service,Analytics,https://api.datadoghq.com/api/v2/logs/438,v1.0.0,FinTech-Core,Deprecated,api
1420,Analytics Engine #35,Analytics,https://internal.api/v1/analytics/action,v3,Identity-IAM,Active,internal
1421,AdRoll Tracking Pixels API,Marketing,https://api.adroll.com/v2/pixels,2024-01-01,FinTech-Core,Active,api
1422,Twilio SMS Gateway API,Notifications,https://api.twilio.com/2010-04-01/accounts,v3,Unknown,Active,api
1423,User Profile Core API,User,https://internal.platform/services/user-profile,v3,Data-Eng,Active,internal
1424,Okta Verify API,Auth,https://okta.internal/api/v1/authn/693/{env}/debug_mode,v2-beta,FinTech-Core,Active,okta
1425,Notifications Engine #57,Notifications,https://internal.api/v1/notifications/action,v2-beta,Data-Eng,Inactive,internal
1426,PayPal Checkout Service,Payment,https://api-m.paypal.com/v2/checkout/orders/{env}/debug_mode,v3,Identity-IAM,Deprecated,api-m
1427,AdRoll Tracking Pixels API,Marketing,https://api.adroll.com/v2/pixels/587,2024-01-01,Unknown,Deprecated,api
1428,FedEx Ship Rates Service,Unknown,https://apis.fedex.com/rate/v1/rates,v2-beta,Growth-Marketing,Deprecated,apis
1429,gdpr purge utility service,Compliance,https://compliance.internal/v1/purge/243,v1.4,Comms-Team,Active,compliance
1430,Notifications Engine #72,Notifications,https://internal.api/v1/notifications/action,v2-beta,SecOps-Compliance,Active,internal
1431,DATADOG TELEMETRY SERVICE,Analytics,https://api.datadoghq.com/api/v2/logs,v1.4,Identity-IAM,Active,api
1432,Okta Verify API,Auth,https://okta.internal/api/v1/authn/842,v2.1.0,Unknown,Active,okta
1433,HubSpot Contacts API,CRM,https://api.hubapi.com/crm/v3/objects/contacts/334/{env}/debug_mode,v1.0.0,Comms-Team,Active,api
1434,Snowflake Ingestion API,Analytics,https://snowflake.internal/api/v1/ingest,Unknown,Identity-IAM,Inactive,snowflake
1435,User Engine #62,User,https://internal.api/v1/user/action,v1.0.0,Growth-Marketing,Active,internal
1436,Salesforce Leads Service,CRM,https://test.salesforce.com/services/data/v55.0/sobjects/472,v1.0.0,Unknown,Deprecated,test
1437,Google Maps Geocode Service,Maps,https://maps.googleapis.com/maps/api/geocode/json/933,v1.0.0,Logistics,Active,maps
1438,PayPal Checkout API,Payment,https://api-m.paypal.com/v2/checkout/orders/655,v1.0.0,Core-Platform,Active,api-m
1439,SendGrid Mailer API,Notifications,https://api.sendgrid.com/v3/mail/send/340,2024-01-01,SecOps-Compliance,Active,api
1440,Analytics Engine #58,Analytics,https://internal.api/v1/analytics/action,v3,SecOps-Compliance,Active,internal
1441,Maps Engine #25,Unknown,https://internal.api/v1/maps/action,v1.0.0,FinTech-Core,Active,internal
1442,Google Maps Geocode Service,Maps,https://maps.googleapis.com/maps/api/geocode/json/224,v1.4,Comms-Team,Deprecated,maps
1443,Twilio SMS Gateway Service,Comms,https://api.twilio.com/2010-04-01/accounts/204,2024-01-01,SecOps-Compliance,Active,api
1444,HubSpot Contacts Service,CRM,https://api.hubapi.com/crm/v3/objects/contacts/122,v2-beta,Unknown,Active,api
1445,Google Maps Geocode API,Maps,https://maps.googleapis.com/maps/api/geocode/json/{env}/debug_mode,2024-01-01,Logistics,Deprecated,maps
1446,PayPal Checkout API,Payment,https://api-m.paypal.com/v2/checkout/orders/845/{env}/debug_mode,v1.0.0,Comms-Team,Active,api-m
1447,HubSpot Contacts Service,CRM,https://api.hubapi.com/crm/v3/objects/contacts,v2.1.0,Data-Eng,Inactive,api
1448,HubSpot Contacts Service,CRM,https://api.hubapi.com/crm/v3/objects/contacts,2024-01-01,Logistics,Deprecated,api
1449,HubSpot Contacts API,CRM,https://api.hubapi.com/crm/v3/objects/contacts/716,2024-01-01,Growth-Marketing,Active,api
1450,User Profile Core API,User,https://internal.platform/services/user-profile/188,v1.0.0,Data-Eng,Active,internal
1451,CRM Engine #85,Unknown,https://internal.api/v1/crm/action,v2-beta,Identity-IAM,Active,internal
1452,Auth0 Login API,Auth,https://identity.auth0.com/oauth/token,v1-alpha,Comms-Team,Deprecated,identity
1453,Snowflake Ingestion Service,Analytics,https://snowflake.internal/api/v1/ingest,v2.1.0,Unknown,Active,snowflake
1454,Snowflake Ingestion API,Analytics,https://snowflake.internal/api/v1/ingest/833,v3,Data-Eng,Active,snowflake
1455,Marketing Engine #58,Marketing,https://internal.api/v1/marketing/action,v2.1.0,Identity-IAM,Inactive,internal
1456,SendGrid Mailer API,Notifications,https://api.sendgrid.com/v3/mail/send,v1.4,FinTech-Core,Active,api
1457,Salesforce Leads Service,CRM,https://test.salesforce.com/services/data/v55.0/sobjects,2024-01-01,Growth-Marketing,Active,test
1458,FedEx Ship Rates Service,Shipping,https://apis.fedex.com/rate/v1/rates/417,2024-01-01,Identity-IAM,Active,apis
1459,Stripe Payments Service,Payment,https://api.stripe.com/v3/charges/324,v1-alpha,FinTech-Core,Deprecated,api
1460,Google Maps Geocode Service,Maps,https://maps.googleapis.com/maps/api/geocode/json/103/{env}/debug_mode,2024-01-01,Comms-Team,Active,maps
1461,google maps geocode service,Maps,https://maps.googleapis.com/maps/api/geocode/json/237,v2-beta,FinTech-Core,Deprecated,maps
1462,maps engine #67,Maps,https://internal.api/v1/maps/action,v2.1.0,Logistics,Deprecated,internal
1463,Marketing Engine #24,Marketing,https://internal.api/v1/marketing/action,v2-beta,FinTech-Core,Active,internal
1464,Salesforce Leads API,CRM,https://test.salesforce.com/services/data/v55.0/sobjects/635,v1.4,Identity-IAM,Deprecated,test
1465,Analytics Engine #64,Analytics,https://internal.api/v1/analytics/action,v2.1.0,Data-Eng,Active,internal
1466,PayPal Checkout API,Payment,https://api-m.paypal.com/v2/checkout/orders/506,2024-01-01,Growth-Marketing,Active,api-m
1467,Maps Engine #87,Maps,https://internal.api/v1/maps/action,2024-01-01,Growth-Marketing,Inactive,internal
1468,Okta Verify API,Auth,https://okta.internal/api/v1/authn/375,v3,Growth-Marketing,Active,okta
1469,User Engine #40,User,https://internal.api/v1/user/action,v2.1.0,Comms-Team,Active,internal
1470,Salesforce Leads API,CRM,https://test.salesforce.com/services/data/v55.0/sobjects,v2.1.0,SecOps-Compliance,Active,test
1471,SendGrid Mailer Service,Notifications,https://api.sendgrid.com/v3/mail/send,v2.1.0,Logistics,Active,api
1472,SendGrid Mailer Service,Notifications,https://api.sendgrid.com/v3/mail/send,v2-beta,Core-Platform,Active,api
1473,user engine #51,User,https://internal.api/v1/user/action,2024-01-01,Data-Eng,Active,internal
1474,Auth Engine #81,Auth,https://internal.api/v1/auth/action,v1.0.0,Unknown,Inactive,internal
1475,Salesforce Leads API,CRM,https://test.salesforce.com/services/data/v55.0/sobjects/{env}/debug_mode,v1.0.0,SecOps-Compliance,Inactive,test
1476,Shipping Engine #66,Unknown,https://internal.api/v1/shipping/action,v1.0.0,Growth-Marketing,Inactive,internal
1477,Datadog Telemetry API,Analytics,https://api.datadoghq.com/api/v2/logs/{env}/debug_mode,v1.4,Logistics,Active,api
1478,Twilio SMS Gateway API,Notifications,https://api.twilio.com/2010-04-01/accounts,Unknown,SecOps-Compliance,Active,api
1479,User Engine #28,User,https://internal.api/v1/user/action,v2.1.0,Identity-IAM,Inactive,internal
1480,Notifications Engine #71,Notifications,https://internal.api/v1/notifications/action,v1.4,Unknown,Deprecated,internal
1481,Analytics Engine #70,Unknown,https://internal.api/v1/analytics/action,v2.1.0,Growth-Marketing,Deprecated,internal
1482,FedEx Ship Rates Service,Shipping,https://apis.fedex.com/rate/v1/rates,Unknown,Core-Platform,Active,apis
1483,Auth0 Login Service,Auth,https://identity.auth0.com/oauth/token,2024-01-01,Growth-Marketing,Active,identity
1484,okta verify api,Auth,https://okta.internal/api/v1/authn/729,v2-beta,FinTech-Core,Inactive,okta
1485,Snowflake Ingestion Service,Analytics,https://snowflake.internal/api/v1/ingest,v2-beta,FinTech-Core,Active,snowflake
1486,Auth0 Login Service,Auth,https://identity.auth0.com/oauth/token/919/{env}/debug_mode,v1.4,FinTech-Core,Active,identity
1487,User Engine #20,User,https://internal.api/v1/user/action,v1.4,SecOps-Compliance,legacy-active,internal
1488,Snowflake Ingestion Service,Unknown,https://snowflake.internal/api/v1/ingest/164,v3,Identity-IAM,Active,snowflake
1489,CRM Engine #88,CRM,https://internal.api/v1/crm/action,2024-01-01,Unknown,Active,internal
1490,Snowflake Ingestion Service,Analytics,https://snowflake.internal/api/v1/ingest/901,2024-01-01,Comms-Team,Active,snowflake
1491,snowflake ingestion api,Analytics,https://snowflake.internal/api/v1/ingest,v2-beta,Comms-Team,Active,snowflake
1492,GDPR Purge Utility Service,Compliance,https://compliance.internal/v1/purge,v3,SecOps-Compliance,Deprecated,compliance
1493,Auth0 Login Service,Auth,https://identity.auth0.com/oauth/token/657,v1.0.0,Growth-Marketing,Active,identity
1494,Notifications Engine #64,Notifications,https://internal.api/v1/notifications/action,v1.0.0,SecOps-Compliance,Inactive,internal
1495,HubSpot Contacts Service,Unknown,https://api.hubapi.com/crm/v3/objects/contacts/823,v1.0.0,Growth-Marketing,Inactive,api
1496,User Engine #36,User,https://internal.api/v1/user/action,2024-01-01,FinTech-Core,Deprecated,internal
1497,Auth Engine #33,Auth,https://internal.api/v1/auth/action,v1.0.0,Comms-Team,Active,internal
1498,Auth0 Login Service,Auth,https://identity.auth0.com/oauth/token/750,0.0.1-SNAPSHOT,Data-Eng,Inactive,identity
1499,Marketing Engine #28,Marketing,https://internal.api/v1/marketing/action,0.0.1-SNAPSHOT,SecOps-Compliance,Active,internal
1500,OKTA VERIFY API,Auth,https://okta.internal/api/v1/authn/147,v2.1.0,Core-Platform,Inactive,okta
1501,Notifications Engine #16,Unknown,https://internal.api/v1/notifications/action,v2.1.0,Comms-Team,Active,internal
1502,AdRoll Tracking Pixels Service,Marketing,https://api.adroll.com/v2/pixels,v1.4,Core-Platform,Active,api
1503,Marketing Engine #51,Marketing,https://internal.api/v1/marketing/action,v1-alpha,Data-Eng,Deprecated,internal
1504,Salesforce Leads API,CRM,https://test.salesforce.com/services/data/v55.0/sobjects/405,v1-alpha,SecOps-Compliance,Active,test
1505,Auth Engine #22,Auth,https://internal.api/v1/auth/action,v3,Identity-IAM,Active,internal
1506,AdRoll Tracking Pixels Service,Unknown,https://api.adroll.com/v2/pixels/179,v1.0.0,Comms-Team,Deprecated,api
1507,Stripe Payments API,Payment,https://api.stripe.com/v3/charges/852,v1.4,SecOps-Compliance,Deprecated,api
1508,FedEx Ship Rates Service,Shipping,https://apis.fedex.com/rate/v1/rates/873,v3,Comms-Team,Inactive,apis
1509,GDPR Purge Utility API,Compliance,https://compliance.internal/v1/purge,Unknown,FinTech-Core,Inactive,compliance
1510,Shipping Engine #21,Shipping,https://internal.api/v1/shipping/action,v1.0.0,Growth-Marketing,Active,internal
1511,Notifications Engine #91,Notifications,https://internal.api/v1/notifications/action,2024-01-01,Data-Eng,Inactive,internal
1512,Auth Engine #83,Auth,https://internal.api/v1/auth/action,2024-01-01,Logistics,Active,internal
1513,Payment Engine #51,Payment,https://internal.api/v1/payment/action,v2.1.0,SecOps-Compliance,Active,internal
1514,Twilio SMS Gateway Service,Notifications,https://api.twilio.com/2010-04-01/accounts/889,2024-01-01,Identity-IAM,legacy-active,api
1515,Auth0 Login API,Auth,https://identity.auth0.com/oauth/token,2024-01-01,Identity-IAM,Deprecated,identity
1516,User Profile Core Service,User,https://internal.platform/services/user-profile/{env}/debug_mode,2024-01-01,Identity-IAM,Active,internal
1517,Google Maps Geocode API,Maps,https://maps.googleapis.com/maps/api/geocode/json/432,v2-beta,Core-Platform,Deprecated,maps
1518,SNOWFLAKE INGESTION API,Analytics,https://snowflake.internal/api/v1/ingest/262,v1.0.0,FinTech-Core,Inactive,snowflake
1519,FedEx Ship Rates Service,Shipping,https://apis.fedex.com/rate/v1/rates/683,v3,Growth-Marketing,Active,apis
1520,Okta Verify Service,Auth,https://okta.internal/api/v1/authn/915,v2-beta,Comms-Team,Deprecated,okta
1521,Salesforce Leads API,CRM,https://test.salesforce.com/services/data/v55.0/sobjects,v1.0.0,Identity-IAM,Deprecated,test
1522,Datadog Telemetry Service,Analytics,https://api.datadoghq.com/api/v2/logs,2024-01-01,Unknown,Active,api
1523,Marketing Engine #53,Marketing,https://internal.api/v1/marketing/action,v3,FinTech-Core,Active,internal
1524,Analytics Engine #82,Analytics,https://internal.api/v1/analytics/action,2024-01-01,Growth-Marketing,Active,internal
1525,GDPR PURGE UTILITY SERVICE,Compliance,https://compliance.internal/v1/purge/894,v3,FinTech-Core,Active,compliance
1526,FEDEX SHIP RATES API,Shipping,https://apis.fedex.com/rate/v1/rates/595,v1.0.0,FinTech-Core,Deprecated,apis
1527,CRM Engine #75,Unknown,https://internal.api/v1/crm/action,2024-01-01,Growth-Marketing,Deprecated,internal
1528,PayPal Checkout API,Payment,https://api-m.paypal.com/v2/checkout/orders,v1.0.0,Core-Platform,Active,api-m
1529,Okta Verify API,Auth,https://okta.internal/api/v1/authn,v3,Identity-IAM,Active,okta
1530,MARKETING ENGINE #12,Marketing,https://internal.api/v1/marketing/action,2024-01-01,Data-Eng,Active,internal
1531,User Engine #67,User,https://internal.api/v1/user/action,v3,SecOps-Compliance,Inactive,internal
1532,Auth Engine #64,Auth,https://internal.api/v1/auth/action/{env}/debug_mode,v1.4,Data-Eng,Active,internal
1533,Google Maps Geocode API,Maps,https://maps.googleapis.com/maps/api/geocode/json,2024-01-01,FinTech-Core,Deprecated,maps
1534,Auth Engine #17,Auth,https://internal.api/v1/auth/action,v3,SecOps-Compliance,Active,internal
1535,Notifications Engine #92,Notifications,https://internal.api/v1/notifications/action,v2-beta,Identity-IAM,Deprecated,internal
1536,Marketing Engine #90,Marketing,https://internal.api/v1/marketing/action,v1.4,Identity-IAM,Deprecated,internal
1537,GDPR PURGE UTILITY SERVICE,Compliance,https://compliance.internal/v1/purge/744,v2.1.0,SecOps-Compliance,Active,compliance
1538,Auth0 Login Service,Auth,https://identity.auth0.com/oauth/token/144,v2-beta,Unknown,Active,identity
1539,AdRoll Tracking Pixels Service,Marketing,https://api.adroll.com/v2/pixels/779,2024-01-01,SecOps-Compliance,Active,api
1540,Twilio SMS Gateway API,Notifications,https://api.twilio.com/2010-04-01/accounts/899/{env}/debug_mode,v2-beta,SecOps-Compliance,Inactive,api
1541,Auth Engine #49,Unknown,https://internal.api/v1/auth/action,v2-beta,Data-Eng,Deprecated,internal
1542,User Engine #11,User,https://internal.api/v1/user/action,2024-01-01,Unknown,Active,internal
1543,Maps Engine #26,Maps,https://internal.api/v1/maps/action,v1.4,Identity-IAM,Deprecated,internal
1544,Datadog Telemetry API,Analytics,https://api.datadoghq.com/api/v2/logs,test-version,Data-Eng,Deprecated,api
1545,HubSpot Contacts API,Unknown,https://api.hubapi.com/crm/v3/objects/contacts,v1.4,SecOps-Compliance,Inactive,api
1546,User Engine #89,User,https://internal.api/v1/user/action,v1.4,Comms-Team,Active,internal
1547,Datadog Telemetry Service,Analytics,https://api.datadoghq.com/api/v2/logs,v3,Data-Eng,Active,api
1548,Salesforce Leads Service,Unknown,https://test.salesforce.com/services/data/v55.0/sobjects,v3,Identity-IAM,Active,test
1549,Okta Verify Service,Auth,https://okta.internal/api/v1/authn/394,v2-beta,Comms-Team,Deprecated,okta
1550,Salesforce Leads API,CRM,https://test.salesforce.com/services/data/v55.0/sobjects,v2.1.0,Comms-Team,Inactive,test
1551,Auth Engine #21,Auth,https://internal.api/v1/auth/action,2024-01-01,Growth-Marketing,Active,internal
1552,SendGrid Mailer API,Notifications,https://api.sendgrid.com/v3/mail/send/452,v3,Core-Platform,Active,api
1553,CRM Engine #81,CRM,https://internal.api/v1/crm/action,v1.4,Identity-IAM,Active,internal
1554,HubSpot Contacts API,CRM,https://api.hubapi.com/crm/v3/objects/contacts,v3,Data-Eng,Active,api
1555,Stripe Payments Service,Payment,https://api.stripe.com/v3/charges/102,v1.4,FinTech-Core,Inactive,api
1556,Okta Verify Service,Unknown,https://okta.internal/api/v1/authn,v2.1.0,FinTech-Core,Active,okta
1557,Analytics Engine #17,Analytics,https://internal.api/v1/analytics/action,2026_RC4,Identity-IAM,Inactive,internal
1558,CRM Engine #62,CRM,https://internal.api/v1/crm/action,Unknown,Growth-Marketing,Active,internal
1559,Okta Verify Service,Auth,https://okta.internal/api/v1/authn,v1-alpha,FinTech-Core,Inactive,okta
1560,AdRoll Tracking Pixels Service,Marketing,https://api.adroll.com/v2/pixels,2026_RC4,Identity-IAM,Deprecated,api
1561,AdRoll Tracking Pixels Service,Marketing,https://api.adroll.com/v2/pixels/471,v1-alpha,Data-Eng,Active,api
1562,User Engine #76,Unknown,https://internal.api/v1/user/action,2024-01-01,Logistics,Deprecated,internal
1563,Payment Engine #26,Payment,https://internal.api/v1/payment/action,2024-01-01,Data-Eng,Inactive,internal
1564,HubSpot Contacts Service,CRM,https://api.hubapi.com/crm/v3/objects/contacts/792,2024-01-01,Logistics,Deprecated,api
1565,AdRoll Tracking Pixels API,Marketing,https://api.adroll.com/v2/pixels/426,v1.0.0,Identity-IAM,Deprecated,api
1566,SendGrid Mailer API,Notifications,https://api.sendgrid.com/v3/mail/send,v1.4,Core-Platform,Inactive,api
1567,Okta Verify Service,Auth,https://okta.internal/api/v1/authn/{env}/debug_mode,2024-01-01,Logistics,Active,okta
1568,Okta Verify Service,Auth,https://okta.internal/api/v1/authn/189/{env}/debug_mode,v3,FinTech-Core,Active,okta
1569,GDPR Purge Utility API,Compliance,https://compliance.internal/v1/purge/997,v1-alpha,SecOps-Compliance,Deprecated,compliance
1570,Shipping Engine #88,Shipping,https://internal.api/v1/shipping/action/{env}/debug_mode,v1.4,Comms-Team,Active,internal
1571,AUTH0 LOGIN SERVICE,Auth,https://identity.auth0.com/oauth/token/971,v1.4,Core-Platform,Active,identity
1572,FedEx Ship Rates Service,Shipping,https://apis.fedex.com/rate/v1/rates,v2-beta,Logistics,Active,apis
1573,analytics engine #61,Analytics,https://internal.api/v1/analytics/action,v3,SecOps-Compliance,Active,internal
1574,Google Maps Geocode Service,Maps,https://maps.googleapis.com/maps/api/geocode/json/321,v1.0.0,SecOps-Compliance,Deprecated,maps
1575,Snowflake Ingestion Service,Analytics,https://snowflake.internal/api/v1/ingest/658,2024-01-01,Growth-Marketing,Inactive,snowflake
1576,Marketing Engine #20,Marketing,https://internal.api/v1/marketing/action,v1.4,Logistics,Inactive,internal
1577,Okta Verify API,Auth,https://okta.internal/api/v1/authn/802,Unknown,Data-Eng,Inactive,okta
1578,Salesforce Leads Service,CRM,https://test.salesforce.com/services/data/v55.0/sobjects/727,v2.1.0,Logistics,Active,test
1579,Salesforce Leads Service,Unknown,https://test.salesforce.com/services/data/v55.0/sobjects/684,v1.0.0,Logistics,Active,test
1580,CRM Engine #49,CRM,https://internal.api/v1/crm/action,v1.0.0,Growth-Marketing,Inactive,internal
1581,maps engine #82,Maps,https://internal.api/v1/maps/action,v1.0.0,Comms-Team,Active,internal
1582,HubSpot Contacts API,CRM,https://api.hubapi.com/crm/v3/objects/contacts/834,0.0.1-SNAPSHOT,Identity-IAM,Deprecated,api
1583,Okta Verify API,Auth,https://okta.internal/api/v1/authn/760,v3,Growth-Marketing,Active,okta
1584,Stripe Payments API,Unknown,https://api.stripe.com/v3/charges/237,v2-beta,SecOps-Compliance,Inactive,api
1585,GDPR Purge Utility API,Compliance,https://compliance.internal/v1/purge/884,v1.4,Core-Platform,Deprecated,compliance
1586,FedEx Ship Rates API,Unknown,https://apis.fedex.com/rate/v1/rates,v1.0.0,SecOps-Compliance,Active,apis
1587,Analytics Engine #28,Analytics,https://internal.api/v1/analytics/action,v2.1.0,Comms-Team,Active,internal
1588,Twilio SMS Gateway API,Notifications,https://api.twilio.com/2010-04-01/accounts/730,v1-alpha,SecOps-Compliance,Inactive,api
1589,Compliance Engine #20,Compliance,https://internal.api/v1/compliance/action,v2-beta,FinTech-Core,Active,internal
1590,Okta Verify API,Unknown,https://okta.internal/api/v1/authn/881,2024-01-01,Comms-Team,Active,okta
1591,Notifications Engine #81,Notifications,https://internal.api/v1/notifications/action,v2-beta,Comms-Team,Active,internal
1592,Marketing Engine #20,Marketing,https://internal.api/v1/marketing/action,Unknown,Logistics,Deprecated,internal
1593,Shipping Engine #65,Shipping,https://internal.api/v1/shipping/action,v2.1.0,Growth-Marketing,Active,internal
1594,Okta Verify API,Auth,https://okta.internal/api/v1/authn/{env}/debug_mode,v1.0.0,Data-Eng,Deprecated,okta
1595,PayPal Checkout API,Payment,https://api-m.paypal.com/v2/checkout/orders,v2.1.0,Data-Eng,Active,api-m
1596,Datadog Telemetry API,Analytics,https://api.datadoghq.com/api/v2/logs/496,v2.1.0,Logistics,Deprecated,api
1597,Snowflake Ingestion Service,Analytics,https://snowflake.internal/api/v1/ingest,v1.4,Growth-Marketing,Active,snowflake
1598,Marketing Engine #54,Unknown,https://internal.api/v1/marketing/action,v1.4,Identity-IAM,Inactive,internal
1599,TWILIO SMS GATEWAY SERVICE,Notifications,https://api.twilio.com/2010-04-01/accounts,v1.4,FinTech-Core,Inactive,api
1600,SendGrid Mailer Service,Notifications,https://api.sendgrid.com/v3/mail/send/401,v2.1.0,Identity-IAM,Deprecated,api
1601,PayPal Checkout API,Payment,https://api-m.paypal.com/v2/checkout/orders/252,v3,Core-Platform,Active,api-m
1602,Salesforce Leads API,CRM,https://test.salesforce.com/services/data/v55.0/sobjects/942,v1.4,SecOps-Compliance,Inactive,test
1603,AdRoll Tracking Pixels Service,Marketing,https://api.adroll.com/v2/pixels/695/{env}/debug_mode,v1.4,Logistics,Active,api
1604,Stripe Payments API,Payment,https://api.stripe.com/v3/charges,Unknown,FinTech-Core,Active,api
1605,Stripe Payments API,Payment,https://api.stripe.com/v3/charges,v3,Data-Eng,Active,api
1606,Twilio SMS Gateway API,Notifications,https://api.twilio.com/2010-04-01/accounts,2024-01-01,FinTech-Core,Inactive,api
1607,COMPLIANCE ENGINE #27,Compliance,https://internal.api/v1/compliance/action,v2-beta,SecOps-Compliance,Active,internal
1608,Twilio SMS Gateway Service,Notifications,https://api.twilio.com/2010-04-01/accounts/861/{env}/debug_mode,v2-beta,Data-Eng,Active,api
1609,Snowflake Ingestion API,Analytics,https://snowflake.internal/api/v1/ingest/870,Unknown,Core-Platform,Inactive,snowflake
1610,Okta Verify API,Auth,https://okta.internal/api/v1/authn,2026_RC4,FinTech-Core,Deprecated,okta
1611,CRM Engine #82,CRM,https://internal.api/v1/crm/action,2024-01-01,Logistics,Active,internal
1612,Marketing Engine #34,Marketing,https://internal.api/v1/marketing/action,v3,SecOps-Compliance,Active,internal
1613,SALESFORCE LEADS API,CRM,https://test.salesforce.com/services/data/v55.0/sobjects/951,v2.1.0,Growth-Marketing,Deprecated,test
1614,Payment Engine #13,Unknown,https://internal.api/v1/payment/action,v1.4,FinTech-Core,Deprecated,internal
1615,Auth Engine #86,Auth,https://internal.api/v1/auth/action,Unknown,Comms-Team,Inactive,internal
1616,Auth Engine #40,Auth,https://internal.api/v1/auth/action,2024-01-01,FinTech-Core,Inactive,internal
1617,Analytics Engine #91,Unknown,https://internal.api/v1/analytics/action,v1.0.0,Comms-Team,Deprecated,internal
1618,Twilio SMS Gateway API,Notifications,https://api.twilio.com/2010-04-01/accounts/287/{env}/debug_mode,2024-01-01,SecOps-Compliance,Inactive,api
1619,Compliance Engine #50,Compliance,https://internal.api/v1/compliance/action,v2.1.0,SecOps-Compliance,Active,internal
1620,CRM ENGINE #91,CRM,https://internal.api/v1/crm/action,v2.1.0,SecOps-Compliance,Active,internal
1621,ANALYTICS ENGINE #55,Analytics,https://internal.api/v1/analytics/action,v2.1.0,Core-Platform,Inactive,internal
1622,User Engine #11,User,https://internal.api/v1/user/action,v1.4,FinTech-Core,Active,internal
1623,Compliance Engine #33,Compliance,https://internal.api/v1/compliance/action,0.0.1-SNAPSHOT,Comms-Team,Active,internal
1624,User Profile Core API,User,https://internal.platform/services/user-profile,v2-beta,SecOps-Compliance,Inactive,internal
1625,CRM Engine #95,CRM,https://internal.api/v1/crm/action,v3,SecOps-Compliance,Active,internal
1626,Notifications Engine #61,Notifications,https://internal.api/v1/notifications/action,v3,FinTech-Core,Inactive,internal
1627,User Engine #85,User,https://internal.api/v1/user/action,v3,Data-Eng,Active,internal
1628,Snowflake Ingestion Service,Analytics,https://snowflake.internal/api/v1/ingest/494,v1.4,Comms-Team,Inactive,snowflake
1629,Payment Engine #61,Payment,https://internal.api/v1/payment/action,v1-alpha,Identity-IAM,Active,internal
1630,SendGrid Mailer API,Notifications,https://api.sendgrid.com/v3/mail/send/277,Unknown,SecOps-Compliance,Active,api
1631,Notifications Engine #37,Notifications,https://internal.api/v1/notifications/action,0.0.1-SNAPSHOT,Identity-IAM,Deprecated,internal
1632,Twilio SMS Gateway Service,Notifications,https://api.twilio.com/2010-04-01/accounts/416,2024-01-01,Identity-IAM,Active,api
1633,MARKETING ENGINE #61,Marketing,https://internal.api/v1/marketing/action,v3,Core-Platform,Active,internal
1634,Snowflake Ingestion API,Analytics,https://snowflake.internal/api/v1/ingest,v3,Growth-Marketing,Deprecated,snowflake
1635,Notifications Engine #19,Notifications,https://internal.api/v1/notifications/action,v2-beta,SecOps-Compliance,Active,internal
1636,USER ENGINE #45,User,https://internal.api/v1/user/action,v2-beta,Identity-IAM,Active,internal
1637,HubSpot Contacts Service,CRM,https://api.hubapi.com/crm/v3/objects/contacts,v1.0.0,Identity-IAM,legacy-active,api
1638,Compliance Engine #92,Compliance,https://internal.api/v1/compliance/action/{env}/debug_mode,v2.1.0,SecOps-Compliance,Deprecated,internal
1639,Auth Engine #37,Auth,https://internal.api/v1/auth/action,v2-beta,Core-Platform,Inactive,internal
1640,CRM Engine #15,CRM,https://internal.api/v1/crm/action,v2.1.0,Growth-Marketing,Active,internal
1641,Maps Engine #31,Maps,https://internal.api/v1/maps/action,Unknown,Comms-Team,Active,internal
1642,Salesforce Leads Service,CRM,https://test.salesforce.com/services/data/v55.0/sobjects/172,Unknown,Growth-Marketing,Active,test
1643,Okta Verify API,Auth,https://okta.internal/api/v1/authn,v3,Identity-IAM,Active,okta
1644,PayPal Checkout Service,Payment,https://api-m.paypal.com/v2/checkout/orders/754,v1.4,Growth-Marketing,Inactive,api-m
1645,GDPR Purge Utility API,Compliance,https://compliance.internal/v1/purge/857,v1.0.0,Unknown,Active,compliance
1646,GOOGLE MAPS GEOCODE API,Maps,https://maps.googleapis.com/maps/api/geocode/json,v2-beta,SecOps-Compliance,Active,maps
1647,HubSpot Contacts Service,CRM,https://api.hubapi.com/crm/v3/objects/contacts,v2-beta,Unknown,Active,api
1648,Snowflake Ingestion Service,Analytics,https://snowflake.internal/api/v1/ingest/894,test-version,FinTech-Core,Active,snowflake
1649,HubSpot Contacts API,Unknown,https://api.hubapi.com/crm/v3/objects/contacts,v1.4,Growth-Marketing,Active,api
1650,Auth Engine #52,Unknown,https://internal.api/v1/auth/action,v2-beta,Comms-Team,Active,internal
1651,Salesforce Leads API,CRM,https://test.salesforce.com/services/data/v55.0/sobjects/207,v1-alpha,FinTech-Core,Inactive,test
1652,Notifications Engine #74,Notifications,https://internal.api/v1/notifications/action,Unknown,Data-Eng,Active,internal
1653,Snowflake Ingestion Service,Analytics,https://snowflake.internal/api/v1/ingest/753,v1.0.0,FinTech-Core,Active,snowflake
1654,Compliance Engine #90,Compliance,https://internal.api/v1/compliance/action,v1.4,Identity-IAM,Active,internal
1655,Google Maps Geocode API,Maps,https://maps.googleapis.com/maps/api/geocode/json,Unknown,Growth-Marketing,Active,maps
1656,Google Maps Geocode Service,Maps,https://maps.googleapis.com/maps/api/geocode/json,2024-01-01,SecOps-Compliance,Inactive,maps
1657,Snowflake Ingestion API,Analytics,https://snowflake.internal/api/v1/ingest/346,v1.4,Logistics,Deprecated,snowflake
1658,Stripe Payments API,Payment,https://api.stripe.com/v3/charges/766,v2-beta,Unknown,Active,api
1659,Shipping Engine #20,Shipping,https://internal.api/v1/shipping/action,0.0.1-SNAPSHOT,Growth-Marketing,Active,internal
1660,Salesforce Leads API,CRM,https://test.salesforce.com/services/data/v55.0/sobjects/180,v2-beta,SecOps-Compliance,Active,test
1661,Stripe Payments Service,Payment,https://api.stripe.com/v3/charges,v2-beta,FinTech-Core,Inactive,api
1662,sendgrid mailer api,Notifications,https://api.sendgrid.com/v3/mail/send,2024-01-01,Logistics,Active,api
1663,PayPal Checkout Service,Payment,https://api-m.paypal.com/v2/checkout/orders,2026_RC4,FinTech-Core,Active,api-m
1664,Datadog Telemetry Service,Analytics,https://api.datadoghq.com/api/v2/logs,2024-01-01,Growth-Marketing,Deprecated,api
1665,FedEx Ship Rates Service,Shipping,https://apis.fedex.com/rate/v1/rates/255,v1.0.0,Growth-Marketing,Inactive,apis
1666,twilio sms gateway api,Notifications,https://api.twilio.com/2010-04-01/accounts/735,v1.4,Data-Eng,Inactive,api
1667,Notifications Engine #43,Notifications,https://internal.api/v1/notifications/action,v1.4,Growth-Marketing,Inactive,internal
1668,Auth0 Login API,Auth,https://identity.auth0.com/oauth/token,Unknown,SecOps-Compliance,Active,identity
1669,Maps Engine #37,Maps,https://internal.api/v1/maps/action,v3,Data-Eng,Deprecated,internal
1670,CRM Engine #83,CRM,https://internal.api/v1/crm/action,Unknown,Logistics,Inactive,internal
1671,Maps Engine #47,Maps,https://internal.api/v1/maps/action,v2.1.0,Unknown,Active,internal
1672,sendgrid mailer service,Notifications,https://api.sendgrid.com/v3/mail/send/170,v1.0.0,Core-Platform,Inactive,api
1673,GDPR Purge Utility Service,Compliance,https://compliance.internal/v1/purge,v2-beta,Comms-Team,Inactive,compliance
1674,FedEx Ship Rates Service,Shipping,https://apis.fedex.com/rate/v1/rates/457,Unknown,FinTech-Core,Active,apis
1675,Auth0 Login Service,Auth,https://identity.auth0.com/oauth/token,v1.4,Data-Eng,Active,identity
1676,Analytics Engine #89,Analytics,https://internal.api/v1/analytics/action,0.0.1-SNAPSHOT,Logistics,Deprecated,internal
1677,Notifications Engine #20,Notifications,https://internal.api/v1/notifications/action,v1.0.0,FinTech-Core,Inactive,internal
1678,Snowflake Ingestion Service,Analytics,https://snowflake.internal/api/v1/ingest,v1.4,Identity-IAM,Active,snowflake
1679,HubSpot Contacts Service,CRM,https://api.hubapi.com/crm/v3/objects/contacts,2026_RC4,Comms-Team,Active,api
1680,SENDGRID MAILER SERVICE,Notifications,https://api.sendgrid.com/v3/mail/send/132,v2-beta,Identity-IAM,Inactive,api
1681,Payment Engine #92,Payment,https://internal.api/v1/payment/action,v1-alpha,Comms-Team,Active,internal
1682,Auth Engine #77,Auth,https://internal.api/v1/auth/action/{env}/debug_mode,v3,Data-Eng,Active,internal
1683,User Engine #24,User,https://internal.api/v1/user/action,2024-01-01,Unknown,Active,internal
1684,Notifications Engine #16,Notifications,https://internal.api/v1/notifications/action,v3,Logistics,Active,internal
1685,Auth0 Login API,Auth,https://identity.auth0.com/oauth/token/483,v2.1.0,Data-Eng,Active,identity
1686,CRM Engine #23,Unknown,https://internal.api/v1/crm/action,v2-beta,Comms-Team,Active,internal
1687,GDPR Purge Utility API,Compliance,https://compliance.internal/v1/purge,v1.0.0,SecOps-Compliance,Active,compliance
1688,FedEx Ship Rates API,Unknown,https://apis.fedex.com/rate/v1/rates,v2-beta,Logistics,Inactive,apis
1689,Auth Engine #44,Auth,https://internal.api/v1/auth/action,Unknown,Core-Platform,Active,internal
1690,User Profile Core Service,User,https://internal.platform/services/user-profile,Unknown,Core-Platform,Inactive,internal
1691,HubSpot Contacts Service,CRM,https://api.hubapi.com/crm/v3/objects/contacts,2024-01-01,Core-Platform,Deprecated,api
1692,Payment Engine #40,Payment,https://internal.api/v1/payment/action,v2-beta,Data-Eng,Deprecated,internal
1693,Shipping Engine #93,Shipping,https://internal.api/v1/shipping/action,v2-beta,FinTech-Core,Inactive,internal
1694,auth engine #26,Auth,https://internal.api/v1/auth/action,2024-01-01,FinTech-Core,Deprecated,internal
1695,Auth Engine #38,Auth,https://internal.api/v1/auth/action,v2.1.0,Core-Platform,Inactive,internal
1696,Marketing Engine #60,Marketing,https://internal.api/v1/marketing/action,Unknown,Data-Eng,Deprecated,internal
1697,Payment Engine #88,Payment,https://internal.api/v1/payment/action,2024-01-01,Comms-Team,Inactive,internal
1698,GDPR Purge Utility API,Unknown,https://compliance.internal/v1/purge/762,2024-01-01,Comms-Team,Inactive,compliance
1699,Marketing Engine #44,Marketing,https://internal.api/v1/marketing/action,2026_RC4,Identity-IAM,Active,internal
1700,Analytics Engine #12,Analytics,https://internal.api/v1/analytics/action,v2.1.0,Core-Platform,Active,internal
1701,Marketing Engine #71,Marketing,https://internal.api/v1/marketing/action,v2-beta,Core-Platform,Inactive,internal
1702,Salesforce Leads API,Unknown,https://test.salesforce.com/services/data/v55.0/sobjects,v1.0.0,Identity-IAM,Active,test
1703,AdRoll Tracking Pixels Service,Marketing,https://api.adroll.com/v2/pixels,2024-01-01,FinTech-Core,Active,api
1704,Salesforce Leads API,CRM,https://test.salesforce.com/services/data/v55.0/sobjects/190,v1.0.0,Unknown,Active,test
1705,Payment Engine #27,Payment,https://internal.api/v1/payment/action,v1.4,Identity-IAM,Active,internal
1706,CRM Engine #67,CRM,https://internal.api/v1/crm/action,Unknown,Logistics,Active,internal
1707,CRM Engine #89,CRM,https://internal.api/v1/crm/action,v2.1.0,Growth-Marketing,Active,internal
1708,Marketing Engine #88,Marketing,https://internal.api/v1/marketing/action,v2-beta,Identity-IAM,Inactive,internal
1709,Notifications Engine #94,Notifications,https://internal.api/v1/notifications/action,v1.0.0,Growth-Marketing,Inactive,internal
1710,Datadog Telemetry API,Analytics,https://api.datadoghq.com/api/v2/logs/366,2024-01-01,Growth-Marketing,Active,api
1711,Okta Verify Service,Auth,https://okta.internal/api/v1/authn,v2.1.0,Unknown,Inactive,okta
1712,FedEx Ship Rates Service,Shipping,https://apis.fedex.com/rate/v1/rates,2024-01-01,Growth-Marketing,Active,apis
1713,SendGrid Mailer Service,Notifications,https://api.sendgrid.com/v3/mail/send,v1.4,Comms-Team,Active,api
1714,Marketing Engine #19,Marketing,https://internal.api/v1/marketing/action,v2.1.0,Unknown,Inactive,internal
1715,Marketing Engine #48,Marketing,https://internal.api/v1/marketing/action,v1.0.0,Unknown,Inactive,internal
1716,Payment Engine #43,Payment,https://internal.api/v1/payment/action,v1.0.0,Unknown,Inactive,internal
1717,Twilio SMS Gateway API,Notifications,https://api.twilio.com/2010-04-01/accounts/633,Unknown,Identity-IAM,Active,api
1718,auth engine #86,Auth,https://internal.api/v1/auth/action,v3,Core-Platform,Inactive,internal
1719,Auth Engine #47,Auth,https://internal.api/v1/auth/action,Unknown,FinTech-Core,Active,internal
1720,SendGrid Mailer API,Notifications,https://api.sendgrid.com/v3/mail/send/927,Unknown,Identity-IAM,Active,api
1721,Twilio SMS Gateway Service,Notifications,https://api.twilio.com/2010-04-01/accounts/574,v1.4,Unknown,Inactive,api
1722,Stripe Payments Service,Payment,https://api.stripe.com/v3/charges,Unknown,Core-Platform,Active,api
1723,Analytics Engine #43,Analytics,https://internal.api/v1/analytics/action/{env}/debug_mode,v1.0.0,Data-Eng,Deprecated,internal
1724,AdRoll Tracking Pixels API,Marketing,https://api.adroll.com/v2/pixels/333,v1.4,SecOps-Compliance,Active,api
1725,Okta Verify API,Auth,https://okta.internal/api/v1/authn,v2-beta,Growth-Marketing,Inactive,okta
1726,ADROLL TRACKING PIXELS SERVICE,Marketing,https://api.adroll.com/v2/pixels,v3,Comms-Team,Active,api
1727,Analytics Engine #26,Analytics,https://internal.api/v1/analytics/action,2024-01-01,Unknown,Deprecated,internal
1728,Salesforce Leads API,CRM,https://test.salesforce.com/services/data/v55.0/sobjects,2024-01-01,Unknown,Active,test
1729,User Engine #38,User,https://internal.api/v1/user/action/{env}/debug_mode,2024-01-01,Identity-IAM,Active,internal
1730,Auth0 Login Service,Auth,https://identity.auth0.com/oauth/token/355,v1.4,Logistics,Active,identity
1731,crm engine #33,CRM,https://internal.api/v1/crm/action,v3,SecOps-Compliance,Active,internal
1732,Okta Verify API,Auth,https://okta.internal/api/v1/authn/848,v2.1.0,Data-Eng,Active,okta
1733,Snowflake Ingestion API,Analytics,https://snowflake.internal/api/v1/ingest,v2-beta,FinTech-Core,Active,snowflake
1734,Okta Verify API,Unknown,https://okta.internal/api/v1/authn/915,v3,Identity-IAM,Inactive,okta
1735,snowflake ingestion api,Analytics,https://snowflake.internal/api/v1/ingest/858,v2-beta,Core-Platform,Active,snowflake
1736,Stripe Payments API,Unknown,https://api.stripe.com/v3/charges/497,v2-beta,SecOps-Compliance,Deprecated,api
1737,Payment Engine #58,Payment,https://internal.api/v1/payment/action,0.0.1-SNAPSHOT,Identity-IAM,Active,internal
1738,Compliance Engine #42,Compliance,https://internal.api/v1/compliance/action,v1.4,Data-Eng,Deprecated,internal
1739,SendGrid Mailer Service,Notifications,https://api.sendgrid.com/v3/mail/send,v1.0.0,SecOps-Compliance,Active,api
1740,Analytics Engine #82,Unknown,https://internal.api/v1/analytics/action,2024-01-01,Core-Platform,Deprecated,internal
1741,Snowflake Ingestion Service,Analytics,https://snowflake.internal/api/v1/ingest,2024-01-01,Data-Eng,Inactive,snowflake
1742,Shipping Engine #76,Shipping,https://internal.api/v1/shipping/action,v2.1.0,Unknown,Active,internal
1743,AdRoll Tracking Pixels Service,Marketing,https://api.adroll.com/v2/pixels/981,2026_RC4,FinTech-Core,Active,api
1744,Stripe Payments API,Payment,https://api.stripe.com/v3/charges/136,2024-01-01,Data-Eng,Inactive,api
1745,Twilio SMS Gateway API,Notifications,https://api.twilio.com/2010-04-01/accounts,2024-01-01,Growth-Marketing,Active,api
1746,Payment Engine #20,Payment,https://internal.api/v1/payment/action,v2.1.0,Growth-Marketing,Deprecated,internal
1747,Salesforce Leads API,CRM,https://test.salesforce.com/services/data/v55.0/sobjects,0.0.1-SNAPSHOT,Growth-Marketing,Deprecated,test
1748,CRM Engine #72,CRM,https://internal.api/v1/crm/action,v2-beta,Core-Platform,Deprecated,internal
1749,Snowflake Ingestion API,Analytics,https://snowflake.internal/api/v1/ingest,Unknown,SecOps-Compliance,Active,snowflake
1750,AdRoll Tracking Pixels Service,Marketing,https://api.adroll.com/v2/pixels,v2.1.0,FinTech-Core,Active,api
1751,Okta Verify API,Auth,https://okta.internal/api/v1/authn/666,2024-01-01,FinTech-Core,Active,okta
1752,shipping engine #44,Shipping,https://internal.api/v1/shipping/action,v3,Logistics,Active,internal
1753,User Profile Core API,User,https://internal.platform/services/user-profile/584,v2-beta,Data-Eng,Inactive,internal
1754,Salesforce Leads API,CRM,https://test.salesforce.com/services/data/v55.0/sobjects,v3,FinTech-Core,Active,test
1755,Notifications Engine #47,Notifications,https://internal.api/v1/notifications/action,2024-01-01,Growth-Marketing,Deprecated,internal
1756,OKTA VERIFY API,Auth,https://okta.internal/api/v1/authn/719,2024-01-01,Growth-Marketing,Active,okta
1757,Payment Engine #18,Payment,https://internal.api/v1/payment/action,v3,SecOps-Compliance,Inactive,internal
1758,Compliance Engine #44,Compliance,https://internal.api/v1/compliance/action,0.0.1-SNAPSHOT,Comms-Team,Deprecated,internal
1759,Datadog Telemetry API,Analytics,https://api.datadoghq.com/api/v2/logs,2024-01-01,Identity-IAM,Inactive,api
1760,User Engine #51,User,https://internal.api/v1/user/action,v2.1.0,FinTech-Core,Active,internal
1761,Stripe Payments API,Payment,https://api.stripe.com/v3/charges,2024-01-01,Identity-IAM,Inactive,api
1762,Auth Engine #16,Auth,https://internal.api/v1/auth/action,2026_RC4,Identity-IAM,Deprecated,internal
1763,Shipping Engine #99,Shipping,https://internal.api/v1/shipping/action,v1.0.0,Logistics,Deprecated,internal
1764,User Profile Core Service,User,https://internal.platform/services/user-profile/285,v3,Logistics,Active,internal
1765,FedEx Ship Rates Service,Shipping,https://apis.fedex.com/rate/v1/rates,v1.4,FinTech-Core,Inactive,apis
1766,User Profile Core Service,User,https://internal.platform/services/user-profile/581,2024-01-01,Data-Eng,Active,internal
1767,Okta Verify Service,Auth,https://okta.internal/api/v1/authn,2024-01-01,Core-Platform,Active,okta
1768,hubspot contacts service,CRM,https://api.hubapi.com/crm/v3/objects/contacts,v1.0.0,Core-Platform,Inactive,api
1769,Compliance Engine #74,Compliance,https://internal.api/v1/compliance/action,v3,Core-Platform,Active,internal
1770,Notifications Engine #88,Notifications,https://internal.api/v1/notifications/action,v1.0.0,FinTech-Core,Deprecated,internal
1771,Okta Verify Service,Auth,https://okta.internal/api/v1/authn/935,Unknown,Identity-IAM,Inactive,okta
1772,GDPR Purge Utility Service,Compliance,https://compliance.internal/v1/purge,v1.0.0,Unknown,Active,compliance
1773,Notifications Engine #67,Notifications,https://internal.api/v1/notifications/action,v2.1.0,Core-Platform,Inactive,internal
1774,Marketing Engine #30,Marketing,https://internal.api/v1/marketing/action,v2-beta,SecOps-Compliance,Active,internal
1775,AdRoll Tracking Pixels Service,Marketing,https://api.adroll.com/v2/pixels/266,v2-beta,Growth-Marketing,Active,api
1776,Google Maps Geocode Service,Maps,https://maps.googleapis.com/maps/api/geocode/json,v3,Comms-Team,Deprecated,maps
1777,User Engine #35,User,https://internal.api/v1/user/action,v3,Unknown,Inactive,internal
1778,Shipping Engine #12,Shipping,https://internal.api/v1/shipping/action,test-version,Growth-Marketing,Active,internal
1779,Datadog Telemetry API,Analytics,https://api.datadoghq.com/api/v2/logs/155,v1.4,FinTech-Core,Active,api
1780,CRM Engine #58,CRM,https://internal.api/v1/crm/action,v2-beta,Unknown,Active,internal
1781,Analytics Engine #11,Analytics,https://internal.api/v1/analytics/action,v1.0.0,Comms-Team,Deprecated,internal
1782,Auth0 Login Service,Auth,https://identity.auth0.com/oauth/token/516,v2-beta,Comms-Team,Active,identity
1783,Analytics Engine #64,Analytics,https://internal.api/v1/analytics/action,2024-01-01,Unknown,Active,internal
1784,Twilio SMS Gateway API,Notifications,https://api.twilio.com/2010-04-01/accounts,test-version,Identity-IAM,Deprecated,api
1785,FedEx Ship Rates Service,Shipping,https://apis.fedex.com/rate/v1/rates,v1.0.0,Growth-Marketing,Active,apis
1786,Stripe Payments API,Payment,https://api.stripe.com/v3/charges/373,2024-01-01,Data-Eng,Active,api
1787,Shipping Engine #32,Shipping,https://internal.api/v1/shipping/action,2026_RC4,SecOps-Compliance,Active,internal
1788,User Engine #73,User,https://internal.api/v1/user/action,v1.0.0,FinTech-Core,Active,internal
1789,Salesforce Leads Service,CRM,https://test.salesforce.com/services/data/v55.0/sobjects/294,0.0.1-SNAPSHOT,Growth-Marketing,Active,test
1790,Analytics Engine #45,Analytics,https://internal.api/v1/analytics/action,v3,SecOps-Compliance,Deprecated,internal
1791,Stripe Payments Service,Payment,https://api.stripe.com/v3/charges/509,Unknown,FinTech-Core,Inactive,api
1792,Shipping Engine #10,Shipping,https://internal.api/v1/shipping/action,v1.0.0,Data-Eng,Active,internal
1793,Auth Engine #60,Auth,https://internal.api/v1/auth/action,Unknown,Identity-IAM,Active,internal
1794,PayPal Checkout API,FinTech,https://api-m.paypal.com/v2/checkout/orders,v1.0.0,Comms-Team,Active,api-m
1795,CRM ENGINE #61,CRM,https://internal.api/v1/crm/action,v2.1.0,FinTech-Core,Active,internal
1796,SendGrid Mailer API,Notifications,https://api.sendgrid.com/v3/mail/send/199,v2-beta,SecOps-Compliance,Active,api
1797,Google Maps Geocode Service,Maps,https://maps.googleapis.com/maps/api/geocode/json/{env}/debug_mode,v2-beta,FinTech-Core,Active,maps
1798,Salesforce Leads API,CRM,https://test.salesforce.com/services/data/v55.0/sobjects,v1.4,FinTech-Core,Inactive,test
1799,HubSpot Contacts Service,CRM,https://api.hubapi.com/crm/v3/objects/contacts/420,v1.0.0,SecOps-Compliance,Active,api
1800,Shipping Engine #32,Shipping,https://internal.api/v1/shipping/action,v3,Data-Eng,Active,internal
1801,STRIPE PAYMENTS API,Payment,https://api.stripe.com/v3/charges/496,v2.1.0,FinTech-Core,Deprecated,api
1802,Payment Engine #81,Payment,https://internal.api/v1/payment/action,Unknown,Logistics,Deprecated,internal
1803,CRM Engine #80,CRM,https://internal.api/v1/crm/action,Unknown,Identity-IAM,Inactive,internal
1804,STRIPE PAYMENTS API,Payment,https://api.stripe.com/v3/charges/707,2024-01-01,Comms-Team,Inactive,api
1805,Okta Verify API,IAM,https://okta.internal/api/v1/authn/642,v1.4,FinTech-Core,Inactive,okta
1806,PayPal Checkout Service,Payment,https://api-m.paypal.com/v2/checkout/orders,v1.4,SecOps-Compliance,Active,api-m
1807,Shipping Engine #45,Shipping,https://internal.api/v1/shipping/action,v1.0.0,SecOps-Compliance,Inactive,internal
1808,Datadog Telemetry API,Analytics,https://api.datadoghq.com/api/v2/logs/778,v2.1.0,SecOps-Compliance,Active,api
1809,FEDEX SHIP RATES SERVICE,Shipping,https://apis.fedex.com/rate/v1/rates,v3,Core-Platform,Deprecated,apis
1810,GDPR Purge Utility API,Compliance,https://compliance.internal/v1/purge/321,test-version,Comms-Team,Active,compliance
1811,AdRoll Tracking Pixels Service,Marketing,https://api.adroll.com/v2/pixels/647,Unknown,Growth-Marketing,Active,api
1812,Analytics Engine #93,Analytics,https://internal.api/v1/analytics/action,v2.1.0,Data-Eng,Active,internal
1813,Stripe Payments Service,Payment,https://api.stripe.com/v3/charges/480,2024-01-01,Unknown,Active,api
1814,PayPal Checkout API,Payment,https://api-m.paypal.com/v2/checkout/orders/123,v2.1.0,Growth-Marketing,Active,api-m
1815,Auth Engine #35,Auth,https://internal.api/v1/auth/action,v2.1.0,SecOps-Compliance,Inactive,internal
1816,AdRoll Tracking Pixels API,Marketing,https://api.adroll.com/v2/pixels/469/{env}/debug_mode,v2-beta,Growth-Marketing,Active,api
1817,Compliance Engine #79,Compliance,https://internal.api/v1/compliance/action,v2-beta,FinTech-Core,Inactive,internal
1818,paypal checkout service,Payment,https://api-m.paypal.com/v2/checkout/orders/225,v2-beta,Data-Eng,Active,api-m
1819,Google Maps Geocode API,Maps,https://maps.googleapis.com/maps/api/geocode/json,v2.1.0,Identity-IAM,Active,maps
1820,Auth Engine #82,Unknown,https://internal.api/v1/auth/action,v1.0.0,Logistics,Active,internal
1821,Snowflake Ingestion API,Analytics,https://snowflake.internal/api/v1/ingest,v2.1.0,SecOps-Compliance,Active,snowflake
1822,Compliance Engine #17,Compliance,https://internal.api/v1/compliance/action,v3,Growth-Marketing,Active,internal
1823,Compliance Engine #59,Unknown,https://internal.api/v1/compliance/action,v2.1.0,Logistics,Active,internal
1824,User Profile Core API,Unknown,https://internal.platform/services/user-profile/776,v3,Comms-Team,Inactive,internal
1825,paypal checkout service,Payment,https://api-m.paypal.com/v2/checkout/orders/124,v2.1.0,Data-Eng,Active,api-m
1826,Compliance Engine #35,Compliance,https://internal.api/v1/compliance/action,v2-beta,Data-Eng,Active,internal
1827,Compliance Engine #96,Compliance,https://internal.api/v1/compliance/action,2024-01-01,Growth-Marketing,Active,internal
1828,FedEx Ship Rates Service,Shipping,https://apis.fedex.com/rate/v1/rates/{env}/debug_mode,v2.1.0,Comms-Team,Active,apis
1829,Shipping Engine #64,Shipping,https://internal.api/v1/shipping/action/{env}/debug_mode,v2-beta,Logistics,Active,internal
1830,HubSpot Contacts Service,CRM,https://api.hubapi.com/crm/v3/objects/contacts/796,v1-alpha,Comms-Team,Deprecated,api
1831,AdRoll Tracking Pixels API,Marketing,https://api.adroll.com/v2/pixels/541,2024-01-01,FinTech-Core,Active,api
1832,GDPR Purge Utility Service,Compliance,https://compliance.internal/v1/purge,v2.1.0,FinTech-Core,Active,compliance
1833,SendGrid Mailer API,Notifications,https://api.sendgrid.com/v3/mail/send,test-version,Data-Eng,Active,api
1834,FedEx Ship Rates API,Shipping,https://apis.fedex.com/rate/v1/rates/121,Unknown,Identity-IAM,Deprecated,apis
1835,Datadog Telemetry API,Analytics,https://api.datadoghq.com/api/v2/logs/985,v1.0.0,Logistics,Active,api
1836,Auth0 Login API,Auth,https://identity.auth0.com/oauth/token/217,Unknown,Growth-Marketing,Active,identity
1837,Google Maps Geocode API,Maps,https://maps.googleapis.com/maps/api/geocode/json/461,v1.4,Growth-Marketing,Active,maps
1838,Google Maps Geocode Service,Maps,https://maps.googleapis.com/maps/api/geocode/json/734,v3,Identity-IAM,Active,maps
1839,AdRoll Tracking Pixels API,Marketing,https://api.adroll.com/v2/pixels/815,v1.0.0,Core-Platform,Active,api
1840,User Engine #60,User,https://internal.api/v1/user/action,v2-beta,Unknown,Inactive,internal
1841,Compliance Engine #13,Compliance,https://internal.api/v1/compliance/action,v2.1.0,Data-Eng,Active,internal
1842,GDPR Purge Utility API,Compliance,https://compliance.internal/v1/purge/259,v1.0.0,Comms-Team,Inactive,compliance
1843,GDPR Purge Utility API,Unknown,https://compliance.internal/v1/purge,v2.1.0,Logistics,Active,compliance
1844,Maps Engine #79,Maps,https://internal.api/v1/maps/action,Unknown,Identity-IAM,Active,internal
1845,Snowflake Ingestion API,Analytics,https://snowflake.internal/api/v1/ingest,v1.4,Comms-Team,Active,snowflake
1846,Compliance Engine #36,Compliance,https://internal.api/v1/compliance/action,v2.1.0,Core-Platform,Active,internal
1847,Twilio SMS Gateway API,Notifications,https://api.twilio.com/2010-04-01/accounts,v3,Comms-Team,Active,api
1848,Payment Engine #88,Payment,https://internal.api/v1/payment/action,v1.4,Data-Eng,Active,internal
1849,SendGrid Mailer Service,Notifications,https://api.sendgrid.com/v3/mail/send/883/{env}/debug_mode,v1.4,Comms-Team,Active,api
1850,Analytics Engine #93,Analytics,https://internal.api/v1/analytics/action/{env}/debug_mode,v2.1.0,FinTech-Core,Active,internal
1851,HubSpot Contacts API,CRM,https://api.hubapi.com/crm/v3/objects/contacts,2024-01-01,Logistics,Deprecated,api
1852,GDPR Purge Utility Service,Compliance,https://compliance.internal/v1/purge/157,v2.1.0,Core-Platform,Active,compliance
1853,Auth0 Login Service,IAM,https://identity.auth0.com/oauth/token/371,v1.0.0,Logistics,Active,identity
1854,Salesforce Leads Service,CRM,https://test.salesforce.com/services/data/v55.0/sobjects/{env}/debug_mode,v2.1.0,Comms-Team,Inactive,test
1855,User Engine #39,User,https://internal.api/v1/user/action,Unknown,Identity-IAM,Active,internal
1856,User Profile Core API,User,https://internal.platform/services/user-profile,v1.4,Data-Eng,Active,internal
1857,SendGrid Mailer Service,Notifications,https://api.sendgrid.com/v3/mail/send/539,2026_RC4,Growth-Marketing,Active,api
1858,Marketing Engine #71,Unknown,https://internal.api/v1/marketing/action,v2-beta,Comms-Team,Active,internal
1859,AdRoll Tracking Pixels Service,Marketing,https://api.adroll.com/v2/pixels/115,v1.4,Identity-IAM,Deprecated,api
1860,Stripe Payments API,Payment,https://api.stripe.com/v3/charges,test-version,Growth-Marketing,Deprecated,api
1861,Maps Engine #94,Maps,https://internal.api/v1/maps/action,v3,Growth-Marketing,Active,internal
1862,Twilio SMS Gateway API,Notifications,https://api.twilio.com/2010-04-01/accounts/790,v1.4,Core-Platform,Active,api
1863,Google Maps Geocode API,Maps,https://maps.googleapis.com/maps/api/geocode/json,v1.4,Unknown,Deprecated,maps
1864,Stripe Payments API,Payment,https://api.stripe.com/v3/charges,v2-beta,FinTech-Core,Active,api
1865,Datadog Telemetry API,Unknown,https://api.datadoghq.com/api/v2/logs,v3,Logistics,Inactive,api
1866,SendGrid Mailer API,Notifications,https://api.sendgrid.com/v3/mail/send/963,v3,SecOps-Compliance,Deprecated,api
1867,AdRoll Tracking Pixels API,Marketing,https://api.adroll.com/v2/pixels/488,v2.1.0,Core-Platform,Deprecated,api
1868,User Profile Core Service,User,https://internal.platform/services/user-profile,v1-alpha,Comms-Team,Deprecated,internal
1869,FedEx Ship Rates Service,Shipping,https://apis.fedex.com/rate/v1/rates,v1-alpha,Comms-Team,Active,apis
1870,Payment Engine #85,Payment,https://internal.api/v1/payment/action/{env}/debug_mode,v1.4,FinTech-Core,Active,internal
1871,Google Maps Geocode Service,Maps,https://maps.googleapis.com/maps/api/geocode/json/256,Unknown,Growth-Marketing,Deprecated,maps
1872,Maps Engine #29,Maps,https://internal.api/v1/maps/action,v3,Core-Platform,Deprecated,internal
1873,Okta Verify API,Auth,https://okta.internal/api/v1/authn/214,Unknown,SecOps-Compliance,Active,okta
1874,Google Maps Geocode API,Maps,https://maps.googleapis.com/maps/api/geocode/json/{env}/debug_mode,v3,SecOps-Compliance,Active,maps
1875,SendGrid Mailer Service,Notifications,https://api.sendgrid.com/v3/mail/send/811,v3,Logistics,Inactive,api
1876,Shipping Engine #27,Unknown,https://internal.api/v1/shipping/action,v1.0.0,Data-Eng,Inactive,internal
1877,Compliance Engine #11,Compliance,https://internal.api/v1/compliance/action,v2.1.0,FinTech-Core,Active,internal
1878,compliance engine #74,Compliance,https://internal.api/v1/compliance/action,v1.0.0,Growth-Marketing,Active,internal
1879,Auth0 Login API,Auth,https://identity.auth0.com/oauth/token/770,v3,FinTech-Core,Active,identity
1880,Datadog Telemetry Service,Analytics,https://api.datadoghq.com/api/v2/logs/411,2024-01-01,Unknown,Active,api
1881,Datadog Telemetry API,Analytics,https://api.datadoghq.com/api/v2/logs,v1.4,Growth-Marketing,Active,api
1882,Payment Engine #63,Payment,https://internal.api/v1/payment/action/{env}/debug_mode,2024-01-01,FinTech-Core,Active,internal
1883,Auth0 Login API,Auth,https://identity.auth0.com/oauth/token,v2.1.0,Growth-Marketing,Deprecated,identity
1884,Marketing Engine #83,Marketing,https://internal.api/v1/marketing/action,v2.1.0,Logistics,Active,internal
1885,Maps Engine #36,Maps,https://internal.api/v1/maps/action,2024-01-01,Growth-Marketing,Inactive,internal
1886,Google Maps Geocode API,Maps,https://maps.googleapis.com/maps/api/geocode/json,Unknown,Logistics,Active,maps
1887,fedex ship rates service,Shipping,https://apis.fedex.com/rate/v1/rates/665,v1.4,Core-Platform,Active,apis
1888,GDPR Purge Utility API,Compliance,https://compliance.internal/v1/purge/562/{env}/debug_mode,v2-beta,Identity-IAM,Active,compliance
1889,User Profile Core API,User,https://internal.platform/services/user-profile/{env}/debug_mode,v1.4,Logistics,Deprecated,internal
1890,HubSpot Contacts API,CRM,https://api.hubapi.com/crm/v3/objects/contacts/135,v2.1.0,Unknown,Active,api
1891,Payment Engine #56,Payment,https://internal.api/v1/payment/action,v1.4,Core-Platform,Deprecated,internal
1892,GDPR Purge Utility API,Unknown,https://compliance.internal/v1/purge,v1.4,Identity-IAM,Active,compliance
1893,Auth0 Login Service,Auth,https://identity.auth0.com/oauth/token,v2-beta,Comms-Team,Active,identity
1894,Compliance Engine #83,Compliance,https://internal.api/v1/compliance/action,v3,FinTech-Core,Deprecated,internal
1895,Okta Verify API,Auth,https://okta.internal/api/v1/authn,v1.4,SecOps-Compliance,Inactive,okta
1896,Auth Engine #47,Auth,https://internal.api/v1/auth/action,Unknown,Data-Eng,Active,internal
1897,Compliance Engine #26,Compliance,https://internal.api/v1/compliance/action,v3,Identity-IAM,Active,internal
1898,Payment Engine #66,Payment,https://internal.api/v1/payment/action,v2-beta,SecOps-Compliance,Deprecated,internal
1899,GDPR Purge Utility API,Compliance,https://compliance.internal/v1/purge/275,Unknown,Logistics,Active,compliance
1900,Payment Engine #96,Payment,https://internal.api/v1/payment/action,2026_RC4,SecOps-Compliance,Active,internal
1901,User Engine #69,User,https://internal.api/v1/user/action,2024-01-01,Identity-IAM,Deprecated,internal
1902,SendGrid Mailer Service,Notifications,https://api.sendgrid.com/v3/mail/send,v3,Unknown,Inactive,api
1903,SendGrid Mailer API,Notifications,https://api.sendgrid.com/v3/mail/send/464,v1.4,Data-Eng,Deprecated,api
1904,Auth Engine #55,Auth,https://internal.api/v1/auth/action,2024-01-01,Logistics,Inactive,internal
1905,Marketing Engine #18,Marketing,https://internal.api/v1/marketing/action,Unknown,Comms-Team,Deprecated,internal
1906,HubSpot Contacts API,Unknown,https://api.hubapi.com/crm/v3/objects/contacts/733,v3,Core-Platform,Active,api
1907,AdRoll Tracking Pixels Service,Marketing,https://api.adroll.com/v2/pixels,2026_RC4,Comms-Team,Active,api
1908,Snowflake Ingestion API,Analytics,https://snowflake.internal/api/v1/ingest/852/{env}/debug_mode,v2-beta,Comms-Team,Active,snowflake
1909,Twilio SMS Gateway Service,Notifications,https://api.twilio.com/2010-04-01/accounts/631,v1.4,Core-Platform,Deprecated,api
1910,Auth Engine #17,Unknown,https://internal.api/v1/auth/action,2024-01-01,Comms-Team,Inactive,internal
1911,Shipping Engine #23,Shipping,https://internal.api/v1/shipping/action,2024-01-01,Logistics,Deprecated,internal
1912,Twilio SMS Gateway API,Comms,https://api.twilio.com/2010-04-01/accounts,v1.0.0,Growth-Marketing,Inactive,api
1913,Google Maps Geocode API,Maps,https://maps.googleapis.com/maps/api/geocode/json,Unknown,Core-Platform,Active,maps
1914,Snowflake Ingestion Service,Analytics,https://snowflake.internal/api/v1/ingest,2024-01-01,Growth-Marketing,Active,snowflake
1915,CRM Engine #35,CRM,https://internal.api/v1/crm/action,v3,Core-Platform,Deprecated,internal
1916,Okta Verify Service,Auth,https://okta.internal/api/v1/authn/998,v1.0.0,Identity-IAM,Active,okta
1917,Auth Engine #60,Auth,https://internal.api/v1/auth/action,v1.0.0,Growth-Marketing,Active,internal
1918,Salesforce Leads API,CRM,https://test.salesforce.com/services/data/v55.0/sobjects/578,Unknown,Identity-IAM,Inactive,test
1919,Twilio SMS Gateway Service,Notifications,https://api.twilio.com/2010-04-01/accounts/600,2024-01-01,Unknown,Deprecated,api
1920,Compliance Engine #65,Compliance,https://internal.api/v1/compliance/action,v1.4,Unknown,Active,internal
1921,Auth0 Login Service,Auth,https://identity.auth0.com/oauth/token/133,2024-01-01,SecOps-Compliance,Active,identity
1922,Salesforce Leads Service,CRM,https://test.salesforce.com/services/data/v55.0/sobjects/535,v1.0.0,FinTech-Core,Active,test
1923,Payment Engine #14,Payment,https://internal.api/v1/payment/action,v1-alpha,Growth-Marketing,Active,internal
1924,HubSpot Contacts API,CRM,https://api.hubapi.com/crm/v3/objects/contacts/278,v2.1.0,Data-Eng,Inactive,api
1925,HubSpot Contacts API,CRM,https://api.hubapi.com/crm/v3/objects/contacts/957,Unknown,Logistics,Active,api
1926,Snowflake Ingestion API,Analytics,https://snowflake.internal/api/v1/ingest,v2.1.0,Growth-Marketing,Inactive,snowflake
1927,Compliance Engine #84,Compliance,https://internal.api/v1/compliance/action/{env}/debug_mode,v2.1.0,FinTech-Core,Active,internal
1928,Auth Engine #52,Auth,https://internal.api/v1/auth/action,v1.0.0,Comms-Team,Active,internal
1929,Google Maps Geocode Service,Maps,https://maps.googleapis.com/maps/api/geocode/json,Unknown,Data-Eng,Deprecated,maps
1930,Okta Verify Service,Auth,https://okta.internal/api/v1/authn/395,test-version,Core-Platform,Inactive,okta
1931,Auth0 Login API,Auth,https://identity.auth0.com/oauth/token,Unknown,Growth-Marketing,Active,identity
1932,Snowflake Ingestion Service,Analytics,https://snowflake.internal/api/v1/ingest/211,v3,Data-Eng,Active,snowflake
1933,Payment Engine #63,Payment,https://internal.api/v1/payment/action,v2.1.0,Identity-IAM,Active,internal
1934,AdRoll Tracking Pixels API,Marketing,https://api.adroll.com/v2/pixels/478,2024-01-01,Unknown,Active,api
1935,Snowflake Ingestion Service,Analytics,https://snowflake.internal/api/v1/ingest,2024-01-01,SecOps-Compliance,Deprecated,snowflake
1936,HubSpot Contacts Service,CRM,https://api.hubapi.com/crm/v3/objects/contacts/487,v2-beta,Data-Eng,Active,api
1937,Maps Engine #93,Maps,https://internal.api/v1/maps/action,2024-01-01,Core-Platform,Active,internal
1938,CRM Engine #35,Unknown,https://internal.api/v1/crm/action,v1.4,FinTech-Core,Deprecated,internal
1939,SendGrid Mailer Service,Notifications,https://api.sendgrid.com/v3/mail/send,v2-beta,Logistics,Active,api
1940,SendGrid Mailer Service,Notifications,https://api.sendgrid.com/v3/mail/send/880,v3,FinTech-Core,Inactive,api
1941,HubSpot Contacts API,CRM,https://api.hubapi.com/crm/v3/objects/contacts,v1.4,FinTech-Core,Active,api
1942,AdRoll Tracking Pixels Service,Marketing,https://api.adroll.com/v2/pixels,v1-alpha,Data-Eng,Deprecated,api
1943,Twilio SMS Gateway Service,Notifications,https://api.twilio.com/2010-04-01/accounts/186/{env}/debug_mode,2024-01-01,Comms-Team,Active,api
1944,Compliance Engine #44,Compliance,https://internal.api/v1/compliance/action,v2.1.0,Comms-Team,Deprecated,internal
1945,User Engine #32,User,https://internal.api/v1/user/action,Unknown,Logistics,Deprecated,internal
1946,HubSpot Contacts API,CRM,https://api.hubapi.com/crm/v3/objects/contacts/946,v1.4,FinTech-Core,Active,api
1947,AdRoll Tracking Pixels Service,Marketing,https://api.adroll.com/v2/pixels/389,2024-01-01,Identity-IAM,Inactive,api
1948,Notifications Engine #72,Notifications,https://internal.api/v1/notifications/action,v1.0.0,FinTech-Core,Active,internal
1949,Notifications Engine #79,Notifications,https://internal.api/v1/notifications/action,2024-01-01,Comms-Team,Deprecated,internal
1950,Twilio SMS Gateway API,Notifications,https://api.twilio.com/2010-04-01/accounts/343,v2-beta,Core-Platform,Inactive,api
1951,HubSpot Contacts Service,CRM,https://api.hubapi.com/crm/v3/objects/contacts/170,v1.0.0,Logistics,Inactive,api
1952,Payment Engine #42,Payment,https://internal.api/v1/payment/action,v3,Core-Platform,Active,internal
1953,Maps Engine #89,Maps,https://internal.api/v1/maps/action,v2-beta,Data-Eng,Deprecated,internal
1954,PayPal Checkout Service,FinTech,https://api-m.paypal.com/v2/checkout/orders,v2.1.0,Identity-IAM,Active,api-m
1955,SHIPPING ENGINE #18,Shipping,https://internal.api/v1/shipping/action,2024-01-01,Data-Eng,Active,internal
1956,Google Maps Geocode API,Maps,https://maps.googleapis.com/maps/api/geocode/json,v2-beta,Growth-Marketing,Active,maps
1957,GDPR Purge Utility Service,Compliance,https://compliance.internal/v1/purge/677,2024-01-01,FinTech-Core,Inactive,compliance
1958,CRM Engine #84,CRM,https://internal.api/v1/crm/action,Unknown,SecOps-Compliance,Active,internal
1959,User Profile Core API,User,https://internal.platform/services/user-profile/424,v2-beta,Data-Eng,Deprecated,internal
1960,User Engine #51,User,https://internal.api/v1/user/action,v1.4,Comms-Team,Inactive,internal
1961,User Profile Core API,User,https://internal.platform/services/user-profile,Unknown,Growth-Marketing,Active,internal
1962,Stripe Payments Service,Payment,https://api.stripe.com/v3/charges,0.0.1-SNAPSHOT,SecOps-Compliance,Active,api
1963,User Engine #30,Unknown,https://internal.api/v1/user/action,v1.0.0,SecOps-Compliance,Inactive,internal
1964,Compliance Engine #37,Compliance,https://internal.api/v1/compliance/action,v1.0.0,Unknown,Active,internal
1965,AdRoll Tracking Pixels API,Marketing,https://api.adroll.com/v2/pixels/958,v1.4,SecOps-Compliance,Active,api
1966,Okta Verify Service,Auth,https://okta.internal/api/v1/authn,v1.0.0,Identity-IAM,Active,okta
1967,Payment Engine #50,Payment,https://internal.api/v1/payment/action,v1.0.0,SecOps-Compliance,Inactive,internal
1968,CRM Engine #82,CRM,https://internal.api/v1/crm/action,test-version,Growth-Marketing,Inactive,internal
1969,Compliance Engine #24,Compliance,https://internal.api/v1/compliance/action,v2-beta,Core-Platform,Deprecated,internal
1970,Datadog Telemetry Service,Unknown,https://api.datadoghq.com/api/v2/logs/208,v2.1.0,Logistics,Active,api
1971,Snowflake Ingestion API,Analytics,https://snowflake.internal/api/v1/ingest/{env}/debug_mode,v1.0.0,Data-Eng,Inactive,snowflake
1972,Shipping Engine #37,Shipping,https://internal.api/v1/shipping/action,v2.1.0,Unknown,Active,internal
1973,Notifications Engine #60,Notifications,https://internal.api/v1/notifications/action,Unknown,SecOps-Compliance,Deprecated,internal
1974,Auth0 Login Service,Auth,https://identity.auth0.com/oauth/token,v1.0.0,Comms-Team,Inactive,identity
1975,Salesforce Leads Service,CRM,https://test.salesforce.com/services/data/v55.0/sobjects/898,v2-beta,Comms-Team,Active,test
1976,Compliance Engine #99,Compliance,https://internal.api/v1/compliance/action,Unknown,Logistics,Deprecated,internal
1977,Snowflake Ingestion API,Analytics,https://snowflake.internal/api/v1/ingest/453,v3,Comms-Team,Active,snowflake
1978,Datadog Telemetry Service,Analytics,https://api.datadoghq.com/api/v2/logs/393,0.0.1-SNAPSHOT,Core-Platform,Active,api
1979,Okta Verify Service,Auth,https://okta.internal/api/v1/authn/864,Unknown,Data-Eng,Deprecated,okta
1980,GDPR Purge Utility Service,Compliance,https://compliance.internal/v1/purge/673,v1.4,Unknown,Deprecated,compliance
1981,AdRoll Tracking Pixels API,Marketing,https://api.adroll.com/v2/pixels/593,2024-01-01,Identity-IAM,Active,api
1982,AdRoll Tracking Pixels Service,Unknown,https://api.adroll.com/v2/pixels,v2.1.0,Logistics,Active,api
1983,Compliance Engine #93,Compliance,https://internal.api/v1/compliance/action/{env}/debug_mode,v2-beta,Core-Platform,Active,internal
1984,SendGrid Mailer Service,Notifications,https://api.sendgrid.com/v3/mail/send/707,v1-alpha,Logistics,Active,api
1985,Auth0 Login API,Auth,https://identity.auth0.com/oauth/token,2026_RC4,Identity-IAM,Active,identity
1986,Snowflake Ingestion Service,Analytics,https://snowflake.internal/api/v1/ingest,2024-01-01,Core-Platform,legacy-active,snowflake
1987,Stripe Payments API,Payment,https://api.stripe.com/v3/charges,v2-beta,Logistics,Active,api
1988,Google Maps Geocode Service,Maps,https://maps.googleapis.com/maps/api/geocode/json/397,2024-01-01,Data-Eng,Active,maps
1989,Snowflake Ingestion API,Analytics,https://snowflake.internal/api/v1/ingest/811,v1.4,Unknown,Deprecated,snowflake
1990,HubSpot Contacts API,Unknown,https://api.hubapi.com/crm/v3/objects/contacts,v2.1.0,Comms-Team,Inactive,api
1991,GDPR PURGE UTILITY SERVICE,Compliance,https://compliance.internal/v1/purge,2024-01-01,Logistics,Deprecated,compliance
1992,Auth Engine #92,Unknown,https://internal.api/v1/auth/action,v2-beta,Data-Eng,Inactive,internal
1993,Marketing Engine #11,Marketing,https://internal.api/v1/marketing/action,v1.4,SecOps-Compliance,Active,internal
1994,Payment Engine #29,Payment,https://internal.api/v1/payment/action,v1.0.0,Identity-IAM,Active,internal
1995,User Profile Core API,User,https://internal.platform/services/user-profile,2026_RC4,FinTech-Core,Active,internal
1996,Compliance Engine #44,Compliance,https://internal.api/v1/compliance/action,v2-beta,FinTech-Core,Active,internal
1997,Maps Engine #43,Maps,https://internal.api/v1/maps/action,2024-01-01,Growth-Marketing,Inactive,internal
1998,SendGrid Mailer Service,Notifications,https://api.sendgrid.com/v3/mail/send/484,v1.4,FinTech-Core,Active,api
1999,FedEx Ship Rates API,Shipping,https://apis.fedex.com/rate/v1/rates,v2-beta,Growth-Marketing,Active,apis
2000,SendGrid Mailer API,Notifications,https://api.sendgrid.com/v3/mail/send/927,2024-01-01,Data-Eng,Active,api
2001,Marketing Engine #12,Unknown,https://internal.api/v1/marketing/action,v1.0.0,Logistics,Active,internal
2002,Shipping Engine #62,Shipping,https://internal.api/v1/shipping/action,v2.1.0,Identity-IAM,Inactive,internal
2003,User Profile Core API,Unknown,https://internal.platform/services/user-profile/559,v1.0.0,Logistics,Active,internal
2004,Marketing Engine #95,Marketing,https://internal.api/v1/marketing/action,v1.4,Unknown,Active,internal
2005,User Engine #47,User,https://internal.api/v1/user/action,v2-beta,Growth-Marketing,Active,internal
2006,CRM Engine #25,CRM,https://internal.api/v1/crm/action/{env}/debug_mode,v1.4,SecOps-Compliance,Deprecated,internal
2007,Okta Verify Service,Auth,https://okta.internal/api/v1/authn,Unknown,Comms-Team,Active,okta
2008,Google Maps Geocode Service,Maps,https://maps.googleapis.com/maps/api/geocode/json/{env}/debug_mode,v1.0.0,Identity-IAM,Inactive,maps
2009,Stripe Payments API,Payment,https://api.stripe.com/v3/charges,v2.1.0,Logistics,Deprecated,api
2010,Twilio SMS Gateway Service,Notifications,https://api.twilio.com/2010-04-01/accounts/385/{env}/debug_mode,v2-beta,Comms-Team,Active,api
2011,GDPR Purge Utility API,Compliance,https://compliance.internal/v1/purge,v2.1.0,FinTech-Core,Active,compliance
2012,Snowflake Ingestion Service,Analytics,https://snowflake.internal/api/v1/ingest/393,v1.0.0,Data-Eng,Inactive,snowflake
2013,SendGrid Mailer API,Notifications,https://api.sendgrid.com/v3/mail/send/159,v1.4,SecOps-Compliance,Active,api
2014,Payment Engine #86,Payment,https://internal.api/v1/payment/action,Unknown,Logistics,Active,internal
2015,adroll tracking pixels service,Marketing,https://api.adroll.com/v2/pixels/967,v1.0.0,Comms-Team,Active,api
2016,ADROLL TRACKING PIXELS SERVICE,Marketing,https://api.adroll.com/v2/pixels/421,v1.0.0,Growth-Marketing,Active,api
2017,HubSpot Contacts API,CRM,https://api.hubapi.com/crm/v3/objects/contacts,v1.4,Data-Eng,Active,api
2018,Auth Engine #46,Auth,https://internal.api/v1/auth/action,v1.0.0,Identity-IAM,Active,internal
2019,Auth Engine #75,Auth,https://internal.api/v1/auth/action,v3,Growth-Marketing,Active,internal
2020,Stripe Payments Service,Payment,https://api.stripe.com/v3/charges,2024-01-01,SecOps-Compliance,Active,api
2021,Maps Engine #63,Maps,https://internal.api/v1/maps/action,v3,Logistics,Active,internal
2022,user engine #23,User,https://internal.api/v1/user/action,v3,Identity-IAM,Active,internal
2023,Analytics Engine #41,Analytics,https://internal.api/v1/analytics/action,v1.0.0,Identity-IAM,Active,internal
2024,Maps Engine #35,Maps,https://internal.api/v1/maps/action,v2.1.0,Identity-IAM,Active,internal
2025,Salesforce Leads API,CRM,https://test.salesforce.com/services/data/v55.0/sobjects,v3,Comms-Team,Active,test
2026,Stripe Payments Service,Payment,https://api.stripe.com/v3/charges/546,2024-01-01,Comms-Team,Active,api
2027,AdRoll Tracking Pixels Service,Marketing,https://api.adroll.com/v2/pixels,v2.1.0,Unknown,Deprecated,api
2028,GDPR Purge Utility Service,Compliance,https://compliance.internal/v1/purge/822,v1.0.0,Unknown,Active,compliance
2029,Datadog Telemetry Service,Analytics,https://api.datadoghq.com/api/v2/logs,v1.0.0,SecOps-Compliance,Active,api
2030,AdRoll Tracking Pixels Service,Unknown,https://api.adroll.com/v2/pixels,2024-01-01,Data-Eng,Inactive,api
2031,AUTH ENGINE #58,Auth,https://internal.api/v1/auth/action,v1.0.0,Growth-Marketing,Inactive,internal
2032,Auth Engine #97,Auth,https://internal.api/v1/auth/action,v1.0.0,Core-Platform,Active,internal
2033,notifications engine #66,Notifications,https://internal.api/v1/notifications/action,v1.0.0,Core-Platform,Active,internal
2034,HubSpot Contacts Service,CRM,https://api.hubapi.com/crm/v3/objects/contacts,v3,Comms-Team,Inactive,api
2035,Auth0 Login Service,Auth,https://identity.auth0.com/oauth/token,Unknown,SecOps-Compliance,Active,identity
2036,FedEx Ship Rates Service,Shipping,https://apis.fedex.com/rate/v1/rates,v1.0.0,FinTech-Core,Deprecated,apis
2037,Stripe Payments API,Payment,https://api.stripe.com/v3/charges,v2-beta,Data-Eng,Active,api
2038,Marketing Engine #19,Marketing,https://internal.api/v1/marketing/action,v2.1.0,Logistics,Active,internal
2039,Marketing Engine #13,Marketing,https://internal.api/v1/marketing/action,Unknown,Core-Platform,Deprecated,internal
2040,Maps Engine #25,Maps,https://internal.api/v1/maps/action,v3,Comms-Team,Inactive,internal
2041,User Profile Core API,User,https://internal.platform/services/user-profile,v1.0.0,Growth-Marketing,Deprecated,internal
2042,HubSpot Contacts API,CRM,https://api.hubapi.com/crm/v3/objects/contacts/824,v2-beta,Growth-Marketing,Inactive,api
2043,Stripe Payments Service,Payment,https://api.stripe.com/v3/charges,2026_RC4,Data-Eng,Active,api
2044,PayPal Checkout Service,Payment,https://api-m.paypal.com/v2/checkout/orders,2024-01-01,FinTech-Core,Active,api-m
2045,Compliance Engine #67,Compliance,https://internal.api/v1/compliance/action,v1.0.0,Unknown,Active,internal
2046,Payment Engine #15,Payment,https://internal.api/v1/payment/action,Unknown,SecOps-Compliance,Active,internal
2047,Okta Verify Service,Auth,https://okta.internal/api/v1/authn,v1-alpha,Comms-Team,Active,okta
2048,Compliance Engine #59,Unknown,https://internal.api/v1/compliance/action,v3,SecOps-Compliance,Active,internal
2049,Okta Verify API,Auth,https://okta.internal/api/v1/authn/138,v3,Comms-Team,Deprecated,okta
2050,PayPal Checkout Service,Payment,https://api-m.paypal.com/v2/checkout/orders,v1.0.0,Core-Platform,Inactive,api-m
2051,MAPS ENGINE #96,Maps,https://internal.api/v1/maps/action,2024-01-01,Growth-Marketing,Inactive,internal
2052,Google Maps Geocode Service,Maps,https://maps.googleapis.com/maps/api/geocode/json/502,Unknown,FinTech-Core,Active,maps
2053,Stripe Payments Service,Unknown,https://api.stripe.com/v3/charges,v2-beta,Comms-Team,Active,api
2054,DATADOG TELEMETRY API,Analytics,https://api.datadoghq.com/api/v2/logs,v3,SecOps-Compliance,Active,api
2055,Payment Engine #37,Unknown,https://internal.api/v1/payment/action,v1.4,Data-Eng,Deprecated,internal
2056,PayPal Checkout Service,Payment,https://api-m.paypal.com/v2/checkout/orders/621,v1.0.0,Logistics,Active,api-m
2057,Twilio SMS Gateway Service,Notifications,https://api.twilio.com/2010-04-01/accounts,Unknown,Growth-Marketing,Deprecated,api
2058,Auth0 Login Service,Auth,https://identity.auth0.com/oauth/token,v3,FinTech-Core,Deprecated,identity
2059,Notifications Engine #37,Notifications,https://internal.api/v1/notifications/action,v2-beta,Comms-Team,Active,internal
2060,Twilio SMS Gateway API,Notifications,https://api.twilio.com/2010-04-01/accounts,Unknown,Core-Platform,Active,api
2061,Snowflake Ingestion Service,Analytics,https://snowflake.internal/api/v1/ingest/991,2024-01-01,Growth-Marketing,Inactive,snowflake
2062,PayPal Checkout API,Payment,https://api-m.paypal.com/v2/checkout/orders,v2-beta,Comms-Team,Active,api-m
2063,Twilio SMS Gateway API,Notifications,https://api.twilio.com/2010-04-01/accounts,v2-beta,Comms-Team,Active,api
2064,Twilio SMS Gateway Service,Notifications,https://api.twilio.com/2010-04-01/accounts/401,v1.4,Core-Platform,Active,api
2065,Stripe Payments API,Payment,https://api.stripe.com/v3/charges/523,v3,Data-Eng,Active,api
2066,USER PROFILE CORE API,User,https://internal.platform/services/user-profile/929,v3,FinTech-Core,Active,internal
2067,Auth Engine #20,Auth,https://internal.api/v1/auth/action,2024-01-01,Logistics,Active,internal
2068,Auth Engine #18,Auth,https://internal.api/v1/auth/action/{env}/debug_mode,v2.1.0,Comms-Team,Active,internal
2069,Auth Engine #97,Auth,https://internal.api/v1/auth/action,2024-01-01,Data-Eng,Deprecated,internal
2070,Google Maps Geocode API,Maps,https://maps.googleapis.com/maps/api/geocode/json,v3,Unknown,Active,maps
2071,GDPR Purge Utility API,Compliance,https://compliance.internal/v1/purge/956,2024-01-01,FinTech-Core,Active,compliance
2072,Datadog Telemetry Service,Analytics,https://api.datadoghq.com/api/v2/logs/970,v2.1.0,Data-Eng,Active,api
2073,Auth0 Login API,Auth,https://identity.auth0.com/oauth/token,test-version,SecOps-Compliance,Inactive,identity
2074,Shipping Engine #52,Shipping,https://internal.api/v1/shipping/action/{env}/debug_mode,v1.4,Core-Platform,Inactive,internal
2075,User Profile Core API,User,https://internal.platform/services/user-profile,v1.4,SecOps-Compliance,Active,internal
2076,Analytics Engine #40,Analytics,https://internal.api/v1/analytics/action,Unknown,FinTech-Core,Active,internal
2077,Salesforce Leads API,CRM,https://test.salesforce.com/services/data/v55.0/sobjects/997,Unknown,Data-Eng,Active,test
2078,Compliance Engine #23,Compliance,https://internal.api/v1/compliance/action,v1.4,Comms-Team,Deprecated,internal
2079,Marketing Engine #88,Marketing,https://internal.api/v1/marketing/action/{env}/debug_mode,v2-beta,Growth-Marketing,Active,internal
2080,FedEx Ship Rates Service,Shipping,https://apis.fedex.com/rate/v1/rates/579,v1.0.0,Unknown,Active,apis
2081,Maps Engine #80,Maps,https://internal.api/v1/maps/action,v1.4,Unknown,Active,internal
2082,User Engine #63,User,https://internal.api/v1/user/action,v3,Comms-Team,Deprecated,internal
2083,Marketing Engine #86,Marketing,https://internal.api/v1/marketing/action,v1.0.0,Core-Platform,Active,internal
2084,SALESFORCE LEADS API,CRM,https://test.salesforce.com/services/data/v55.0/sobjects/303,v2.1.0,Identity-IAM,Active,test
2085,Marketing Engine #79,Marketing,https://internal.api/v1/marketing/action,v1.0.0,Unknown,Active,internal
2086,Salesforce Leads API,CRM,https://test.salesforce.com/services/data/v55.0/sobjects/{env}/debug_mode,v2-beta,Data-Eng,Deprecated,test
2087,GDPR Purge Utility API,Compliance,https://compliance.internal/v1/purge/609,v2.1.0,Identity-IAM,Active,compliance
2088,Twilio SMS Gateway API,Notifications,https://api.twilio.com/2010-04-01/accounts,2024-01-01,SecOps-Compliance,Active,api
2089,Compliance Engine #17,Compliance,https://internal.api/v1/compliance/action,v3,Data-Eng,Inactive,internal
2090,Twilio SMS Gateway Service,Notifications,https://api.twilio.com/2010-04-01/accounts,v2-beta,Growth-Marketing,Active,api
2091,AdRoll Tracking Pixels API,Marketing,https://api.adroll.com/v2/pixels/956,v2.1.0,Data-Eng,Active,api
2092,User Profile Core API,User,https://internal.platform/services/user-profile/745,Unknown,Core-Platform,Deprecated,internal
2093,HubSpot Contacts Service,CRM,https://api.hubapi.com/crm/v3/objects/contacts/517,v1.0.0,Logistics,Inactive,api
2094,HubSpot Contacts Service,CRM,https://api.hubapi.com/crm/v3/objects/contacts/879,v3,FinTech-Core,Active,api
2095,SendGrid Mailer API,Notifications,https://api.sendgrid.com/v3/mail/send/410,Unknown,Logistics,Deprecated,api
2096,FedEx Ship Rates API,Shipping,https://apis.fedex.com/rate/v1/rates/310,Unknown,Logistics,Active,apis
2097,SENDGRID MAILER API,Notifications,https://api.sendgrid.com/v3/mail/send/834,v1.0.0,Growth-Marketing,Deprecated,api
2098,SendGrid Mailer API,Notifications,https://api.sendgrid.com/v3/mail/send/{env}/debug_mode,v1.0.0,Comms-Team,Inactive,api
2099,HubSpot Contacts API,CRM,https://api.hubapi.com/crm/v3/objects/contacts,v1.4,Core-Platform,Active,api
2100,Payment Engine #60,Payment,https://internal.api/v1/payment/action,v1.4,Unknown,Active,internal
2101,HUBSPOT CONTACTS SERVICE,CRM,https://api.hubapi.com/crm/v3/objects/contacts,v1.0.0,Comms-Team,Deprecated,api
2102,Datadog Telemetry Service,Analytics,https://api.datadoghq.com/api/v2/logs/794,2024-01-01,Unknown,Active,api
2103,Google Maps Geocode Service,Maps,https://maps.googleapis.com/maps/api/geocode/json,v2-beta,Comms-Team,Active,maps
2104,Payment Engine #11,Payment,https://internal.api/v1/payment/action,v1.0.0,Data-Eng,Active,internal
2105,Datadog Telemetry API,Analytics,https://api.datadoghq.com/api/v2/logs,v1.0.0,Identity-IAM,Active,api
2106,Marketing Engine #34,Marketing,https://internal.api/v1/marketing/action,v1.4,Logistics,Inactive,internal
2107,User Engine #22,User,https://internal.api/v1/user/action,v1.4,Identity-IAM,Active,internal
2108,User Engine #10,User,https://internal.api/v1/user/action,v2-beta,Growth-Marketing,Deprecated,internal
2109,User Profile Core API,User,https://internal.platform/services/user-profile/772,v1.4,Unknown,Active,internal
2110,SendGrid Mailer API,Notifications,https://api.sendgrid.com/v3/mail/send/889/{env}/debug_mode,v1.4,Growth-Marketing,Active,api
2111,USER ENGINE #27,User,https://internal.api/v1/user/action,v3,FinTech-Core,Active,internal
2112,Snowflake Ingestion Service,Analytics,https://snowflake.internal/api/v1/ingest/{env}/debug_mode,2024-01-01,Core-Platform,Active,snowflake
2113,SendGrid Mailer API,Notifications,https://api.sendgrid.com/v3/mail/send,2024-01-01,Unknown,Active,api
2114,SENDGRID MAILER SERVICE,Notifications,https://api.sendgrid.com/v3/mail/send/756,v1.4,SecOps-Compliance,Active,api
2115,Auth0 Login API,Security,https://identity.auth0.com/oauth/token/940,v1.4,Comms-Team,Deprecated,identity
2116,User Engine #25,User,https://internal.api/v1/user/action,v2-beta,FinTech-Core,Active,internal
2117,Marketing Engine #94,Marketing,https://internal.api/v1/marketing/action,test-version,Growth-Marketing,Active,internal
2118,SendGrid Mailer Service,Notifications,https://api.sendgrid.com/v3/mail/send/407,Unknown,Logistics,Active,api
2119,Marketing Engine #11,Marketing,https://internal.api/v1/marketing/action,v2-beta,Unknown,Inactive,internal
2120,HubSpot Contacts API,CRM,https://api.hubapi.com/crm/v3/objects/contacts/593,2024-01-01,SecOps-Compliance,Active,api
2121,Shipping Engine #41,Shipping,https://internal.api/v1/shipping/action/{env}/debug_mode,2024-01-01,Data-Eng,Active,internal
2122,Twilio SMS Gateway API,Notifications,https://api.twilio.com/2010-04-01/accounts/551,v1.4,Growth-Marketing,Active,api
2123,GDPR Purge Utility API,Compliance,https://compliance.internal/v1/purge,v2-beta,Logistics,Active,compliance
2124,Maps Engine #16,Maps,https://internal.api/v1/maps/action,v1.0.0,Identity-IAM,Inactive,internal
2125,Shipping Engine #30,Shipping,https://internal.api/v1/shipping/action/{env}/debug_mode,v2.1.0,Data-Eng,Active,internal
2126,CRM Engine #57,CRM,https://internal.api/v1/crm/action,0.0.1-SNAPSHOT,Core-Platform,Active,internal
2127,Marketing Engine #90,Marketing,https://internal.api/v1/marketing/action,v1.4,Logistics,Active,internal
2128,Compliance Engine #27,Compliance,https://internal.api/v1/compliance/action/{env}/debug_mode,v1.4,Growth-Marketing,Active,internal
2129,Okta Verify API,Auth,https://okta.internal/api/v1/authn/{env}/debug_mode,v3,Logistics,Active,okta
2130,datadog telemetry api,Analytics,https://api.datadoghq.com/api/v2/logs,v3,Comms-Team,Active,api
2131,Analytics Engine #45,Analytics,https://internal.api/v1/analytics/action,test-version,Comms-Team,Deprecated,internal
2132,Payment Engine #62,Payment,https://internal.api/v1/payment/action,v1.0.0,Data-Eng,Active,internal
2133,Analytics Engine #31,Analytics,https://internal.api/v1/analytics/action,2026_RC4,Comms-Team,Active,internal
2134,PayPal Checkout API,Payment,https://api-m.paypal.com/v2/checkout/orders/768,v2.1.0,Data-Eng,Deprecated,api-m
2135,User Engine #39,User,https://internal.api/v1/user/action,Unknown,SecOps-Compliance,Active,internal
2136,Marketing Engine #11,Marketing,https://internal.api/v1/marketing/action,test-version,Identity-IAM,Deprecated,internal
2137,User Profile Core Service,User,https://internal.platform/services/user-profile/{env}/debug_mode,v3,Core-Platform,Active,internal
2138,Compliance Engine #63,Compliance,https://internal.api/v1/compliance/action,2024-01-01,Unknown,Active,internal
2139,GDPR Purge Utility Service,Compliance,https://compliance.internal/v1/purge,v2.1.0,Unknown,Active,compliance
2140,Payment Engine #84,Payment,https://internal.api/v1/payment/action,v1.4,SecOps-Compliance,Active,internal
2141,Datadog Telemetry Service,Analytics,https://api.datadoghq.com/api/v2/logs/404,v3,Unknown,Active,api
2142,Twilio SMS Gateway API,Notifications,https://api.twilio.com/2010-04-01/accounts,v1.0.0,Growth-Marketing,Active,api
2143,SendGrid Mailer Service,Notifications,https://api.sendgrid.com/v3/mail/send/580,v1.4,Unknown,Active,api
2144,Stripe Payments API,Payment,https://api.stripe.com/v3/charges,2026_RC4,Growth-Marketing,Inactive,api
2145,CRM Engine #96,CRM,https://internal.api/v1/crm/action,v3,Comms-Team,Active,internal
2146,Datadog Telemetry API,Unknown,https://api.datadoghq.com/api/v2/logs,v3,FinTech-Core,Active,api
2147,Datadog Telemetry Service,Analytics,https://api.datadoghq.com/api/v2/logs,v3,Logistics,Active,api
2148,PayPal Checkout Service,Payment,https://api-m.paypal.com/v2/checkout/orders,Unknown,FinTech-Core,Deprecated,api-m
2149,Compliance Engine #87,Compliance,https://internal.api/v1/compliance/action,0.0.1-SNAPSHOT,Logistics,Inactive,internal
2150,Twilio SMS Gateway Service,Notifications,https://api.twilio.com/2010-04-01/accounts,v3,Unknown,Active,api
2151,SendGrid Mailer API,Notifications,https://api.sendgrid.com/v3/mail/send,v2.1.0,Logistics,Active,api
2152,AdRoll Tracking Pixels API,Marketing,https://api.adroll.com/v2/pixels/878,v2.1.0,Logistics,Deprecated,api
2153,Analytics Engine #19,Analytics,https://internal.api/v1/analytics/action,Unknown,SecOps-Compliance,Deprecated,internal
2154,PayPal Checkout Service,Payment,https://api-m.paypal.com/v2/checkout/orders,v1.4,Logistics,Active,api-m
2155,Twilio SMS Gateway Service,Notifications,https://api.twilio.com/2010-04-01/accounts/723,v2.1.0,Core-Platform,Inactive,api
2156,datadog telemetry service,Analytics,https://api.datadoghq.com/api/v2/logs,v2-beta,SecOps-Compliance,Inactive,api
2157,Datadog Telemetry Service,Analytics,https://api.datadoghq.com/api/v2/logs/838,2026_RC4,Data-Eng,Inactive,api
2158,Analytics Engine #62,Analytics,https://internal.api/v1/analytics/action,v2.1.0,Unknown,Active,internal
2159,PayPal Checkout Service,Payment,https://api-m.paypal.com/v2/checkout/orders/219,v3,Growth-Marketing,Active,api-m
2160,Compliance Engine #11,Compliance,https://internal.api/v1/compliance/action,2024-01-01,Logistics,Active,internal
2161,SendGrid Mailer Service,Notifications,https://api.sendgrid.com/v3/mail/send,Unknown,Identity-IAM,Inactive,api
2162,CRM Engine #89,CRM,https://internal.api/v1/crm/action/{env}/debug_mode,v2-beta,SecOps-Compliance,Active,internal
2163,Twilio SMS Gateway API,Notifications,https://api.twilio.com/2010-04-01/accounts/938,v1.0.0,Logistics,Inactive,api
2164,User Profile Core Service,User,https://internal.platform/services/user-profile,v3,Comms-Team,Active,internal
2165,Okta Verify Service,Auth,https://okta.internal/api/v1/authn/204,2024-01-01,Unknown,Active,okta
2166,Datadog Telemetry API,Analytics,https://api.datadoghq.com/api/v2/logs/757,v2.1.0,Growth-Marketing,Inactive,api
2167,Compliance Engine #23,Compliance,https://internal.api/v1/compliance/action,0.0.1-SNAPSHOT,Comms-Team,Inactive,internal
2168,Google Maps Geocode API,Unknown,https://maps.googleapis.com/maps/api/geocode/json,v1.4,Core-Platform,Deprecated,maps
2169,TWILIO SMS GATEWAY SERVICE,Notifications,https://api.twilio.com/2010-04-01/accounts/248,v1.0.0,Core-Platform,Active,api
2170,Analytics Engine #84,Analytics,https://internal.api/v1/analytics/action,v3,Identity-IAM,Active,internal
2171,Notifications Engine #79,Notifications,https://internal.api/v1/notifications/action,Unknown,Growth-Marketing,Deprecated,internal
2172,SendGrid Mailer Service,Notifications,https://api.sendgrid.com/v3/mail/send,v1.0.0,Logistics,Deprecated,api
2173,AdRoll Tracking Pixels Service,Marketing,https://api.adroll.com/v2/pixels/599,2026_RC4,Data-Eng,Active,api
2174,snowflake ingestion service,Analytics,https://snowflake.internal/api/v1/ingest/663,v1.0.0,Core-Platform,Inactive,snowflake
2175,MAPS ENGINE #36,Maps,https://internal.api/v1/maps/action,v2-beta,Growth-Marketing,Active,internal
2176,User Profile Core Service,User,https://internal.platform/services/user-profile/477,v1.0.0,SecOps-Compliance,Inactive,internal
2177,AUTH0 LOGIN API,Auth,https://identity.auth0.com/oauth/token/449,v2.1.0,Logistics,Active,identity
2178,Notifications Engine #51,Notifications,https://internal.api/v1/notifications/action,v2.1.0,SecOps-Compliance,Deprecated,internal
2179,Notifications Engine #80,Notifications,https://internal.api/v1/notifications/action,Unknown,Growth-Marketing,Inactive,internal
2180,Notifications Engine #13,Notifications,https://internal.api/v1/notifications/action,v1.4,Data-Eng,Active,internal
2181,User Profile Core API,User,https://internal.platform/services/user-profile/728,v3,Growth-Marketing,Active,internal
2182,Marketing Engine #77,Marketing,https://internal.api/v1/marketing/action,v3,SecOps-Compliance,Inactive,internal
2183,AdRoll Tracking Pixels Service,Marketing,https://api.adroll.com/v2/pixels,v1.0.0,Core-Platform,Active,api
2184,Shipping Engine #41,Shipping,https://internal.api/v1/shipping/action,v2-beta,Growth-Marketing,Active,internal
2185,Salesforce Leads Service,CRM,https://test.salesforce.com/services/data/v55.0/sobjects/{env}/debug_mode,v2.1.0,SecOps-Compliance,Active,test
2186,User Engine #24,User,https://internal.api/v1/user/action,v3,FinTech-Core,Active,internal
2187,Salesforce Leads API,CRM,https://test.salesforce.com/services/data/v55.0/sobjects,2024-01-01,FinTech-Core,Deprecated,test
2188,Compliance Engine #83,Compliance,https://internal.api/v1/compliance/action,0.0.1-SNAPSHOT,SecOps-Compliance,Active,internal
2189,Snowflake Ingestion API,Analytics,https://snowflake.internal/api/v1/ingest/960,v1.0.0,Unknown,Active,snowflake
2190,PayPal Checkout Service,Payment,https://api-m.paypal.com/v2/checkout/orders/434,v2.1.0,Unknown,Inactive,api-m
2191,Twilio SMS Gateway Service,Notifications,https://api.twilio.com/2010-04-01/accounts/133,v2-beta,Logistics,Inactive,api
2192,HubSpot Contacts Service,CRM,https://api.hubapi.com/crm/v3/objects/contacts,v1.0.0,Comms-Team,Active,api
2193,Google Maps Geocode Service,Maps,https://maps.googleapis.com/maps/api/geocode/json,v3,Core-Platform,Active,maps
2194,User Engine #78,User,https://internal.api/v1/user/action,v2-beta,FinTech-Core,Deprecated,internal
2195,Okta Verify API,Auth,https://okta.internal/api/v1/authn,v1.0.0,FinTech-Core,Active,okta
2196,CRM Engine #93,CRM,https://internal.api/v1/crm/action,v2.1.0,Identity-IAM,Deprecated,internal
2197,Stripe Payments API,Payment,https://api.stripe.com/v3/charges/367/{env}/debug_mode,v1.4,Comms-Team,Deprecated,api
2198,Salesforce Leads API,CRM,https://test.salesforce.com/services/data/v55.0/sobjects/{env}/debug_mode,v1.0.0,Growth-Marketing,Deprecated,test
2199,CRM Engine #37,CRM,https://internal.api/v1/crm/action,v2-beta,Comms-Team,Deprecated,internal
2200,PayPal Checkout API,Payment,https://api-m.paypal.com/v2/checkout/orders/{env}/debug_mode,v3,Logistics,Active,api-m
2201,Compliance Engine #94,Compliance,https://internal.api/v1/compliance/action,v1.0.0,Comms-Team,Active,internal
2202,Snowflake Ingestion API,Unknown,https://snowflake.internal/api/v1/ingest/920,v1.0.0,SecOps-Compliance,Inactive,snowflake
2203,Stripe Payments API,Unknown,https://api.stripe.com/v3/charges/675,v1.4,FinTech-Core,Inactive,api
2204,Compliance Engine #57,Compliance,https://internal.api/v1/compliance/action/{env}/debug_mode,v2.1.0,Data-Eng,Active,internal
2205,sendgrid mailer api,Notifications,https://api.sendgrid.com/v3/mail/send,v2.1.0,FinTech-Core,Inactive,api
2206,Maps Engine #23,Maps,https://internal.api/v1/maps/action,v2.1.0,Growth-Marketing,Deprecated,internal
2207,FedEx Ship Rates Service,Shipping,https://apis.fedex.com/rate/v1/rates,v2-beta,Growth-Marketing,Inactive,apis
2208,GDPR Purge Utility API,Compliance,https://compliance.internal/v1/purge/136,2024-01-01,Unknown,Active,compliance
2209,HubSpot Contacts Service,CRM,https://api.hubapi.com/crm/v3/objects/contacts/{env}/debug_mode,v2-beta,SecOps-Compliance,Active,api
2210,USER ENGINE #87,User,https://internal.api/v1/user/action,v2.1.0,Identity-IAM,Active,internal
2211,HubSpot Contacts API,CRM,https://api.hubapi.com/crm/v3/objects/contacts/380,v2-beta,FinTech-Core,Active,api
2212,SendGrid Mailer Service,Notifications,https://api.sendgrid.com/v3/mail/send/582,2024-01-01,Data-Eng,Inactive,api
2213,Stripe Payments API,Unknown,https://api.stripe.com/v3/charges,v1.4,Core-Platform,Inactive,api
2214,Google Maps Geocode Service,Maps,https://maps.googleapis.com/maps/api/geocode/json/{env}/debug_mode,2024-01-01,Logistics,Active,maps
2215,SendGrid Mailer API,Comms,https://api.sendgrid.com/v3/mail/send/579,2024-01-01,FinTech-Core,Active,api
2216,SendGrid Mailer Service,Notifications,https://api.sendgrid.com/v3/mail/send/291,v1-alpha,Comms-Team,Active,api
2217,Datadog Telemetry API,Analytics,https://api.datadoghq.com/api/v2/logs/802,v1.0.0,Identity-IAM,Deprecated,api
2218,AdRoll Tracking Pixels API,Marketing,https://api.adroll.com/v2/pixels,2024-01-01,Data-Eng,Deprecated,api
2219,Salesforce Leads Service,CRM,https://test.salesforce.com/services/data/v55.0/sobjects/848,v3,Growth-Marketing,Inactive,test
2220,GDPR Purge Utility Service,Compliance,https://compliance.internal/v1/purge/490,0.0.1-SNAPSHOT,SecOps-Compliance,Inactive,compliance
2221,GDPR Purge Utility Service,Compliance,https://compliance.internal/v1/purge/484,Unknown,Logistics,Active,compliance
2222,AdRoll Tracking Pixels Service,Marketing,https://api.adroll.com/v2/pixels/924,v3,SecOps-Compliance,Deprecated,api
2223,Shipping Engine #46,Shipping,https://internal.api/v1/shipping/action,v2.1.0,SecOps-Compliance,Inactive,internal
2224,FedEx Ship Rates Service,Shipping,https://apis.fedex.com/rate/v1/rates/537/{env}/debug_mode,2024-01-01,Logistics,Inactive,apis
2225,Auth Engine #71,Auth,https://internal.api/v1/auth/action,v2-beta,Data-Eng,Inactive,internal
2226,AdRoll Tracking Pixels Service,Marketing,https://api.adroll.com/v2/pixels/273,v1.0.0,Logistics,Inactive,api
2227,Google Maps Geocode API,Unknown,https://maps.googleapis.com/maps/api/geocode/json/654,2024-01-01,Growth-Marketing,Deprecated,maps
2228,User Profile Core API,User,https://internal.platform/services/user-profile/987/{env}/debug_mode,v2.1.0,Comms-Team,Inactive,internal
2229,Shipping Engine #75,Shipping,https://internal.api/v1/shipping/action,v3,Unknown,Active,internal
2230,FedEx Ship Rates Service,Shipping,https://apis.fedex.com/rate/v1/rates,2024-01-01,Identity-IAM,Active,apis
2231,Salesforce Leads API,CRM,https://test.salesforce.com/services/data/v55.0/sobjects,v1.0.0,Core-Platform,Deprecated,test
2232,Payment Engine #28,Unknown,https://internal.api/v1/payment/action,v1.4,Identity-IAM,Active,internal
2233,AdRoll Tracking Pixels API,Marketing,https://api.adroll.com/v2/pixels/{env}/debug_mode,v3,SecOps-Compliance,Active,api
2234,SendGrid Mailer Service,Comms,https://api.sendgrid.com/v3/mail/send/120,2024-01-01,Logistics,Active,api
2235,Marketing Engine #74,Marketing,https://internal.api/v1/marketing/action,v1.4,Unknown,Active,internal
2236,Snowflake Ingestion API,Analytics,https://snowflake.internal/api/v1/ingest/436,v3,Core-Platform,Deprecated,snowflake
2237,fedex ship rates api,Shipping,https://apis.fedex.com/rate/v1/rates/703,v1.0.0,Comms-Team,Deprecated,apis
2238,Shipping Engine #25,Shipping,https://internal.api/v1/shipping/action,Unknown,Identity-IAM,Active,internal
2239,Salesforce Leads Service,CRM,https://test.salesforce.com/services/data/v55.0/sobjects,v2-beta,Growth-Marketing,Inactive,test
2240,CRM Engine #10,CRM,https://internal.api/v1/crm/action,v2-beta,Unknown,Deprecated,internal
2241,HubSpot Contacts Service,CRM,https://api.hubapi.com/crm/v3/objects/contacts/641,v3,FinTech-Core,Active,api
2242,Twilio SMS Gateway Service,Notifications,https://api.twilio.com/2010-04-01/accounts/956,v3,Growth-Marketing,Inactive,api
2243,Auth Engine #70,Auth,https://internal.api/v1/auth/action,v2-beta,FinTech-Core,Deprecated,internal
2244,Stripe Payments API,Payment,https://api.stripe.com/v3/charges/524,v2-beta,Growth-Marketing,Active,api
2245,PayPal Checkout Service,Payment,https://api-m.paypal.com/v2/checkout/orders,0.0.1-SNAPSHOT,Logistics,Deprecated,api-m
2246,Marketing Engine #12,Unknown,https://internal.api/v1/marketing/action,v1.4,Logistics,Inactive,internal
2247,Analytics Engine #32,Unknown,https://internal.api/v1/analytics/action,v3,Comms-Team,Deprecated,internal
2248,User Engine #66,User,https://internal.api/v1/user/action/{env}/debug_mode,v2-beta,Core-Platform,Active,internal
2249,Marketing Engine #61,Marketing,https://internal.api/v1/marketing/action,v2-beta,Core-Platform,Inactive,internal
2250,HubSpot Contacts Service,CRM,https://api.hubapi.com/crm/v3/objects/contacts,2024-01-01,Growth-Marketing,Deprecated,api
2251,Payment Engine #78,Unknown,https://internal.api/v1/payment/action,v3,FinTech-Core,Active,internal
2252,Google Maps Geocode Service,Maps,https://maps.googleapis.com/maps/api/geocode/json/936,v1.4,Core-Platform,Active,maps
2253,Shipping Engine #50,Shipping,https://internal.api/v1/shipping/action,2024-01-01,Logistics,Active,internal
2254,Auth0 Login Service,Auth,https://identity.auth0.com/oauth/token/{env}/debug_mode,v3,Logistics,Deprecated,identity
2255,Snowflake Ingestion API,Analytics,https://snowflake.internal/api/v1/ingest/342,v2.1.0,Identity-IAM,Active,snowflake
2256,FedEx Ship Rates Service,Shipping,https://apis.fedex.com/rate/v1/rates,test-version,SecOps-Compliance,Active,apis
2257,Analytics Engine #65,Analytics,https://internal.api/v1/analytics/action/{env}/debug_mode,2024-01-01,Logistics,Deprecated,internal
2258,Twilio SMS Gateway API,Comms,https://api.twilio.com/2010-04-01/accounts,v3,Growth-Marketing,Deprecated,api
2259,Payment Engine #59,Payment,https://internal.api/v1/payment/action,v2.1.0,FinTech-Core,Active,internal
2260,Auth0 Login API,Auth,https://identity.auth0.com/oauth/token,Unknown,Data-Eng,Active,identity
2261,FedEx Ship Rates Service,Shipping,https://apis.fedex.com/rate/v1/rates,v1.0.0,Identity-IAM,Active,apis
2262,Okta Verify Service,Auth,https://okta.internal/api/v1/authn,v3,Growth-Marketing,Active,okta
2263,GDPR Purge Utility Service,Compliance,https://compliance.internal/v1/purge,v2.1.0,Comms-Team,Active,compliance
2264,PayPal Checkout Service,Payment,https://api-m.paypal.com/v2/checkout/orders,v2.1.0,Data-Eng,Deprecated,api-m
2265,Notifications Engine #46,Notifications,https://internal.api/v1/notifications/action/{env}/debug_mode,v1.0.0,Core-Platform,Active,internal
2266,FedEx Ship Rates API,Shipping,https://apis.fedex.com/rate/v1/rates/932,v2.1.0,SecOps-Compliance,Deprecated,apis
2267,Snowflake Ingestion API,Analytics,https://snowflake.internal/api/v1/ingest,v2.1.0,Comms-Team,Inactive,snowflake
2268,Stripe Payments API,Payment,https://api.stripe.com/v3/charges/212,v2-beta,FinTech-Core,Active,api
2269,Stripe Payments Service,Payment,https://api.stripe.com/v3/charges/803,v2-beta,Unknown,Inactive,api
2270,SendGrid Mailer API,Notifications,https://api.sendgrid.com/v3/mail/send,v2-beta,FinTech-Core,Active,api
2271,Analytics Engine #27,Unknown,https://internal.api/v1/analytics/action,v2-beta,SecOps-Compliance,Active,internal
2272,GDPR Purge Utility API,Compliance,https://compliance.internal/v1/purge,Unknown,Comms-Team,Active,compliance
2273,FedEx Ship Rates API,Shipping,https://apis.fedex.com/rate/v1/rates,v1-alpha,FinTech-Core,Active,apis
2274,PayPal Checkout Service,Payment,https://api-m.paypal.com/v2/checkout/orders,Unknown,SecOps-Compliance,Inactive,api-m
2275,Compliance Engine #73,Compliance,https://internal.api/v1/compliance/action,v2.1.0,Logistics,Active,internal
2276,Datadog Telemetry Service,Analytics,https://api.datadoghq.com/api/v2/logs/798,v2.1.0,Core-Platform,Active,api
2277,Payment Engine #60,Payment,https://internal.api/v1/payment/action,v1.4,Identity-IAM,Deprecated,internal
2278,Auth Engine #76,Auth,https://internal.api/v1/auth/action,v3,Data-Eng,Active,internal
2279,Auth Engine #44,Auth,https://internal.api/v1/auth/action,2026_RC4,Growth-Marketing,Active,internal
2280,maps engine #92,Maps,https://internal.api/v1/maps/action,v2-beta,Data-Eng,Inactive,internal
2281,Salesforce Leads API,CRM,https://test.salesforce.com/services/data/v55.0/sobjects,Unknown,Comms-Team,Inactive,test
2282,PAYPAL CHECKOUT SERVICE,Payment,https://api-m.paypal.com/v2/checkout/orders,v1.4,SecOps-Compliance,Deprecated,api-m
2283,Auth Engine #95,Unknown,https://internal.api/v1/auth/action,v3,SecOps-Compliance,Inactive,internal
2284,Notifications Engine #57,Notifications,https://internal.api/v1/notifications/action,v1.0.0,Core-Platform,Deprecated,internal
2285,SendGrid Mailer API,Notifications,https://api.sendgrid.com/v3/mail/send,v1.0.0,Unknown,Active,api
2286,PayPal Checkout API,Payment,https://api-m.paypal.com/v2/checkout/orders/323,2026_RC4,FinTech-Core,Active,api-m
2287,Maps Engine #80,Maps,https://internal.api/v1/maps/action,v2-beta,Data-Eng,Active,internal
2288,HubSpot Contacts Service,CRM,https://api.hubapi.com/crm/v3/objects/contacts,v1.4,FinTech-Core,Active,api
2289,Okta Verify Service,Auth,https://okta.internal/api/v1/authn,v1.4,Unknown,Deprecated,okta
2290,Auth Engine #35,Auth,https://internal.api/v1/auth/action,v1.0.0,Data-Eng,Deprecated,internal
2291,AdRoll Tracking Pixels API,Marketing,https://api.adroll.com/v2/pixels,v1.0.0,FinTech-Core,Deprecated,api
2292,Salesforce Leads API,CRM,https://test.salesforce.com/services/data/v55.0/sobjects,Unknown,Growth-Marketing,Active,test
2293,PayPal Checkout Service,Payment,https://api-m.paypal.com/v2/checkout/orders/422,v1.4,Unknown,Active,api-m
2294,CRM Engine #50,CRM,https://internal.api/v1/crm/action,v1-alpha,Core-Platform,Active,internal
2295,Analytics Engine #43,Analytics,https://internal.api/v1/analytics/action,v2-beta,Core-Platform,legacy-active,internal
2296,Compliance Engine #95,Compliance,https://internal.api/v1/compliance/action,2024-01-01,Logistics,Active,internal
2297,Auth Engine #65,Unknown,https://internal.api/v1/auth/action,v1.4,Identity-IAM,Active,internal
2298,User Profile Core Service,User,https://internal.platform/services/user-profile,v1.4,Logistics,Deprecated,internal
2299,User Profile Core API,User,https://internal.platform/services/user-profile,2024-01-01,SecOps-Compliance,Inactive,internal
2300,CRM Engine #95,CRM,https://internal.api/v1/crm/action,Unknown,Identity-IAM,Inactive,internal
2301,Shipping Engine #77,Shipping,https://internal.api/v1/shipping/action,Unknown,FinTech-Core,Active,internal
2302,CRM Engine #93,CRM,https://internal.api/v1/crm/action,v1.0.0,Growth-Marketing,Active,internal
2303,Maps Engine #10,Unknown,https://internal.api/v1/maps/action,v3,Data-Eng,Active,internal
2304,TWILIO SMS GATEWAY SERVICE,Notifications,https://api.twilio.com/2010-04-01/accounts/491,v3,Growth-Marketing,Inactive,api
2305,Datadog Telemetry API,Analytics,https://api.datadoghq.com/api/v2/logs,v2.1.0,Unknown,Deprecated,api
2306,Auth0 Login Service,Auth,https://identity.auth0.com/oauth/token/{env}/debug_mode,v2-beta,SecOps-Compliance,Active,identity
2307,HubSpot Contacts Service,CRM,https://api.hubapi.com/crm/v3/objects/contacts/229,v3,FinTech-Core,Deprecated,api
2308,Stripe Payments Service,Unknown,https://api.stripe.com/v3/charges/781,2024-01-01,SecOps-Compliance,Active,api
2309,Shipping Engine #23,Shipping,https://internal.api/v1/shipping/action/{env}/debug_mode,v3,Growth-Marketing,Inactive,internal
2310,NOTIFICATIONS ENGINE #38,Notifications,https://internal.api/v1/notifications/action,v2.1.0,Core-Platform,Inactive,internal
2311,Compliance Engine #26,Unknown,https://internal.api/v1/compliance/action,v2.1.0,Logistics,Deprecated,internal
2312,User Engine #31,Unknown,https://internal.api/v1/user/action,v2.1.0,Logistics,Active,internal
2313,PayPal Checkout API,Payment,https://api-m.paypal.com/v2/checkout/orders,v1.0.0,Comms-Team,Active,api-m
2314,Analytics Engine #21,Analytics,https://internal.api/v1/analytics/action,v2-beta,Logistics,Active,internal
2315,twilio sms gateway service,Notifications,https://api.twilio.com/2010-04-01/accounts,v1.0.0,SecOps-Compliance,Active,api
2316,GDPR Purge Utility Service,Compliance,https://compliance.internal/v1/purge/{env}/debug_mode,v3,Logistics,Deprecated,compliance
2317,Analytics Engine #99,Analytics,https://internal.api/v1/analytics/action,2024-01-01,Identity-IAM,Deprecated,internal
2318,Shipping Engine #72,Shipping,https://internal.api/v1/shipping/action,v1.0.0,SecOps-Compliance,Inactive,internal
2319,Shipping Engine #29,Shipping,https://internal.api/v1/shipping/action,v3,SecOps-Compliance,Active,internal
2320,Notifications Engine #51,Notifications,https://internal.api/v1/notifications/action,v3,Unknown,Active,internal
2321,Okta Verify Service,Auth,https://okta.internal/api/v1/authn,v2-beta,SecOps-Compliance,Active,okta
2322,Auth0 Login API,Auth,https://identity.auth0.com/oauth/token/685,Unknown,FinTech-Core,Deprecated,identity
2323,Google Maps Geocode API,Unknown,https://maps.googleapis.com/maps/api/geocode/json,v1.4,Comms-Team,Active,maps
2324,Stripe Payments Service,Payment,https://api.stripe.com/v3/charges,v3,Logistics,Inactive,api
2325,SendGrid Mailer API,Notifications,https://api.sendgrid.com/v3/mail/send,v1.0.0,Logistics,Active,api
2326,PAYMENT ENGINE #38,Payment,https://internal.api/v1/payment/action,v1.0.0,Growth-Marketing,Inactive,internal
2327,Notifications Engine #29,Notifications,https://internal.api/v1/notifications/action,v3,Core-Platform,Active,internal
2328,Salesforce Leads Service,CRM,https://test.salesforce.com/services/data/v55.0/sobjects/651,v2.1.0,Data-Eng,Active,test
2329,User Engine #35,User,https://internal.api/v1/user/action,v2-beta,Unknown,Deprecated,internal
2330,Payment Engine #24,Payment,https://internal.api/v1/payment/action,2024-01-01,Comms-Team,Deprecated,internal
2331,CRM Engine #41,CRM,https://internal.api/v1/crm/action,v3,FinTech-Core,Active,internal
2332,Twilio SMS Gateway Service,Notifications,https://api.twilio.com/2010-04-01/accounts/554,v2.1.0,Identity-IAM,Deprecated,api
2333,FedEx Ship Rates API,Shipping,https://apis.fedex.com/rate/v1/rates,v2-beta,Data-Eng,Deprecated,apis
2334,Auth0 Login Service,Auth,https://identity.auth0.com/oauth/token/455,v2-beta,Logistics,Deprecated,identity
2335,Datadog Telemetry API,Analytics,https://api.datadoghq.com/api/v2/logs/284,v2.1.0,Comms-Team,Active,api
2336,HubSpot Contacts API,CRM,https://api.hubapi.com/crm/v3/objects/contacts,v3,SecOps-Compliance,Deprecated,api
2337,User Profile Core API,Unknown,https://internal.platform/services/user-profile/365,v2.1.0,Identity-IAM,Active,internal
2338,HubSpot Contacts Service,CRM,https://api.hubapi.com/crm/v3/objects/contacts/314,v2-beta,Data-Eng,Deprecated,api
2339,Twilio SMS Gateway API,Notifications,https://api.twilio.com/2010-04-01/accounts/{env}/debug_mode,2024-01-01,Logistics,Active,api
2340,Okta Verify Service,Auth,https://okta.internal/api/v1/authn,v2-beta,Growth-Marketing,Active,okta
2341,Google Maps Geocode Service,Maps,https://maps.googleapis.com/maps/api/geocode/json,v2-beta,FinTech-Core,Active,maps
2342,SendGrid Mailer Service,Notifications,https://api.sendgrid.com/v3/mail/send,v3,Core-Platform,Active,api
2343,User Profile Core Service,User,https://internal.platform/services/user-profile/{env}/debug_mode,v1.4,Logistics,Active,internal
2344,Analytics Engine #35,Unknown,https://internal.api/v1/analytics/action,v3,Identity-IAM,Inactive,internal
2345,Shipping Engine #36,Shipping,https://internal.api/v1/shipping/action,v3,Comms-Team,Active,internal
2346,User Engine #48,User,https://internal.api/v1/user/action,v1-alpha,SecOps-Compliance,Active,internal
2347,Notifications Engine #64,Unknown,https://internal.api/v1/notifications/action,v2-beta,Comms-Team,Active,internal
2348,CRM Engine #51,CRM,https://internal.api/v1/crm/action,test-version,FinTech-Core,Active,internal
2349,Salesforce Leads Service,CRM,https://test.salesforce.com/services/data/v55.0/sobjects,Unknown,Data-Eng,Active,test
2350,google maps geocode api,Maps,https://maps.googleapis.com/maps/api/geocode/json,v1.0.0,Logistics,Active,maps
2351,GDPR Purge Utility API,Compliance,https://compliance.internal/v1/purge,v1.0.0,Core-Platform,Active,compliance
2352,maps engine #52,Maps,https://internal.api/v1/maps/action,v1.0.0,Identity-IAM,Deprecated,internal
2353,Okta Verify Service,IAM,https://okta.internal/api/v1/authn/799,v3,Growth-Marketing,Active,okta
2354,Google Maps Geocode API,Maps,https://maps.googleapis.com/maps/api/geocode/json,2024-01-01,FinTech-Core,Inactive,maps
2355,GOOGLE MAPS GEOCODE API,Maps,https://maps.googleapis.com/maps/api/geocode/json,2024-01-01,Core-Platform,Active,maps
2356,Maps Engine #53,Maps,https://internal.api/v1/maps/action/{env}/debug_mode,v2-beta,Logistics,Active,internal
2357,Compliance Engine #95,Compliance,https://internal.api/v1/compliance/action,v1.0.0,Comms-Team,Deprecated,internal
2358,Notifications Engine #60,Notifications,https://internal.api/v1/notifications/action,v2.1.0,FinTech-Core,Active,internal
2359,HubSpot Contacts API,CRM,https://api.hubapi.com/crm/v3/objects/contacts,v2.1.0,SecOps-Compliance,Deprecated,api
2360,Auth Engine #51,Auth,https://internal.api/v1/auth/action,v3,Unknown,Active,internal
2361,Snowflake Ingestion Service,Analytics,https://snowflake.internal/api/v1/ingest/287,2024-01-01,Logistics,Inactive,snowflake
2362,Okta Verify API,Auth,https://okta.internal/api/v1/authn,v3,FinTech-Core,Deprecated,okta
2363,Analytics Engine #65,Analytics,https://internal.api/v1/analytics/action,v2-beta,Core-Platform,Active,internal
2364,Payment Engine #40,Payment,https://internal.api/v1/payment/action/{env}/debug_mode,v1.4,Growth-Marketing,Active,internal
2365,Datadog Telemetry API,Analytics,https://api.datadoghq.com/api/v2/logs/173,0.0.1-SNAPSHOT,SecOps-Compliance,Active,api
2366,Google Maps Geocode API,Maps,https://maps.googleapis.com/maps/api/geocode/json,v1.0.0,Logistics,Active,maps
2367,AdRoll Tracking Pixels API,Marketing,https://api.adroll.com/v2/pixels/386,v3,FinTech-Core,Active,api
2368,Stripe Payments API,Payment,https://api.stripe.com/v3/charges,v1-alpha,Data-Eng,Deprecated,api
2369,auth0 login api,Auth,https://identity.auth0.com/oauth/token/779,v1.0.0,Data-Eng,Inactive,identity
2370,Compliance Engine #78,Compliance,https://internal.api/v1/compliance/action,v1.0.0,Identity-IAM,Active,internal
2371,Google Maps Geocode API,Maps,https://maps.googleapis.com/maps/api/geocode/json/754,v2.1.0,Unknown,Inactive,maps
2372,Salesforce Leads Service,CRM,https://test.salesforce.com/services/data/v55.0/sobjects/924,v1.0.0,Core-Platform,Active,test
2373,CRM Engine #95,CRM,https://internal.api/v1/crm/action,v1-alpha,FinTech-Core,Active,internal
2374,AdRoll Tracking Pixels Service,Marketing,https://api.adroll.com/v2/pixels,v2-beta,Comms-Team,Active,api
2375,Salesforce Leads API,CRM,https://test.salesforce.com/services/data/v55.0/sobjects/548,v3,Identity-IAM,Deprecated,test
2376,Notifications Engine #92,Unknown,https://internal.api/v1/notifications/action,v2-beta,SecOps-Compliance,Active,internal
2377,SendGrid Mailer Service,Notifications,https://api.sendgrid.com/v3/mail/send/226,test-version,Comms-Team,Active,api
2378,PayPal Checkout Service,Payment,https://api-m.paypal.com/v2/checkout/orders,v1.0.0,Core-Platform,Active,api-m
2379,Marketing Engine #89,Marketing,https://internal.api/v1/marketing/action,v2-beta,Identity-IAM,Deprecated,internal
2380,AdRoll Tracking Pixels API,Marketing,https://api.adroll.com/v2/pixels/166,v1.4,Data-Eng,Active,api
2381,Datadog Telemetry Service,Analytics,https://api.datadoghq.com/api/v2/logs,v3,SecOps-Compliance,Deprecated,api
2382,Salesforce Leads API,CRM,https://test.salesforce.com/services/data/v55.0/sobjects/783,v1.4,Data-Eng,Active,test
2383,Datadog Telemetry Service,Analytics,https://api.datadoghq.com/api/v2/logs/455,v2.1.0,Logistics,Active,api
2384,Stripe Payments Service,Unknown,https://api.stripe.com/v3/charges,2024-01-01,Core-Platform,Active,api
2385,Shipping Engine #42,Shipping,https://internal.api/v1/shipping/action,v2.1.0,Core-Platform,Active,internal
2386,PayPal Checkout API,Payment,https://api-m.paypal.com/v2/checkout/orders,v2.1.0,Identity-IAM,Deprecated,api-m
2387,Notifications Engine #25,Notifications,https://internal.api/v1/notifications/action,v1.4,Comms-Team,Active,internal
2388,Auth Engine #17,Auth,https://internal.api/v1/auth/action,v1-alpha,Core-Platform,Deprecated,internal
2389,HubSpot Contacts API,CRM,https://api.hubapi.com/crm/v3/objects/contacts,Unknown,Comms-Team,Active,api
2390,SNOWFLAKE INGESTION API,Analytics,https://snowflake.internal/api/v1/ingest,v2-beta,Growth-Marketing,Active,snowflake
2391,GDPR Purge Utility Service,Compliance,https://compliance.internal/v1/purge,v1.4,Data-Eng,Deprecated,compliance
2392,Marketing Engine #88,Marketing,https://internal.api/v1/marketing/action,v2-beta,FinTech-Core,Active,internal
2393,Analytics Engine #49,Unknown,https://internal.api/v1/analytics/action,v2.1.0,Logistics,Active,internal
2394,Analytics Engine #30,Analytics,https://internal.api/v1/analytics/action,v1.4,FinTech-Core,Deprecated,internal
2395,STRIPE PAYMENTS SERVICE,Payment,https://api.stripe.com/v3/charges,2024-01-01,Logistics,Active,api
2396,marketing engine #43,Marketing,https://internal.api/v1/marketing/action,v1.0.0,SecOps-Compliance,Active,internal
2397,Auth Engine #85,Unknown,https://internal.api/v1/auth/action,2024-01-01,Identity-IAM,Inactive,internal
2398,User Profile Core Service,User,https://internal.platform/services/user-profile,v1.4,Data-Eng,Active,internal
2399,Payment Engine #65,Payment,https://internal.api/v1/payment/action,Unknown,Comms-Team,Deprecated,internal
2400,Datadog Telemetry API,Analytics,https://api.datadoghq.com/api/v2/logs/402,0.0.1-SNAPSHOT,Growth-Marketing,Active,api
2401,GDPR Purge Utility API,Compliance,https://compliance.internal/v1/purge,Unknown,SecOps-Compliance,Active,compliance
2402,Shipping Engine #27,Shipping,https://internal.api/v1/shipping/action,v3,Logistics,Active,internal
2403,Snowflake Ingestion API,Analytics,https://snowflake.internal/api/v1/ingest/632,v1.4,Comms-Team,Active,snowflake
2404,Maps Engine #65,Maps,https://internal.api/v1/maps/action,v1.0.0,Growth-Marketing,Active,internal
2405,Auth0 Login Service,Unknown,https://identity.auth0.com/oauth/token/798,v2-beta,Identity-IAM,Active,identity
2406,SALESFORCE LEADS SERVICE,CRM,https://test.salesforce.com/services/data/v55.0/sobjects,v2-beta,Identity-IAM,Deprecated,test
2407,Snowflake Ingestion API,Analytics,https://snowflake.internal/api/v1/ingest,v2-beta,Comms-Team,Active,snowflake
2408,USER ENGINE #24,User,https://internal.api/v1/user/action,v1.4,FinTech-Core,Inactive,internal
2409,User Engine #35,User,https://internal.api/v1/user/action,v1.4,FinTech-Core,Deprecated,internal
2410,Google Maps Geocode API,Maps,https://maps.googleapis.com/maps/api/geocode/json,v1.4,Unknown,Inactive,maps
2411,Salesforce Leads API,CRM,https://test.salesforce.com/services/data/v55.0/sobjects,v1-alpha,SecOps-Compliance,Inactive,test
2412,Stripe Payments API,Payment,https://api.stripe.com/v3/charges,2024-01-01,FinTech-Core,Inactive,api
2413,Datadog Telemetry API,Analytics,https://api.datadoghq.com/api/v2/logs,v1.0.0,FinTech-Core,Active,api
2414,Shipping Engine #17,Shipping,https://internal.api/v1/shipping/action,v2.1.0,Unknown,Inactive,internal
2415,Marketing Engine #23,Unknown,https://internal.api/v1/marketing/action,v1.0.0,Logistics,Inactive,internal
2416,Snowflake Ingestion Service,Analytics,https://snowflake.internal/api/v1/ingest,v3,Data-Eng,Active,snowflake
2417,SendGrid Mailer Service,Notifications,https://api.sendgrid.com/v3/mail/send,v3,Growth-Marketing,Active,api
2418,GDPR Purge Utility API,Compliance,https://compliance.internal/v1/purge,test-version,Logistics,Active,compliance
2419,Payment Engine #18,Unknown,https://internal.api/v1/payment/action,v2.1.0,SecOps-Compliance,Active,internal
2420,twilio sms gateway api,Notifications,https://api.twilio.com/2010-04-01/accounts,v3,Growth-Marketing,Active,api
2421,AdRoll Tracking Pixels Service,Marketing,https://api.adroll.com/v2/pixels,v1.0.0,Logistics,Active,api
2422,User Profile Core API,User,https://internal.platform/services/user-profile,test-version,Core-Platform,Active,internal
2423,Auth Engine #69,Auth,https://internal.api/v1/auth/action,test-version,Growth-Marketing,Active,internal
2424,Auth Engine #79,Unknown,https://internal.api/v1/auth/action,v3,Data-Eng,Inactive,internal
2425,Auth0 Login Service,Auth,https://identity.auth0.com/oauth/token,v1-alpha,Identity-IAM,Inactive,identity
2426,Maps Engine #64,Maps,https://internal.api/v1/maps/action/{env}/debug_mode,v1.4,Comms-Team,Inactive,internal
2427,User Profile Core Service,User,https://internal.platform/services/user-profile,v1.0.0,Logistics,Active,internal
2428,Stripe Payments Service,Payment,https://api.stripe.com/v3/charges,2024-01-01,Data-Eng,Deprecated,api
2429,Payment Engine #95,Payment,https://internal.api/v1/payment/action,2024-01-01,Data-Eng,Inactive,internal
2430,Maps Engine #61,Maps,https://internal.api/v1/maps/action,0.0.1-SNAPSHOT,SecOps-Compliance,Inactive,internal
2431,Google Maps Geocode Service,Maps,https://maps.googleapis.com/maps/api/geocode/json,v3,Logistics,Deprecated,maps
2432,CRM Engine #30,CRM,https://internal.api/v1/crm/action,v1-alpha,Comms-Team,Active,internal
2433,Notifications Engine #42,Notifications,https://internal.api/v1/notifications/action,Unknown,Core-Platform,Active,internal
2434,Shipping Engine #14,Shipping,https://internal.api/v1/shipping/action,v3,Unknown,Inactive,internal
2435,Notifications Engine #31,Notifications,https://internal.api/v1/notifications/action,v1.4,FinTech-Core,Active,internal
2436,CRM Engine #50,CRM,https://internal.api/v1/crm/action,v3,Growth-Marketing,Inactive,internal
2437,GDPR Purge Utility Service,Compliance,https://compliance.internal/v1/purge,v2-beta,FinTech-Core,Inactive,compliance
2438,Marketing Engine #73,Marketing,https://internal.api/v1/marketing/action,v2.1.0,Comms-Team,Active,internal
2439,Okta Verify Service,Auth,https://okta.internal/api/v1/authn/788,2024-01-01,Data-Eng,Inactive,okta
2440,AdRoll Tracking Pixels API,Marketing,https://api.adroll.com/v2/pixels/787,v2.1.0,SecOps-Compliance,Deprecated,api
2441,Analytics Engine #21,Analytics,https://internal.api/v1/analytics/action,v3,Unknown,Inactive,internal
2442,GDPR Purge Utility Service,Compliance,https://compliance.internal/v1/purge/687,v2-beta,Core-Platform,Deprecated,compliance
2443,User Engine #26,User,https://internal.api/v1/user/action/{env}/debug_mode,v3,FinTech-Core,Active,internal
2444,Okta Verify API,Auth,https://okta.internal/api/v1/authn,v1.0.0,Logistics,Active,okta
2445,HubSpot Contacts Service,CRM,https://api.hubapi.com/crm/v3/objects/contacts,2024-01-01,Logistics,Active,api
2446,Payment Engine #30,Payment,https://internal.api/v1/payment/action,v2-beta,SecOps-Compliance,Inactive,internal
2447,Snowflake Ingestion API,Analytics,https://snowflake.internal/api/v1/ingest,v3,Comms-Team,Active,snowflake
2448,GDPR Purge Utility API,Compliance,https://compliance.internal/v1/purge,v1.0.0,SecOps-Compliance,Deprecated,compliance
2449,Payment Engine #47,Payment,https://internal.api/v1/payment/action,v1.0.0,SecOps-Compliance,Inactive,internal
2450,Google Maps Geocode API,Maps,https://maps.googleapis.com/maps/api/geocode/json,v3,FinTech-Core,Active,maps
2451,Datadog Telemetry API,Analytics,https://api.datadoghq.com/api/v2/logs/422,v1.4,FinTech-Core,Active,api
2452,Salesforce Leads Service,Unknown,https://test.salesforce.com/services/data/v55.0/sobjects/136,v1.0.0,Core-Platform,Deprecated,test
2453,Analytics Engine #27,Analytics,https://internal.api/v1/analytics/action,v2-beta,FinTech-Core,Deprecated,internal
2454,SendGrid Mailer Service,Unknown,https://api.sendgrid.com/v3/mail/send/839,v1.0.0,Logistics,Deprecated,api
2455,Salesforce Leads Service,CRM,https://test.salesforce.com/services/data/v55.0/sobjects/{env}/debug_mode,v2.1.0,SecOps-Compliance,Active,test
2456,Payment Engine #30,FinTech,https://internal.api/v1/payment/action,v1.0.0,Comms-Team,Active,internal
2457,Snowflake Ingestion Service,Analytics,https://snowflake.internal/api/v1/ingest/578,v1.4,Core-Platform,Inactive,snowflake
2458,HubSpot Contacts Service,CRM,https://api.hubapi.com/crm/v3/objects/contacts,v2-beta,Identity-IAM,Deprecated,api
2459,salesforce leads service,CRM,https://test.salesforce.com/services/data/v55.0/sobjects/227,v1.0.0,Identity-IAM,Active,test
2460,GDPR Purge Utility Service,Compliance,https://compliance.internal/v1/purge,2024-01-01,Logistics,Active,compliance
2461,SendGrid Mailer Service,Notifications,https://api.sendgrid.com/v3/mail/send/{env}/debug_mode,v1.4,FinTech-Core,Active,api
2462,HubSpot Contacts Service,CRM,https://api.hubapi.com/crm/v3/objects/contacts/627,2024-01-01,Comms-Team,Active,api
2463,PayPal Checkout API,Payment,https://api-m.paypal.com/v2/checkout/orders/{env}/debug_mode,v2.1.0,Logistics,Inactive,api-m
2464,FedEx Ship Rates Service,Shipping,https://apis.fedex.com/rate/v1/rates,v1.0.0,SecOps-Compliance,Deprecated,apis
2465,Maps Engine #83,Maps,https://internal.api/v1/maps/action,v1.4,SecOps-Compliance,Active,internal
2466,analytics engine #23,Analytics,https://internal.api/v1/analytics/action,v1.0.0,SecOps-Compliance,Active,internal
2467,PayPal Checkout API,Payment,https://api-m.paypal.com/v2/checkout/orders/{env}/debug_mode,2024-01-01,Data-Eng,Inactive,api-m
2468,Auth Engine #18,Auth,https://internal.api/v1/auth/action,2024-01-01,Logistics,Active,internal
2469,Stripe Payments API,Payment,https://api.stripe.com/v3/charges,v2-beta,Data-Eng,Inactive,api
2470,Datadog Telemetry API,Analytics,https://api.datadoghq.com/api/v2/logs,2026_RC4,Comms-Team,Active,api
2471,Analytics Engine #50,Analytics,https://internal.api/v1/analytics/action,v3,Data-Eng,Inactive,internal
2472,Twilio SMS Gateway Service,Notifications,https://api.twilio.com/2010-04-01/accounts/521,v1.4,Identity-IAM,Deprecated,api
2473,datadog telemetry service,Analytics,https://api.datadoghq.com/api/v2/logs/632,v2-beta,SecOps-Compliance,Inactive,api
2474,SendGrid Mailer Service,Notifications,https://api.sendgrid.com/v3/mail/send/432,2024-01-01,Comms-Team,Inactive,api
2475,Compliance Engine #25,Compliance,https://internal.api/v1/compliance/action,v1.0.0,Identity-IAM,Inactive,internal
2476,Payment Engine #69,Payment,https://internal.api/v1/payment/action/{env}/debug_mode,v1.4,Core-Platform,Deprecated,internal
2477,Snowflake Ingestion API,Analytics,https://snowflake.internal/api/v1/ingest,v1-alpha,Identity-IAM,Active,snowflake
2478,Stripe Payments Service,Payment,https://api.stripe.com/v3/charges,v1.4,Logistics,Inactive,api
2479,Okta Verify API,Auth,https://okta.internal/api/v1/authn/642,v2.1.0,Unknown,Active,okta
2480,SendGrid Mailer API,Notifications,https://api.sendgrid.com/v3/mail/send,v1.4,Unknown,Inactive,api
2481,Maps Engine #43,Maps,https://internal.api/v1/maps/action,v1.0.0,Unknown,Active,internal
2482,Notifications Engine #90,Notifications,https://internal.api/v1/notifications/action,Unknown,Identity-IAM,Active,internal
2483,NOTIFICATIONS ENGINE #11,Notifications,https://internal.api/v1/notifications/action,v3,Logistics,Active,internal
2484,Auth Engine #32,Auth,https://internal.api/v1/auth/action,Unknown,Core-Platform,Active,internal
2485,Auth0 Login Service,Auth,https://identity.auth0.com/oauth/token,test-version,Core-Platform,Deprecated,identity
2486,AdRoll Tracking Pixels API,Marketing,https://api.adroll.com/v2/pixels/160,v1.4,Unknown,Active,api
2487,PayPal Checkout Service,Unknown,https://api-m.paypal.com/v2/checkout/orders/839,v2-beta,Core-Platform,Deprecated,api-m
2488,Auth Engine #40,Auth,https://internal.api/v1/auth/action,2024-01-01,SecOps-Compliance,Active,internal
2489,USER PROFILE CORE API,User,https://internal.platform/services/user-profile,v2-beta,Identity-IAM,Active,internal
2490,Twilio SMS Gateway Service,Notifications,https://api.twilio.com/2010-04-01/accounts/492,v2.1.0,Core-Platform,Active,api
2491,Google Maps Geocode Service,Unknown,https://maps.googleapis.com/maps/api/geocode/json,v2-beta,Identity-IAM,Active,maps
2492,Auth0 Login Service,Auth,https://identity.auth0.com/oauth/token/403,v1.0.0,Unknown,Active,identity
2493,Compliance Engine #31,Compliance,https://internal.api/v1/compliance/action,2024-01-01,Data-Eng,Active,internal
2494,Payment Engine #46,Payment,https://internal.api/v1/payment/action,v3,Logistics,Inactive,internal
2495,Datadog Telemetry Service,Analytics,https://api.datadoghq.com/api/v2/logs/{env}/debug_mode,v2-beta,Logistics,Active,api
2496,User Profile Core Service,User,https://internal.platform/services/user-profile/373,v1.4,Logistics,Deprecated,internal
2497,AdRoll Tracking Pixels API,Marketing,https://api.adroll.com/v2/pixels,v2.1.0,Growth-Marketing,Deprecated,api
2498,Auth0 Login Service,Auth,https://identity.auth0.com/oauth/token/838,2024-01-01,Comms-Team,Deprecated,identity
2499,Auth0 Login API,Auth,https://identity.auth0.com/oauth/token,v1.4,FinTech-Core,Active,identity
2500,Stripe Payments API,Unknown,https://api.stripe.com/v3/charges,v1.0.0,Identity-IAM,Active,api
2501,Snowflake Ingestion API,Unknown,https://snowflake.internal/api/v1/ingest,v1.4,SecOps-Compliance,Deprecated,snowflake
2502,Google Maps Geocode API,Maps,https://maps.googleapis.com/maps/api/geocode/json/{env}/debug_mode,v2.1.0,Data-Eng,Inactive,maps
2503,CRM Engine #38,CRM,https://internal.api/v1/crm/action,v1.4,Identity-IAM,Deprecated,internal
2504,Salesforce Leads API,CRM,https://test.salesforce.com/services/data/v55.0/sobjects,Unknown,SecOps-Compliance,Inactive,test
2505,GDPR Purge Utility API,Compliance,https://compliance.internal/v1/purge,2024-01-01,FinTech-Core,Active,compliance
2506,Auth Engine #84,Auth,https://internal.api/v1/auth/action,2024-01-01,Logistics,Active,internal
2507,GDPR Purge Utility API,Compliance,https://compliance.internal/v1/purge/528,v2.1.0,Identity-IAM,Active,compliance
2508,Salesforce Leads API,CRM,https://test.salesforce.com/services/data/v55.0/sobjects/968,v1.0.0,Core-Platform,Active,test
2509,Payment Engine #75,Payment,https://internal.api/v1/payment/action,Unknown,Comms-Team,Inactive,internal
2510,User Profile Core Service,User,https://internal.platform/services/user-profile/664,v2-beta,Comms-Team,Active,internal
2511,Shipping Engine #77,Shipping,https://internal.api/v1/shipping/action,v2-beta,Unknown,Active,internal
2512,Marketing Engine #77,Marketing,https://internal.api/v1/marketing/action,0.0.1-SNAPSHOT,Identity-IAM,Active,internal
2513,HubSpot Contacts Service,CRM,https://api.hubapi.com/crm/v3/objects/contacts/{env}/debug_mode,2024-01-01,SecOps-Compliance,Active,api
2514,Okta Verify API,Auth,https://okta.internal/api/v1/authn,2026_RC4,SecOps-Compliance,Inactive,okta
2515,fedex ship rates api,Shipping,https://apis.fedex.com/rate/v1/rates,v1.0.0,Data-Eng,Deprecated,apis
2516,SendGrid Mailer Service,Notifications,https://api.sendgrid.com/v3/mail/send,test-version,SecOps-Compliance,Active,api
2517,crm engine #59,CRM,https://internal.api/v1/crm/action,v2.1.0,Comms-Team,Active,internal
2518,AUTH0 LOGIN SERVICE,Auth,https://identity.auth0.com/oauth/token/232,v2.1.0,Core-Platform,Inactive,identity
2519,Auth Engine #49,Unknown,https://internal.api/v1/auth/action,v2-beta,Logistics,Active,internal
2520,FedEx Ship Rates API,Shipping,https://apis.fedex.com/rate/v1/rates,v3,SecOps-Compliance,Active,apis
2521,Twilio SMS Gateway API,Unknown,https://api.twilio.com/2010-04-01/accounts/557,v1.4,Core-Platform,Inactive,api
2522,SendGrid Mailer API,Notifications,https://api.sendgrid.com/v3/mail/send,v2-beta,Unknown,Inactive,api
2523,Shipping Engine #82,Shipping,https://internal.api/v1/shipping/action,2024-01-01,Comms-Team,Active,internal
2524,PayPal Checkout Service,Payment,https://api-m.paypal.com/v2/checkout/orders,Unknown,FinTech-Core,Deprecated,api-m
2525,HubSpot Contacts Service,CRM,https://api.hubapi.com/crm/v3/objects/contacts,v3,FinTech-Core,Active,api
2526,User Engine #55,User,https://internal.api/v1/user/action/{env}/debug_mode,v1.0.0,Data-Eng,Deprecated,internal
2527,User Profile Core API,User,https://internal.platform/services/user-profile/654,v1.0.0,Logistics,Active,internal
2528,Shipping Engine #79,Unknown,https://internal.api/v1/shipping/action,v1.0.0,Identity-IAM,Active,internal
2529,Compliance Engine #98,Compliance,https://internal.api/v1/compliance/action,v2.1.0,Growth-Marketing,Active,internal
2530,DATADOG TELEMETRY API,Analytics,https://api.datadoghq.com/api/v2/logs,2024-01-01,Comms-Team,Deprecated,api
2531,User Engine #92,Unknown,https://internal.api/v1/user/action,v3,Growth-Marketing,Active,internal
2532,User Engine #13,User,https://internal.api/v1/user/action/{env}/debug_mode,v2-beta,Data-Eng,Active,internal
2533,Auth Engine #95,Auth,https://internal.api/v1/auth/action,v2-beta,Comms-Team,Active,internal
2534,Salesforce Leads Service,CRM,https://test.salesforce.com/services/data/v55.0/sobjects/420,v1.4,Unknown,Inactive,test
2535,PayPal Checkout API,Payment,https://api-m.paypal.com/v2/checkout/orders/963,v1.4,FinTech-Core,Active,api-m
2536,User Profile Core API,User,https://internal.platform/services/user-profile/469,test-version,Data-Eng,Deprecated,internal
2537,Salesforce Leads API,CRM,https://test.salesforce.com/services/data/v55.0/sobjects,v3,Identity-IAM,Active,test
2538,Analytics Engine #95,Analytics,https://internal.api/v1/analytics/action,2024-01-01,Logistics,Active,internal
2539,GDPR Purge Utility API,Compliance,https://compliance.internal/v1/purge/447,v1.0.0,Logistics,Active,compliance
2540,SendGrid Mailer API,Notifications,https://api.sendgrid.com/v3/mail/send,v2-beta,SecOps-Compliance,Deprecated,api
2541,PayPal Checkout Service,Payment,https://api-m.paypal.com/v2/checkout/orders,v3,Core-Platform,Active,api-m
2542,CRM Engine #56,CRM,https://internal.api/v1/crm/action,v1.4,Comms-Team,Deprecated,internal
2543,User Engine #67,User,https://internal.api/v1/user/action,Unknown,Logistics,Inactive,internal
2544,DATADOG TELEMETRY SERVICE,Analytics,https://api.datadoghq.com/api/v2/logs,v3,Comms-Team,Active,api
2545,Auth Engine #69,Unknown,https://internal.api/v1/auth/action,2024-01-01,Identity-IAM,Inactive,internal
2546,GDPR Purge Utility API,Compliance,https://compliance.internal/v1/purge/856,v3,Data-Eng,Inactive,compliance
2547,HubSpot Contacts API,Unknown,https://api.hubapi.com/crm/v3/objects/contacts/475,2024-01-01,SecOps-Compliance,Deprecated,api
2548,PayPal Checkout Service,Payment,https://api-m.paypal.com/v2/checkout/orders/360,v2-beta,FinTech-Core,Active,api-m
2549,Maps Engine #32,Maps,https://internal.api/v1/maps/action,v2-beta,Growth-Marketing,Inactive,internal
2550,Auth0 Login Service,Auth,https://identity.auth0.com/oauth/token,v1.4,Identity-IAM,Active,identity
2551,SHIPPING ENGINE #88,Shipping,https://internal.api/v1/shipping/action,2024-01-01,Core-Platform,Inactive,internal
2552,GDPR Purge Utility Service,Compliance,https://compliance.internal/v1/purge/828,v3,Identity-IAM,Deprecated,compliance
2553,SendGrid Mailer API,Comms,https://api.sendgrid.com/v3/mail/send/237,v1.0.0,Core-Platform,Active,api
2554,Salesforce Leads Service,CRM,https://test.salesforce.com/services/data/v55.0/sobjects/494,v3,Identity-IAM,Deprecated,test
2555,Stripe Payments API,Payment,https://api.stripe.com/v3/charges/956,v1.0.0,SecOps-Compliance,Deprecated,api
2556,FedEx Ship Rates API,Unknown,https://apis.fedex.com/rate/v1/rates,v1.4,Identity-IAM,Active,apis
2557,CRM Engine #93,CRM,https://internal.api/v1/crm/action,v1.0.0,SecOps-Compliance,Inactive,internal
2558,Okta Verify API,Auth,https://okta.internal/api/v1/authn/215,v1.4,Unknown,Deprecated,okta
2559,Compliance Engine #13,Compliance,https://internal.api/v1/compliance/action,v2-beta,Unknown,Active,internal
2560,GDPR Purge Utility Service,Compliance,https://compliance.internal/v1/purge/762,v1.0.0,Unknown,Active,compliance
2561,Compliance Engine #12,Compliance,https://internal.api/v1/compliance/action,v1.4,Core-Platform,Inactive,internal
2562,Payment Engine #92,Payment,https://internal.api/v1/payment/action,Unknown,FinTech-Core,Active,internal
2563,Snowflake Ingestion API,Analytics,https://snowflake.internal/api/v1/ingest,v1.4,SecOps-Compliance,Active,snowflake
2564,PayPal Checkout Service,Payment,https://api-m.paypal.com/v2/checkout/orders,test-version,Core-Platform,Active,api-m
2565,Okta Verify Service,Auth,https://okta.internal/api/v1/authn,v1.4,Logistics,Active,okta
2566,FedEx Ship Rates API,Shipping,https://apis.fedex.com/rate/v1/rates/498/{env}/debug_mode,v3,Data-Eng,Active,apis
2567,Stripe Payments API,Payment,https://api.stripe.com/v3/charges,v1.0.0,Logistics,Deprecated,api
2568,PayPal Checkout API,Payment,https://api-m.paypal.com/v2/checkout/orders,v2-beta,Logistics,Active,api-m
2569,Snowflake Ingestion Service,Analytics,https://snowflake.internal/api/v1/ingest,v1.4,Core-Platform,Deprecated,snowflake
2570,Datadog Telemetry Service,Analytics,https://api.datadoghq.com/api/v2/logs/724,v2-beta,Identity-IAM,Active,api
2571,User Profile Core Service,User,https://internal.platform/services/user-profile,v2.1.0,Logistics,Deprecated,internal
2572,USER PROFILE CORE API,User,https://internal.platform/services/user-profile,v1.4,Data-Eng,Active,internal
2573,PayPal Checkout Service,Payment,https://api-m.paypal.com/v2/checkout/orders/643,Unknown,SecOps-Compliance,Active,api-m
2574,SendGrid Mailer Service,Notifications,https://api.sendgrid.com/v3/mail/send,v3,Comms-Team,Inactive,api
2575,Twilio SMS Gateway Service,Notifications,https://api.twilio.com/2010-04-01/accounts,v3,SecOps-Compliance,Active,api
2576,Datadog Telemetry Service,Analytics,https://api.datadoghq.com/api/v2/logs,0.0.1-SNAPSHOT,Logistics,Active,api
2577,GDPR Purge Utility API,Compliance,https://compliance.internal/v1/purge,v2-beta,Unknown,Deprecated,compliance
2578,User Profile Core Service,User,https://internal.platform/services/user-profile/105,v1.0.0,SecOps-Compliance,Inactive,internal
2579,Analytics Engine #83,Analytics,https://internal.api/v1/analytics/action,v3,FinTech-Core,Active,internal
2580,SNOWFLAKE INGESTION SERVICE,Analytics,https://snowflake.internal/api/v1/ingest,v2.1.0,Identity-IAM,Inactive,snowflake
2581,Auth0 Login API,Unknown,https://identity.auth0.com/oauth/token/519,2024-01-01,Core-Platform,Active,identity
2582,Snowflake Ingestion API,Analytics,https://snowflake.internal/api/v1/ingest,test-version,FinTech-Core,Active,snowflake
2583,Payment Engine #52,Payment,https://internal.api/v1/payment/action,v2-beta,Logistics,Deprecated,internal
2584,shipping engine #73,Shipping,https://internal.api/v1/shipping/action,2024-01-01,Identity-IAM,Deprecated,internal
2585,Google Maps Geocode API,Maps,https://maps.googleapis.com/maps/api/geocode/json,v3,Core-Platform,Active,maps
2586,Datadog Telemetry Service,Analytics,https://api.datadoghq.com/api/v2/logs/146/{env}/debug_mode,v1.4,SecOps-Compliance,Deprecated,api
2587,GDPR Purge Utility API,Compliance,https://compliance.internal/v1/purge/{env}/debug_mode,v2-beta,Logistics,Active,compliance
2588,Shipping Engine #60,Shipping,https://internal.api/v1/shipping/action,v3,Logistics,Inactive,internal
2589,Google Maps Geocode API,Maps,https://maps.googleapis.com/maps/api/geocode/json/313,v1.4,Core-Platform,Active,maps
2590,Payment Engine #82,Payment,https://internal.api/v1/payment/action,2024-01-01,Logistics,Inactive,internal
2591,FedEx Ship Rates Service,Shipping,https://apis.fedex.com/rate/v1/rates,v2.1.0,Growth-Marketing,Deprecated,apis
2592,PayPal Checkout API,Payment,https://api-m.paypal.com/v2/checkout/orders/653/{env}/debug_mode,v3,Identity-IAM,Inactive,api-m
2593,FedEx Ship Rates API,Shipping,https://apis.fedex.com/rate/v1/rates,2026_RC4,Data-Eng,Active,apis
2594,GDPR Purge Utility Service,Compliance,https://compliance.internal/v1/purge,v3,Identity-IAM,Active,compliance
2595,SendGrid Mailer API,Notifications,https://api.sendgrid.com/v3/mail/send,v1.4,Identity-IAM,Active,api
2596,Snowflake Ingestion API,Analytics,https://snowflake.internal/api/v1/ingest,v2-beta,Data-Eng,Deprecated,snowflake
2597,STRIPE PAYMENTS API,Payment,https://api.stripe.com/v3/charges/730,v3,Growth-Marketing,Active,api
2598,Google Maps Geocode API,Maps,https://maps.googleapis.com/maps/api/geocode/json,v2.1.0,SecOps-Compliance,Active,maps
2599,Notifications Engine #17,Notifications,https://internal.api/v1/notifications/action,v1.4,Logistics,Active,internal
2600,Datadog Telemetry API,Unknown,https://api.datadoghq.com/api/v2/logs,v2-beta,FinTech-Core,Inactive,api
2601,Compliance Engine #70,Compliance,https://internal.api/v1/compliance/action,v2.1.0,Growth-Marketing,Inactive,internal
2602,CRM Engine #27,CRM,https://internal.api/v1/crm/action,2024-01-01,Unknown,Active,internal
2603,User Engine #94,User,https://internal.api/v1/user/action,v1.0.0,FinTech-Core,Active,internal
2604,SendGrid Mailer Service,Comms,https://api.sendgrid.com/v3/mail/send,v2-beta,Data-Eng,Deprecated,api
2605,Salesforce Leads API,CRM,https://test.salesforce.com/services/data/v55.0/sobjects,0.0.1-SNAPSHOT,Growth-Marketing,Deprecated,test
2606,Auth Engine #17,Auth,https://internal.api/v1/auth/action,v2.1.0,Logistics,Active,internal
2607,Analytics Engine #93,Analytics,https://internal.api/v1/analytics/action,v1.4,Core-Platform,Active,internal
2608,HUBSPOT CONTACTS API,CRM,https://api.hubapi.com/crm/v3/objects/contacts/647,v1.0.0,Logistics,Active,api
2609,Salesforce Leads API,CRM,https://test.salesforce.com/services/data/v55.0/sobjects,v1.0.0,SecOps-Compliance,Inactive,test
2610,PayPal Checkout API,Payment,https://api-m.paypal.com/v2/checkout/orders,2024-01-01,Logistics,Active,api-m
2611,HubSpot Contacts Service,CRM,https://api.hubapi.com/crm/v3/objects/contacts/384,v2.1.0,Logistics,Deprecated,api
2612,PayPal Checkout Service,Payment,https://api-m.paypal.com/v2/checkout/orders,v2.1.0,Logistics,Active,api-m
2613,Payment Engine #59,Payment,https://internal.api/v1/payment/action,v1.4,Comms-Team,Active,internal
2614,PayPal Checkout API,Payment,https://api-m.paypal.com/v2/checkout/orders,v3,Comms-Team,Deprecated,api-m
2615,AdRoll Tracking Pixels API,Marketing,https://api.adroll.com/v2/pixels,2024-01-01,Identity-IAM,Active,api
2616,Stripe Payments Service,Payment,https://api.stripe.com/v3/charges,0.0.1-SNAPSHOT,FinTech-Core,Active,api
2617,Shipping Engine #38,Shipping,https://internal.api/v1/shipping/action/{env}/debug_mode,v1.4,Data-Eng,Inactive,internal
2618,HubSpot Contacts Service,CRM,https://api.hubapi.com/crm/v3/objects/contacts/615,2024-01-01,Data-Eng,Active,api
2619,Salesforce Leads Service,CRM,https://test.salesforce.com/services/data/v55.0/sobjects/856,v1.0.0,FinTech-Core,Active,test
2620,Compliance Engine #91,Compliance,https://internal.api/v1/compliance/action,v2.1.0,Comms-Team,Deprecated,internal
2621,Notifications Engine #71,Notifications,https://internal.api/v1/notifications/action,v2.1.0,FinTech-Core,Active,internal
2622,Okta Verify Service,Auth,https://okta.internal/api/v1/authn/193,v1.4,Unknown,Active,okta
2623,SendGrid Mailer API,Notifications,https://api.sendgrid.com/v3/mail/send,v1.0.0,SecOps-Compliance,Active,api
2624,Stripe Payments API,Unknown,https://api.stripe.com/v3/charges/976,v2-beta,Core-Platform,Deprecated,api
2625,FedEx Ship Rates Service,Shipping,https://apis.fedex.com/rate/v1/rates/827,2024-01-01,Unknown,Active,apis
2626,Compliance Engine #62,Compliance,https://internal.api/v1/compliance/action,v3,Identity-IAM,Inactive,internal
2627,Notifications Engine #69,Notifications,https://internal.api/v1/notifications/action,v3,FinTech-Core,Inactive,internal
2628,datadog telemetry api,Analytics,https://api.datadoghq.com/api/v2/logs,v2-beta,Growth-Marketing,Active,api
2629,Marketing Engine #51,Marketing,https://internal.api/v1/marketing/action,v2.1.0,Core-Platform,Active,internal
2630,paypal checkout api,Payment,https://api-m.paypal.com/v2/checkout/orders/522,v1.4,Logistics,Active,api-m
2631,AdRoll Tracking Pixels API,Marketing,https://api.adroll.com/v2/pixels,v1.0.0,Core-Platform,Inactive,api
2632,PayPal Checkout API,Payment,https://api-m.paypal.com/v2/checkout/orders/900,v1.0.0,Identity-IAM,Active,api-m
2633,Payment Engine #10,Payment,https://internal.api/v1/payment/action,v3,Logistics,Active,internal
2634,HubSpot Contacts Service,CRM,https://api.hubapi.com/crm/v3/objects/contacts,v3,Comms-Team,Deprecated,api
2635,CRM Engine #92,CRM,https://internal.api/v1/crm/action,v1.0.0,Logistics,Active,internal
2636,Okta Verify Service,Auth,https://okta.internal/api/v1/authn,v3,Growth-Marketing,Inactive,okta
2637,Twilio SMS Gateway API,Notifications,https://api.twilio.com/2010-04-01/accounts,2024-01-01,SecOps-Compliance,Deprecated,api
2638,FedEx Ship Rates Service,Shipping,https://apis.fedex.com/rate/v1/rates,Unknown,SecOps-Compliance,Deprecated,apis
2639,CRM Engine #96,Unknown,https://internal.api/v1/crm/action,v2.1.0,Identity-IAM,Active,internal
2640,compliance engine #83,Compliance,https://internal.api/v1/compliance/action,v1.0.0,Data-Eng,Active,internal
2641,Google Maps Geocode Service,Maps,https://maps.googleapis.com/maps/api/geocode/json/246,v3,SecOps-Compliance,Inactive,maps
2642,SendGrid Mailer Service,Notifications,https://api.sendgrid.com/v3/mail/send/715,v2.1.0,Data-Eng,Active,api
2643,Stripe Payments Service,Payment,https://api.stripe.com/v3/charges/304,v1.4,Data-Eng,Inactive,api
2644,Analytics Engine #59,Analytics,https://internal.api/v1/analytics/action/{env}/debug_mode,v1.4,Data-Eng,Active,internal
2645,AdRoll Tracking Pixels Service,Marketing,https://api.adroll.com/v2/pixels/152,2024-01-01,Growth-Marketing,Active,api
2646,Google Maps Geocode API,Maps,https://maps.googleapis.com/maps/api/geocode/json/180,v3,Growth-Marketing,Inactive,maps
2647,auth0 login service,Auth,https://identity.auth0.com/oauth/token,v1.4,Logistics,Deprecated,identity
2648,User Profile Core API,User,https://internal.platform/services/user-profile,v2.1.0,Growth-Marketing,Inactive,internal
2649,User Engine #22,User,https://internal.api/v1/user/action,v1.0.0,Identity-IAM,Deprecated,internal
2650,PayPal Checkout Service,Payment,https://api-m.paypal.com/v2/checkout/orders/848,Unknown,SecOps-Compliance,Active,api-m
2651,User Profile Core Service,User,https://internal.platform/services/user-profile/319,v1.0.0,FinTech-Core,Active,internal
2652,HubSpot Contacts Service,CRM,https://api.hubapi.com/crm/v3/objects/contacts,2024-01-01,Growth-Marketing,Active,api
2653,User Engine #43,User,https://internal.api/v1/user/action,2026_RC4,Core-Platform,Deprecated,internal
2654,Stripe Payments Service,Unknown,https://api.stripe.com/v3/charges/633,v2-beta,Identity-IAM,Active,api
2655,Marketing Engine #17,Marketing,https://internal.api/v1/marketing/action,v1.0.0,Unknown,Deprecated,internal
2656,Snowflake Ingestion API,Analytics,https://snowflake.internal/api/v1/ingest/546,v1.4,Comms-Team,Active,snowflake
2657,Google Maps Geocode API,Maps,https://maps.googleapis.com/maps/api/geocode/json/713,v1.4,Unknown,Inactive,maps
2658,Google Maps Geocode Service,Maps,https://maps.googleapis.com/maps/api/geocode/json,2024-01-01,Logistics,Inactive,maps
2659,Stripe Payments API,Payment,https://api.stripe.com/v3/charges,v2-beta,SecOps-Compliance,legacy-active,api
2660,GDPR Purge Utility API,Compliance,https://compliance.internal/v1/purge/809,v2-beta,Logistics,Active,compliance
2661,Snowflake Ingestion Service,Analytics,https://snowflake.internal/api/v1/ingest/980,v1.4,Core-Platform,Inactive,snowflake
2662,Maps Engine #26,Maps,https://internal.api/v1/maps/action,2024-01-01,FinTech-Core,Active,internal
2663,SendGrid Mailer API,Notifications,https://api.sendgrid.com/v3/mail/send,Unknown,SecOps-Compliance,Active,api
2664,CRM Engine #13,CRM,https://internal.api/v1/crm/action,v1.4,FinTech-Core,Deprecated,internal
2665,Notifications Engine #23,Notifications,https://internal.api/v1/notifications/action,v1.4,SecOps-Compliance,Active,internal
2666,DATADOG TELEMETRY SERVICE,Analytics,https://api.datadoghq.com/api/v2/logs/128,v2.1.0,Identity-IAM,Inactive,api
2667,Auth Engine #74,Auth,https://internal.api/v1/auth/action,2024-01-01,FinTech-Core,Active,internal
2668,CRM Engine #56,Unknown,https://internal.api/v1/crm/action,v2-beta,Data-Eng,Active,internal
2669,GDPR Purge Utility Service,Compliance,https://compliance.internal/v1/purge/290,v3,Unknown,Active,compliance
2670,Payment Engine #74,Payment,https://internal.api/v1/payment/action/{env}/debug_mode,v3,SecOps-Compliance,Active,internal
2671,Snowflake Ingestion Service,Analytics,https://snowflake.internal/api/v1/ingest/470,v1.0.0,Unknown,Active,snowflake
2672,Okta Verify Service,Auth,https://okta.internal/api/v1/authn/520,2024-01-01,Comms-Team,Inactive,okta
2673,Compliance Engine #20,Compliance,https://internal.api/v1/compliance/action,v3,SecOps-Compliance,Active,internal
2674,Salesforce Leads Service,CRM,https://test.salesforce.com/services/data/v55.0/sobjects,2024-01-01,Data-Eng,Active,test
2675,Datadog Telemetry API,Analytics,https://api.datadoghq.com/api/v2/logs,v2.1.0,Growth-Marketing,Active,api
2676,Twilio SMS Gateway Service,Unknown,https://api.twilio.com/2010-04-01/accounts,v2.1.0,Growth-Marketing,Active,api
2677,Maps Engine #91,Maps,https://internal.api/v1/maps/action,v2.1.0,Logistics,Active,internal
2678,Datadog Telemetry API,Analytics,https://api.datadoghq.com/api/v2/logs/201,Unknown,Identity-IAM,Active,api
2679,PayPal Checkout API,Payment,https://api-m.paypal.com/v2/checkout/orders,v2-beta,Unknown,Active,api-m
2680,CRM Engine #47,CRM,https://internal.api/v1/crm/action,v1-alpha,Data-Eng,Active,internal
2681,SendGrid Mailer API,Notifications,https://api.sendgrid.com/v3/mail/send,v2-beta,Core-Platform,Active,api
2682,Payment Engine #60,Payment,https://internal.api/v1/payment/action/{env}/debug_mode,v1.0.0,Core-Platform,Active,internal
2683,HubSpot Contacts API,Unknown,https://api.hubapi.com/crm/v3/objects/contacts,v2.1.0,Growth-Marketing,Active,api
2684,DATADOG TELEMETRY SERVICE,Analytics,https://api.datadoghq.com/api/v2/logs,v2.1.0,Logistics,Active,api
2685,Payment Engine #76,Payment,https://internal.api/v1/payment/action,v2-beta,Data-Eng,Active,internal
2686,Shipping Engine #57,Shipping,https://internal.api/v1/shipping/action,test-version,Logistics,Active,internal
2687,SALESFORCE LEADS SERVICE,CRM,https://test.salesforce.com/services/data/v55.0/sobjects/107,2024-01-01,Logistics,Deprecated,test
2688,Payment Engine #55,Payment,https://internal.api/v1/payment/action,v1.4,FinTech-Core,Inactive,internal
2689,Salesforce Leads API,CRM,https://test.salesforce.com/services/data/v55.0/sobjects,v2-beta,Identity-IAM,Active,test
2690,FedEx Ship Rates Service,Shipping,https://apis.fedex.com/rate/v1/rates/922,v1.4,Unknown,Active,apis
2691,SendGrid Mailer API,Notifications,https://api.sendgrid.com/v3/mail/send/959,v1.0.0,Comms-Team,Active,api
2692,Maps Engine #66,Maps,https://internal.api/v1/maps/action,v2-beta,FinTech-Core,Active,internal
2693,Notifications Engine #19,Comms,https://internal.api/v1/notifications/action,v1.4,FinTech-Core,Inactive,internal
2694,HubSpot Contacts Service,CRM,https://api.hubapi.com/crm/v3/objects/contacts,v1.0.0,Identity-IAM,Inactive,api
2695,Snowflake Ingestion API,Analytics,https://snowflake.internal/api/v1/ingest,v1.0.0,Data-Eng,Active,snowflake
2696,FedEx Ship Rates API,Shipping,https://apis.fedex.com/rate/v1/rates,v1.4,Data-Eng,Deprecated,apis
2697,Shipping Engine #28,Shipping,https://internal.api/v1/shipping/action,v3,Identity-IAM,Active,internal
2698,AdRoll Tracking Pixels API,Marketing,https://api.adroll.com/v2/pixels,0.0.1-SNAPSHOT,FinTech-Core,Active,api
2699,AdRoll Tracking Pixels Service,Marketing,https://api.adroll.com/v2/pixels/409/{env}/debug_mode,v2.1.0,Growth-Marketing,Deprecated,api
2700,SendGrid Mailer API,Notifications,https://api.sendgrid.com/v3/mail/send,v3,Identity-IAM,Deprecated,api
2701,Payment Engine #23,Payment,https://internal.api/v1/payment/action,v1.0.0,FinTech-Core,Active,internal
2702,HubSpot Contacts Service,CRM,https://api.hubapi.com/crm/v3/objects/contacts/202,v2.1.0,Growth-Marketing,Deprecated,api
2703,Shipping Engine #72,Unknown,https://internal.api/v1/shipping/action,v1.0.0,Logistics,Active,internal
2704,Datadog Telemetry API,Analytics,https://api.datadoghq.com/api/v2/logs/762,2024-01-01,SecOps-Compliance,Active,api
2705,payment engine #59,Payment,https://internal.api/v1/payment/action,v3,Data-Eng,Inactive,internal
2706,SendGrid Mailer API,Notifications,https://api.sendgrid.com/v3/mail/send/222,v3,Identity-IAM,Active,api
2707,Twilio SMS Gateway API,Notifications,https://api.twilio.com/2010-04-01/accounts/195,v2-beta,Unknown,Active,api
2708,Compliance Engine #81,Compliance,https://internal.api/v1/compliance/action,Unknown,SecOps-Compliance,Active,internal
2709,AdRoll Tracking Pixels API,Marketing,https://api.adroll.com/v2/pixels,v3,Unknown,Active,api
2710,Compliance Engine #49,Compliance,https://internal.api/v1/compliance/action/{env}/debug_mode,v1.0.0,Data-Eng,Active,internal
2711,Shipping Engine #84,Shipping,https://internal.api/v1/shipping/action,v2.1.0,Unknown,Deprecated,internal
2712,Salesforce Leads API,CRM,https://test.salesforce.com/services/data/v55.0/sobjects/331,v2.1.0,Identity-IAM,Active,test
2713,Marketing Engine #10,Unknown,https://internal.api/v1/marketing/action,v1.0.0,Comms-Team,Deprecated,internal
2714,Twilio SMS Gateway API,Notifications,https://api.twilio.com/2010-04-01/accounts,2024-01-01,Data-Eng,Active,api
2715,Maps Engine #67,Unknown,https://internal.api/v1/maps/action,2024-01-01,Data-Eng,Active,internal
2716,Twilio SMS Gateway API,Notifications,https://api.twilio.com/2010-04-01/accounts/385,v3,Identity-IAM,Inactive,api
2717,AdRoll Tracking Pixels API,Marketing,https://api.adroll.com/v2/pixels/360,Unknown,FinTech-Core,Inactive,api
2718,Google Maps Geocode API,Maps,https://maps.googleapis.com/maps/api/geocode/json/705,0.0.1-SNAPSHOT,SecOps-Compliance,Active,maps
2719,Shipping Engine #35,Shipping,https://internal.api/v1/shipping/action,v1.0.0,Comms-Team,Active,internal
2720,SNOWFLAKE INGESTION SERVICE,Analytics,https://snowflake.internal/api/v1/ingest/152,v2-beta,Comms-Team,Active,snowflake
2721,Salesforce Leads API,CRM,https://test.salesforce.com/services/data/v55.0/sobjects/722,Unknown,Identity-IAM,Inactive,test
2722,SendGrid Mailer API,Notifications,https://api.sendgrid.com/v3/mail/send,2024-01-01,Unknown,Inactive,api
2723,Okta Verify API,Auth,https://okta.internal/api/v1/authn/787,v3,Unknown,Active,okta
2724,Datadog Telemetry API,Analytics,https://api.datadoghq.com/api/v2/logs,v2-beta,Unknown,Active,api
2725,User Engine #45,Unknown,https://internal.api/v1/user/action,v3,SecOps-Compliance,Inactive,internal
2726,sendgrid mailer service,Notifications,https://api.sendgrid.com/v3/mail/send/407,v2.1.0,FinTech-Core,Inactive,api
2727,HubSpot Contacts Service,CRM,https://api.hubapi.com/crm/v3/objects/contacts,v2-beta,Logistics,Deprecated,api
2728,SendGrid Mailer Service,Notifications,https://api.sendgrid.com/v3/mail/send/690,v3,FinTech-Core,Active,api
2729,GDPR Purge Utility API,Compliance,https://compliance.internal/v1/purge/261,2024-01-01,Core-Platform,Active,compliance
2730,SendGrid Mailer Service,Notifications,https://api.sendgrid.com/v3/mail/send/248,v2-beta,Data-Eng,Inactive,api
2731,Okta Verify Service,Auth,https://okta.internal/api/v1/authn/630,0.0.1-SNAPSHOT,Logistics,Active,okta
2732,User Profile Core Service,User,https://internal.platform/services/user-profile/308,Unknown,SecOps-Compliance,Active,internal
2733,PAYPAL CHECKOUT API,Payment,https://api-m.paypal.com/v2/checkout/orders,v1.0.0,SecOps-Compliance,Deprecated,api-m
2734,Notifications Engine #89,Notifications,https://internal.api/v1/notifications/action,v3,Core-Platform,Deprecated,internal
2735,SendGrid Mailer Service,Unknown,https://api.sendgrid.com/v3/mail/send/450,v2-beta,SecOps-Compliance,Active,api
2736,analytics engine #70,Analytics,https://internal.api/v1/analytics/action,v2.1.0,Growth-Marketing,Inactive,internal
2737,MARKETING ENGINE #79,Marketing,https://internal.api/v1/marketing/action,2024-01-01,Identity-IAM,Inactive,internal
2738,Salesforce Leads API,CRM,https://test.salesforce.com/services/data/v55.0/sobjects/949/{env}/debug_mode,2024-01-01,Growth-Marketing,Deprecated,test
2739,User Engine #33,User,https://internal.api/v1/user/action,v1.0.0,Core-Platform,Active,internal
2740,Marketing Engine #40,Marketing,https://internal.api/v1/marketing/action,v1.0.0,Identity-IAM,Active,internal
2741,Datadog Telemetry API,Unknown,https://api.datadoghq.com/api/v2/logs,v1.0.0,FinTech-Core,Inactive,api
2742,Datadog Telemetry API,Analytics,https://api.datadoghq.com/api/v2/logs/294,test-version,Identity-IAM,Deprecated,api
2743,Salesforce Leads API,CRM,https://test.salesforce.com/services/data/v55.0/sobjects,2024-01-01,FinTech-Core,Active,test
2744,Salesforce Leads Service,CRM,https://test.salesforce.com/services/data/v55.0/sobjects/445/{env}/debug_mode,v2.1.0,Logistics,Active,test
2745,Salesforce Leads API,CRM,https://test.salesforce.com/services/data/v55.0/sobjects/856,0.0.1-SNAPSHOT,Identity-IAM,Inactive,test
2746,Okta Verify API,Auth,https://okta.internal/api/v1/authn/467,v2-beta,Identity-IAM,Active,okta
2747,Payment Engine #75,Payment,https://internal.api/v1/payment/action,0.0.1-SNAPSHOT,Identity-IAM,Active,internal
2748,User Profile Core Service,Unknown,https://internal.platform/services/user-profile,2024-01-01,SecOps-Compliance,Inactive,internal
2749,Shipping Engine #92,Shipping,https://internal.api/v1/shipping/action,v1.0.0,Identity-IAM,Inactive,internal
2750,Twilio SMS Gateway API,Notifications,https://api.twilio.com/2010-04-01/accounts/{env}/debug_mode,v3,Core-Platform,Deprecated,api
2751,GDPR Purge Utility API,Compliance,https://compliance.internal/v1/purge/388,test-version,Data-Eng,Active,compliance
2752,Datadog Telemetry Service,Analytics,https://api.datadoghq.com/api/v2/logs/720/{env}/debug_mode,v1.0.0,Comms-Team,Active,api
2753,AdRoll Tracking Pixels Service,Unknown,https://api.adroll.com/v2/pixels,v2.1.0,SecOps-Compliance,Active,api
2754,Marketing Engine #46,Marketing,https://internal.api/v1/marketing/action,v1.0.0,FinTech-Core,Active,internal
2755,Stripe Payments API,Payment,https://api.stripe.com/v3/charges/{env}/debug_mode,v2.1.0,Core-Platform,Deprecated,api
2756,Analytics Engine #93,Unknown,https://internal.api/v1/analytics/action,2024-01-01,Growth-Marketing,Active,internal
2757,Compliance Engine #47,Compliance,https://internal.api/v1/compliance/action,v2.1.0,Unknown,Active,internal
2758,Datadog Telemetry Service,Analytics,https://api.datadoghq.com/api/v2/logs,v2.1.0,SecOps-Compliance,Active,api
2759,AdRoll Tracking Pixels API,Marketing,https://api.adroll.com/v2/pixels,Unknown,Growth-Marketing,Inactive,api
2760,CRM Engine #53,CRM,https://internal.api/v1/crm/action,v1.0.0,Identity-IAM,Active,internal
2761,User Engine #34,User,https://internal.api/v1/user/action,test-version,Logistics,Active,internal
2762,AdRoll Tracking Pixels Service,Marketing,https://api.adroll.com/v2/pixels/404,v2-beta,Unknown,Active,api
2763,GDPR Purge Utility Service,Compliance,https://compliance.internal/v1/purge/928,2024-01-01,Growth-Marketing,Active,compliance
2764,Stripe Payments Service,Payment,https://api.stripe.com/v3/charges,v3,Unknown,Active,api
2765,Compliance Engine #38,Compliance,https://internal.api/v1/compliance/action,0.0.1-SNAPSHOT,Identity-IAM,Active,internal
2766,Auth0 Login API,Auth,https://identity.auth0.com/oauth/token,v2.1.0,Unknown,Active,identity
2767,CRM Engine #21,CRM,https://internal.api/v1/crm/action,v2-beta,Data-Eng,Active,internal
2768,Shipping Engine #29,Shipping,https://internal.api/v1/shipping/action,v2.1.0,Identity-IAM,Inactive,internal
2769,PayPal Checkout Service,Payment,https://api-m.paypal.com/v2/checkout/orders/157,v2-beta,Core-Platform,Inactive,api-m
2770,Notifications Engine #83,Unknown,https://internal.api/v1/notifications/action,2024-01-01,FinTech-Core,Active,internal
2771,Compliance Engine #64,Unknown,https://internal.api/v1/compliance/action,v1.0.0,Growth-Marketing,Active,internal
2772,Auth0 Login Service,Auth,https://identity.auth0.com/oauth/token,v2-beta,Unknown,Active,identity
2773,FedEx Ship Rates Service,Unknown,https://apis.fedex.com/rate/v1/rates,v1.0.0,Identity-IAM,Deprecated,apis
2774,Stripe Payments API,Payment,https://api.stripe.com/v3/charges/412,v1.4,FinTech-Core,Deprecated,api
2775,Shipping Engine #66,Shipping,https://internal.api/v1/shipping/action,v2.1.0,Data-Eng,Inactive,internal
2776,GDPR Purge Utility Service,Compliance,https://compliance.internal/v1/purge/615,v2-beta,Comms-Team,Deprecated,compliance
2777,Analytics Engine #27,Analytics,https://internal.api/v1/analytics/action,v3,Identity-IAM,Active,internal
2778,Notifications Engine #93,Notifications,https://internal.api/v1/notifications/action,v2-beta,Core-Platform,Inactive,internal
2779,HubSpot Contacts API,CRM,https://api.hubapi.com/crm/v3/objects/contacts/442,v1.4,Core-Platform,Deprecated,api
2780,Maps Engine #97,Unknown,https://internal.api/v1/maps/action,v2.1.0,FinTech-Core,Active,internal
2781,CRM Engine #95,CRM,https://internal.api/v1/crm/action,v2-beta,FinTech-Core,Inactive,internal
2782,User Profile Core Service,User,https://internal.platform/services/user-profile/834,v3,FinTech-Core,Active,internal
2783,GDPR Purge Utility API,Compliance,https://compliance.internal/v1/purge/912,test-version,FinTech-Core,Deprecated,compliance
2784,Google Maps Geocode Service,Maps,https://maps.googleapis.com/maps/api/geocode/json/850,v3,FinTech-Core,Inactive,maps
2785,Stripe Payments Service,Payment,https://api.stripe.com/v3/charges,test-version,FinTech-Core,Deprecated,api
2786,CRM Engine #87,CRM,https://internal.api/v1/crm/action,2024-01-01,FinTech-Core,Inactive,internal
2787,PayPal Checkout API,Payment,https://api-m.paypal.com/v2/checkout/orders/441,Unknown,Identity-IAM,Active,api-m
2788,CRM Engine #13,CRM,https://internal.api/v1/crm/action,2024-01-01,Data-Eng,Active,internal
2789,Payment Engine #97,Payment,https://internal.api/v1/payment/action,Unknown,Comms-Team,Active,internal
2790,Notifications Engine #37,Notifications,https://internal.api/v1/notifications/action,v2.1.0,Comms-Team,Active,internal
2791,Maps Engine #15,Maps,https://internal.api/v1/maps/action/{env}/debug_mode,v2-beta,Comms-Team,Deprecated,internal
2792,Notifications Engine #76,Notifications,https://internal.api/v1/notifications/action,v1.0.0,Growth-Marketing,Inactive,internal
2793,Shipping Engine #83,Shipping,https://internal.api/v1/shipping/action,v2.1.0,Core-Platform,Inactive,internal
2794,FedEx Ship Rates Service,Shipping,https://apis.fedex.com/rate/v1/rates/354,v2-beta,Logistics,Inactive,apis
2795,Payment Engine #12,Payment,https://internal.api/v1/payment/action,v3,Unknown,Active,internal
2796,Notifications Engine #82,Notifications,https://internal.api/v1/notifications/action,v1.4,Comms-Team,Inactive,internal
2797,Auth0 Login Service,Auth,https://identity.auth0.com/oauth/token/720,Unknown,Identity-IAM,Active,identity
2798,paypal checkout service,Payment,https://api-m.paypal.com/v2/checkout/orders,v3,Logistics,Inactive,api-m
2799,SendGrid Mailer Service,Comms,https://api.sendgrid.com/v3/mail/send/293,v1.0.0,Data-Eng,Active,api
2800,Analytics Engine #70,Analytics,https://internal.api/v1/analytics/action,v2.1.0,Unknown,Inactive,internal
2801,Notifications Engine #91,Notifications,https://internal.api/v1/notifications/action,v1.0.0,SecOps-Compliance,Active,internal
2802,Auth0 Login Service,Auth,https://identity.auth0.com/oauth/token/602,v2.1.0,Identity-IAM,Active,identity
2803,User Profile Core API,User,https://internal.platform/services/user-profile/584,v1-alpha,SecOps-Compliance,Deprecated,internal
2804,Compliance Engine #60,Compliance,https://internal.api/v1/compliance/action,v1.0.0,Growth-Marketing,Inactive,internal
2805,SNOWFLAKE INGESTION API,Analytics,https://snowflake.internal/api/v1/ingest/487,v2-beta,Comms-Team,Active,snowflake
2806,Okta Verify Service,Auth,https://okta.internal/api/v1/authn,2024-01-01,Growth-Marketing,Inactive,okta
2807,User Engine #98,User,https://internal.api/v1/user/action,v2.1.0,Data-Eng,Deprecated,internal
2808,Auth0 Login API,Auth,https://identity.auth0.com/oauth/token/651,v2-beta,Unknown,Active,identity
2809,Shipping Engine #13,Shipping,https://internal.api/v1/shipping/action,v1.4,FinTech-Core,Active,internal
2810,Shipping Engine #26,Shipping,https://internal.api/v1/shipping/action,2024-01-01,Logistics,Inactive,internal
2811,GDPR Purge Utility API,Compliance,https://compliance.internal/v1/purge/711,v1.4,Core-Platform,Inactive,compliance
2812,CRM Engine #71,CRM,https://internal.api/v1/crm/action,v3,Core-Platform,Inactive,internal
2813,Payment Engine #47,Unknown,https://internal.api/v1/payment/action,2024-01-01,Comms-Team,Deprecated,internal
2814,AdRoll Tracking Pixels API,Marketing,https://api.adroll.com/v2/pixels,Unknown,FinTech-Core,Inactive,api
2815,Auth Engine #95,Auth,https://internal.api/v1/auth/action,2024-01-01,Unknown,Active,internal
2816,User Profile Core Service,User,https://internal.platform/services/user-profile/195/{env}/debug_mode,v3,Logistics,Active,internal
2817,Snowflake Ingestion Service,Analytics,https://snowflake.internal/api/v1/ingest,v1.0.0,FinTech-Core,Active,snowflake
2818,Compliance Engine #36,Compliance,https://internal.api/v1/compliance/action/{env}/debug_mode,2024-01-01,Identity-IAM,Active,internal
2819,User Profile Core Service,User,https://internal.platform/services/user-profile/277,2024-01-01,Core-Platform,Active,internal
2820,GDPR Purge Utility API,Compliance,https://compliance.internal/v1/purge/{env}/debug_mode,2024-01-01,Core-Platform,Active,compliance
2821,GDPR Purge Utility API,Compliance,https://compliance.internal/v1/purge/775,Unknown,Comms-Team,Active,compliance
2822,Shipping Engine #71,Shipping,https://internal.api/v1/shipping/action,v3,FinTech-Core,Deprecated,internal
2823,Analytics Engine #68,Analytics,https://internal.api/v1/analytics/action,v1.4,Logistics,Deprecated,internal
2824,Marketing Engine #12,Marketing,https://internal.api/v1/marketing/action,2024-01-01,Logistics,Active,internal
2825,HubSpot Contacts Service,CRM,https://api.hubapi.com/crm/v3/objects/contacts,v1.4,Identity-IAM,Active,api
2826,HubSpot Contacts API,CRM,https://api.hubapi.com/crm/v3/objects/contacts/{env}/debug_mode,v1.4,Identity-IAM,Inactive,api
2827,User Engine #72,User,https://internal.api/v1/user/action,test-version,Core-Platform,Deprecated,internal
2828,Salesforce Leads Service,CRM,https://test.salesforce.com/services/data/v55.0/sobjects,2026_RC4,FinTech-Core,Active,test
2829,Salesforce Leads Service,CRM,https://test.salesforce.com/services/data/v55.0/sobjects/{env}/debug_mode,v3,Data-Eng,Active,test
2830,AdRoll Tracking Pixels Service,Marketing,https://api.adroll.com/v2/pixels/149,v2-beta,Identity-IAM,Active,api
2831,Salesforce Leads Service,CRM,https://test.salesforce.com/services/data/v55.0/sobjects,Unknown,Growth-Marketing,Active,test
2832,Compliance Engine #46,Compliance,https://internal.api/v1/compliance/action,v2-beta,SecOps-Compliance,Active,internal
2833,PayPal Checkout Service,Payment,https://api-m.paypal.com/v2/checkout/orders/562,v1.0.0,Data-Eng,Inactive,api-m
2834,Stripe Payments Service,Payment,https://api.stripe.com/v3/charges/266,v3,Comms-Team,Inactive,api
2835,Compliance Engine #51,Unknown,https://internal.api/v1/compliance/action,v1.4,Data-Eng,Active,internal
2836,Stripe Payments API,Payment,https://api.stripe.com/v3/charges,v1.0.0,Core-Platform,Inactive,api
2837,AdRoll Tracking Pixels API,Marketing,https://api.adroll.com/v2/pixels,v1.4,Growth-Marketing,Active,api
2838,Stripe Payments API,Payment,https://api.stripe.com/v3/charges/672,v2.1.0,FinTech-Core,Active,api
2839,Auth0 Login Service,Auth,https://identity.auth0.com/oauth/token/630,v1-alpha,Growth-Marketing,Active,identity
2840,snowflake ingestion api,Analytics,https://snowflake.internal/api/v1/ingest/279,v3,Data-Eng,Active,snowflake
2841,Shipping Engine #43,Shipping,https://internal.api/v1/shipping/action,Unknown,Growth-Marketing,Active,internal
2842,FedEx Ship Rates API,Shipping,https://apis.fedex.com/rate/v1/rates,2026_RC4,Core-Platform,Active,apis
2843,Okta Verify Service,Auth,https://okta.internal/api/v1/authn/963,2024-01-01,Data-Eng,Active,okta
2844,CRM Engine #52,CRM,https://internal.api/v1/crm/action,v2-beta,Comms-Team,Active,internal
2845,Compliance Engine #74,Compliance,https://internal.api/v1/compliance/action,v3,Core-Platform,Active,internal
2846,Shipping Engine #37,Unknown,https://internal.api/v1/shipping/action,v1.0.0,Comms-Team,Active,internal
2847,Notifications Engine #90,Notifications,https://internal.api/v1/notifications/action,v1-alpha,Growth-Marketing,Active,internal
2848,Maps Engine #46,Maps,https://internal.api/v1/maps/action,v2.1.0,FinTech-Core,Deprecated,internal
2849,Marketing Engine #67,Marketing,https://internal.api/v1/marketing/action/{env}/debug_mode,v2.1.0,Identity-IAM,Active,internal
2850,User Engine #80,User,https://internal.api/v1/user/action,2024-01-01,FinTech-Core,Deprecated,internal
2851,Compliance Engine #56,Compliance,https://internal.api/v1/compliance/action,2026_RC4,Data-Eng,Inactive,internal
2852,FedEx Ship Rates Service,Shipping,https://apis.fedex.com/rate/v1/rates/137,Unknown,FinTech-Core,Inactive,apis
2853,Okta Verify Service,Unknown,https://okta.internal/api/v1/authn/941,v2-beta,Identity-IAM,Active,okta
2854,User Profile Core Service,User,https://internal.platform/services/user-profile,test-version,Identity-IAM,Inactive,internal
2855,FedEx Ship Rates API,Shipping,https://apis.fedex.com/rate/v1/rates/768,2024-01-01,FinTech-Core,Active,apis
2856,Twilio SMS Gateway API,Notifications,https://api.twilio.com/2010-04-01/accounts/373,v2-beta,Core-Platform,Inactive,api
2857,Analytics Engine #97,Analytics,https://internal.api/v1/analytics/action/{env}/debug_mode,v3,Core-Platform,Active,internal
2858,Snowflake Ingestion API,Analytics,https://snowflake.internal/api/v1/ingest/{env}/debug_mode,v2.1.0,FinTech-Core,Active,snowflake
2859,GDPR PURGE UTILITY API,Compliance,https://compliance.internal/v1/purge,2024-01-01,Data-Eng,Active,compliance
2860,User Engine #69,User,https://internal.api/v1/user/action,Unknown,SecOps-Compliance,Active,internal
2861,CRM Engine #69,CRM,https://internal.api/v1/crm/action,v1.4,Comms-Team,Inactive,internal
2862,Snowflake Ingestion API,Analytics,https://snowflake.internal/api/v1/ingest,v1-alpha,Growth-Marketing,Inactive,snowflake
2863,Snowflake Ingestion Service,Analytics,https://snowflake.internal/api/v1/ingest,2024-01-01,Data-Eng,Inactive,snowflake
2864,GDPR Purge Utility API,Compliance,https://compliance.internal/v1/purge,v2.1.0,Identity-IAM,Active,compliance
2865,SendGrid Mailer Service,Notifications,https://api.sendgrid.com/v3/mail/send/720,v1.4,Identity-IAM,Active,api
2866,Salesforce Leads API,CRM,https://test.salesforce.com/services/data/v55.0/sobjects/143,2026_RC4,Identity-IAM,Inactive,test
2867,Compliance Engine #54,Compliance,https://internal.api/v1/compliance/action,2024-01-01,Comms-Team,Deprecated,internal
2868,Marketing Engine #18,Marketing,https://internal.api/v1/marketing/action,test-version,Comms-Team,Inactive,internal
2869,Marketing Engine #20,Unknown,https://internal.api/v1/marketing/action,2024-01-01,Identity-IAM,Active,internal
2870,PayPal Checkout Service,Payment,https://api-m.paypal.com/v2/checkout/orders,v2-beta,Data-Eng,Active,api-m
2871,Google Maps Geocode Service,Unknown,https://maps.googleapis.com/maps/api/geocode/json/276,v1.0.0,SecOps-Compliance,Deprecated,maps
2872,Auth0 Login API,Auth,https://identity.auth0.com/oauth/token,2024-01-01,Growth-Marketing,Active,identity
2873,Compliance Engine #54,Compliance,https://internal.api/v1/compliance/action,v1.0.0,Core-Platform,Deprecated,internal
2874,FedEx Ship Rates Service,Shipping,https://apis.fedex.com/rate/v1/rates/757/{env}/debug_mode,v3,Growth-Marketing,Deprecated,apis
2875,Okta Verify Service,Auth,https://okta.internal/api/v1/authn,v1.4,Growth-Marketing,Active,okta
2876,Marketing Engine #33,Marketing,https://internal.api/v1/marketing/action,v2-beta,FinTech-Core,Active,internal
2877,Auth Engine #63,Auth,https://internal.api/v1/auth/action,2024-01-01,FinTech-Core,Inactive,internal
2878,Payment Engine #78,Payment,https://internal.api/v1/payment/action,v2.1.0,Logistics,Active,internal
2879,Compliance Engine #88,Compliance,https://internal.api/v1/compliance/action,v2.1.0,Growth-Marketing,Active,internal
2880,Twilio SMS Gateway Service,Notifications,https://api.twilio.com/2010-04-01/accounts,v1.0.0,Core-Platform,Inactive,api
2881,Marketing Engine #24,Marketing,https://internal.api/v1/marketing/action,v3,SecOps-Compliance,Deprecated,internal
2882,AdRoll Tracking Pixels Service,Marketing,https://api.adroll.com/v2/pixels,v1.4,Growth-Marketing,Active,api
2883,Okta Verify API,Auth,https://okta.internal/api/v1/authn/292,2024-01-01,FinTech-Core,Active,okta
2884,Marketing Engine #35,Marketing,https://internal.api/v1/marketing/action,v2.1.0,Logistics,Deprecated,internal
2885,Snowflake Ingestion Service,Analytics,https://snowflake.internal/api/v1/ingest,v3,Logistics,Inactive,snowflake
2886,GDPR Purge Utility Service,Compliance,https://compliance.internal/v1/purge,v2-beta,SecOps-Compliance,Active,compliance
2887,Maps Engine #46,Maps,https://internal.api/v1/maps/action,v3,Core-Platform,Deprecated,internal
2888,SendGrid Mailer API,Unknown,https://api.sendgrid.com/v3/mail/send,v2-beta,SecOps-Compliance,Deprecated,api
2889,Stripe Payments Service,Payment,https://api.stripe.com/v3/charges/242,v3,FinTech-Core,Active,api
2890,PayPal Checkout Service,Payment,https://api-m.paypal.com/v2/checkout/orders/{env}/debug_mode,v1.0.0,Identity-IAM,Inactive,api-m
2891,SHIPPING ENGINE #47,Shipping,https://internal.api/v1/shipping/action,v1.4,Logistics,Active,internal
2892,CRM Engine #53,CRM,https://internal.api/v1/crm/action,v1-alpha,SecOps-Compliance,Active,internal
2893,Auth Engine #17,Auth,https://internal.api/v1/auth/action,v2-beta,Identity-IAM,Deprecated,internal
2894,Stripe Payments Service,Payment,https://api.stripe.com/v3/charges/384/{env}/debug_mode,2024-01-01,Data-Eng,Active,api
2895,Notifications Engine #59,Notifications,https://internal.api/v1/notifications/action,v2-beta,SecOps-Compliance,Active,internal
2896,Google Maps Geocode API,Maps,https://maps.googleapis.com/maps/api/geocode/json,Unknown,Identity-IAM,Active,maps
2897,Google Maps Geocode API,Maps,https://maps.googleapis.com/maps/api/geocode/json/658,Unknown,Core-Platform,Active,maps
2898,Analytics Engine #81,Analytics,https://internal.api/v1/analytics/action,v1.4,Logistics,Inactive,internal
2899,Compliance Engine #88,Unknown,https://internal.api/v1/compliance/action,2024-01-01,Data-Eng,Active,internal
2900,Notifications Engine #99,Notifications,https://internal.api/v1/notifications/action/{env}/debug_mode,v1.4,Logistics,Inactive,internal
2901,Snowflake Ingestion Service,Analytics,https://snowflake.internal/api/v1/ingest,v2-beta,Logistics,Active,snowflake
2902,Auth0 Login Service,Auth,https://identity.auth0.com/oauth/token/958,v2-beta,Data-Eng,Inactive,identity
2903,Shipping Engine #19,Shipping,https://internal.api/v1/shipping/action,Unknown,SecOps-Compliance,Active,internal
2904,Shipping Engine #70,Shipping,https://internal.api/v1/shipping/action,2024-01-01,FinTech-Core,Inactive,internal
2905,adroll tracking pixels service,Marketing,https://api.adroll.com/v2/pixels,v3,Core-Platform,Deprecated,api
2906,Analytics Engine #80,Analytics,https://internal.api/v1/analytics/action/{env}/debug_mode,2024-01-01,Identity-IAM,Deprecated,internal
2907,Google Maps Geocode Service,Maps,https://maps.googleapis.com/maps/api/geocode/json/917,v2.1.0,Unknown,Deprecated,maps
2908,Marketing Engine #81,Marketing,https://internal.api/v1/marketing/action,v1.0.0,FinTech-Core,Active,internal
2909,Snowflake Ingestion Service,Analytics,https://snowflake.internal/api/v1/ingest/392,v3,SecOps-Compliance,Active,snowflake
2910,Auth Engine #80,Auth,https://internal.api/v1/auth/action,Unknown,Growth-Marketing,Active,internal
2911,Okta Verify Service,Auth,https://okta.internal/api/v1/authn/{env}/debug_mode,v1.0.0,FinTech-Core,Deprecated,okta
2912,Auth0 Login Service,Auth,https://identity.auth0.com/oauth/token,v2-beta,FinTech-Core,Active,identity
2913,Salesforce Leads Service,CRM,https://test.salesforce.com/services/data/v55.0/sobjects/502,v1.4,Comms-Team,Inactive,test
2914,Marketing Engine #44,Marketing,https://internal.api/v1/marketing/action/{env}/debug_mode,2024-01-01,FinTech-Core,Inactive,internal
2915,Marketing Engine #89,Marketing,https://internal.api/v1/marketing/action,v1.4,Growth-Marketing,Active,internal
2916,Twilio SMS Gateway Service,Notifications,https://api.twilio.com/2010-04-01/accounts,v2-beta,Logistics,Active,api
2917,User Engine #49,User,https://internal.api/v1/user/action,2024-01-01,Unknown,Active,internal
2918,Payment Engine #25,Payment,https://internal.api/v1/payment/action,v2-beta,Unknown,Inactive,internal
2919,Notifications Engine #95,Notifications,https://internal.api/v1/notifications/action,2024-01-01,Data-Eng,Active,internal
2920,FedEx Ship Rates API,Shipping,https://apis.fedex.com/rate/v1/rates/412,v1.4,Core-Platform,Active,apis
2921,SendGrid Mailer Service,Notifications,https://api.sendgrid.com/v3/mail/send,2026_RC4,Growth-Marketing,Active,api
2922,Auth0 Login API,Auth,https://identity.auth0.com/oauth/token/{env}/debug_mode,v2-beta,Growth-Marketing,Active,identity
2923,GDPR Purge Utility API,Compliance,https://compliance.internal/v1/purge,v3,Data-Eng,Inactive,compliance
2924,Compliance Engine #85,Compliance,https://internal.api/v1/compliance/action,2024-01-01,Data-Eng,Active,internal
2925,Analytics Engine #24,Analytics,https://internal.api/v1/analytics/action,v1.0.0,SecOps-Compliance,Active,internal
2926,Twilio SMS Gateway Service,Notifications,https://api.twilio.com/2010-04-01/accounts,Unknown,Logistics,Deprecated,api
2927,Shipping Engine #51,Shipping,https://internal.api/v1/shipping/action,Unknown,SecOps-Compliance,Active,internal
2928,Compliance Engine #47,Compliance,https://internal.api/v1/compliance/action,v1.0.0,Logistics,legacy-active,internal
2929,USER ENGINE #89,User,https://internal.api/v1/user/action,v1.4,SecOps-Compliance,Inactive,internal
2930,CRM Engine #30,CRM,https://internal.api/v1/crm/action/{env}/debug_mode,v3,Core-Platform,Inactive,internal
2931,FedEx Ship Rates API,Shipping,https://apis.fedex.com/rate/v1/rates/657,2026_RC4,SecOps-Compliance,Active,apis
2932,shipping engine #83,Shipping,https://internal.api/v1/shipping/action,v1.4,Logistics,Deprecated,internal
2933,maps engine #28,Maps,https://internal.api/v1/maps/action,v2.1.0,SecOps-Compliance,Active,internal
2934,User Profile Core API,User,https://internal.platform/services/user-profile/481,v1.0.0,Logistics,Inactive,internal
2935,Datadog Telemetry Service,Unknown,https://api.datadoghq.com/api/v2/logs,v2-beta,FinTech-Core,Active,api
2936,Google Maps Geocode API,Maps,https://maps.googleapis.com/maps/api/geocode/json/230,v1.4,Unknown,Deprecated,maps
2937,Snowflake Ingestion Service,Analytics,https://snowflake.internal/api/v1/ingest/607,0.0.1-SNAPSHOT,Core-Platform,Inactive,snowflake
2938,HubSpot Contacts Service,CRM,https://api.hubapi.com/crm/v3/objects/contacts/442,v1.0.0,Comms-Team,Active,api
2939,AdRoll Tracking Pixels Service,Marketing,https://api.adroll.com/v2/pixels/769,test-version,Identity-IAM,Active,api
2940,AdRoll Tracking Pixels API,Marketing,https://api.adroll.com/v2/pixels,v3,Growth-Marketing,Active,api
2941,Maps Engine #39,Maps,https://internal.api/v1/maps/action,v2.1.0,SecOps-Compliance,Active,internal
2942,Datadog Telemetry API,Analytics,https://api.datadoghq.com/api/v2/logs/465,Unknown,Growth-Marketing,Inactive,api
2943,Auth Engine #38,Auth,https://internal.api/v1/auth/action/{env}/debug_mode,v1.4,Logistics,Inactive,internal
2944,FedEx Ship Rates API,Shipping,https://apis.fedex.com/rate/v1/rates/518/{env}/debug_mode,v2.1.0,Comms-Team,Inactive,apis
2945,Compliance Engine #72,Compliance,https://internal.api/v1/compliance/action,v1.0.0,Comms-Team,Active,internal
2946,GDPR Purge Utility Service,Compliance,https://compliance.internal/v1/purge/{env}/debug_mode,v2.1.0,Growth-Marketing,Active,compliance
2947,Auth0 Login API,Auth,https://identity.auth0.com/oauth/token,v3,Comms-Team,Deprecated,identity
2948,CRM Engine #92,CRM,https://internal.api/v1/crm/action,v2.1.0,Comms-Team,Active,internal
2949,Shipping Engine #37,Shipping,https://internal.api/v1/shipping/action,2024-01-01,Comms-Team,Inactive,internal
2950,HubSpot Contacts API,CRM,https://api.hubapi.com/crm/v3/objects/contacts,v2.1.0,Growth-Marketing,Active,api
2951,Compliance Engine #34,Compliance,https://internal.api/v1/compliance/action,v1.4,Comms-Team,Active,internal
2952,COMPLIANCE ENGINE #54,Compliance,https://internal.api/v1/compliance/action,v2.1.0,SecOps-Compliance,Active,internal
2953,Auth Engine #25,Auth,https://internal.api/v1/auth/action,v1.4,Comms-Team,Inactive,internal
2954,CRM Engine #14,CRM,https://internal.api/v1/crm/action,2024-01-01,Identity-IAM,Inactive,internal
2955,SendGrid Mailer Service,Notifications,https://api.sendgrid.com/v3/mail/send,v2.1.0,Logistics,Active,api
2956,Analytics Engine #67,Analytics,https://internal.api/v1/analytics/action,v1.4,Data-Eng,Inactive,internal
2957,payment engine #76,Payment,https://internal.api/v1/payment/action,2024-01-01,Logistics,Active,internal
2958,HubSpot Contacts Service,CRM,https://api.hubapi.com/crm/v3/objects/contacts/512,v2.1.0,Logistics,Active,api
2959,SendGrid Mailer Service,Notifications,https://api.sendgrid.com/v3/mail/send/930,v2.1.0,Unknown,Active,api
2960,SNOWFLAKE INGESTION API,Analytics,https://snowflake.internal/api/v1/ingest,2024-01-01,FinTech-Core,Active,snowflake
2961,GDPR Purge Utility Service,Compliance,https://compliance.internal/v1/purge/{env}/debug_mode,v2.1.0,Logistics,Deprecated,compliance
2962,Notifications Engine #39,Notifications,https://internal.api/v1/notifications/action,v3,Logistics,Inactive,internal
2963,Twilio SMS Gateway Service,Notifications,https://api.twilio.com/2010-04-01/accounts,v1.0.0,Unknown,Active,api
2964,User Engine #86,User,https://internal.api/v1/user/action,v1.4,Unknown,Active,internal
2965,Shipping Engine #28,Shipping,https://internal.api/v1/shipping/action/{env}/debug_mode,v2.1.0,FinTech-Core,Active,internal
2966,Analytics Engine #41,Unknown,https://internal.api/v1/analytics/action,v2.1.0,Logistics,Active,internal
2967,Compliance Engine #79,Compliance,https://internal.api/v1/compliance/action/{env}/debug_mode,v2-beta,SecOps-Compliance,Deprecated,internal
2968,PayPal Checkout API,Payment,https://api-m.paypal.com/v2/checkout/orders/507,Unknown,Data-Eng,Active,api-m
2969,Twilio SMS Gateway API,Notifications,https://api.twilio.com/2010-04-01/accounts/721,v1-alpha,Growth-Marketing,Inactive,api
2970,Datadog Telemetry Service,Analytics,https://api.datadoghq.com/api/v2/logs,Unknown,FinTech-Core,Inactive,api
2971,GDPR Purge Utility Service,Compliance,https://compliance.internal/v1/purge,Unknown,Logistics,Inactive,compliance
2972,Payment Engine #87,Payment,https://internal.api/v1/payment/action/{env}/debug_mode,v1.0.0,Comms-Team,Active,internal
2973,Salesforce Leads Service,CRM,https://test.salesforce.com/services/data/v55.0/sobjects/639,v2.1.0,Comms-Team,Inactive,test
2974,SendGrid Mailer Service,Notifications,https://api.sendgrid.com/v3/mail/send/625,0.0.1-SNAPSHOT,Data-Eng,Active,api
2975,Compliance Engine #56,Compliance,https://internal.api/v1/compliance/action,v3,Comms-Team,Deprecated,internal
2976,Auth0 Login Service,Auth,https://identity.auth0.com/oauth/token,v2-beta,SecOps-Compliance,Active,identity
2977,Notifications Engine #59,Notifications,https://internal.api/v1/notifications/action,v1.4,SecOps-Compliance,Active,internal
2978,Auth0 Login API,Auth,https://identity.auth0.com/oauth/token/921,v2-beta,Core-Platform,Deprecated,identity
2979,GDPR Purge Utility API,Compliance,https://compliance.internal/v1/purge/629,v2.1.0,Unknown,Active,compliance
2980,Compliance Engine #12,Compliance,https://internal.api/v1/compliance/action,2024-01-01,Growth-Marketing,Inactive,internal
2981,Shipping Engine #13,Shipping,https://internal.api/v1/shipping/action,Unknown,Core-Platform,Active,internal
2982,SendGrid Mailer API,Notifications,https://api.sendgrid.com/v3/mail/send,v2-beta,SecOps-Compliance,Active,api
2983,CRM Engine #10,CRM,https://internal.api/v1/crm/action,Unknown,Identity-IAM,Deprecated,internal
2984,Salesforce Leads Service,CRM,https://test.salesforce.com/services/data/v55.0/sobjects/{env}/debug_mode,v2-beta,Comms-Team,Active,test
2985,FedEx Ship Rates API,Shipping,https://apis.fedex.com/rate/v1/rates,v3,Logistics,Active,apis
2986,Maps Engine #24,Maps,https://internal.api/v1/maps/action,v3,Comms-Team,Active,internal
2987,Maps Engine #45,Maps,https://internal.api/v1/maps/action,v2.1.0,Identity-IAM,legacy-active,internal
2988,Auth Engine #58,Unknown,https://internal.api/v1/auth/action,v1.0.0,Comms-Team,Deprecated,internal
2989,Google Maps Geocode Service,Maps,https://maps.googleapis.com/maps/api/geocode/json,v1-alpha,Growth-Marketing,Deprecated,maps
2990,Stripe Payments Service,Payment,https://api.stripe.com/v3/charges/330,v2-beta,Core-Platform,Inactive,api
2991,Compliance Engine #67,Compliance,https://internal.api/v1/compliance/action,v3,Unknown,Active,internal
2992,Marketing Engine #59,Marketing,https://internal.api/v1/marketing/action,v1.4,Logistics,Active,internal
2993,PayPal Checkout Service,Payment,https://api-m.paypal.com/v2/checkout/orders,v1.0.0,Unknown,Inactive,api-m
2994,Auth Engine #37,Auth,https://internal.api/v1/auth/action/{env}/debug_mode,v3,Logistics,Deprecated,internal
2995,Compliance Engine #46,Compliance,https://internal.api/v1/compliance/action,v2-beta,Identity-IAM,Active,internal
2996,Analytics Engine #71,Analytics,https://internal.api/v1/analytics/action,2024-01-01,Growth-Marketing,Active,internal
2997,Analytics Engine #23,Analytics,https://internal.api/v1/analytics/action,v3,Unknown,Deprecated,internal
2998,PayPal Checkout Service,Payment,https://api-m.paypal.com/v2/checkout/orders,v3,Data-Eng,Active,api-m
2999,CRM Engine #15,CRM,https://internal.api/v1/crm/action,v1.4,Growth-Marketing,Active,internal
3000,Compliance Engine #36,Unknown,https://internal.api/v1/compliance/action,v3,Core-Platform,Active,internal
3001,CRM Engine #23,CRM,https://internal.api/v1/crm/action,v1.4,Identity-IAM,Deprecated,internal
3002,Auth Engine #22,Auth,https://internal.api/v1/auth/action,Unknown,Growth-Marketing,Inactive,internal
3003,Shipping Engine #98,Shipping,https://internal.api/v1/shipping/action,v2.1.0,Comms-Team,Deprecated,internal
3004,User Profile Core API,User,https://internal.platform/services/user-profile/949,v2-beta,Growth-Marketing,Active,internal
3005,Shipping Engine #51,Shipping,https://internal.api/v1/shipping/action/{env}/debug_mode,v1.4,Comms-Team,Active,internal
3006,Analytics Engine #57,Unknown,https://internal.api/v1/analytics/action,v2.1.0,Identity-IAM,Inactive,internal
3007,GDPR Purge Utility Service,Compliance,https://compliance.internal/v1/purge/446,v2-beta,Logistics,Active,compliance
3008,AdRoll Tracking Pixels Service,Marketing,https://api.adroll.com/v2/pixels,v1.0.0,FinTech-Core,Inactive,api
3009,PayPal Checkout API,Payment,https://api-m.paypal.com/v2/checkout/orders/276,2024-01-01,Core-Platform,Deprecated,api-m
3010,Datadog Telemetry Service,Analytics,https://api.datadoghq.com/api/v2/logs,v1.0.0,Identity-IAM,Active,api
3011,SendGrid Mailer Service,Notifications,https://api.sendgrid.com/v3/mail/send/705,v2-beta,Comms-Team,Active,api
3012,HubSpot Contacts API,Unknown,https://api.hubapi.com/crm/v3/objects/contacts,v3,Identity-IAM,Active,api
3013,Auth Engine #45,Auth,https://internal.api/v1/auth/action,2024-01-01,Unknown,Inactive,internal
3014,ADROLL TRACKING PIXELS API,Marketing,https://api.adroll.com/v2/pixels/512,v2-beta,FinTech-Core,Active,api
3015,Snowflake Ingestion Service,Analytics,https://snowflake.internal/api/v1/ingest/737,2024-01-01,Identity-IAM,Deprecated,snowflake
3016,Datadog Telemetry API,Analytics,https://api.datadoghq.com/api/v2/logs/775,v2-beta,Unknown,Inactive,api
3017,Maps Engine #23,Maps,https://internal.api/v1/maps/action,v1.4,Logistics,Active,internal
3018,Notifications Engine #66,Notifications,https://internal.api/v1/notifications/action,v1.4,Unknown,Deprecated,internal
3019,Snowflake Ingestion Service,Analytics,https://snowflake.internal/api/v1/ingest/912,v1.4,FinTech-Core,Inactive,snowflake
3020,Stripe Payments API,Unknown,https://api.stripe.com/v3/charges/751,v2.1.0,Data-Eng,Inactive,api
3021,AdRoll Tracking Pixels API,Marketing,https://api.adroll.com/v2/pixels,v3,Comms-Team,Inactive,api
3022,Google Maps Geocode API,Maps,https://maps.googleapis.com/maps/api/geocode/json,2024-01-01,Identity-IAM,Inactive,maps
3023,Maps Engine #17,Maps,https://internal.api/v1/maps/action/{env}/debug_mode,v1.0.0,Logistics,Inactive,internal
3024,Marketing Engine #89,Marketing,https://internal.api/v1/marketing/action,v1.0.0,Identity-IAM,Active,internal
3025,Okta Verify API,Auth,https://okta.internal/api/v1/authn/880,v2.1.0,Growth-Marketing,Active,okta
3026,GDPR Purge Utility API,Compliance,https://compliance.internal/v1/purge,2024-01-01,Core-Platform,Active,compliance
3027,notifications engine #58,Notifications,https://internal.api/v1/notifications/action,v3,FinTech-Core,Active,internal
3028,HubSpot Contacts API,CRM,https://api.hubapi.com/crm/v3/objects/contacts,v2.1.0,Growth-Marketing,Active,api
3029,User Profile Core Service,User,https://internal.platform/services/user-profile/470/{env}/debug_mode,v1.4,Comms-Team,Active,internal
3030,PayPal Checkout API,Payment,https://api-m.paypal.com/v2/checkout/orders/235,v2.1.0,Comms-Team,Active,api-m
3031,HubSpot Contacts Service,CRM,https://api.hubapi.com/crm/v3/objects/contacts,v1.4,Comms-Team,Deprecated,api
3032,GDPR Purge Utility API,Compliance,https://compliance.internal/v1/purge/153,v3,Logistics,Active,compliance
3033,Compliance Engine #61,Compliance,https://internal.api/v1/compliance/action,test-version,Growth-Marketing,Deprecated,internal
3034,Google Maps Geocode Service,Maps,https://maps.googleapis.com/maps/api/geocode/json/935,Unknown,Growth-Marketing,Inactive,maps
3035,AdRoll Tracking Pixels API,Marketing,https://api.adroll.com/v2/pixels/468,2024-01-01,Comms-Team,Deprecated,api
3036,Payment Engine #65,Payment,https://internal.api/v1/payment/action/{env}/debug_mode,v2.1.0,SecOps-Compliance,Deprecated,internal
3037,Salesforce Leads Service,CRM,https://test.salesforce.com/services/data/v55.0/sobjects/524,v3,Logistics,Active,test
3038,Auth0 Login API,Auth,https://identity.auth0.com/oauth/token/934,v3,Logistics,Active,identity
3039,User Engine #43,User,https://internal.api/v1/user/action,v2.1.0,Logistics,Inactive,internal
3040,GDPR Purge Utility API,Compliance,https://compliance.internal/v1/purge,v2-beta,Growth-Marketing,Active,compliance
3041,Maps Engine #55,Maps,https://internal.api/v1/maps/action,v1.0.0,Core-Platform,Inactive,internal
3042,User Profile Core Service,User,https://internal.platform/services/user-profile/901,v3,Identity-IAM,Active,internal
3043,Shipping Engine #96,Shipping,https://internal.api/v1/shipping/action,2024-01-01,FinTech-Core,Active,internal
3044,SendGrid Mailer API,Notifications,https://api.sendgrid.com/v3/mail/send,2024-01-01,Data-Eng,Active,api
3045,PayPal Checkout Service,Payment,https://api-m.paypal.com/v2/checkout/orders,v2.1.0,SecOps-Compliance,Deprecated,api-m
3046,Analytics Engine #24,Analytics,https://internal.api/v1/analytics/action,v3,Identity-IAM,Deprecated,internal
3047,Analytics Engine #95,Analytics,https://internal.api/v1/analytics/action,test-version,Identity-IAM,Active,internal
3048,FedEx Ship Rates Service,Unknown,https://apis.fedex.com/rate/v1/rates/998,v2.1.0,Logistics,Active,apis
3049,GDPR PURGE UTILITY SERVICE,Compliance,https://compliance.internal/v1/purge,v3,Comms-Team,Active,compliance
3050,Compliance Engine #24,Compliance,https://internal.api/v1/compliance/action/{env}/debug_mode,v2.1.0,Core-Platform,Deprecated,internal
3051,PayPal Checkout API,Payment,https://api-m.paypal.com/v2/checkout/orders/{env}/debug_mode,v3,FinTech-Core,Active,api-m
3052,User Profile Core API,User,https://internal.platform/services/user-profile/916,v3,Core-Platform,Active,internal
3053,Google Maps Geocode API,Maps,https://maps.googleapis.com/maps/api/geocode/json,2024-01-01,Growth-Marketing,Active,maps
3054,Datadog Telemetry API,Analytics,https://api.datadoghq.com/api/v2/logs,Unknown,Data-Eng,Active,api
3055,PayPal Checkout Service,Payment,https://api-m.paypal.com/v2/checkout/orders,v1.4,Identity-IAM,Active,api-m
3056,Notifications Engine #88,Notifications,https://internal.api/v1/notifications/action,v2-beta,FinTech-Core,Active,internal
3057,Notifications Engine #82,Notifications,https://internal.api/v1/notifications/action,v2-beta,Core-Platform,Active,internal
3058,Analytics Engine #11,Analytics,https://internal.api/v1/analytics/action,2024-01-01,Unknown,Deprecated,internal
3059,Marketing Engine #20,Marketing,https://internal.api/v1/marketing/action,v1-alpha,Comms-Team,Active,internal
3060,twilio sms gateway service,Notifications,https://api.twilio.com/2010-04-01/accounts/404,v2.1.0,Core-Platform,Active,api
3061,Google Maps Geocode API,Maps,https://maps.googleapis.com/maps/api/geocode/json,v2-beta,Comms-Team,Active,maps
3062,Notifications Engine #72,Notifications,https://internal.api/v1/notifications/action,test-version,Data-Eng,Inactive,internal
3063,HubSpot Contacts API,CRM,https://api.hubapi.com/crm/v3/objects/contacts,test-version,Core-Platform,Active,api
3064,HubSpot Contacts API,CRM,https://api.hubapi.com/crm/v3/objects/contacts,v2.1.0,Unknown,Active,api
3065,Snowflake Ingestion Service,Analytics,https://snowflake.internal/api/v1/ingest,0.0.1-SNAPSHOT,Identity-IAM,Active,snowflake
3066,Salesforce Leads Service,CRM,https://test.salesforce.com/services/data/v55.0/sobjects,v3,SecOps-Compliance,Active,test
3067,DATADOG TELEMETRY SERVICE,Analytics,https://api.datadoghq.com/api/v2/logs,v1.4,Logistics,Active,api
3068,user engine #17,User,https://internal.api/v1/user/action,2024-01-01,Core-Platform,Active,internal
3069,Datadog Telemetry API,Analytics,https://api.datadoghq.com/api/v2/logs,v3,Growth-Marketing,Deprecated,api
3070,Twilio SMS Gateway API,Notifications,https://api.twilio.com/2010-04-01/accounts/749,v2-beta,Data-Eng,Active,api
3071,User Profile Core API,User,https://internal.platform/services/user-profile,v2-beta,SecOps-Compliance,Active,internal
3072,GDPR Purge Utility API,Compliance,https://compliance.internal/v1/purge/763,Unknown,FinTech-Core,Deprecated,compliance
3073,Analytics Engine #60,Analytics,https://internal.api/v1/analytics/action,v1.4,SecOps-Compliance,Inactive,internal
3074,Analytics Engine #44,Analytics,https://internal.api/v1/analytics/action,v2-beta,Logistics,Active,internal
3075,Payment Engine #66,Payment,https://internal.api/v1/payment/action,v2.1.0,Unknown,Active,internal
3076,Shipping Engine #43,Shipping,https://internal.api/v1/shipping/action,Unknown,Comms-Team,Deprecated,internal
3077,Datadog Telemetry API,Analytics,https://api.datadoghq.com/api/v2/logs/496,v2.1.0,Unknown,Active,api
3078,PayPal Checkout API,Payment,https://api-m.paypal.com/v2/checkout/orders,2024-01-01,Comms-Team,Active,api-m
3079,Notifications Engine #50,Notifications,https://internal.api/v1/notifications/action,2026_RC4,Logistics,Active,internal
3080,Notifications Engine #50,Notifications,https://internal.api/v1/notifications/action/{env}/debug_mode,v3,SecOps-Compliance,Active,internal
3081,Datadog Telemetry Service,Analytics,https://api.datadoghq.com/api/v2/logs/345,0.0.1-SNAPSHOT,SecOps-Compliance,Inactive,api
3082,Snowflake Ingestion API,Unknown,https://snowflake.internal/api/v1/ingest/785,v1.4,FinTech-Core,Active,snowflake
3083,Stripe Payments API,Payment,https://api.stripe.com/v3/charges/776,v2-beta,Comms-Team,Inactive,api
3084,Notifications Engine #18,Unknown,https://internal.api/v1/notifications/action,v1.4,Logistics,Deprecated,internal
3085,PayPal Checkout API,Payment,https://api-m.paypal.com/v2/checkout/orders,2024-01-01,Comms-Team,Inactive,api-m
3086,Compliance Engine #47,Compliance,https://internal.api/v1/compliance/action,Unknown,Core-Platform,Deprecated,internal
3087,Twilio SMS Gateway API,Notifications,https://api.twilio.com/2010-04-01/accounts/830/{env}/debug_mode,v1.4,Identity-IAM,Inactive,api
3088,SendGrid Mailer API,Notifications,https://api.sendgrid.com/v3/mail/send/800,2026_RC4,Growth-Marketing,Deprecated,api
3089,CRM Engine #76,CRM,https://internal.api/v1/crm/action/{env}/debug_mode,v2-beta,Data-Eng,Active,internal
3090,Okta Verify Service,Auth,https://okta.internal/api/v1/authn/556,v1.4,Comms-Team,Deprecated,okta
3091,Analytics Engine #26,Analytics,https://internal.api/v1/analytics/action,2024-01-01,Unknown,Active,internal
3092,Google Maps Geocode API,Maps,https://maps.googleapis.com/maps/api/geocode/json/133,v1.4,Logistics,Deprecated,maps
3093,Datadog Telemetry Service,Analytics,https://api.datadoghq.com/api/v2/logs,v1-alpha,Identity-IAM,Active,api
3094,Auth Engine #61,Auth,https://internal.api/v1/auth/action,v2-beta,FinTech-Core,Inactive,internal
3095,Datadog Telemetry API,Analytics,https://api.datadoghq.com/api/v2/logs/319/{env}/debug_mode,2024-01-01,Identity-IAM,Active,api
3096,Shipping Engine #57,Shipping,https://internal.api/v1/shipping/action,v3,FinTech-Core,Deprecated,internal
3097,DATADOG TELEMETRY SERVICE,Analytics,https://api.datadoghq.com/api/v2/logs,v2.1.0,FinTech-Core,Active,api
3098,Analytics Engine #16,Analytics,https://internal.api/v1/analytics/action,v2-beta,Logistics,Active,internal
3099,SendGrid Mailer Service,Unknown,https://api.sendgrid.com/v3/mail/send,2024-01-01,Core-Platform,Active,api
3100,CRM Engine #77,CRM,https://internal.api/v1/crm/action,v1.4,Data-Eng,Active,internal
3101,AdRoll Tracking Pixels API,Marketing,https://api.adroll.com/v2/pixels,v1-alpha,Comms-Team,Active,api
3102,PayPal Checkout API,Payment,https://api-m.paypal.com/v2/checkout/orders/538,Unknown,SecOps-Compliance,Active,api-m
3103,Datadog Telemetry Service,Analytics,https://api.datadoghq.com/api/v2/logs/861,v1.0.0,Logistics,Deprecated,api
3104,User Profile Core Service,User,https://internal.platform/services/user-profile/890,2026_RC4,SecOps-Compliance,Active,internal
3105,SendGrid Mailer Service,Notifications,https://api.sendgrid.com/v3/mail/send/516,v1.0.0,SecOps-Compliance,Active,api
3106,Analytics Engine #34,Analytics,https://internal.api/v1/analytics/action/{env}/debug_mode,v3,Logistics,Inactive,internal
3107,HubSpot Contacts API,CRM,https://api.hubapi.com/crm/v3/objects/contacts,v1-alpha,Growth-Marketing,Active,api
3108,Notifications Engine #26,Comms,https://internal.api/v1/notifications/action,2024-01-01,Data-Eng,Active,internal
3109,HUBSPOT CONTACTS API,CRM,https://api.hubapi.com/crm/v3/objects/contacts,v1.4,Data-Eng,Active,api
3110,Datadog Telemetry Service,Analytics,https://api.datadoghq.com/api/v2/logs/142,0.0.1-SNAPSHOT,Growth-Marketing,Inactive,api
3111,AdRoll Tracking Pixels API,Marketing,https://api.adroll.com/v2/pixels,2024-01-01,Data-Eng,Active,api
3112,Datadog Telemetry Service,Analytics,https://api.datadoghq.com/api/v2/logs/359/{env}/debug_mode,v2.1.0,FinTech-Core,Active,api
3113,Marketing Engine #58,Unknown,https://internal.api/v1/marketing/action,v1.0.0,FinTech-Core,Active,internal
3114,Notifications Engine #28,Notifications,https://internal.api/v1/notifications/action,Unknown,FinTech-Core,Active,internal
3115,AdRoll Tracking Pixels API,Marketing,https://api.adroll.com/v2/pixels,v1.4,Data-Eng,Deprecated,api
3116,User Profile Core API,User,https://internal.platform/services/user-profile/753,v2-beta,Growth-Marketing,Deprecated,internal
3117,User Engine #87,User,https://internal.api/v1/user/action,2024-01-01,SecOps-Compliance,Active,internal
3118,CRM Engine #57,CRM,https://internal.api/v1/crm/action,v3,Identity-IAM,Inactive,internal
3119,Salesforce Leads Service,CRM,https://test.salesforce.com/services/data/v55.0/sobjects,v3,Growth-Marketing,Active,test
3120,Marketing Engine #20,Marketing,https://internal.api/v1/marketing/action,2024-01-01,Data-Eng,Active,internal
3121,SENDGRID MAILER API,Notifications,https://api.sendgrid.com/v3/mail/send/954,v1.0.0,SecOps-Compliance,Active,api
3122,Notifications Engine #16,Notifications,https://internal.api/v1/notifications/action,test-version,Data-Eng,Deprecated,internal
3123,PAYPAL CHECKOUT API,Payment,https://api-m.paypal.com/v2/checkout/orders,v1.0.0,Data-Eng,Inactive,api-m
3124,Okta Verify API,Auth,https://okta.internal/api/v1/authn/335,v3,Unknown,Active,okta
3125,FedEx Ship Rates Service,Shipping,https://apis.fedex.com/rate/v1/rates,v1.4,Data-Eng,Deprecated,apis
3126,User Profile Core API,User,https://internal.platform/services/user-profile,2024-01-01,SecOps-Compliance,Inactive,internal
3127,Okta Verify Service,Auth,https://okta.internal/api/v1/authn/652,2024-01-01,SecOps-Compliance,Active,okta
3128,User Profile Core Service,User,https://internal.platform/services/user-profile,v2-beta,Growth-Marketing,Active,internal
3129,Snowflake Ingestion Service,Analytics,https://snowflake.internal/api/v1/ingest,v3,SecOps-Compliance,Active,snowflake
3130,Analytics Engine #86,Analytics,https://internal.api/v1/analytics/action,Unknown,Data-Eng,Active,internal
3131,GDPR Purge Utility Service,Unknown,https://compliance.internal/v1/purge/253,v1.4,Data-Eng,Inactive,compliance
3132,Salesforce Leads Service,CRM,https://test.salesforce.com/services/data/v55.0/sobjects/931,2026_RC4,Core-Platform,Inactive,test
3133,Payment Engine #76,Payment,https://internal.api/v1/payment/action,2024-01-01,FinTech-Core,Deprecated,internal
3134,GDPR Purge Utility API,Compliance,https://compliance.internal/v1/purge/729,v3,Unknown,Active,compliance
3135,GDPR Purge Utility API,Compliance,https://compliance.internal/v1/purge/117,v3,Unknown,Active,compliance
3136,Notifications Engine #32,Notifications,https://internal.api/v1/notifications/action,2024-01-01,Comms-Team,Deprecated,internal
3137,Twilio SMS Gateway Service,Notifications,https://api.twilio.com/2010-04-01/accounts/922,v2-beta,SecOps-Compliance,Active,api
3138,Maps Engine #12,Maps,https://internal.api/v1/maps/action,2026_RC4,FinTech-Core,Active,internal
3139,Datadog Telemetry Service,Analytics,https://api.datadoghq.com/api/v2/logs/792,2024-01-01,Unknown,Inactive,api
3140,Snowflake Ingestion Service,Analytics,https://snowflake.internal/api/v1/ingest/{env}/debug_mode,v3,Comms-Team,Active,snowflake
3141,PayPal Checkout API,Payment,https://api-m.paypal.com/v2/checkout/orders/637,v3,Data-Eng,Deprecated,api-m
3142,PayPal Checkout Service,Payment,https://api-m.paypal.com/v2/checkout/orders/992,v1.4,SecOps-Compliance,Deprecated,api-m
3143,HubSpot Contacts Service,CRM,https://api.hubapi.com/crm/v3/objects/contacts/615,v2.1.0,SecOps-Compliance,Active,api
3144,User Profile Core API,Unknown,https://internal.platform/services/user-profile/226,2024-01-01,SecOps-Compliance,Active,internal
3145,PayPal Checkout API,Payment,https://api-m.paypal.com/v2/checkout/orders,v1.0.0,Core-Platform,Active,api-m
3146,User Profile Core API,User,https://internal.platform/services/user-profile,2024-01-01,Growth-Marketing,Inactive,internal
3147,Payment Engine #72,Payment,https://internal.api/v1/payment/action,2024-01-01,Growth-Marketing,Active,internal
3148,Auth Engine #99,Auth,https://internal.api/v1/auth/action,v2.1.0,FinTech-Core,Deprecated,internal
3149,Shipping Engine #72,Unknown,https://internal.api/v1/shipping/action,v1.4,Core-Platform,Deprecated,internal
3150,HubSpot Contacts Service,CRM,https://api.hubapi.com/crm/v3/objects/contacts/928/{env}/debug_mode,2024-01-01,SecOps-Compliance,Active,api
3151,Datadog Telemetry API,Unknown,https://api.datadoghq.com/api/v2/logs/716,v1.4,SecOps-Compliance,Active,api
3152,PAYMENT ENGINE #78,Payment,https://internal.api/v1/payment/action,v2-beta,Logistics,Deprecated,internal
3153,FedEx Ship Rates Service,Shipping,https://apis.fedex.com/rate/v1/rates,v1.0.0,SecOps-Compliance,Active,apis
3154,HUBSPOT CONTACTS API,CRM,https://api.hubapi.com/crm/v3/objects/contacts,v1.4,Identity-IAM,Active,api
3155,Shipping Engine #88,Shipping,https://internal.api/v1/shipping/action,v3,SecOps-Compliance,Active,internal
3156,User Profile Core API,User,https://internal.platform/services/user-profile/975,v2.1.0,Unknown,Deprecated,internal
3157,CRM Engine #78,CRM,https://internal.api/v1/crm/action/{env}/debug_mode,v1.0.0,Identity-IAM,Active,internal
3158,User Profile Core Service,User,https://internal.platform/services/user-profile/165,2024-01-01,Logistics,Active,internal
3159,User Engine #42,User,https://internal.api/v1/user/action,v1.4,FinTech-Core,Active,internal
3160,Analytics Engine #66,Analytics,https://internal.api/v1/analytics/action,v3,Unknown,Active,internal
3161,PayPal Checkout API,Payment,https://api-m.paypal.com/v2/checkout/orders,v1.4,Data-Eng,Inactive,api-m
3162,Okta Verify Service,Auth,https://okta.internal/api/v1/authn/609,v3,Core-Platform,Active,okta
3163,PayPal Checkout Service,Payment,https://api-m.paypal.com/v2/checkout/orders,test-version,SecOps-Compliance,Active,api-m
3164,Datadog Telemetry API,Analytics,https://api.datadoghq.com/api/v2/logs,v2-beta,Identity-IAM,Active,api
3165,Stripe Payments Service,Payment,https://api.stripe.com/v3/charges,v1.4,Logistics,Deprecated,api
3166,Stripe Payments API,Payment,https://api.stripe.com/v3/charges/265,v2-beta,Comms-Team,Active,api
3167,PayPal Checkout API,Payment,https://api-m.paypal.com/v2/checkout/orders,test-version,SecOps-Compliance,Deprecated,api-m
3168,Notifications Engine #89,Notifications,https://internal.api/v1/notifications/action,v2.1.0,Logistics,Deprecated,internal
3169,CRM Engine #32,CRM,https://internal.api/v1/crm/action,v3,Data-Eng,Active,internal
3170,Google Maps Geocode API,Maps,https://maps.googleapis.com/maps/api/geocode/json/951,2026_RC4,Core-Platform,Active,maps
3171,PAYMENT ENGINE #49,Payment,https://internal.api/v1/payment/action,v3,Growth-Marketing,Active,internal
3172,User Profile Core Service,User,https://internal.platform/services/user-profile/565/{env}/debug_mode,v1.4,FinTech-Core,Inactive,internal
3173,FedEx Ship Rates Service,Shipping,https://apis.fedex.com/rate/v1/rates,v2.1.0,Comms-Team,Active,apis
3174,GDPR Purge Utility Service,Compliance,https://compliance.internal/v1/purge,Unknown,SecOps-Compliance,Active,compliance
3175,Google Maps Geocode Service,Maps,https://maps.googleapis.com/maps/api/geocode/json/125,2024-01-01,Growth-Marketing,Deprecated,maps
3176,analytics engine #30,Analytics,https://internal.api/v1/analytics/action,v3,Core-Platform,Deprecated,internal
3177,Shipping Engine #60,Unknown,https://internal.api/v1/shipping/action,v2-beta,SecOps-Compliance,Active,internal
3178,FedEx Ship Rates Service,Shipping,https://apis.fedex.com/rate/v1/rates,v2-beta,Comms-Team,Active,apis
3179,CRM Engine #10,CRM,https://internal.api/v1/crm/action,test-version,Identity-IAM,Active,internal
3180,crm engine #59,CRM,https://internal.api/v1/crm/action,v2.1.0,FinTech-Core,Deprecated,internal
3181,Snowflake Ingestion API,Unknown,https://snowflake.internal/api/v1/ingest/936,v2.1.0,Growth-Marketing,Active,snowflake
3182,GDPR Purge Utility Service,Compliance,https://compliance.internal/v1/purge/428,v3,Comms-Team,Active,compliance
3183,Twilio SMS Gateway Service,Notifications,https://api.twilio.com/2010-04-01/accounts/445,v2-beta,Unknown,Active,api
3184,Snowflake Ingestion Service,Analytics,https://snowflake.internal/api/v1/ingest/414,v1.0.0,Comms-Team,Active,snowflake
3185,Auth0 Login Service,Auth,https://identity.auth0.com/oauth/token,v3,SecOps-Compliance,Active,identity
3186,Notifications Engine #13,Notifications,https://internal.api/v1/notifications/action,v2-beta,Growth-Marketing,Inactive,internal
3187,Marketing Engine #17,Marketing,https://internal.api/v1/marketing/action,v2-beta,Growth-Marketing,Inactive,internal
3188,Stripe Payments API,Payment,https://api.stripe.com/v3/charges,2024-01-01,Data-Eng,Active,api
3189,Stripe Payments API,Payment,https://api.stripe.com/v3/charges,v2.1.0,Data-Eng,Active,api
3190,Okta Verify Service,Auth,https://okta.internal/api/v1/authn,v1.4,Core-Platform,Inactive,okta
3191,Datadog Telemetry Service,Analytics,https://api.datadoghq.com/api/v2/logs/932,v2.1.0,SecOps-Compliance,Inactive,api
3192,Analytics Engine #65,Unknown,https://internal.api/v1/analytics/action,v2.1.0,SecOps-Compliance,Active,internal
3193,Marketing Engine #38,Marketing,https://internal.api/v1/marketing/action,v1.0.0,Growth-Marketing,legacy-active,internal
3194,FedEx Ship Rates API,Shipping,https://apis.fedex.com/rate/v1/rates/873,v2.1.0,Data-Eng,Active,apis
3195,SendGrid Mailer API,Notifications,https://api.sendgrid.com/v3/mail/send/945/{env}/debug_mode,v3,Growth-Marketing,Active,api
3196,CRM Engine #76,CRM,https://internal.api/v1/crm/action,v1.0.0,Data-Eng,Inactive,internal
3197,GDPR Purge Utility API,Compliance,https://compliance.internal/v1/purge/416,v2-beta,Unknown,Inactive,compliance
3198,GDPR Purge Utility API,Compliance,https://compliance.internal/v1/purge/644/{env}/debug_mode,v1.0.0,SecOps-Compliance,Active,compliance
3199,Stripe Payments Service,Payment,https://api.stripe.com/v3/charges/212,2024-01-01,Core-Platform,Deprecated,api
3200,Shipping Engine #59,Shipping,https://internal.api/v1/shipping/action,v1.0.0,Unknown,Deprecated,internal
3201,Google Maps Geocode Service,Maps,https://maps.googleapis.com/maps/api/geocode/json/824,2024-01-01,Identity-IAM,Active,maps
3202,Snowflake Ingestion API,Unknown,https://snowflake.internal/api/v1/ingest/281,v1.0.0,Core-Platform,Deprecated,snowflake
3203,Marketing Engine #32,Marketing,https://internal.api/v1/marketing/action/{env}/debug_mode,v3,Data-Eng,Active,internal
3204,AdRoll Tracking Pixels API,Marketing,https://api.adroll.com/v2/pixels/174,v2-beta,Growth-Marketing,Deprecated,api
3205,Salesforce Leads API,CRM,https://test.salesforce.com/services/data/v55.0/sobjects/535,v2.1.0,Data-Eng,Active,test
3206,CRM Engine #93,CRM,https://internal.api/v1/crm/action/{env}/debug_mode,v1.4,Logistics,Active,internal
3207,Twilio SMS Gateway Service,Comms,https://api.twilio.com/2010-04-01/accounts,2024-01-01,Logistics,Deprecated,api
3208,Google Maps Geocode API,Maps,https://maps.googleapis.com/maps/api/geocode/json/212,v3,Unknown,Inactive,maps
3209,Marketing Engine #64,Marketing,https://internal.api/v1/marketing/action,v1.0.0,Logistics,Active,internal
3210,Snowflake Ingestion Service,Analytics,https://snowflake.internal/api/v1/ingest/{env}/debug_mode,v2.1.0,Data-Eng,Active,snowflake
3211,Shipping Engine #81,Shipping,https://internal.api/v1/shipping/action,v2.1.0,Unknown,Inactive,internal
3212,User Engine #45,User,https://internal.api/v1/user/action,2024-01-01,Growth-Marketing,Inactive,internal
3213,AdRoll Tracking Pixels API,Unknown,https://api.adroll.com/v2/pixels,v2.1.0,Logistics,Inactive,api
3214,Datadog Telemetry Service,Analytics,https://api.datadoghq.com/api/v2/logs,2024-01-01,Data-Eng,Active,api
3215,Snowflake Ingestion Service,Analytics,https://snowflake.internal/api/v1/ingest/659,v2.1.0,Identity-IAM,Active,snowflake
3216,sendgrid mailer api,Notifications,https://api.sendgrid.com/v3/mail/send/185,v2.1.0,Core-Platform,Inactive,api
3217,Notifications Engine #30,Notifications,https://internal.api/v1/notifications/action,v3,Unknown,Deprecated,internal
3218,Google Maps Geocode Service,Maps,https://maps.googleapis.com/maps/api/geocode/json/168,v1.0.0,Unknown,Active,maps
3219,Auth Engine #48,Auth,https://internal.api/v1/auth/action,Unknown,Data-Eng,Deprecated,internal
3220,Payment Engine #55,Payment,https://internal.api/v1/payment/action,2024-01-01,Comms-Team,Inactive,internal
3221,Marketing Engine #34,Marketing,https://internal.api/v1/marketing/action,0.0.1-SNAPSHOT,Logistics,Inactive,internal
3222,Compliance Engine #43,Unknown,https://internal.api/v1/compliance/action,v2.1.0,Core-Platform,Active,internal
3223,Auth0 Login Service,Unknown,https://identity.auth0.com/oauth/token,v2.1.0,Growth-Marketing,Deprecated,identity
3224,FedEx Ship Rates API,Shipping,https://apis.fedex.com/rate/v1/rates/371,v2.1.0,Core-Platform,legacy-active,apis
3225,Snowflake Ingestion API,Analytics,https://snowflake.internal/api/v1/ingest/211,v1-alpha,Identity-IAM,Active,snowflake
3226,Marketing Engine #64,Marketing,https://internal.api/v1/marketing/action,v1.0.0,Comms-Team,Active,internal
3227,FedEx Ship Rates Service,Shipping,https://apis.fedex.com/rate/v1/rates/{env}/debug_mode,v1.4,Growth-Marketing,Inactive,apis
3228,Marketing Engine #39,Marketing,https://internal.api/v1/marketing/action,v1.4,FinTech-Core,Inactive,internal
3229,FedEx Ship Rates API,Shipping,https://apis.fedex.com/rate/v1/rates,v1.4,FinTech-Core,Active,apis
3230,FedEx Ship Rates API,Shipping,https://apis.fedex.com/rate/v1/rates/424,v2.1.0,Comms-Team,Active,apis
3231,Okta Verify API,Auth,https://okta.internal/api/v1/authn/176/{env}/debug_mode,2024-01-01,Data-Eng,Deprecated,okta
3232,Google Maps Geocode Service,Maps,https://maps.googleapis.com/maps/api/geocode/json/101,v2.1.0,Unknown,Deprecated,maps
3233,HubSpot Contacts API,CRM,https://api.hubapi.com/crm/v3/objects/contacts/904,2026_RC4,FinTech-Core,Inactive,api
3234,Twilio SMS Gateway Service,Notifications,https://api.twilio.com/2010-04-01/accounts,v1.4,Unknown,Active,api
3235,CRM Engine #98,Unknown,https://internal.api/v1/crm/action,v2-beta,Logistics,Active,internal
3236,Stripe Payments API,Payment,https://api.stripe.com/v3/charges/562,0.0.1-SNAPSHOT,Identity-IAM,Inactive,api
3237,Twilio SMS Gateway Service,Notifications,https://api.twilio.com/2010-04-01/accounts/963,v1.0.0,Logistics,Active,api
3238,Datadog Telemetry Service,Analytics,https://api.datadoghq.com/api/v2/logs,v1.4,Data-Eng,Active,api
3239,CRM Engine #66,CRM,https://internal.api/v1/crm/action,v2.1.0,Data-Eng,Inactive,internal
3240,AdRoll Tracking Pixels Service,Marketing,https://api.adroll.com/v2/pixels,test-version,Core-Platform,Active,api
3241,User Engine #40,User,https://internal.api/v1/user/action,Unknown,Logistics,Active,internal
3242,Compliance Engine #43,Compliance,https://internal.api/v1/compliance/action,v1.4,Unknown,Active,internal
3243,Auth Engine #46,Auth,https://internal.api/v1/auth/action,2024-01-01,Logistics,Active,internal
3244,Stripe Payments Service,Payment,https://api.stripe.com/v3/charges/910,v3,FinTech-Core,Active,api
3245,PayPal Checkout Service,Payment,https://api-m.paypal.com/v2/checkout/orders,Unknown,Logistics,Active,api-m
3246,PayPal Checkout Service,Payment,https://api-m.paypal.com/v2/checkout/orders/278,v2-beta,Core-Platform,Active,api-m
3247,Notifications Engine #74,Notifications,https://internal.api/v1/notifications/action,Unknown,Data-Eng,Active,internal
3248,gdpr purge utility api,Compliance,https://compliance.internal/v1/purge,v2-beta,Core-Platform,Inactive,compliance
3249,Auth Engine #73,Auth,https://internal.api/v1/auth/action,v2.1.0,FinTech-Core,Active,internal
3250,Snowflake Ingestion API,Analytics,https://snowflake.internal/api/v1/ingest/422,v3,Unknown,Inactive,snowflake
3251,User Profile Core Service,User,https://internal.platform/services/user-profile,v2.1.0,Core-Platform,Deprecated,internal
3252,Twilio SMS Gateway API,Notifications,https://api.twilio.com/2010-04-01/accounts,test-version,Core-Platform,Deprecated,api
3253,SendGrid Mailer Service,Notifications,https://api.sendgrid.com/v3/mail/send/283,2024-01-01,Data-Eng,Inactive,api
3254,PayPal Checkout API,Payment,https://api-m.paypal.com/v2/checkout/orders,2024-01-01,Comms-Team,legacy-active,api-m
3255,Notifications Engine #68,Notifications,https://internal.api/v1/notifications/action,v2-beta,Growth-Marketing,Active,internal
3256,PayPal Checkout Service,Payment,https://api-m.paypal.com/v2/checkout/orders,Unknown,Core-Platform,Inactive,api-m
3257,Datadog Telemetry Service,Analytics,https://api.datadoghq.com/api/v2/logs,2026_RC4,Growth-Marketing,Active,api
3258,datadog telemetry api,Analytics,https://api.datadoghq.com/api/v2/logs/562,v2.1.0,Comms-Team,Deprecated,api
3259,Auth0 Login API,Unknown,https://identity.auth0.com/oauth/token/390,2024-01-01,Growth-Marketing,Inactive,identity
3260,PayPal Checkout Service,Payment,https://api-m.paypal.com/v2/checkout/orders/725/{env}/debug_mode,v1.4,Identity-IAM,Active,api-m
3261,Google Maps Geocode API,Maps,https://maps.googleapis.com/maps/api/geocode/json/830,v1.4,Data-Eng,Active,maps
3262,PayPal Checkout API,Payment,https://api-m.paypal.com/v2/checkout/orders/954,v2.1.0,Comms-Team,Active,api-m
3263,User Engine #53,User,https://internal.api/v1/user/action/{env}/debug_mode,v1.4,Identity-IAM,Inactive,internal
3264,AUTH0 LOGIN API,Auth,https://identity.auth0.com/oauth/token/462,v2.1.0,Data-Eng,Active,identity
3265,Compliance Engine #98,Unknown,https://internal.api/v1/compliance/action,v1.0.0,Comms-Team,Inactive,internal
3266,Compliance Engine #47,Compliance,https://internal.api/v1/compliance/action,2024-01-01,Unknown,Active,internal
3267,HubSpot Contacts Service,CRM,https://api.hubapi.com/crm/v3/objects/contacts,2024-01-01,SecOps-Compliance,Deprecated,api
3268,Stripe Payments Service,Payment,https://api.stripe.com/v3/charges/193,v3,Logistics,Inactive,api
3269,PayPal Checkout Service,Payment,https://api-m.paypal.com/v2/checkout/orders/691,2026_RC4,SecOps-Compliance,Active,api-m
3270,Compliance Engine #76,Compliance,https://internal.api/v1/compliance/action,v1.4,FinTech-Core,Active,internal
3271,Stripe Payments API,Payment,https://api.stripe.com/v3/charges,v3,SecOps-Compliance,Active,api
3272,FedEx Ship Rates Service,Shipping,https://apis.fedex.com/rate/v1/rates/530,v1.0.0,Core-Platform,Active,apis
3273,GDPR Purge Utility Service,Unknown,https://compliance.internal/v1/purge/253,2024-01-01,Core-Platform,Deprecated,compliance
3274,Google Maps Geocode Service,Maps,https://maps.googleapis.com/maps/api/geocode/json,2026_RC4,Data-Eng,Inactive,maps
3275,Okta Verify Service,Auth,https://okta.internal/api/v1/authn/578,Unknown,FinTech-Core,Active,okta
3276,Marketing Engine #75,Unknown,https://internal.api/v1/marketing/action,v1.4,Data-Eng,Active,internal
3277,Twilio SMS Gateway API,Notifications,https://api.twilio.com/2010-04-01/accounts/280,v2.1.0,Unknown,Active,api
3278,SHIPPING ENGINE #37,Shipping,https://internal.api/v1/shipping/action,v1.4,Identity-IAM,Inactive,internal
3279,CRM Engine #11,CRM,https://internal.api/v1/crm/action,Unknown,Growth-Marketing,Active,internal
3280,SendGrid Mailer API,Notifications,https://api.sendgrid.com/v3/mail/send/{env}/debug_mode,v1.4,Core-Platform,Deprecated,api
3281,Stripe Payments Service,Payment,https://api.stripe.com/v3/charges/646,v1.0.0,Logistics,Active,api
3282,CRM ENGINE #81,CRM,https://internal.api/v1/crm/action,v3,Identity-IAM,Active,internal
3283,CRM Engine #72,CRM,https://internal.api/v1/crm/action,v2-beta,SecOps-Compliance,Deprecated,internal
3284,Snowflake Ingestion API,Analytics,https://snowflake.internal/api/v1/ingest/850,Unknown,Core-Platform,Inactive,snowflake
3285,AdRoll Tracking Pixels API,Marketing,https://api.adroll.com/v2/pixels/105,v1.0.0,Core-Platform,Inactive,api
3286,Okta Verify Service,Auth,https://okta.internal/api/v1/authn/{env}/debug_mode,v3,Data-Eng,Inactive,okta
3287,FedEx Ship Rates Service,Shipping,https://apis.fedex.com/rate/v1/rates,v2.1.0,SecOps-Compliance,Deprecated,apis
3288,Payment Engine #50,Unknown,https://internal.api/v1/payment/action,v2.1.0,Growth-Marketing,Active,internal
3289,Datadog Telemetry Service,Analytics,https://api.datadoghq.com/api/v2/logs,v1.0.0,Core-Platform,Active,api
3290,HubSpot Contacts API,CRM,https://api.hubapi.com/crm/v3/objects/contacts,v1.4,Comms-Team,Deprecated,api
3291,AdRoll Tracking Pixels API,Marketing,https://api.adroll.com/v2/pixels,v1.0.0,Logistics,Deprecated,api
3292,paypal checkout service,Payment,https://api-m.paypal.com/v2/checkout/orders/844,v1.4,FinTech-Core,Active,api-m
3293,Marketing Engine #17,Marketing,https://internal.api/v1/marketing/action,0.0.1-SNAPSHOT,FinTech-Core,Deprecated,internal
3294,HubSpot Contacts API,CRM,https://api.hubapi.com/crm/v3/objects/contacts/373,v2-beta,Core-Platform,Active,api
3295,Okta Verify Service,Auth,https://okta.internal/api/v1/authn/637,v1.0.0,Logistics,Active,okta
3296,Analytics Engine #56,Analytics,https://internal.api/v1/analytics/action,Unknown,Comms-Team,Inactive,internal
3297,Stripe Payments Service,Payment,https://api.stripe.com/v3/charges/469,v2.1.0,Identity-IAM,Deprecated,api
3298,FedEx Ship Rates Service,Shipping,https://apis.fedex.com/rate/v1/rates,2024-01-01,Identity-IAM,Deprecated,apis
3299,User Profile Core API,User,https://internal.platform/services/user-profile,Unknown,SecOps-Compliance,Inactive,internal
3300,Auth Engine #83,Unknown,https://internal.api/v1/auth/action,v2-beta,Comms-Team,Inactive,internal
3301,CRM Engine #32,CRM,https://internal.api/v1/crm/action,v2.1.0,Identity-IAM,Active,internal
3302,Notifications Engine #62,Notifications,https://internal.api/v1/notifications/action,2024-01-01,Data-Eng,Deprecated,internal
3303,Okta Verify Service,Auth,https://okta.internal/api/v1/authn/605,v1.0.0,Growth-Marketing,Active,okta
3304,Analytics Engine #43,Analytics,https://internal.api/v1/analytics/action/{env}/debug_mode,v1.4,Logistics,Active,internal
3305,Payment Engine #95,Payment,https://internal.api/v1/payment/action,v2.1.0,Unknown,Deprecated,internal
3306,Snowflake Ingestion Service,Analytics,https://snowflake.internal/api/v1/ingest/{env}/debug_mode,v2.1.0,Comms-Team,Active,snowflake
3307,CRM Engine #77,CRM,https://internal.api/v1/crm/action,Unknown,Growth-Marketing,Active,internal
3308,Salesforce Leads Service,CRM,https://test.salesforce.com/services/data/v55.0/sobjects/331,2024-01-01,Identity-IAM,Deprecated,test
3309,payment engine #92,Payment,https://internal.api/v1/payment/action,v2-beta,SecOps-Compliance,Active,internal
3310,User Profile Core Service,User,https://internal.platform/services/user-profile/320,v3,Growth-Marketing,Active,internal
3311,Analytics Engine #42,Analytics,https://internal.api/v1/analytics/action,v1.4,Unknown,Inactive,internal
3312,Auth0 Login API,Auth,https://identity.auth0.com/oauth/token/298,v2-beta,Comms-Team,Inactive,identity
3313,User Profile Core API,User,https://internal.platform/services/user-profile/200,v1.4,Growth-Marketing,Active,internal
3314,Notifications Engine #63,Notifications,https://internal.api/v1/notifications/action,v2.1.0,SecOps-Compliance,Active,internal
3315,Auth0 Login API,Auth,https://identity.auth0.com/oauth/token,v2.1.0,Core-Platform,Active,identity
3316,SendGrid Mailer Service,Notifications,https://api.sendgrid.com/v3/mail/send,v1-alpha,Data-Eng,Deprecated,api
3317,Shipping Engine #39,Shipping,https://internal.api/v1/shipping/action,v2.1.0,FinTech-Core,Inactive,internal
3318,GDPR Purge Utility Service,Compliance,https://compliance.internal/v1/purge,v1.0.0,Data-Eng,Active,compliance
3319,SendGrid Mailer API,Notifications,https://api.sendgrid.com/v3/mail/send,v2-beta,Identity-IAM,Deprecated,api
3320,FedEx Ship Rates Service,Shipping,https://apis.fedex.com/rate/v1/rates/812,v2.1.0,Data-Eng,Active,apis
3321,Auth Engine #19,Auth,https://internal.api/v1/auth/action/{env}/debug_mode,2024-01-01,Data-Eng,Deprecated,internal
3322,PayPal Checkout API,Payment,https://api-m.paypal.com/v2/checkout/orders/100,v3,Comms-Team,Deprecated,api-m
3323,Analytics Engine #86,Analytics,https://internal.api/v1/analytics/action,v1.4,Unknown,Active,internal
3324,Auth0 Login Service,Auth,https://identity.auth0.com/oauth/token/398,v2-beta,Comms-Team,Active,identity
3325,Marketing Engine #83,Marketing,https://internal.api/v1/marketing/action,v2-beta,Core-Platform,Deprecated,internal
3326,Twilio SMS Gateway API,Notifications,https://api.twilio.com/2010-04-01/accounts,v1.0.0,FinTech-Core,Inactive,api
3327,HubSpot Contacts Service,Unknown,https://api.hubapi.com/crm/v3/objects/contacts/939,v3,FinTech-Core,Deprecated,api
3328,FedEx Ship Rates Service,Shipping,https://apis.fedex.com/rate/v1/rates,v1.4,Core-Platform,Active,apis
3329,User Profile Core Service,User,https://internal.platform/services/user-profile,Unknown,FinTech-Core,Inactive,internal
3330,Twilio SMS Gateway Service,Notifications,https://api.twilio.com/2010-04-01/accounts,v3,Unknown,Inactive,api
3331,fedex ship rates service,Shipping,https://apis.fedex.com/rate/v1/rates/734,v3,SecOps-Compliance,Active,apis
3332,Compliance Engine #28,Compliance,https://internal.api/v1/compliance/action,Unknown,SecOps-Compliance,Active,internal
3333,User Profile Core Service,User,https://internal.platform/services/user-profile/965/{env}/debug_mode,v1.0.0,Comms-Team,Active,internal
3334,HubSpot Contacts API,Unknown,https://api.hubapi.com/crm/v3/objects/contacts,v1.0.0,FinTech-Core,Active,api
3335,Okta Verify API,Unknown,https://okta.internal/api/v1/authn,v3,Core-Platform,Active,okta
3336,Salesforce Leads API,CRM,https://test.salesforce.com/services/data/v55.0/sobjects/716,Unknown,FinTech-Core,Active,test
3337,Auth0 Login API,Auth,https://identity.auth0.com/oauth/token,v2.1.0,Unknown,Deprecated,identity
3338,Analytics Engine #10,Analytics,https://internal.api/v1/analytics/action,v3,Growth-Marketing,Inactive,internal
3339,Compliance Engine #51,Compliance,https://internal.api/v1/compliance/action,v1.0.0,Growth-Marketing,Active,internal
3340,PayPal Checkout API,Payment,https://api-m.paypal.com/v2/checkout/orders/{env}/debug_mode,v1.4,Identity-IAM,Deprecated,api-m
3341,Datadog Telemetry Service,Analytics,https://api.datadoghq.com/api/v2/logs,v1-alpha,Identity-IAM,Active,api
3342,Stripe Payments Service,Payment,https://api.stripe.com/v3/charges,v2.1.0,Comms-Team,Deprecated,api
3343,Notifications Engine #77,Notifications,https://internal.api/v1/notifications/action,v1.4,SecOps-Compliance,Inactive,internal
3344,Shipping Engine #32,Shipping,https://internal.api/v1/shipping/action,0.0.1-SNAPSHOT,Core-Platform,Active,internal
3345,User Engine #85,User,https://internal.api/v1/user/action/{env}/debug_mode,v2-beta,FinTech-Core,Active,internal
3346,Salesforce Leads Service,CRM,https://test.salesforce.com/services/data/v55.0/sobjects,v1.0.0,Growth-Marketing,Active,test
3347,AdRoll Tracking Pixels Service,Marketing,https://api.adroll.com/v2/pixels/725,2024-01-01,Unknown,Active,api
3348,Google Maps Geocode API,Unknown,https://maps.googleapis.com/maps/api/geocode/json,v2-beta,Growth-Marketing,Active,maps
3349,Shipping Engine #37,Shipping,https://internal.api/v1/shipping/action,v1.4,FinTech-Core,Active,internal
3350,CRM Engine #31,CRM,https://internal.api/v1/crm/action,test-version,Logistics,Active,internal
3351,fedex ship rates api,Shipping,https://apis.fedex.com/rate/v1/rates/796,2024-01-01,Identity-IAM,Active,apis
3352,Auth Engine #49,Unknown,https://internal.api/v1/auth/action,v2-beta,Logistics,Inactive,internal
3353,payment engine #74,Payment,https://internal.api/v1/payment/action,v3,Core-Platform,Inactive,internal
3354,CRM Engine #72,CRM,https://internal.api/v1/crm/action,Unknown,Core-Platform,Active,internal
3355,SendGrid Mailer API,Notifications,https://api.sendgrid.com/v3/mail/send,0.0.1-SNAPSHOT,SecOps-Compliance,Inactive,api
3356,AdRoll Tracking Pixels Service,Marketing,https://api.adroll.com/v2/pixels,v2.1.0,Unknown,Deprecated,api
3357,shipping engine #62,Shipping,https://internal.api/v1/shipping/action,v3,FinTech-Core,Active,internal
3358,HubSpot Contacts Service,CRM,https://api.hubapi.com/crm/v3/objects/contacts/688/{env}/debug_mode,v3,Growth-Marketing,Active,api
3359,Google Maps Geocode API,Maps,https://maps.googleapis.com/maps/api/geocode/json,v2-beta,Growth-Marketing,Active,maps
3360,SendGrid Mailer Service,Notifications,https://api.sendgrid.com/v3/mail/send/210,v2.1.0,Data-Eng,Deprecated,api
3361,Compliance Engine #99,Compliance,https://internal.api/v1/compliance/action/{env}/debug_mode,2024-01-01,SecOps-Compliance,Active,internal
3362,user engine #13,User,https://internal.api/v1/user/action,v3,FinTech-Core,Inactive,internal
3363,User Engine #91,User,https://internal.api/v1/user/action,Unknown,FinTech-Core,Active,internal
3364,CRM ENGINE #84,CRM,https://internal.api/v1/crm/action,v3,Growth-Marketing,Deprecated,internal
3365,Payment Engine #50,Payment,https://internal.api/v1/payment/action,v2.1.0,Data-Eng,Active,internal
3366,Maps Engine #86,Maps,https://internal.api/v1/maps/action,v1.0.0,Data-Eng,Active,internal
3367,Analytics Engine #90,Analytics,https://internal.api/v1/analytics/action,2024-01-01,SecOps-Compliance,Active,internal
3368,PayPal Checkout API,Payment,https://api-m.paypal.com/v2/checkout/orders,2024-01-01,Growth-Marketing,legacy-active,api-m
3369,crm engine #44,CRM,https://internal.api/v1/crm/action,v2-beta,Comms-Team,Active,internal
3370,STRIPE PAYMENTS SERVICE,Payment,https://api.stripe.com/v3/charges,2024-01-01,Growth-Marketing,Active,api
3371,Marketing Engine #18,Marketing,https://internal.api/v1/marketing/action,v1.0.0,FinTech-Core,Active,internal
3372,Twilio SMS Gateway API,Notifications,https://api.twilio.com/2010-04-01/accounts,v3,SecOps-Compliance,Active,api
3373,Maps Engine #44,Maps,https://internal.api/v1/maps/action,v1.0.0,Growth-Marketing,Active,internal
3374,Auth Engine #97,Unknown,https://internal.api/v1/auth/action,v2.1.0,SecOps-Compliance,Active,internal
3375,Stripe Payments API,Payment,https://api.stripe.com/v3/charges/621,2024-01-01,Identity-IAM,Deprecated,api
3376,AdRoll Tracking Pixels API,Marketing,https://api.adroll.com/v2/pixels/117,v2.1.0,Identity-IAM,legacy-active,api
3377,GDPR Purge Utility Service,Compliance,https://compliance.internal/v1/purge/781,v3,Logistics,Inactive,compliance
3378,AdRoll Tracking Pixels Service,Marketing,https://api.adroll.com/v2/pixels,v3,Core-Platform,Active,api
3379,Stripe Payments Service,Payment,https://api.stripe.com/v3/charges,v3,Identity-IAM,Inactive,api
3380,Okta Verify Service,Auth,https://okta.internal/api/v1/authn/182,v2.1.0,FinTech-Core,Active,okta
3381,Auth Engine #98,Auth,https://internal.api/v1/auth/action,v1.0.0,Identity-IAM,Inactive,internal
3382,Stripe Payments API,Payment,https://api.stripe.com/v3/charges,v1.0.0,Unknown,Active,api
3383,Google Maps Geocode Service,Maps,https://maps.googleapis.com/maps/api/geocode/json,v1.4,Growth-Marketing,Active,maps
3384,Stripe Payments API,Payment,https://api.stripe.com/v3/charges/339,v2-beta,Data-Eng,Inactive,api
3385,Snowflake Ingestion Service,Analytics,https://snowflake.internal/api/v1/ingest,Unknown,Comms-Team,Active,snowflake
3386,salesforce leads service,CRM,https://test.salesforce.com/services/data/v55.0/sobjects,v1.4,Data-Eng,Inactive,test
3387,GDPR Purge Utility Service,Compliance,https://compliance.internal/v1/purge/350,Unknown,SecOps-Compliance,Deprecated,compliance
3388,Datadog Telemetry API,Analytics,https://api.datadoghq.com/api/v2/logs/197,0.0.1-SNAPSHOT,Logistics,Inactive,api
3389,Payment Engine #64,Unknown,https://internal.api/v1/payment/action,v1.4,Identity-IAM,Deprecated,internal
3390,Datadog Telemetry Service,Analytics,https://api.datadoghq.com/api/v2/logs,2024-01-01,Unknown,Deprecated,api
3391,Datadog Telemetry Service,Analytics,https://api.datadoghq.com/api/v2/logs/377,v2-beta,Growth-Marketing,Active,api
3392,Google Maps Geocode Service,Maps,https://maps.googleapis.com/maps/api/geocode/json,v3,Unknown,Deprecated,maps
3393,GDPR Purge Utility Service,Compliance,https://compliance.internal/v1/purge/169,v1.4,Growth-Marketing,Active,compliance
3394,crm engine #77,CRM,https://internal.api/v1/crm/action,v1.4,FinTech-Core,Active,internal
3395,Datadog Telemetry Service,Analytics,https://api.datadoghq.com/api/v2/logs/832,v3,Unknown,Active,api
3396,Stripe Payments Service,Payment,https://api.stripe.com/v3/charges,v2.1.0,Identity-IAM,Deprecated,api
3397,Compliance Engine #25,Compliance,https://internal.api/v1/compliance/action,v2.1.0,Logistics,Inactive,internal
3398,Marketing Engine #14,Marketing,https://internal.api/v1/marketing/action,Unknown,Comms-Team,Active,internal
3399,User Profile Core Service,User,https://internal.platform/services/user-profile/974,v2-beta,Core-Platform,Deprecated,internal
3400,Twilio SMS Gateway API,Unknown,https://api.twilio.com/2010-04-01/accounts,v2-beta,Growth-Marketing,Active,api
3401,Payment Engine #33,Payment,https://internal.api/v1/payment/action/{env}/debug_mode,2024-01-01,FinTech-Core,Active,internal
3402,Twilio SMS Gateway Service,Notifications,https://api.twilio.com/2010-04-01/accounts/203/{env}/debug_mode,v1.0.0,Core-Platform,Active,api
3403,Auth0 Login Service,Auth,https://identity.auth0.com/oauth/token/694,2024-01-01,Core-Platform,Active,identity
3404,Okta Verify Service,Auth,https://okta.internal/api/v1/authn,2024-01-01,SecOps-Compliance,Inactive,okta
3405,GDPR Purge Utility Service,Compliance,https://compliance.internal/v1/purge/711,Unknown,Data-Eng,Deprecated,compliance
3406,Auth0 Login Service,Auth,https://identity.auth0.com/oauth/token/350,v1.0.0,SecOps-Compliance,Active,identity
3407,User Engine #21,User,https://internal.api/v1/user/action,v2.1.0,Unknown,Active,internal
3408,HubSpot Contacts API,CRM,https://api.hubapi.com/crm/v3/objects/contacts/621,v1.4,FinTech-Core,Deprecated,api
3409,Analytics Engine #13,Analytics,https://internal.api/v1/analytics/action,Unknown,Comms-Team,Active,internal
3410,CRM Engine #25,Unknown,https://internal.api/v1/crm/action,v2.1.0,Growth-Marketing,Deprecated,internal
3411,AdRoll Tracking Pixels Service,Marketing,https://api.adroll.com/v2/pixels,v1.0.0,Core-Platform,Deprecated,api
3412,FedEx Ship Rates API,Shipping,https://apis.fedex.com/rate/v1/rates,2026_RC4,FinTech-Core,Deprecated,apis
3413,Compliance Engine #68,Compliance,https://internal.api/v1/compliance/action,v1.4,Core-Platform,Active,internal
3414,Datadog Telemetry API,Analytics,https://api.datadoghq.com/api/v2/logs,v1.4,Core-Platform,Active,api
3415,Marketing Engine #95,Marketing,https://internal.api/v1/marketing/action,v3,Unknown,Active,internal
3416,Twilio SMS Gateway API,Notifications,https://api.twilio.com/2010-04-01/accounts,Unknown,Comms-Team,Active,api
3417,Google Maps Geocode API,Maps,https://maps.googleapis.com/maps/api/geocode/json/273,2024-01-01,Growth-Marketing,Active,maps
3418,Shipping Engine #54,Shipping,https://internal.api/v1/shipping/action,v1.0.0,Data-Eng,Active,internal
3419,SendGrid Mailer API,Notifications,https://api.sendgrid.com/v3/mail/send,v2-beta,Identity-IAM,Inactive,api
3420,Notifications Engine #12,Notifications,https://internal.api/v1/notifications/action,v2.1.0,Data-Eng,Active,internal
3421,Compliance Engine #37,Compliance,https://internal.api/v1/compliance/action,v1.4,Unknown,Active,internal
3422,User Engine #76,User,https://internal.api/v1/user/action,v1.4,Data-Eng,Inactive,internal
3423,Analytics Engine #71,Analytics,https://internal.api/v1/analytics/action,Unknown,Core-Platform,Active,internal
3424,Auth Engine #67,Auth,https://internal.api/v1/auth/action,v1-alpha,SecOps-Compliance,Inactive,internal
3425,PayPal Checkout API,Payment,https://api-m.paypal.com/v2/checkout/orders,v1.4,Unknown,Active,api-m
3426,Payment Engine #32,Payment,https://internal.api/v1/payment/action,v2.1.0,SecOps-Compliance,Inactive,internal
3427,Marketing Engine #73,Marketing,https://internal.api/v1/marketing/action,2024-01-01,FinTech-Core,Active,internal
3428,Notifications Engine #63,Notifications,https://internal.api/v1/notifications/action/{env}/debug_mode,v3,FinTech-Core,Active,internal
3429,HubSpot Contacts API,Unknown,https://api.hubapi.com/crm/v3/objects/contacts/770,2024-01-01,Data-Eng,Active,api
3430,Okta Verify API,Auth,https://okta.internal/api/v1/authn,2024-01-01,Logistics,Active,okta
3431,User Engine #35,User,https://internal.api/v1/user/action,v2-beta,Unknown,Inactive,internal
3432,HubSpot Contacts API,CRM,https://api.hubapi.com/crm/v3/objects/contacts,Unknown,SecOps-Compliance,Active,api
3433,Shipping Engine #39,Unknown,https://internal.api/v1/shipping/action,2024-01-01,Identity-IAM,Active,internal
3434,Notifications Engine #84,Notifications,https://internal.api/v1/notifications/action,v1.4,Logistics,Deprecated,internal
3435,Auth0 Login API,Auth,https://identity.auth0.com/oauth/token/184,2024-01-01,Data-Eng,Active,identity
3436,Salesforce Leads Service,CRM,https://test.salesforce.com/services/data/v55.0/sobjects/893,v1.0.0,SecOps-Compliance,Active,test
3437,PayPal Checkout Service,Payment,https://api-m.paypal.com/v2/checkout/orders/965,v1.4,Comms-Team,Deprecated,api-m
3438,PayPal Checkout API,FinTech,https://api-m.paypal.com/v2/checkout/orders/580,v2-beta,SecOps-Compliance,Deprecated,api-m
3439,GDPR Purge Utility API,Compliance,https://compliance.internal/v1/purge/201/{env}/debug_mode,v2.1.0,FinTech-Core,Deprecated,compliance
3440,SendGrid Mailer Service,Notifications,https://api.sendgrid.com/v3/mail/send/202,v2.1.0,Unknown,Active,api
3441,PayPal Checkout API,Payment,https://api-m.paypal.com/v2/checkout/orders,v1.0.0,Identity-IAM,Inactive,api-m
3442,Auth Engine #30,Auth,https://internal.api/v1/auth/action/{env}/debug_mode,v1.4,Logistics,Active,internal
3443,Auth Engine #49,Auth,https://internal.api/v1/auth/action,v3,Data-Eng,Inactive,internal
3444,Auth Engine #54,Auth,https://internal.api/v1/auth/action,v2-beta,Identity-IAM,Active,internal
3445,Shipping Engine #35,Shipping,https://internal.api/v1/shipping/action,2024-01-01,Growth-Marketing,Active,internal
3446,Compliance Engine #58,Compliance,https://internal.api/v1/compliance/action,v3,Core-Platform,Active,internal
3447,Shipping Engine #51,Shipping,https://internal.api/v1/shipping/action,v3,FinTech-Core,Active,internal
3448,twilio sms gateway api,Notifications,https://api.twilio.com/2010-04-01/accounts/601,v2-beta,Comms-Team,Active,api
3449,Twilio SMS Gateway Service,Notifications,https://api.twilio.com/2010-04-01/accounts,v1.0.0,SecOps-Compliance,Inactive,api
3450,Okta Verify Service,Auth,https://okta.internal/api/v1/authn/{env}/debug_mode,v2.1.0,Growth-Marketing,Active,okta
3451,GDPR Purge Utility Service,Compliance,https://compliance.internal/v1/purge,v2.1.0,Data-Eng,Inactive,compliance
3452,SendGrid Mailer Service,Unknown,https://api.sendgrid.com/v3/mail/send,v1.4,Growth-Marketing,Active,api
3453,AdRoll Tracking Pixels Service,Marketing,https://api.adroll.com/v2/pixels/500,Unknown,SecOps-Compliance,Active,api
3454,auth engine #44,Auth,https://internal.api/v1/auth/action,v1.0.0,Core-Platform,Deprecated,internal
3455,Salesforce Leads Service,CRM,https://test.salesforce.com/services/data/v55.0/sobjects,Unknown,FinTech-Core,Inactive,test
3456,FedEx Ship Rates API,Shipping,https://apis.fedex.com/rate/v1/rates/837,v1.4,Unknown,Active,apis
3457,Stripe Payments API,Unknown,https://api.stripe.com/v3/charges/890,v1.0.0,Comms-Team,Active,api
3458,Auth0 Login API,Auth,https://identity.auth0.com/oauth/token/367/{env}/debug_mode,v3,Growth-Marketing,Active,identity
3459,Maps Engine #44,Maps,https://internal.api/v1/maps/action,v2-beta,Unknown,Inactive,internal
3460,CRM Engine #32,CRM,https://internal.api/v1/crm/action,v3,Unknown,Active,internal
3461,Payment Engine #38,Payment,https://internal.api/v1/payment/action/{env}/debug_mode,v2.1.0,Data-Eng,Inactive,internal
3462,CRM Engine #99,Unknown,https://internal.api/v1/crm/action,v2.1.0,Logistics,Active,internal
3463,Payment Engine #11,Payment,https://internal.api/v1/payment/action,v1.4,Unknown,Active,internal
3464,Marketing Engine #87,Marketing,https://internal.api/v1/marketing/action,v2.1.0,Comms-Team,Active,internal
3465,MARKETING ENGINE #89,Marketing,https://internal.api/v1/marketing/action,v1.0.0,Identity-IAM,Deprecated,internal
3466,CRM Engine #31,CRM,https://internal.api/v1/crm/action,Unknown,Comms-Team,Active,internal
3467,GDPR Purge Utility API,Compliance,https://compliance.internal/v1/purge,2024-01-01,Identity-IAM,Active,compliance
3468,marketing engine #87,Marketing,https://internal.api/v1/marketing/action,v3,Core-Platform,Active,internal
3469,Datadog Telemetry API,Analytics,https://api.datadoghq.com/api/v2/logs/696,v1.0.0,Growth-Marketing,Active,api
3470,GDPR Purge Utility API,Compliance,https://compliance.internal/v1/purge/222,v2.1.0,FinTech-Core,Active,compliance
3471,paypal checkout service,Payment,https://api-m.paypal.com/v2/checkout/orders/724,v1.4,Comms-Team,Inactive,api-m
3472,PAYMENT ENGINE #53,Payment,https://internal.api/v1/payment/action,v2-beta,Core-Platform,Active,internal
3473,twilio sms gateway service,Notifications,https://api.twilio.com/2010-04-01/accounts,2024-01-01,Growth-Marketing,Active,api
3474,Compliance Engine #98,Compliance,https://internal.api/v1/compliance/action,v2.1.0,Unknown,Active,internal
3475,Auth Engine #94,Auth,https://internal.api/v1/auth/action,v1-alpha,Logistics,Active,internal
3476,SHIPPING ENGINE #67,Shipping,https://internal.api/v1/shipping/action,v1.0.0,FinTech-Core,Active,internal
3477,Datadog Telemetry Service,Analytics,https://api.datadoghq.com/api/v2/logs,v2-beta,Growth-Marketing,Inactive,api
3478,User Engine #93,User,https://internal.api/v1/user/action,v2-beta,SecOps-Compliance,Inactive,internal
3479,MARKETING ENGINE #76,Marketing,https://internal.api/v1/marketing/action,v2.1.0,FinTech-Core,Deprecated,internal
3480,Stripe Payments API,Payment,https://api.stripe.com/v3/charges/939,0.0.1-SNAPSHOT,Data-Eng,Active,api
3481,Twilio SMS Gateway Service,Notifications,https://api.twilio.com/2010-04-01/accounts,v1.0.0,SecOps-Compliance,Deprecated,api
3482,Salesforce Leads Service,CRM,https://test.salesforce.com/services/data/v55.0/sobjects/989,2024-01-01,Comms-Team,Active,test
3483,Salesforce Leads API,Unknown,https://test.salesforce.com/services/data/v55.0/sobjects,v1.4,Logistics,Active,test
3484,AdRoll Tracking Pixels Service,Marketing,https://api.adroll.com/v2/pixels/930,Unknown,Core-Platform,Inactive,api
3485,GDPR Purge Utility API,Compliance,https://compliance.internal/v1/purge,v2.1.0,Identity-IAM,Deprecated,compliance
3486,Compliance Engine #35,Compliance,https://internal.api/v1/compliance/action,v2-beta,SecOps-Compliance,Active,internal
3487,User Engine #99,User,https://internal.api/v1/user/action,2024-01-01,SecOps-Compliance,Active,internal
3488,Auth Engine #95,Unknown,https://internal.api/v1/auth/action,2024-01-01,SecOps-Compliance,Active,internal
3489,Notifications Engine #68,Unknown,https://internal.api/v1/notifications/action,v2-beta,Comms-Team,Active,internal
3490,Datadog Telemetry Service,Analytics,https://api.datadoghq.com/api/v2/logs,v1.0.0,FinTech-Core,Active,api
3491,Notifications Engine #85,Notifications,https://internal.api/v1/notifications/action,v2-beta,Identity-IAM,Active,internal
3492,Twilio SMS Gateway API,Comms,https://api.twilio.com/2010-04-01/accounts,v1.0.0,SecOps-Compliance,Active,api
3493,GDPR Purge Utility API,Compliance,https://compliance.internal/v1/purge/951,v2-beta,Logistics,Inactive,compliance
3494,Marketing Engine #42,Marketing,https://internal.api/v1/marketing/action,v2.1.0,Data-Eng,Active,internal
3495,Shipping Engine #95,Shipping,https://internal.api/v1/shipping/action,v1.0.0,Identity-IAM,Active,internal
3496,USER PROFILE CORE API,User,https://internal.platform/services/user-profile,2024-01-01,Comms-Team,Active,internal
3497,CRM Engine #37,CRM,https://internal.api/v1/crm/action,v1.4,Core-Platform,Inactive,internal
3498,Salesforce Leads API,CRM,https://test.salesforce.com/services/data/v55.0/sobjects,v1.4,Comms-Team,Active,test
3499,Compliance Engine #19,Compliance,https://internal.api/v1/compliance/action,0.0.1-SNAPSHOT,Identity-IAM,Deprecated,internal
3500,FedEx Ship Rates API,Shipping,https://apis.fedex.com/rate/v1/rates/701,v1.4,Unknown,Active,apis
3501,AdRoll Tracking Pixels API,Marketing,https://api.adroll.com/v2/pixels/{env}/debug_mode,v3,Logistics,Inactive,api
3502,User Engine #18,User,https://internal.api/v1/user/action/{env}/debug_mode,v3,Logistics,Active,internal
3503,GDPR Purge Utility Service,Compliance,https://compliance.internal/v1/purge,v2-beta,FinTech-Core,Active,compliance
3504,Auth0 Login API,Auth,https://identity.auth0.com/oauth/token/669,2026_RC4,FinTech-Core,Deprecated,identity
3505,Marketing Engine #10,Unknown,https://internal.api/v1/marketing/action,2024-01-01,Core-Platform,Active,internal
3506,AdRoll Tracking Pixels Service,Marketing,https://api.adroll.com/v2/pixels,v1-alpha,SecOps-Compliance,Active,api
3507,User Profile Core API,User,https://internal.platform/services/user-profile/453,v1.0.0,Identity-IAM,Active,internal
3508,Stripe Payments Service,Unknown,https://api.stripe.com/v3/charges/332,v2-beta,SecOps-Compliance,Active,api
3509,Okta Verify Service,Auth,https://okta.internal/api/v1/authn,v2-beta,Identity-IAM,Deprecated,okta
3510,Salesforce Leads Service,CRM,https://test.salesforce.com/services/data/v55.0/sobjects/927,v1.4,Comms-Team,Inactive,test
3511,Shipping Engine #16,Shipping,https://internal.api/v1/shipping/action,v1-alpha,Data-Eng,Active,internal
3512,User Profile Core Service,Unknown,https://internal.platform/services/user-profile/445,v1.0.0,FinTech-Core,Inactive,internal
3513,Marketing Engine #31,Marketing,https://internal.api/v1/marketing/action,2024-01-01,SecOps-Compliance,Active,internal
3514,Salesforce Leads API,CRM,https://test.salesforce.com/services/data/v55.0/sobjects,v2.1.0,Data-Eng,Inactive,test
3515,Datadog Telemetry Service,Analytics,https://api.datadoghq.com/api/v2/logs,v2.1.0,Logistics,Active,api
3516,Stripe Payments API,Payment,https://api.stripe.com/v3/charges/{env}/debug_mode,v2.1.0,Identity-IAM,Deprecated,api
3517,Twilio SMS Gateway API,Notifications,https://api.twilio.com/2010-04-01/accounts,test-version,Growth-Marketing,Active,api
3518,HubSpot Contacts API,CRM,https://api.hubapi.com/crm/v3/objects/contacts,v2-beta,Comms-Team,Active,api
3519,FedEx Ship Rates Service,Shipping,https://apis.fedex.com/rate/v1/rates/198,2024-01-01,Identity-IAM,Active,apis
3520,Analytics Engine #92,Analytics,https://internal.api/v1/analytics/action,Unknown,Comms-Team,Inactive,internal
3521,Auth0 Login Service,Auth,https://identity.auth0.com/oauth/token,v1-alpha,SecOps-Compliance,Deprecated,identity
3522,Maps Engine #26,Maps,https://internal.api/v1/maps/action,v1.4,SecOps-Compliance,Active,internal
3523,Datadog Telemetry Service,Analytics,https://api.datadoghq.com/api/v2/logs/581,2024-01-01,FinTech-Core,Active,api
3524,HubSpot Contacts Service,CRM,https://api.hubapi.com/crm/v3/objects/contacts,2024-01-01,Unknown,Active,api
3525,crm engine #28,CRM,https://internal.api/v1/crm/action,v2.1.0,FinTech-Core,Deprecated,internal
3526,User Profile Core Service,User,https://internal.platform/services/user-profile/960,v1.0.0,Growth-Marketing,Active,internal
3527,Marketing Engine #80,Marketing,https://internal.api/v1/marketing/action,v1.4,SecOps-Compliance,Active,internal
3528,Stripe Payments API,Payment,https://api.stripe.com/v3/charges/262,v2.1.0,Logistics,Deprecated,api
3529,Compliance Engine #70,Compliance,https://internal.api/v1/compliance/action,v1.0.0,Core-Platform,Deprecated,internal
3530,AdRoll Tracking Pixels Service,Unknown,https://api.adroll.com/v2/pixels,v2-beta,Data-Eng,Active,api
3531,AdRoll Tracking Pixels Service,Marketing,https://api.adroll.com/v2/pixels/758,v1.4,SecOps-Compliance,Active,api
3532,Marketing Engine #30,Marketing,https://internal.api/v1/marketing/action,v1.4,Growth-Marketing,Deprecated,internal
3533,Auth0 Login Service,Auth,https://identity.auth0.com/oauth/token/216,v3,Unknown,Active,identity
3534,AdRoll Tracking Pixels API,Marketing,https://api.adroll.com/v2/pixels,v1.0.0,Core-Platform,Active,api
3535,AdRoll Tracking Pixels Service,Marketing,https://api.adroll.com/v2/pixels/705,Unknown,FinTech-Core,Active,api
3536,Analytics Engine #71,Analytics,https://internal.api/v1/analytics/action,v1.4,FinTech-Core,Deprecated,internal
3537,HubSpot Contacts API,CRM,https://api.hubapi.com/crm/v3/objects/contacts/286/{env}/debug_mode,v1.0.0,Comms-Team,Active,api
3538,Payment Engine #54,Payment,https://internal.api/v1/payment/action,v1.0.0,Growth-Marketing,Inactive,internal
3539,Auth0 Login Service,Auth,https://identity.auth0.com/oauth/token/967,Unknown,FinTech-Core,Active,identity
3540,Shipping Engine #33,Shipping,https://internal.api/v1/shipping/action,v1.0.0,Growth-Marketing,Active,internal
3541,Twilio SMS Gateway Service,Notifications,https://api.twilio.com/2010-04-01/accounts,v3,Unknown,Active,api
3542,User Profile Core API,User,https://internal.platform/services/user-profile,Unknown,Growth-Marketing,Deprecated,internal
3543,User Engine #24,Unknown,https://internal.api/v1/user/action,v1.0.0,Comms-Team,Active,internal
3544,GDPR Purge Utility API,Compliance,https://compliance.internal/v1/purge,v2-beta,SecOps-Compliance,Active,compliance
3545,Datadog Telemetry API,Unknown,https://api.datadoghq.com/api/v2/logs,v2-beta,Logistics,Inactive,api
3546,Snowflake Ingestion API,Analytics,https://snowflake.internal/api/v1/ingest,v2-beta,Unknown,Active,snowflake
3547,GDPR Purge Utility Service,Compliance,https://compliance.internal/v1/purge/572,v2.1.0,Comms-Team,Deprecated,compliance
3548,Payment Engine #26,Payment,https://internal.api/v1/payment/action,v2.1.0,Data-Eng,Inactive,internal
3549,Maps Engine #68,Maps,https://internal.api/v1/maps/action,v1.0.0,SecOps-Compliance,Deprecated,internal
3550,HubSpot Contacts API,CRM,https://api.hubapi.com/crm/v3/objects/contacts/794,2026_RC4,Comms-Team,Active,api
3551,AdRoll Tracking Pixels Service,Marketing,https://api.adroll.com/v2/pixels,v1.0.0,Comms-Team,Deprecated,api
3552,User Profile Core Service,Unknown,https://internal.platform/services/user-profile/781,v1.0.0,Growth-Marketing,Inactive,internal
3553,Snowflake Ingestion Service,Analytics,https://snowflake.internal/api/v1/ingest,v3,SecOps-Compliance,Inactive,snowflake
3554,Compliance Engine #39,Compliance,https://internal.api/v1/compliance/action,2024-01-01,Data-Eng,Inactive,internal
3555,CRM Engine #40,CRM,https://internal.api/v1/crm/action/{env}/debug_mode,v1.4,FinTech-Core,Active,internal
3556,Compliance Engine #26,Compliance,https://internal.api/v1/compliance/action,v1.0.0,SecOps-Compliance,Active,internal
3557,Stripe Payments API,Payment,https://api.stripe.com/v3/charges,v2.1.0,Core-Platform,Active,api
3558,Salesforce Leads API,CRM,https://test.salesforce.com/services/data/v55.0/sobjects,Unknown,Comms-Team,Deprecated,test
3559,Shipping Engine #63,Shipping,https://internal.api/v1/shipping/action/{env}/debug_mode,v2.1.0,Comms-Team,Deprecated,internal
3560,FedEx Ship Rates API,Shipping,https://apis.fedex.com/rate/v1/rates/{env}/debug_mode,2024-01-01,Logistics,Active,apis
3561,Analytics Engine #61,Analytics,https://internal.api/v1/analytics/action,2024-01-01,FinTech-Core,Deprecated,internal
3562,User Profile Core Service,User,https://internal.platform/services/user-profile/163/{env}/debug_mode,v1.0.0,FinTech-Core,Deprecated,internal
3563,PayPal Checkout API,Payment,https://api-m.paypal.com/v2/checkout/orders,Unknown,Growth-Marketing,Active,api-m
3564,Maps Engine #89,Maps,https://internal.api/v1/maps/action/{env}/debug_mode,v2-beta,SecOps-Compliance,Active,internal
3565,User Engine #58,User,https://internal.api/v1/user/action,v2.1.0,FinTech-Core,Active,internal
3566,User Engine #36,User,https://internal.api/v1/user/action,Unknown,Data-Eng,Deprecated,internal
3567,HubSpot Contacts Service,Unknown,https://api.hubapi.com/crm/v3/objects/contacts,v1.4,Identity-IAM,Active,api
3568,FedEx Ship Rates Service,Shipping,https://apis.fedex.com/rate/v1/rates/780/{env}/debug_mode,v1.0.0,Logistics,Active,apis
3569,snowflake ingestion service,Analytics,https://snowflake.internal/api/v1/ingest/899,2024-01-01,Growth-Marketing,Inactive,snowflake
3570,Maps Engine #77,Maps,https://internal.api/v1/maps/action,v1.4,SecOps-Compliance,Active,internal
3571,CRM Engine #42,CRM,https://internal.api/v1/crm/action,Unknown,Comms-Team,Active,internal
3572,Stripe Payments API,Payment,https://api.stripe.com/v3/charges/376,Unknown,Core-Platform,Active,api
3573,GDPR Purge Utility API,Compliance,https://compliance.internal/v1/purge/793,2024-01-01,Core-Platform,Active,compliance
3574,CRM Engine #55,CRM,https://internal.api/v1/crm/action,2026_RC4,Identity-IAM,Active,internal
3575,AUTH0 LOGIN SERVICE,Auth,https://identity.auth0.com/oauth/token,2024-01-01,Growth-Marketing,Deprecated,identity
3576,okta verify api,Auth,https://okta.internal/api/v1/authn,v2.1.0,Identity-IAM,Active,okta
3577,Snowflake Ingestion API,Analytics,https://snowflake.internal/api/v1/ingest,v2.1.0,SecOps-Compliance,Inactive,snowflake
3578,Auth Engine #52,Auth,https://internal.api/v1/auth/action,v1-alpha,Identity-IAM,Active,internal
3579,AdRoll Tracking Pixels Service,Marketing,https://api.adroll.com/v2/pixels/756,v2.1.0,Growth-Marketing,Active,api
3580,Datadog Telemetry API,Analytics,https://api.datadoghq.com/api/v2/logs,v1.0.0,Data-Eng,Active,api
3581,PayPal Checkout API,Payment,https://api-m.paypal.com/v2/checkout/orders,2024-01-01,Logistics,Inactive,api-m
3582,FedEx Ship Rates Service,Shipping,https://apis.fedex.com/rate/v1/rates/730,v1.0.0,Logistics,Active,apis
3583,HubSpot Contacts API,CRM,https://api.hubapi.com/crm/v3/objects/contacts,v3,Growth-Marketing,Deprecated,api
3584,GDPR Purge Utility Service,Unknown,https://compliance.internal/v1/purge/435,v2-beta,Identity-IAM,Active,compliance
3585,Datadog Telemetry Service,Analytics,https://api.datadoghq.com/api/v2/logs/{env}/debug_mode,v1.0.0,Core-Platform,Active,api
3586,Shipping Engine #52,Shipping,https://internal.api/v1/shipping/action,2024-01-01,Data-Eng,Inactive,internal
3587,GDPR Purge Utility Service,Compliance,https://compliance.internal/v1/purge/330,2024-01-01,Identity-IAM,Inactive,compliance
3588,Marketing Engine #33,Marketing,https://internal.api/v1/marketing/action,v1.0.0,Data-Eng,Active,internal
3589,salesforce leads service,CRM,https://test.salesforce.com/services/data/v55.0/sobjects,v2-beta,Logistics,Deprecated,test
3590,HubSpot Contacts Service,CRM,https://api.hubapi.com/crm/v3/objects/contacts/668,v3,Identity-IAM,Active,api
3591,FedEx Ship Rates Service,Shipping,https://apis.fedex.com/rate/v1/rates,0.0.1-SNAPSHOT,Growth-Marketing,Active,apis
3592,Notifications Engine #48,Notifications,https://internal.api/v1/notifications/action,v2-beta,FinTech-Core,Inactive,internal
3593,Auth Engine #75,Auth,https://internal.api/v1/auth/action,v1.4,Identity-IAM,Deprecated,internal
3594,Salesforce Leads Service,CRM,https://test.salesforce.com/services/data/v55.0/sobjects/258,2026_RC4,Data-Eng,Active,test
3595,Datadog Telemetry Service,Analytics,https://api.datadoghq.com/api/v2/logs/985,Unknown,Logistics,Active,api
3596,Analytics Engine #87,Analytics,https://internal.api/v1/analytics/action,v2.1.0,Growth-Marketing,Inactive,internal
3597,fedex ship rates api,Shipping,https://apis.fedex.com/rate/v1/rates,v2.1.0,Data-Eng,Active,apis
3598,Auth0 Login API,Auth,https://identity.auth0.com/oauth/token/999,2024-01-01,FinTech-Core,Active,identity
3599,Compliance Engine #42,Compliance,https://internal.api/v1/compliance/action,2024-01-01,SecOps-Compliance,Inactive,internal
3600,CRM Engine #93,CRM,https://internal.api/v1/crm/action,v1.4,Identity-IAM,Active,internal
3601,HubSpot Contacts Service,CRM,https://api.hubapi.com/crm/v3/objects/contacts/{env}/debug_mode,v2.1.0,Logistics,Deprecated,api
3602,Datadog Telemetry API,Analytics,https://api.datadoghq.com/api/v2/logs/458,v2.1.0,Data-Eng,Inactive,api
3603,Marketing Engine #10,Marketing,https://internal.api/v1/marketing/action,v2.1.0,FinTech-Core,Deprecated,internal
3604,crm engine #47,CRM,https://internal.api/v1/crm/action,v2.1.0,FinTech-Core,Deprecated,internal
3605,Salesforce Leads Service,CRM,https://test.salesforce.com/services/data/v55.0/sobjects/361,Unknown,Core-Platform,Deprecated,test
3606,Snowflake Ingestion Service,Analytics,https://snowflake.internal/api/v1/ingest,v2.1.0,SecOps-Compliance,Active,snowflake
3607,Okta Verify API,Auth,https://okta.internal/api/v1/authn,v1.0.0,SecOps-Compliance,legacy-active,okta
3608,Auth Engine #49,Auth,https://internal.api/v1/auth/action,2026_RC4,Logistics,Active,internal
3609,Google Maps Geocode API,Unknown,https://maps.googleapis.com/maps/api/geocode/json,v1.0.0,Logistics,Active,maps
3610,Google Maps Geocode API,Maps,https://maps.googleapis.com/maps/api/geocode/json,v3,Comms-Team,Inactive,maps
3611,Stripe Payments Service,Payment,https://api.stripe.com/v3/charges/120,v2-beta,FinTech-Core,Active,api
3612,Payment Engine #78,Payment,https://internal.api/v1/payment/action,v2-beta,Growth-Marketing,Active,internal
3613,GDPR PURGE UTILITY SERVICE,Compliance,https://compliance.internal/v1/purge/840,v1.0.0,Logistics,Active,compliance
3614,Payment Engine #91,Payment,https://internal.api/v1/payment/action,v1.0.0,Core-Platform,Deprecated,internal
3615,Marketing Engine #71,Marketing,https://internal.api/v1/marketing/action,Unknown,Growth-Marketing,Active,internal
3616,HubSpot Contacts API,CRM,https://api.hubapi.com/crm/v3/objects/contacts/{env}/debug_mode,v2-beta,Core-Platform,Active,api
3617,SendGrid Mailer API,Notifications,https://api.sendgrid.com/v3/mail/send,Unknown,Core-Platform,Active,api
3618,Auth0 Login API,Auth,https://identity.auth0.com/oauth/token,2026_RC4,Identity-IAM,Deprecated,identity
3619,Twilio SMS Gateway API,Notifications,https://api.twilio.com/2010-04-01/accounts/281,v3,FinTech-Core,Inactive,api
3620,Salesforce Leads API,CRM,https://test.salesforce.com/services/data/v55.0/sobjects,v2.1.0,Core-Platform,Inactive,test
3621,CRM Engine #65,CRM,https://internal.api/v1/crm/action,0.0.1-SNAPSHOT,FinTech-Core,Active,internal
3622,SendGrid Mailer API,Notifications,https://api.sendgrid.com/v3/mail/send/575,2024-01-01,Comms-Team,Active,api
3623,Payment Engine #21,Payment,https://internal.api/v1/payment/action,test-version,Data-Eng,Deprecated,internal
3624,Shipping Engine #19,Shipping,https://internal.api/v1/shipping/action,v3,Identity-IAM,Deprecated,internal
3625,Datadog Telemetry API,Unknown,https://api.datadoghq.com/api/v2/logs/327,v2-beta,FinTech-Core,Deprecated,api
3626,Okta Verify API,Auth,https://okta.internal/api/v1/authn,v2-beta,Identity-IAM,Deprecated,okta
3627,Notifications Engine #72,Notifications,https://internal.api/v1/notifications/action,v3,Unknown,Active,internal
3628,GDPR Purge Utility API,Compliance,https://compliance.internal/v1/purge/517,v1.0.0,SecOps-Compliance,Deprecated,compliance
3629,Salesforce Leads API,CRM,https://test.salesforce.com/services/data/v55.0/sobjects,v3,Core-Platform,Active,test
3630,Notifications Engine #65,Notifications,https://internal.api/v1/notifications/action,Unknown,Identity-IAM,Deprecated,internal
3631,User Engine #79,Unknown,https://internal.api/v1/user/action,v1.0.0,SecOps-Compliance,Inactive,internal
3632,PAYMENT ENGINE #45,Payment,https://internal.api/v1/payment/action,v2.1.0,Data-Eng,Active,internal
3633,GDPR Purge Utility Service,Compliance,https://compliance.internal/v1/purge/861,v3,Comms-Team,Active,compliance
3634,Payment Engine #50,Payment,https://internal.api/v1/payment/action,v1.4,Data-Eng,Active,internal
3635,Payment Engine #83,Payment,https://internal.api/v1/payment/action,2024-01-01,SecOps-Compliance,Inactive,internal
3636,OKTA VERIFY SERVICE,Auth,https://okta.internal/api/v1/authn/611,v2-beta,FinTech-Core,Inactive,okta
3637,AdRoll Tracking Pixels Service,Marketing,https://api.adroll.com/v2/pixels/{env}/debug_mode,v1.4,Identity-IAM,Active,api
3638,Shipping Engine #46,Shipping,https://internal.api/v1/shipping/action,v1.0.0,Logistics,Active,internal
3639,auth0 login api,Auth,https://identity.auth0.com/oauth/token/896,v2-beta,Logistics,Active,identity
3640,Google Maps Geocode Service,Maps,https://maps.googleapis.com/maps/api/geocode/json/644,v1.0.0,Logistics,Active,maps
3641,Notifications Engine #19,Notifications,https://internal.api/v1/notifications/action,Unknown,Comms-Team,Inactive,internal
3642,Marketing Engine #87,Marketing,https://internal.api/v1/marketing/action,v2-beta,Growth-Marketing,Deprecated,internal
3643,Shipping Engine #61,Shipping,https://internal.api/v1/shipping/action,v2.1.0,Comms-Team,Active,internal
3644,Twilio SMS Gateway API,Notifications,https://api.twilio.com/2010-04-01/accounts/232,v1-alpha,Logistics,Deprecated,api
3645,Analytics Engine #21,Analytics,https://internal.api/v1/analytics/action,v1.4,FinTech-Core,Deprecated,internal
3646,Datadog Telemetry API,Analytics,https://api.datadoghq.com/api/v2/logs,v1.0.0,Identity-IAM,Inactive,api
3647,Google Maps Geocode API,Maps,https://maps.googleapis.com/maps/api/geocode/json,v1.0.0,Logistics,Active,maps
3648,Salesforce Leads Service,CRM,https://test.salesforce.com/services/data/v55.0/sobjects,v2-beta,Unknown,Active,test
3649,Analytics Engine #31,Analytics,https://internal.api/v1/analytics/action,v1.0.0,Comms-Team,Active,internal
3650,Auth0 Login Service,Unknown,https://identity.auth0.com/oauth/token,v1.0.0,Growth-Marketing,Inactive,identity
3651,Payment Engine #35,Payment,https://internal.api/v1/payment/action,v1.4,Growth-Marketing,Active,internal
3652,Maps Engine #22,Maps,https://internal.api/v1/maps/action,v2-beta,FinTech-Core,Deprecated,internal
3653,PayPal Checkout Service,FinTech,https://api-m.paypal.com/v2/checkout/orders,2024-01-01,Growth-Marketing,Active,api-m
3654,Compliance Engine #51,Compliance,https://internal.api/v1/compliance/action,Unknown,Comms-Team,Deprecated,internal
3655,OKTA VERIFY SERVICE,Auth,https://okta.internal/api/v1/authn/993,2024-01-01,Comms-Team,Active,okta
3656,Shipping Engine #44,Shipping,https://internal.api/v1/shipping/action,v1.4,Core-Platform,Inactive,internal
3657,Payment Engine #56,Payment,https://internal.api/v1/payment/action,v2.1.0,Logistics,Inactive,internal
3658,HubSpot Contacts Service,CRM,https://api.hubapi.com/crm/v3/objects/contacts/410,v3,Data-Eng,Active,api
3659,PayPal Checkout Service,Payment,https://api-m.paypal.com/v2/checkout/orders/406,v2-beta,FinTech-Core,Inactive,api-m
3660,GDPR Purge Utility Service,Compliance,https://compliance.internal/v1/purge,v2-beta,Logistics,Deprecated,compliance
3661,Salesforce Leads API,CRM,https://test.salesforce.com/services/data/v55.0/sobjects/726/{env}/debug_mode,v3,FinTech-Core,Deprecated,test
3662,Twilio SMS Gateway API,Notifications,https://api.twilio.com/2010-04-01/accounts/148,v1-alpha,FinTech-Core,Inactive,api
3663,Okta Verify API,Auth,https://okta.internal/api/v1/authn/628,v2-beta,Logistics,Active,okta
3664,AdRoll Tracking Pixels API,Marketing,https://api.adroll.com/v2/pixels,v1.4,Data-Eng,Inactive,api
3665,Google Maps Geocode Service,Maps,https://maps.googleapis.com/maps/api/geocode/json,v3,Unknown,Active,maps
3666,Payment Engine #46,Payment,https://internal.api/v1/payment/action,v2.1.0,Core-Platform,Active,internal
3667,Auth Engine #27,Unknown,https://internal.api/v1/auth/action,v2-beta,Growth-Marketing,Active,internal
3668,Twilio SMS Gateway API,Notifications,https://api.twilio.com/2010-04-01/accounts/483,2024-01-01,Unknown,Deprecated,api
3669,SendGrid Mailer Service,Notifications,https://api.sendgrid.com/v3/mail/send,v2.1.0,Core-Platform,Active,api
3670,Salesforce Leads API,CRM,https://test.salesforce.com/services/data/v55.0/sobjects/663,v2-beta,Identity-IAM,Active,test
3671,HubSpot Contacts API,CRM,https://api.hubapi.com/crm/v3/objects/contacts/370/{env}/debug_mode,v1.0.0,SecOps-Compliance,Active,api
3672,Okta Verify API,Auth,https://okta.internal/api/v1/authn/106,v2-beta,Logistics,Active,okta
3673,CRM Engine #48,CRM,https://internal.api/v1/crm/action/{env}/debug_mode,v2.1.0,Data-Eng,Active,internal
3674,Datadog Telemetry Service,Unknown,https://api.datadoghq.com/api/v2/logs/770,v3,FinTech-Core,Active,api
3675,Twilio SMS Gateway Service,Notifications,https://api.twilio.com/2010-04-01/accounts/723,Unknown,Comms-Team,Active,api
3676,Analytics Engine #62,Analytics,https://internal.api/v1/analytics/action/{env}/debug_mode,2024-01-01,SecOps-Compliance,Active,internal
3677,FedEx Ship Rates Service,Shipping,https://apis.fedex.com/rate/v1/rates/518,v2.1.0,Comms-Team,Deprecated,apis
3678,Datadog Telemetry Service,Analytics,https://api.datadoghq.com/api/v2/logs/301,2024-01-01,FinTech-Core,Inactive,api
3679,Notifications Engine #79,Notifications,https://internal.api/v1/notifications/action,v2.1.0,Core-Platform,Active,internal
3680,HUBSPOT CONTACTS API,CRM,https://api.hubapi.com/crm/v3/objects/contacts/554,v1.4,Data-Eng,Active,api
3681,COMPLIANCE ENGINE #18,Compliance,https://internal.api/v1/compliance/action,v2.1.0,Growth-Marketing,Active,internal
3682,User Profile Core API,User,https://internal.platform/services/user-profile,test-version,FinTech-Core,Inactive,internal
3683,CRM Engine #51,CRM,https://internal.api/v1/crm/action,2024-01-01,Core-Platform,Active,internal
3684,Salesforce Leads Service,CRM,https://test.salesforce.com/services/data/v55.0/sobjects,2024-01-01,Data-Eng,Active,test
3685,Shipping Engine #99,Shipping,https://internal.api/v1/shipping/action,v2.1.0,Comms-Team,Active,internal
3686,Compliance Engine #94,Compliance,https://internal.api/v1/compliance/action,Unknown,Data-Eng,Active,internal
3687,Snowflake Ingestion API,Analytics,https://snowflake.internal/api/v1/ingest/588,v1.4,Logistics,Inactive,snowflake
3688,Payment Engine #31,Payment,https://internal.api/v1/payment/action,v2.1.0,Data-Eng,Deprecated,internal
3689,Compliance Engine #50,Compliance,https://internal.api/v1/compliance/action,v2-beta,SecOps-Compliance,Deprecated,internal
3690,Maps Engine #25,Maps,https://internal.api/v1/maps/action,v1.0.0,FinTech-Core,Active,internal
3691,Analytics Engine #36,Analytics,https://internal.api/v1/analytics/action,v3,Growth-Marketing,Deprecated,internal
3692,Auth Engine #19,Auth,https://internal.api/v1/auth/action,v1.4,Data-Eng,Active,internal
3693,Maps Engine #67,Maps,https://internal.api/v1/maps/action,v1.0.0,Core-Platform,Deprecated,internal
3694,Maps Engine #37,Maps,https://internal.api/v1/maps/action,v2-beta,Identity-IAM,Active,internal
3695,Auth0 Login Service,Auth,https://identity.auth0.com/oauth/token/683,2024-01-01,Identity-IAM,Active,identity
3696,Notifications Engine #14,Unknown,https://internal.api/v1/notifications/action,v2.1.0,Data-Eng,Active,internal
3697,CRM Engine #73,Unknown,https://internal.api/v1/crm/action,v2-beta,Growth-Marketing,Active,internal
3698,Analytics Engine #47,Analytics,https://internal.api/v1/analytics/action,v3,Identity-IAM,Inactive,internal
3699,Compliance Engine #78,Compliance,https://internal.api/v1/compliance/action,v2-beta,Core-Platform,legacy-active,internal
3700,Snowflake Ingestion API,Analytics,https://snowflake.internal/api/v1/ingest,test-version,Growth-Marketing,Active,snowflake
3701,FedEx Ship Rates Service,Shipping,https://apis.fedex.com/rate/v1/rates,v3,Unknown,Deprecated,apis
3702,HubSpot Contacts API,CRM,https://api.hubapi.com/crm/v3/objects/contacts,v1.0.0,Unknown,Inactive,api
3703,Okta Verify API,Auth,https://okta.internal/api/v1/authn/730,Unknown,Core-Platform,Inactive,okta
3704,SendGrid Mailer Service,Notifications,https://api.sendgrid.com/v3/mail/send,0.0.1-SNAPSHOT,Growth-Marketing,Active,api
3705,PayPal Checkout Service,Payment,https://api-m.paypal.com/v2/checkout/orders,Unknown,Comms-Team,Inactive,api-m
3706,Okta Verify Service,Auth,https://okta.internal/api/v1/authn,Unknown,Data-Eng,Inactive,okta
3707,User Engine #73,User,https://internal.api/v1/user/action,v1.4,Unknown,Deprecated,internal
3708,Salesforce Leads API,CRM,https://test.salesforce.com/services/data/v55.0/sobjects/390,Unknown,Comms-Team,Active,test
3709,Notifications Engine #76,Notifications,https://internal.api/v1/notifications/action,2024-01-01,Core-Platform,Active,internal
3710,Shipping Engine #96,Shipping,https://internal.api/v1/shipping/action,2024-01-01,Growth-Marketing,Inactive,internal
3711,User Profile Core Service,User,https://internal.platform/services/user-profile,v2.1.0,Unknown,Active,internal
3712,CRM Engine #42,CRM,https://internal.api/v1/crm/action,v1.0.0,Unknown,Active,internal
3713,Datadog Telemetry Service,Analytics,https://api.datadoghq.com/api/v2/logs,Unknown,Growth-Marketing,Active,api
3714,Google Maps Geocode API,Maps,https://maps.googleapis.com/maps/api/geocode/json,test-version,FinTech-Core,Active,maps
3715,Maps Engine #12,Maps,https://internal.api/v1/maps/action,v3,Core-Platform,Active,internal
3716,Compliance Engine #72,Compliance,https://internal.api/v1/compliance/action,Unknown,Growth-Marketing,Active,internal
3717,Datadog Telemetry Service,Analytics,https://api.datadoghq.com/api/v2/logs/{env}/debug_mode,v2-beta,Identity-IAM,Active,api
3718,SendGrid Mailer Service,Notifications,https://api.sendgrid.com/v3/mail/send/784,2026_RC4,Core-Platform,Deprecated,api
3719,User Engine #96,User,https://internal.api/v1/user/action/{env}/debug_mode,v1.0.0,Core-Platform,Active,internal
3720,Stripe Payments API,Payment,https://api.stripe.com/v3/charges/729,v1.4,Growth-Marketing,Deprecated,api
3721,Shipping Engine #66,Shipping,https://internal.api/v1/shipping/action,v1.0.0,Core-Platform,Active,internal
3722,Auth0 Login API,Auth,https://identity.auth0.com/oauth/token,2024-01-01,Identity-IAM,Active,identity
3723,Auth Engine #79,Auth,https://internal.api/v1/auth/action/{env}/debug_mode,v1.0.0,FinTech-Core,Deprecated,internal
3724,Marketing Engine #89,Marketing,https://internal.api/v1/marketing/action,v2.1.0,Comms-Team,Active,internal
3725,Okta Verify Service,Auth,https://okta.internal/api/v1/authn,v1-alpha,Logistics,Active,okta
3726,SendGrid Mailer Service,Notifications,https://api.sendgrid.com/v3/mail/send/490,2024-01-01,Core-Platform,Inactive,api
3727,auth engine #67,Auth,https://internal.api/v1/auth/action,v3,Growth-Marketing,Deprecated,internal
3728,Datadog Telemetry API,Analytics,https://api.datadoghq.com/api/v2/logs,v1.4,Data-Eng,Active,api
3729,Google Maps Geocode API,Maps,https://maps.googleapis.com/maps/api/geocode/json,v3,Data-Eng,Deprecated,maps
3730,analytics engine #16,Analytics,https://internal.api/v1/analytics/action,v1.4,Core-Platform,Active,internal
3731,stripe payments service,Payment,https://api.stripe.com/v3/charges,v1.0.0,Core-Platform,Deprecated,api
3732,Auth Engine #30,Unknown,https://internal.api/v1/auth/action,v1.0.0,Core-Platform,Active,internal
3733,Analytics Engine #89,Analytics,https://internal.api/v1/analytics/action,v1.0.0,Unknown,Deprecated,internal
3734,User Engine #49,User,https://internal.api/v1/user/action,0.0.1-SNAPSHOT,Growth-Marketing,Inactive,internal
3735,Salesforce Leads Service,CRM,https://test.salesforce.com/services/data/v55.0/sobjects/178,v2.1.0,Identity-IAM,Inactive,test
3736,SNOWFLAKE INGESTION API,Analytics,https://snowflake.internal/api/v1/ingest,v2-beta,Identity-IAM,Active,snowflake
3737,Salesforce Leads API,CRM,https://test.salesforce.com/services/data/v55.0/sobjects,v2.1.0,Data-Eng,Active,test
3738,PayPal Checkout API,Payment,https://api-m.paypal.com/v2/checkout/orders/{env}/debug_mode,v1.0.0,FinTech-Core,Active,api-m
3739,FedEx Ship Rates API,Shipping,https://apis.fedex.com/rate/v1/rates/{env}/debug_mode,v1.4,Identity-IAM,Active,apis
3740,CRM Engine #55,CRM,https://internal.api/v1/crm/action,test-version,Comms-Team,Active,internal
3741,Snowflake Ingestion Service,Analytics,https://snowflake.internal/api/v1/ingest/964,2024-01-01,FinTech-Core,Active,snowflake
3742,Payment Engine #98,Payment,https://internal.api/v1/payment/action,v2-beta,Growth-Marketing,Deprecated,internal
3743,User Profile Core API,User,https://internal.platform/services/user-profile/503,2024-01-01,Unknown,Active,internal
3744,Snowflake Ingestion Service,Analytics,https://snowflake.internal/api/v1/ingest/985,v1.4,Core-Platform,Active,snowflake
3745,Salesforce Leads Service,CRM,https://test.salesforce.com/services/data/v55.0/sobjects,v3,Growth-Marketing,Inactive,test
3746,CRM Engine #35,CRM,https://internal.api/v1/crm/action,v1.0.0,Identity-IAM,Deprecated,internal
3747,AdRoll Tracking Pixels Service,Marketing,https://api.adroll.com/v2/pixels/509,v1.0.0,Unknown,Active,api
3748,GDPR Purge Utility Service,Compliance,https://compliance.internal/v1/purge,v1.4,Growth-Marketing,Inactive,compliance
3749,PayPal Checkout Service,Payment,https://api-m.paypal.com/v2/checkout/orders,Unknown,Growth-Marketing,Deprecated,api-m
3750,Analytics Engine #51,Analytics,https://internal.api/v1/analytics/action,v2.1.0,Core-Platform,Inactive,internal
3751,HubSpot Contacts API,CRM,https://api.hubapi.com/crm/v3/objects/contacts/336,Unknown,Core-Platform,Active,api
3752,FedEx Ship Rates Service,Shipping,https://apis.fedex.com/rate/v1/rates/916/{env}/debug_mode,v1.0.0,Logistics,Active,apis
3753,STRIPE PAYMENTS SERVICE,Payment,https://api.stripe.com/v3/charges,v2.1.0,Logistics,Deprecated,api
3754,Auth Engine #19,Auth,https://internal.api/v1/auth/action/{env}/debug_mode,v2-beta,FinTech-Core,Inactive,internal
3755,Salesforce Leads Service,CRM,https://test.salesforce.com/services/data/v55.0/sobjects,2024-01-01,Core-Platform,Deprecated,test
3756,Analytics Engine #36,Analytics,https://internal.api/v1/analytics/action,v2.1.0,Growth-Marketing,Deprecated,internal
3757,Snowflake Ingestion Service,Analytics,https://snowflake.internal/api/v1/ingest,2024-01-01,Data-Eng,Deprecated,snowflake
3758,AdRoll Tracking Pixels Service,Marketing,https://api.adroll.com/v2/pixels/420,v1.4,Unknown,Active,api
3759,Okta Verify Service,Auth,https://okta.internal/api/v1/authn/176,v2.1.0,SecOps-Compliance,Active,okta
3760,Salesforce Leads Service,CRM,https://test.salesforce.com/services/data/v55.0/sobjects,v2-beta,Core-Platform,Active,test
3761,Payment Engine #86,Payment,https://internal.api/v1/payment/action,2024-01-01,Unknown,Active,internal
3762,Maps Engine #66,Maps,https://internal.api/v1/maps/action,v2.1.0,Growth-Marketing,Inactive,internal
3763,Auth0 Login API,Auth,https://identity.auth0.com/oauth/token/394/{env}/debug_mode,v1.0.0,Data-Eng,Inactive,identity
3764,HubSpot Contacts Service,CRM,https://api.hubapi.com/crm/v3/objects/contacts,v2.1.0,Core-Platform,Active,api
3765,User Profile Core Service,User,https://internal.platform/services/user-profile/{env}/debug_mode,v3,Identity-IAM,Active,internal
3766,Compliance Engine #65,Compliance,https://internal.api/v1/compliance/action,v2.1.0,Unknown,Active,internal
3767,Twilio SMS Gateway API,Notifications,https://api.twilio.com/2010-04-01/accounts/302,v1.0.0,Logistics,Inactive,api
3768,Twilio SMS Gateway API,Notifications,https://api.twilio.com/2010-04-01/accounts,v1-alpha,FinTech-Core,Active,api
3769,Shipping Engine #82,Shipping,https://internal.api/v1/shipping/action,test-version,Growth-Marketing,Inactive,internal
3770,AdRoll Tracking Pixels API,Marketing,https://api.adroll.com/v2/pixels/355,Unknown,Logistics,Inactive,api
3771,Datadog Telemetry Service,Analytics,https://api.datadoghq.com/api/v2/logs,v1.4,Comms-Team,Deprecated,api
3772,User Engine #77,User,https://internal.api/v1/user/action,v2-beta,Data-Eng,Active,internal
3773,Auth0 Login Service,Auth,https://identity.auth0.com/oauth/token/157,v2.1.0,Data-Eng,Active,identity
3774,Twilio SMS Gateway Service,Notifications,https://api.twilio.com/2010-04-01/accounts/214,v1.4,SecOps-Compliance,Inactive,api
3775,Shipping Engine #23,Shipping,https://internal.api/v1/shipping/action,Unknown,Growth-Marketing,Active,internal
3776,Twilio SMS Gateway API,Notifications,https://api.twilio.com/2010-04-01/accounts,v1.4,Core-Platform,Active,api
3777,Salesforce Leads API,Unknown,https://test.salesforce.com/services/data/v55.0/sobjects,v3,Core-Platform,Inactive,test
3778,Marketing Engine #62,Marketing,https://internal.api/v1/marketing/action,2024-01-01,Logistics,Active,internal
3779,Analytics Engine #90,Analytics,https://internal.api/v1/analytics/action/{env}/debug_mode,v2.1.0,Comms-Team,Active,internal
3780,Marketing Engine #78,Marketing,https://internal.api/v1/marketing/action,v3,Data-Eng,Active,internal
3781,Twilio SMS Gateway Service,Notifications,https://api.twilio.com/2010-04-01/accounts/{env}/debug_mode,v2.1.0,Identity-IAM,Deprecated,api
3782,Auth0 Login API,Auth,https://identity.auth0.com/oauth/token/300,2024-01-01,SecOps-Compliance,Active,identity
3783,sendgrid mailer service,Notifications,https://api.sendgrid.com/v3/mail/send/178,2024-01-01,SecOps-Compliance,Deprecated,api
3784,User Profile Core Service,User,https://internal.platform/services/user-profile/409,v2.1.0,Unknown,Deprecated,internal
3785,Twilio SMS Gateway API,Notifications,https://api.twilio.com/2010-04-01/accounts/466,0.0.1-SNAPSHOT,FinTech-Core,Inactive,api
3786,Payment Engine #96,Payment,https://internal.api/v1/payment/action,2024-01-01,Identity-IAM,Active,internal
3787,FedEx Ship Rates Service,Shipping,https://apis.fedex.com/rate/v1/rates/274,v1.0.0,Logistics,Active,apis
3788,HubSpot Contacts Service,CRM,https://api.hubapi.com/crm/v3/objects/contacts,v2-beta,Unknown,Active,api
3789,Stripe Payments API,Payment,https://api.stripe.com/v3/charges/154,2024-01-01,Identity-IAM,Active,api
3790,Payment Engine #81,Payment,https://internal.api/v1/payment/action,Unknown,Core-Platform,Active,internal
3791,GDPR Purge Utility Service,Compliance,https://compliance.internal/v1/purge,Unknown,Logistics,Deprecated,compliance
3792,PayPal Checkout API,Payment,https://api-m.paypal.com/v2/checkout/orders,v1-alpha,FinTech-Core,Active,api-m
3793,Marketing Engine #65,Marketing,https://internal.api/v1/marketing/action,0.0.1-SNAPSHOT,Data-Eng,Active,internal
3794,Snowflake Ingestion API,Analytics,https://snowflake.internal/api/v1/ingest/320/{env}/debug_mode,v2.1.0,FinTech-Core,Active,snowflake
3795,Payment Engine #28,Payment,https://internal.api/v1/payment/action,v2.1.0,FinTech-Core,Deprecated,internal
3796,Maps Engine #86,Unknown,https://internal.api/v1/maps/action,v3,Growth-Marketing,Inactive,internal
3797,Marketing Engine #45,Marketing,https://internal.api/v1/marketing/action,v3,Growth-Marketing,Deprecated,internal
3798,Salesforce Leads Service,CRM,https://test.salesforce.com/services/data/v55.0/sobjects/{env}/debug_mode,v1.0.0,Logistics,Deprecated,test
3799,Notifications Engine #34,Notifications,https://internal.api/v1/notifications/action/{env}/debug_mode,v1.0.0,SecOps-Compliance,Active,internal
3800,FedEx Ship Rates API,Shipping,https://apis.fedex.com/rate/v1/rates,2024-01-01,Unknown,Deprecated,apis
3801,Maps Engine #13,Unknown,https://internal.api/v1/maps/action,v1.4,Data-Eng,Active,internal
3802,Shipping Engine #15,Shipping,https://internal.api/v1/shipping/action,v2.1.0,Identity-IAM,Active,internal
3803,Snowflake Ingestion Service,Analytics,https://snowflake.internal/api/v1/ingest/497,v3,SecOps-Compliance,Inactive,snowflake
3804,FedEx Ship Rates Service,Unknown,https://apis.fedex.com/rate/v1/rates/421,2024-01-01,Core-Platform,Active,apis
3805,Analytics Engine #86,Analytics,https://internal.api/v1/analytics/action/{env}/debug_mode,v1.4,Growth-Marketing,Inactive,internal
3806,PayPal Checkout Service,Payment,https://api-m.paypal.com/v2/checkout/orders,v1.4,SecOps-Compliance,Active,api-m
3807,Stripe Payments Service,Payment,https://api.stripe.com/v3/charges/{env}/debug_mode,v2-beta,Identity-IAM,Inactive,api
3808,PayPal Checkout Service,FinTech,https://api-m.paypal.com/v2/checkout/orders/389,v2-beta,Logistics,Active,api-m
3809,HubSpot Contacts API,CRM,https://api.hubapi.com/crm/v3/objects/contacts/453,Unknown,Comms-Team,Inactive,api
3810,COMPLIANCE ENGINE #69,Compliance,https://internal.api/v1/compliance/action,2024-01-01,Data-Eng,Deprecated,internal
3811,Twilio SMS Gateway API,Notifications,https://api.twilio.com/2010-04-01/accounts/764,v1.4,Core-Platform,Deprecated,api
3812,HubSpot Contacts Service,CRM,https://api.hubapi.com/crm/v3/objects/contacts/134,v1.0.0,Comms-Team,Active,api
3813,Notifications Engine #92,Notifications,https://internal.api/v1/notifications/action,0.0.1-SNAPSHOT,Comms-Team,Active,internal
3814,PayPal Checkout Service,Unknown,https://api-m.paypal.com/v2/checkout/orders,v1.0.0,Growth-Marketing,Active,api-m
3815,PayPal Checkout Service,Payment,https://api-m.paypal.com/v2/checkout/orders,v1.0.0,Identity-IAM,Inactive,api-m
3816,Auth Engine #21,Auth,https://internal.api/v1/auth/action,Unknown,Logistics,Active,internal
3817,Stripe Payments API,Payment,https://api.stripe.com/v3/charges,v1.0.0,Core-Platform,Active,api
3818,CRM Engine #62,CRM,https://internal.api/v1/crm/action,v1.4,Growth-Marketing,Active,internal
3819,Okta Verify API,Auth,https://okta.internal/api/v1/authn,v2-beta,FinTech-Core,Inactive,okta
3820,Datadog Telemetry API,Analytics,https://api.datadoghq.com/api/v2/logs,v1.0.0,SecOps-Compliance,Deprecated,api
3821,CRM Engine #97,CRM,https://internal.api/v1/crm/action,v3,Data-Eng,Deprecated,internal
3822,Notifications Engine #98,Notifications,https://internal.api/v1/notifications/action,Unknown,Data-Eng,Deprecated,internal
3823,Salesforce Leads API,CRM,https://test.salesforce.com/services/data/v55.0/sobjects/132,Unknown,Core-Platform,Deprecated,test
3824,Maps Engine #28,Maps,https://internal.api/v1/maps/action,2024-01-01,Identity-IAM,Active,internal
3825,FedEx Ship Rates Service,Shipping,https://apis.fedex.com/rate/v1/rates,test-version,Logistics,Inactive,apis
3826,Compliance Engine #16,Compliance,https://internal.api/v1/compliance/action,v1.4,Core-Platform,Active,internal
3827,Notifications Engine #79,Notifications,https://internal.api/v1/notifications/action,v2-beta,FinTech-Core,Deprecated,internal
3828,Shipping Engine #49,Shipping,https://internal.api/v1/shipping/action,v2-beta,Unknown,Active,internal
3829,Payment Engine #34,Unknown,https://internal.api/v1/payment/action,2024-01-01,SecOps-Compliance,Active,internal
3830,User Profile Core API,User,https://internal.platform/services/user-profile/193,test-version,Core-Platform,Active,internal
3831,Notifications Engine #14,Unknown,https://internal.api/v1/notifications/action,v1.4,Identity-IAM,Inactive,internal
3832,Google Maps Geocode Service,Maps,https://maps.googleapis.com/maps/api/geocode/json/789,v2.1.0,Data-Eng,Deprecated,maps
3833,GDPR Purge Utility API,Compliance,https://compliance.internal/v1/purge,0.0.1-SNAPSHOT,FinTech-Core,Active,compliance
3834,Snowflake Ingestion Service,Analytics,https://snowflake.internal/api/v1/ingest,v2.1.0,Logistics,Active,snowflake
3835,Google Maps Geocode Service,Maps,https://maps.googleapis.com/maps/api/geocode/json/335,v2.1.0,SecOps-Compliance,Inactive,maps
3836,GOOGLE MAPS GEOCODE API,Maps,https://maps.googleapis.com/maps/api/geocode/json/595,v2-beta,Core-Platform,Inactive,maps
3837,Stripe Payments Service,Payment,https://api.stripe.com/v3/charges/937,v2.1.0,Data-Eng,Active,api
3838,Payment Engine #87,Payment,https://internal.api/v1/payment/action,v1.4,SecOps-Compliance,Active,internal
3839,Auth Engine #49,Security,https://internal.api/v1/auth/action,v1.0.0,Identity-IAM,Active,internal
3840,Auth Engine #26,Auth,https://internal.api/v1/auth/action,test-version,Core-Platform,Active,internal
3841,SNOWFLAKE INGESTION SERVICE,Analytics,https://snowflake.internal/api/v1/ingest,v2-beta,Core-Platform,Active,snowflake
3842,Maps Engine #89,Unknown,https://internal.api/v1/maps/action,v1.4,Identity-IAM,Active,internal
3843,Salesforce Leads Service,CRM,https://test.salesforce.com/services/data/v55.0/sobjects,v3,SecOps-Compliance,Inactive,test
3844,Google Maps Geocode Service,Maps,https://maps.googleapis.com/maps/api/geocode/json/167,v2.1.0,FinTech-Core,Active,maps
3845,Shipping Engine #93,Shipping,https://internal.api/v1/shipping/action,v1.0.0,SecOps-Compliance,Inactive,internal
3846,User Engine #51,User,https://internal.api/v1/user/action,v2.1.0,Logistics,Active,internal
3847,SendGrid Mailer API,Notifications,https://api.sendgrid.com/v3/mail/send/783,v3,Data-Eng,Active,api
3848,Shipping Engine #63,Unknown,https://internal.api/v1/shipping/action,v1.0.0,SecOps-Compliance,Deprecated,internal
3849,HubSpot Contacts API,CRM,https://api.hubapi.com/crm/v3/objects/contacts,v1.0.0,Identity-IAM,legacy-active,api
3850,stripe payments api,Payment,https://api.stripe.com/v3/charges/793,v2-beta,Data-Eng,Inactive,api
3851,Analytics Engine #93,Analytics,https://internal.api/v1/analytics/action,2024-01-01,SecOps-Compliance,Active,internal
3852,Maps Engine #80,Maps,https://internal.api/v1/maps/action,v1.4,FinTech-Core,Active,internal
3853,Google Maps Geocode API,Maps,https://maps.googleapis.com/maps/api/geocode/json/461,v1.4,Core-Platform,Inactive,maps
3854,Analytics Engine #64,Analytics,https://internal.api/v1/analytics/action,v3,Unknown,Active,internal
3855,Salesforce Leads API,CRM,https://test.salesforce.com/services/data/v55.0/sobjects/100,v1.4,Unknown,Active,test
3856,hubspot contacts api,CRM,https://api.hubapi.com/crm/v3/objects/contacts,2024-01-01,Growth-Marketing,Active,api
3857,Auth0 Login API,Auth,https://identity.auth0.com/oauth/token,v2.1.0,Logistics,Active,identity
3858,FEDEX SHIP RATES API,Shipping,https://apis.fedex.com/rate/v1/rates,2024-01-01,Core-Platform,Active,apis
3859,Maps Engine #10,Maps,https://internal.api/v1/maps/action,v3,Growth-Marketing,Active,internal
3860,Maps Engine #60,Maps,https://internal.api/v1/maps/action,test-version,SecOps-Compliance,Deprecated,internal
3861,Okta Verify API,Auth,https://okta.internal/api/v1/authn/541,v1.4,Growth-Marketing,Inactive,okta
3862,Analytics Engine #26,Analytics,https://internal.api/v1/analytics/action,v3,Growth-Marketing,Active,internal
3863,Stripe Payments Service,Payment,https://api.stripe.com/v3/charges,2026_RC4,Logistics,Active,api
3864,Salesforce Leads API,CRM,https://test.salesforce.com/services/data/v55.0/sobjects,v2.1.0,Identity-IAM,Active,test
3865,Okta Verify Service,Auth,https://okta.internal/api/v1/authn,v1.4,Unknown,Active,okta
3866,Datadog Telemetry Service,Analytics,https://api.datadoghq.com/api/v2/logs/591/{env}/debug_mode,v2-beta,Data-Eng,Active,api
3867,User Engine #89,User,https://internal.api/v1/user/action,2024-01-01,Comms-Team,Inactive,internal
3868,SendGrid Mailer Service,Notifications,https://api.sendgrid.com/v3/mail/send,2026_RC4,Data-Eng,Inactive,api
3869,Datadog Telemetry Service,Analytics,https://api.datadoghq.com/api/v2/logs,v1.0.0,Growth-Marketing,Deprecated,api
3870,GDPR Purge Utility API,Compliance,https://compliance.internal/v1/purge,v2-beta,FinTech-Core,Active,compliance
3871,User Profile Core Service,User,https://internal.platform/services/user-profile/654,v1.4,Core-Platform,legacy-active,internal
3872,Analytics Engine #56,Analytics,https://internal.api/v1/analytics/action,v3,FinTech-Core,Inactive,internal
3873,PayPal Checkout API,Payment,https://api-m.paypal.com/v2/checkout/orders,v2.1.0,Data-Eng,Active,api-m
3874,Analytics Engine #19,Analytics,https://internal.api/v1/analytics/action,v3,Unknown,Active,internal
3875,Marketing Engine #85,Marketing,https://internal.api/v1/marketing/action,2026_RC4,Core-Platform,Inactive,internal
3876,MAPS ENGINE #49,Maps,https://internal.api/v1/maps/action,v2.1.0,FinTech-Core,Active,internal
3877,Payment Engine #50,Payment,https://internal.api/v1/payment/action,v2.1.0,SecOps-Compliance,Active,internal
3878,SendGrid Mailer Service,Notifications,https://api.sendgrid.com/v3/mail/send/134,Unknown,SecOps-Compliance,Deprecated,api
3879,Salesforce Leads Service,CRM,https://test.salesforce.com/services/data/v55.0/sobjects/414,v1.0.0,SecOps-Compliance,Active,test
3880,Google Maps Geocode Service,Maps,https://maps.googleapis.com/maps/api/geocode/json,2024-01-01,Core-Platform,Active,maps
3881,user engine #35,User,https://internal.api/v1/user/action,v3,Comms-Team,Inactive,internal
3882,GDPR Purge Utility Service,Compliance,https://compliance.internal/v1/purge/259,v2-beta,Logistics,Active,compliance
3883,SendGrid Mailer Service,Notifications,https://api.sendgrid.com/v3/mail/send/155,v2.1.0,FinTech-Core,Active,api
3884,Analytics Engine #94,Analytics,https://internal.api/v1/analytics/action,v1.4,Unknown,Active,internal
3885,Payment Engine #54,Payment,https://internal.api/v1/payment/action,v1.0.0,Comms-Team,Deprecated,internal
3886,Okta Verify API,Auth,https://okta.internal/api/v1/authn/218,v2.1.0,Growth-Marketing,Active,okta
3887,AdRoll Tracking Pixels API,Marketing,https://api.adroll.com/v2/pixels/768,v1.4,FinTech-Core,Deprecated,api
3888,AdRoll Tracking Pixels Service,Marketing,https://api.adroll.com/v2/pixels/578,v1.4,Growth-Marketing,Inactive,api
3889,Snowflake Ingestion API,Analytics,https://snowflake.internal/api/v1/ingest/582,2024-01-01,Unknown,Deprecated,snowflake
3890,HubSpot Contacts API,CRM,https://api.hubapi.com/crm/v3/objects/contacts/916,v2.1.0,Growth-Marketing,Deprecated,api
3891,Okta Verify Service,Auth,https://okta.internal/api/v1/authn/748,v1.0.0,Comms-Team,Active,okta
3892,Datadog Telemetry Service,Unknown,https://api.datadoghq.com/api/v2/logs,2024-01-01,Data-Eng,Active,api
3893,Twilio SMS Gateway API,Notifications,https://api.twilio.com/2010-04-01/accounts/410,v2-beta,Identity-IAM,Deprecated,api
3894,AdRoll Tracking Pixels Service,Marketing,https://api.adroll.com/v2/pixels/{env}/debug_mode,2024-01-01,FinTech-Core,Deprecated,api
3895,Auth0 Login Service,Auth,https://identity.auth0.com/oauth/token,v1.4,Growth-Marketing,Active,identity
3896,Datadog Telemetry API,Unknown,https://api.datadoghq.com/api/v2/logs,v2.1.0,FinTech-Core,Inactive,api
3897,HubSpot Contacts Service,CRM,https://api.hubapi.com/crm/v3/objects/contacts/974/{env}/debug_mode,v2.1.0,FinTech-Core,Active,api
3898,Datadog Telemetry Service,Analytics,https://api.datadoghq.com/api/v2/logs/473,v1.0.0,Data-Eng,Active,api
3899,Compliance Engine #67,Compliance,https://internal.api/v1/compliance/action,v1.4,SecOps-Compliance,Active,internal
3900,Shipping Engine #16,Shipping,https://internal.api/v1/shipping/action,v2-beta,Growth-Marketing,Deprecated,internal
3901,GOOGLE MAPS GEOCODE API,Maps,https://maps.googleapis.com/maps/api/geocode/json/700,v2.1.0,Core-Platform,Active,maps
3902,Snowflake Ingestion API,Analytics,https://snowflake.internal/api/v1/ingest,2026_RC4,Core-Platform,Inactive,snowflake
3903,Analytics Engine #80,Analytics,https://internal.api/v1/analytics/action,v2-beta,Growth-Marketing,Active,internal
3904,AdRoll Tracking Pixels Service,Marketing,https://api.adroll.com/v2/pixels,v3,Logistics,Inactive,api
3905,Stripe Payments Service,Payment,https://api.stripe.com/v3/charges/275,v2.1.0,Data-Eng,Active,api
3906,Auth Engine #49,Auth,https://internal.api/v1/auth/action,v1.0.0,SecOps-Compliance,Deprecated,internal
3907,User Profile Core API,User,https://internal.platform/services/user-profile/922,v2-beta,Unknown,Inactive,internal
3908,crm engine #52,CRM,https://internal.api/v1/crm/action,2024-01-01,FinTech-Core,Active,internal
3909,Auth Engine #17,Auth,https://internal.api/v1/auth/action,2024-01-01,Unknown,Active,internal
3910,Compliance Engine #18,Compliance,https://internal.api/v1/compliance/action,2024-01-01,Unknown,Active,internal
3911,Snowflake Ingestion Service,Analytics,https://snowflake.internal/api/v1/ingest,test-version,Identity-IAM,Active,snowflake
3912,GDPR Purge Utility API,Compliance,https://compliance.internal/v1/purge/871,v1.4,SecOps-Compliance,Active,compliance
3913,sendgrid mailer service,Notifications,https://api.sendgrid.com/v3/mail/send/847,v2.1.0,Comms-Team,Inactive,api
3914,GDPR Purge Utility API,Compliance,https://compliance.internal/v1/purge,v2.1.0,Unknown,Inactive,compliance
3915,Marketing Engine #96,Marketing,https://internal.api/v1/marketing/action,v1.0.0,SecOps-Compliance,Inactive,internal
3916,Snowflake Ingestion Service,Analytics,https://snowflake.internal/api/v1/ingest,v2-beta,Logistics,Inactive,snowflake
3917,Marketing Engine #38,Marketing,https://internal.api/v1/marketing/action,test-version,FinTech-Core,Inactive,internal
3918,GDPR Purge Utility Service,Compliance,https://compliance.internal/v1/purge,Unknown,Identity-IAM,Active,compliance
3919,AdRoll Tracking Pixels API,Marketing,https://api.adroll.com/v2/pixels/{env}/debug_mode,v1.4,Logistics,Inactive,api
3920,SendGrid Mailer API,Notifications,https://api.sendgrid.com/v3/mail/send/876/{env}/debug_mode,v2.1.0,SecOps-Compliance,Deprecated,api
3921,Datadog Telemetry Service,Analytics,https://api.datadoghq.com/api/v2/logs/{env}/debug_mode,2024-01-01,Identity-IAM,Inactive,api
3922,CRM Engine #65,CRM,https://internal.api/v1/crm/action,v2.1.0,Growth-Marketing,Inactive,internal
3923,Analytics Engine #81,Analytics,https://internal.api/v1/analytics/action,v3,SecOps-Compliance,Deprecated,internal
3924,marketing engine #86,Marketing,https://internal.api/v1/marketing/action,v1.0.0,SecOps-Compliance,Deprecated,internal
3925,Google Maps Geocode Service,Unknown,https://maps.googleapis.com/maps/api/geocode/json,2024-01-01,Comms-Team,Active,maps
3926,HubSpot Contacts Service,CRM,https://api.hubapi.com/crm/v3/objects/contacts/834,2026_RC4,FinTech-Core,Active,api
3927,Datadog Telemetry API,Analytics,https://api.datadoghq.com/api/v2/logs,v1.0.0,FinTech-Core,Deprecated,api
3928,Salesforce Leads API,CRM,https://test.salesforce.com/services/data/v55.0/sobjects,2024-01-01,SecOps-Compliance,Active,test
3929,Stripe Payments API,Payment,https://api.stripe.com/v3/charges,v2-beta,Comms-Team,Deprecated,api
3930,FedEx Ship Rates Service,Shipping,https://apis.fedex.com/rate/v1/rates,0.0.1-SNAPSHOT,Growth-Marketing,Inactive,apis
3931,Marketing Engine #98,Marketing,https://internal.api/v1/marketing/action,2024-01-01,Unknown,Active,internal
3932,AdRoll Tracking Pixels API,Marketing,https://api.adroll.com/v2/pixels/677,v3,Growth-Marketing,Inactive,api
3933,SendGrid Mailer Service,Notifications,https://api.sendgrid.com/v3/mail/send/153,test-version,Growth-Marketing,Active,api
3934,ANALYTICS ENGINE #59,Analytics,https://internal.api/v1/analytics/action,v1.0.0,Logistics,Inactive,internal
3935,analytics engine #26,Analytics,https://internal.api/v1/analytics/action,2024-01-01,Core-Platform,Inactive,internal
3936,FedEx Ship Rates Service,Unknown,https://apis.fedex.com/rate/v1/rates,v1.0.0,Core-Platform,Inactive,apis
3937,Shipping Engine #53,Shipping,https://internal.api/v1/shipping/action,v3,Unknown,Active,internal
3938,User Engine #36,User,https://internal.api/v1/user/action,v2.1.0,SecOps-Compliance,Inactive,internal
3939,Analytics Engine #64,Unknown,https://internal.api/v1/analytics/action,v1.4,Data-Eng,Inactive,internal
3940,Payment Engine #92,Payment,https://internal.api/v1/payment/action,v1.4,SecOps-Compliance,Deprecated,internal
3941,Datadog Telemetry Service,Analytics,https://api.datadoghq.com/api/v2/logs/839,v1.4,Core-Platform,Active,api
3942,Marketing Engine #27,Unknown,https://internal.api/v1/marketing/action,2024-01-01,SecOps-Compliance,Active,internal
3943,Notifications Engine #95,Notifications,https://internal.api/v1/notifications/action,Unknown,Logistics,Inactive,internal
3944,PayPal Checkout API,Payment,https://api-m.paypal.com/v2/checkout/orders,v2.1.0,Identity-IAM,Inactive,api-m
3945,User Engine #11,User,https://internal.api/v1/user/action,v1.0.0,FinTech-Core,Active,internal
3946,User Profile Core API,User,https://internal.platform/services/user-profile/372/{env}/debug_mode,v1.4,Logistics,Deprecated,internal
3947,USER ENGINE #91,User,https://internal.api/v1/user/action,v1.0.0,Growth-Marketing,Active,internal
3948,FedEx Ship Rates Service,Shipping,https://apis.fedex.com/rate/v1/rates/922,v3,FinTech-Core,Active,apis
3949,Auth0 Login API,Auth,https://identity.auth0.com/oauth/token,v2.1.0,Comms-Team,Inactive,identity
3950,Maps Engine #31,Maps,https://internal.api/v1/maps/action,v2-beta,Core-Platform,Active,internal
3951,Google Maps Geocode Service,Maps,https://maps.googleapis.com/maps/api/geocode/json,test-version,Core-Platform,Inactive,maps
3952,Payment Engine #89,Payment,https://internal.api/v1/payment/action,2024-01-01,Comms-Team,Inactive,internal
3953,SNOWFLAKE INGESTION SERVICE,Analytics,https://snowflake.internal/api/v1/ingest/577,v1.4,FinTech-Core,Active,snowflake
3954,Snowflake Ingestion API,Unknown,https://snowflake.internal/api/v1/ingest,v2-beta,Data-Eng,Deprecated,snowflake
3955,Shipping Engine #89,Shipping,https://internal.api/v1/shipping/action,v2.1.0,Identity-IAM,Active,internal
3956,SendGrid Mailer Service,Notifications,https://api.sendgrid.com/v3/mail/send/828,v2.1.0,Logistics,Deprecated,api
3957,Compliance Engine #67,Compliance,https://internal.api/v1/compliance/action,v2.1.0,Logistics,Active,internal
3958,Auth Engine #51,Unknown,https://internal.api/v1/auth/action,2024-01-01,Identity-IAM,Active,internal
3959,Auth Engine #13,Auth,https://internal.api/v1/auth/action,v2.1.0,Logistics,Inactive,internal
3960,Auth0 Login API,Auth,https://identity.auth0.com/oauth/token,Unknown,FinTech-Core,Deprecated,identity
3961,user profile core api,User,https://internal.platform/services/user-profile,v2-beta,FinTech-Core,Deprecated,internal
3962,Twilio SMS Gateway Service,Notifications,https://api.twilio.com/2010-04-01/accounts/733,v2-beta,Identity-IAM,Active,api
3963,SendGrid Mailer API,Notifications,https://api.sendgrid.com/v3/mail/send,v1.0.0,Comms-Team,Active,api
3964,Stripe Payments Service,Payment,https://api.stripe.com/v3/charges,v3,Data-Eng,Active,api
3965,PayPal Checkout Service,Payment,https://api-m.paypal.com/v2/checkout/orders/{env}/debug_mode,v1.0.0,Core-Platform,Deprecated,api-m
3966,CRM Engine #41,CRM,https://internal.api/v1/crm/action,Unknown,Identity-IAM,Active,internal
3967,Okta Verify API,Unknown,https://okta.internal/api/v1/authn/272,v1.0.0,SecOps-Compliance,Active,okta
3968,Twilio SMS Gateway API,Notifications,https://api.twilio.com/2010-04-01/accounts/724,v2.1.0,Identity-IAM,Inactive,api
3969,CRM Engine #98,CRM,https://internal.api/v1/crm/action,v2.1.0,Comms-Team,Active,internal
3970,SendGrid Mailer API,Notifications,https://api.sendgrid.com/v3/mail/send,v2.1.0,Unknown,Active,api
3971,Auth0 Login Service,Auth,https://identity.auth0.com/oauth/token,0.0.1-SNAPSHOT,Data-Eng,Active,identity
3972,snowflake ingestion api,Analytics,https://snowflake.internal/api/v1/ingest/940,v1.0.0,SecOps-Compliance,Active,snowflake
3973,CRM Engine #45,Unknown,https://internal.api/v1/crm/action,2024-01-01,Comms-Team,Active,internal
3974,Salesforce Leads Service,CRM,https://test.salesforce.com/services/data/v55.0/sobjects,v2-beta,Comms-Team,Deprecated,test
3975,Google Maps Geocode API,Unknown,https://maps.googleapis.com/maps/api/geocode/json/149,v1.0.0,SecOps-Compliance,Active,maps
3976,Maps Engine #37,Maps,https://internal.api/v1/maps/action,Unknown,FinTech-Core,Active,internal
3977,COMPLIANCE ENGINE #50,Compliance,https://internal.api/v1/compliance/action,2024-01-01,Data-Eng,Deprecated,internal
3978,Datadog Telemetry API,Analytics,https://api.datadoghq.com/api/v2/logs,Unknown,Growth-Marketing,Deprecated,api
3979,Datadog Telemetry Service,Analytics,https://api.datadoghq.com/api/v2/logs/110,v1.4,Unknown,Active,api
3980,Stripe Payments API,Payment,https://api.stripe.com/v3/charges/422,2024-01-01,Data-Eng,Active,api
3981,Datadog Telemetry Service,Analytics,https://api.datadoghq.com/api/v2/logs,v2-beta,Logistics,Inactive,api
3982,Analytics Engine #81,Analytics,https://internal.api/v1/analytics/action/{env}/debug_mode,v2-beta,Identity-IAM,Inactive,internal
3983,Maps Engine #63,Unknown,https://internal.api/v1/maps/action,v1.4,Growth-Marketing,Deprecated,internal
3984,Okta Verify API,Unknown,https://okta.internal/api/v1/authn/770,v2-beta,Growth-Marketing,Active,okta
3985,AdRoll Tracking Pixels Service,Marketing,https://api.adroll.com/v2/pixels/943,v1.4,Unknown,Active,api
3986,PayPal Checkout Service,Payment,https://api-m.paypal.com/v2/checkout/orders/544,0.0.1-SNAPSHOT,Logistics,Active,api-m
3987,Auth0 Login API,Auth,https://identity.auth0.com/oauth/token/984,v2.1.0,Core-Platform,Active,identity
3988,Maps Engine #10,Maps,https://internal.api/v1/maps/action,v1.0.0,Data-Eng,Active,internal
3989,AdRoll Tracking Pixels Service,Marketing,https://api.adroll.com/v2/pixels/809,v2.1.0,Identity-IAM,Active,api
3990,Compliance Engine #82,Compliance,https://internal.api/v1/compliance/action,v1.4,Identity-IAM,Active,internal
3991,Stripe Payments API,Payment,https://api.stripe.com/v3/charges/569,v1.0.0,FinTech-Core,Active,api
3992,Salesforce Leads Service,CRM,https://test.salesforce.com/services/data/v55.0/sobjects/940,v3,Logistics,Active,test
3993,Datadog Telemetry API,Analytics,https://api.datadoghq.com/api/v2/logs/247,v3,Logistics,Active,api
3994,CRM Engine #27,CRM,https://internal.api/v1/crm/action,v3,Growth-Marketing,Active,internal
3995,Payment Engine #22,Payment,https://internal.api/v1/payment/action,2024-01-01,Logistics,Deprecated,internal
3996,Auth0 Login Service,Auth,https://identity.auth0.com/oauth/token,v2-beta,Core-Platform,Active,identity
3997,CRM ENGINE #95,CRM,https://internal.api/v1/crm/action,v1.4,Identity-IAM,Deprecated,internal
3998,Snowflake Ingestion Service,Analytics,https://snowflake.internal/api/v1/ingest,v3,Logistics,Deprecated,snowflake
3999,Datadog Telemetry API,Analytics,https://api.datadoghq.com/api/v2/logs/110,v1.0.0,FinTech-Core,Active,api
4000,Salesforce Leads Service,CRM,https://test.salesforce.com/services/data/v55.0/sobjects,v2.1.0,Core-Platform,Deprecated,test
4001,HubSpot Contacts API,CRM,https://api.hubapi.com/crm/v3/objects/contacts/893,v3,Comms-Team,Deprecated,api
4002,Snowflake Ingestion API,Unknown,https://snowflake.internal/api/v1/ingest,2024-01-01,Comms-Team,Active,snowflake
4003,Auth Engine #40,Auth,https://internal.api/v1/auth/action,Unknown,Identity-IAM,Inactive,internal
4004,User Engine #35,User,https://internal.api/v1/user/action/{env}/debug_mode,2024-01-01,Core-Platform,Active,internal
4005,Twilio SMS Gateway Service,Notifications,https://api.twilio.com/2010-04-01/accounts,v2.1.0,Logistics,Active,api
4006,GDPR Purge Utility API,Compliance,https://compliance.internal/v1/purge/692,v1.0.0,Data-Eng,Deprecated,compliance
4007,User Profile Core Service,User,https://internal.platform/services/user-profile/930,v2.1.0,Identity-IAM,Inactive,internal
4008,NOTIFICATIONS ENGINE #95,Notifications,https://internal.api/v1/notifications/action,v1.0.0,Data-Eng,Inactive,internal
4009,Analytics Engine #61,Analytics,https://internal.api/v1/analytics/action,2024-01-01,Growth-Marketing,Deprecated,internal
4010,Google Maps Geocode API,Maps,https://maps.googleapis.com/maps/api/geocode/json,v1.4,FinTech-Core,Active,maps
4011,Payment Engine #89,Payment,https://internal.api/v1/payment/action,v3,Core-Platform,Inactive,internal
4012,Stripe Payments API,Payment,https://api.stripe.com/v3/charges,v3,Comms-Team,Inactive,api
4013,FedEx Ship Rates Service,Unknown,https://apis.fedex.com/rate/v1/rates/143,v2-beta,Logistics,Active,apis
4014,FedEx Ship Rates API,Shipping,https://apis.fedex.com/rate/v1/rates,v2-beta,Identity-IAM,Active,apis
4015,Snowflake Ingestion API,Unknown,https://snowflake.internal/api/v1/ingest,2024-01-01,FinTech-Core,Active,snowflake
4016,SendGrid Mailer API,Notifications,https://api.sendgrid.com/v3/mail/send/435,2024-01-01,Logistics,Active,api
4017,Salesforce Leads Service,CRM,https://test.salesforce.com/services/data/v55.0/sobjects/562,2026_RC4,Logistics,Deprecated,test
4018,auth0 login api,Auth,https://identity.auth0.com/oauth/token/246,v1.4,Logistics,Active,identity
4019,Okta Verify Service,Auth,https://okta.internal/api/v1/authn/651,v1.4,Identity-IAM,Active,okta
4020,SendGrid Mailer API,Notifications,https://api.sendgrid.com/v3/mail/send/226,v1.4,Logistics,Active,api
4021,PAYPAL CHECKOUT SERVICE,Payment,https://api-m.paypal.com/v2/checkout/orders/127,v2.1.0,SecOps-Compliance,Active,api-m
4022,Notifications Engine #93,Notifications,https://internal.api/v1/notifications/action,2026_RC4,Comms-Team,Deprecated,internal
4023,Marketing Engine #79,Marketing,https://internal.api/v1/marketing/action,Unknown,Data-Eng,Active,internal
4024,SendGrid Mailer Service,Notifications,https://api.sendgrid.com/v3/mail/send,Unknown,SecOps-Compliance,Active,api
4025,SendGrid Mailer Service,Notifications,https://api.sendgrid.com/v3/mail/send,Unknown,Logistics,Inactive,api
4026,Analytics Engine #68,Analytics,https://internal.api/v1/analytics/action,v1.0.0,Identity-IAM,Inactive,internal
4027,FedEx Ship Rates Service,Shipping,https://apis.fedex.com/rate/v1/rates,2024-01-01,Core-Platform,Active,apis
4028,Notifications Engine #39,Notifications,https://internal.api/v1/notifications/action,v2-beta,Core-Platform,Active,internal
4029,Shipping Engine #10,Shipping,https://internal.api/v1/shipping/action,Unknown,Core-Platform,Active,internal
4030,Notifications Engine #89,Notifications,https://internal.api/v1/notifications/action,v1.4,Data-Eng,Inactive,internal
4031,User Profile Core API,User,https://internal.platform/services/user-profile/138/{env}/debug_mode,2024-01-01,Data-Eng,Deprecated,internal
4032,PayPal Checkout Service,Payment,https://api-m.paypal.com/v2/checkout/orders/182,v3,Unknown,Active,api-m
4033,Notifications Engine #37,Notifications,https://internal.api/v1/notifications/action,0.0.1-SNAPSHOT,Logistics,Inactive,internal
4034,Datadog Telemetry Service,Analytics,https://api.datadoghq.com/api/v2/logs,v1.0.0,FinTech-Core,Inactive,api
4035,User Engine #96,User,https://internal.api/v1/user/action,v1.4,Unknown,Deprecated,internal
4036,Compliance Engine #15,Compliance,https://internal.api/v1/compliance/action,v3,Core-Platform,Active,internal
4037,Payment Engine #18,Payment,https://internal.api/v1/payment/action/{env}/debug_mode,v3,Core-Platform,Active,internal
4038,SALESFORCE LEADS API,CRM,https://test.salesforce.com/services/data/v55.0/sobjects/226,v1.4,Core-Platform,Deprecated,test
4039,HUBSPOT CONTACTS API,CRM,https://api.hubapi.com/crm/v3/objects/contacts,v3,FinTech-Core,Active,api
4040,Google Maps Geocode API,Maps,https://maps.googleapis.com/maps/api/geocode/json/821,v1.0.0,Comms-Team,Active,maps
4041,GDPR Purge Utility API,Compliance,https://compliance.internal/v1/purge,test-version,Comms-Team,Active,compliance
4042,GDPR Purge Utility Service,Compliance,https://compliance.internal/v1/purge/415,v1.0.0,Identity-IAM,Inactive,compliance
4043,HubSpot Contacts Service,CRM,https://api.hubapi.com/crm/v3/objects/contacts,2024-01-01,Logistics,Inactive,api
4044,SHIPPING ENGINE #12,Shipping,https://internal.api/v1/shipping/action,v1.4,Core-Platform,Active,internal
4045,HubSpot Contacts API,CRM,https://api.hubapi.com/crm/v3/objects/contacts/595/{env}/debug_mode,v3,Comms-Team,Active,api
4046,Shipping Engine #59,Shipping,https://internal.api/v1/shipping/action,v1.4,Core-Platform,Active,internal
4047,Compliance Engine #71,Compliance,https://internal.api/v1/compliance/action/{env}/debug_mode,v1.4,Logistics,Active,internal
4048,Compliance Engine #18,Compliance,https://internal.api/v1/compliance/action,2024-01-01,Identity-IAM,Active,internal
4049,User Profile Core Service,User,https://internal.platform/services/user-profile/146,v3,Identity-IAM,Deprecated,internal
4050,GDPR Purge Utility API,Compliance,https://compliance.internal/v1/purge,Unknown,Logistics,Active,compliance
4051,paypal checkout api,Payment,https://api-m.paypal.com/v2/checkout/orders/995,v1.0.0,Data-Eng,Active,api-m
4052,Twilio SMS Gateway Service,Notifications,https://api.twilio.com/2010-04-01/accounts/239/{env}/debug_mode,v2-beta,Identity-IAM,Deprecated,api
4053,auth0 login service,Auth,https://identity.auth0.com/oauth/token/514,2024-01-01,SecOps-Compliance,Deprecated,identity
4054,Notifications Engine #77,Notifications,https://internal.api/v1/notifications/action,v1.4,SecOps-Compliance,Deprecated,internal
4055,Maps Engine #75,Maps,https://internal.api/v1/maps/action,Unknown,Growth-Marketing,Active,internal
4056,PayPal Checkout API,Payment,https://api-m.paypal.com/v2/checkout/orders/772,v2.1.0,Core-Platform,Inactive,api-m
4057,Payment Engine #65,Payment,https://internal.api/v1/payment/action,v2-beta,Growth-Marketing,Inactive,internal
4058,GDPR Purge Utility API,Compliance,https://compliance.internal/v1/purge/226,v3,SecOps-Compliance,Active,compliance
4059,AdRoll Tracking Pixels Service,Marketing,https://api.adroll.com/v2/pixels,v1.4,FinTech-Core,Active,api
4060,Google Maps Geocode API,Maps,https://maps.googleapis.com/maps/api/geocode/json/{env}/debug_mode,v2.1.0,Comms-Team,Active,maps
4061,CRM Engine #59,Unknown,https://internal.api/v1/crm/action,v3,Identity-IAM,Inactive,internal
4062,Shipping Engine #18,Shipping,https://internal.api/v1/shipping/action,v3,Data-Eng,Active,internal
4063,Datadog Telemetry Service,Analytics,https://api.datadoghq.com/api/v2/logs,v3,Identity-IAM,Active,api
4064,Notifications Engine #14,Unknown,https://internal.api/v1/notifications/action,v1.4,Core-Platform,Active,internal
4065,User Profile Core Service,User,https://internal.platform/services/user-profile/391,v1.4,FinTech-Core,Inactive,internal
4066,google maps geocode api,Maps,https://maps.googleapis.com/maps/api/geocode/json,2024-01-01,Growth-Marketing,Active,maps
4067,HubSpot Contacts API,CRM,https://api.hubapi.com/crm/v3/objects/contacts/705,Unknown,Logistics,Inactive,api
4068,Analytics Engine #30,Analytics,https://internal.api/v1/analytics/action,v1.4,Data-Eng,Inactive,internal
4069,PayPal Checkout API,Payment,https://api-m.paypal.com/v2/checkout/orders,v1.4,Growth-Marketing,Active,api-m
4070,Google Maps Geocode API,Maps,https://maps.googleapis.com/maps/api/geocode/json,v3,Data-Eng,Active,maps
4071,CRM Engine #25,CRM,https://internal.api/v1/crm/action,2024-01-01,Data-Eng,Active,internal
4072,Datadog Telemetry Service,Analytics,https://api.datadoghq.com/api/v2/logs,0.0.1-SNAPSHOT,Core-Platform,Inactive,api
4073,Salesforce Leads API,CRM,https://test.salesforce.com/services/data/v55.0/sobjects,v1-alpha,Logistics,Active,test
4074,AdRoll Tracking Pixels API,Marketing,https://api.adroll.com/v2/pixels/812,v2.1.0,Unknown,Inactive,api
4075,Notifications Engine #30,Notifications,https://internal.api/v1/notifications/action,Unknown,Identity-IAM,Inactive,internal
4076,SendGrid Mailer API,Notifications,https://api.sendgrid.com/v3/mail/send,0.0.1-SNAPSHOT,Data-Eng,Inactive,api
4077,SendGrid Mailer API,Notifications,https://api.sendgrid.com/v3/mail/send/934,v1.0.0,Identity-IAM,Active,api
4078,Salesforce Leads Service,CRM,https://test.salesforce.com/services/data/v55.0/sobjects,2024-01-01,Identity-IAM,Active,test
4079,AdRoll Tracking Pixels API,Marketing,https://api.adroll.com/v2/pixels,v1.4,FinTech-Core,Inactive,api
4080,User Profile Core API,User,https://internal.platform/services/user-profile/825,Unknown,Logistics,Active,internal
4081,GDPR Purge Utility Service,Compliance,https://compliance.internal/v1/purge,v2-beta,Growth-Marketing,Active,compliance
4082,AdRoll Tracking Pixels Service,Marketing,https://api.adroll.com/v2/pixels,Unknown,Data-Eng,Active,api
4083,Twilio SMS Gateway Service,Notifications,https://api.twilio.com/2010-04-01/accounts/486,Unknown,Growth-Marketing,Deprecated,api
4084,Stripe Payments Service,Payment,https://api.stripe.com/v3/charges,Unknown,Growth-Marketing,Active,api
4085,CRM Engine #76,CRM,https://internal.api/v1/crm/action,v2.1.0,Growth-Marketing,Active,internal
4086,Payment Engine #97,Payment,https://internal.api/v1/payment/action,v1.4,Growth-Marketing,Active,internal
4087,GDPR Purge Utility API,Compliance,https://compliance.internal/v1/purge/568,v1.4,Core-Platform,Active,compliance
4088,PayPal Checkout Service,Payment,https://api-m.paypal.com/v2/checkout/orders/582,2024-01-01,Identity-IAM,Active,api-m
4089,HubSpot Contacts API,CRM,https://api.hubapi.com/crm/v3/objects/contacts,v2-beta,Growth-Marketing,Inactive,api
4090,auth engine #61,Auth,https://internal.api/v1/auth/action,v1.0.0,Core-Platform,Deprecated,internal
4091,GDPR Purge Utility API,Compliance,https://compliance.internal/v1/purge/665,Unknown,Growth-Marketing,Active,compliance
4092,maps engine #30,Maps,https://internal.api/v1/maps/action,2024-01-01,Comms-Team,Inactive,internal
4093,Snowflake Ingestion Service,Unknown,https://snowflake.internal/api/v1/ingest/448,v2-beta,Comms-Team,Active,snowflake
4094,Marketing Engine #68,Marketing,https://internal.api/v1/marketing/action,2024-01-01,FinTech-Core,Active,internal
4095,User Profile Core Service,User,https://internal.platform/services/user-profile/779,2024-01-01,FinTech-Core,Active,internal
4096,Salesforce Leads Service,CRM,https://test.salesforce.com/services/data/v55.0/sobjects,v1.0.0,Identity-IAM,Active,test
4097,AdRoll Tracking Pixels API,Marketing,https://api.adroll.com/v2/pixels,v1.0.0,Identity-IAM,Deprecated,api
4098,Okta Verify API,Auth,https://okta.internal/api/v1/authn/141,v2-beta,Unknown,Inactive,okta
4099,CRM Engine #36,CRM,https://internal.api/v1/crm/action,v1.4,Logistics,Inactive,internal
4100,Google Maps Geocode Service,Maps,https://maps.googleapis.com/maps/api/geocode/json/614,v3,Identity-IAM,Inactive,maps
4101,SendGrid Mailer API,Notifications,https://api.sendgrid.com/v3/mail/send,0.0.1-SNAPSHOT,Core-Platform,Active,api
4102,Google Maps Geocode API,Unknown,https://maps.googleapis.com/maps/api/geocode/json,v3,Data-Eng,Inactive,maps
4103,AdRoll Tracking Pixels API,Marketing,https://api.adroll.com/v2/pixels/858,v1.4,Growth-Marketing,Active,api
4104,CRM Engine #96,CRM,https://internal.api/v1/crm/action,v3,Unknown,Active,internal
4105,User Engine #34,User,https://internal.api/v1/user/action,v1.0.0,Unknown,Active,internal
4106,User Engine #62,User,https://internal.api/v1/user/action,test-version,Identity-IAM,Active,internal
4107,Compliance Engine #25,Compliance,https://internal.api/v1/compliance/action,v1-alpha,Logistics,Inactive,internal
4108,paypal checkout service,Payment,https://api-m.paypal.com/v2/checkout/orders,2024-01-01,SecOps-Compliance,Inactive,api-m
4109,FedEx Ship Rates API,Shipping,https://apis.fedex.com/rate/v1/rates/521,v1.4,FinTech-Core,Active,apis
4110,Maps Engine #38,Maps,https://internal.api/v1/maps/action,v1.0.0,Logistics,Active,internal
4111,google maps geocode service,Maps,https://maps.googleapis.com/maps/api/geocode/json,v3,SecOps-Compliance,Active,maps
4112,Google Maps Geocode API,Maps,https://maps.googleapis.com/maps/api/geocode/json,2024-01-01,Core-Platform,Inactive,maps
4113,Datadog Telemetry API,Analytics,https://api.datadoghq.com/api/v2/logs,Unknown,Growth-Marketing,Deprecated,api
4114,FedEx Ship Rates API,Shipping,https://apis.fedex.com/rate/v1/rates/{env}/debug_mode,v1.4,FinTech-Core,Active,apis
4115,AdRoll Tracking Pixels Service,Marketing,https://api.adroll.com/v2/pixels/943,Unknown,SecOps-Compliance,Inactive,api
4116,CRM Engine #94,CRM,https://internal.api/v1/crm/action,v2-beta,Core-Platform,Active,internal
4117,Google Maps Geocode Service,Maps,https://maps.googleapis.com/maps/api/geocode/json/862,v1.4,Identity-IAM,Active,maps
4118,PayPal Checkout Service,Payment,https://api-m.paypal.com/v2/checkout/orders,v2-beta,Logistics,Inactive,api-m
4119,Marketing Engine #11,Marketing,https://internal.api/v1/marketing/action,Unknown,SecOps-Compliance,Inactive,internal
4120,CRM Engine #76,CRM,https://internal.api/v1/crm/action,v1.0.0,Core-Platform,Active,internal
4121,GDPR Purge Utility Service,Compliance,https://compliance.internal/v1/purge/935,2026_RC4,Identity-IAM,Active,compliance
4122,SendGrid Mailer Service,Notifications,https://api.sendgrid.com/v3/mail/send,v2-beta,Core-Platform,Active,api
4123,Snowflake Ingestion Service,Analytics,https://snowflake.internal/api/v1/ingest,v3,FinTech-Core,Active,snowflake
4124,Snowflake Ingestion Service,Analytics,https://snowflake.internal/api/v1/ingest/449,v2.1.0,Core-Platform,Active,snowflake
4125,PayPal Checkout API,Payment,https://api-m.paypal.com/v2/checkout/orders/477,v2-beta,Growth-Marketing,Inactive,api-m
4126,Snowflake Ingestion API,Analytics,https://snowflake.internal/api/v1/ingest,v2-beta,FinTech-Core,Inactive,snowflake
4127,Google Maps Geocode API,Maps,https://maps.googleapis.com/maps/api/geocode/json,v1-alpha,FinTech-Core,Inactive,maps
4128,Maps Engine #47,Maps,https://internal.api/v1/maps/action/{env}/debug_mode,v2-beta,Data-Eng,Active,internal
4129,Salesforce Leads API,CRM,https://test.salesforce.com/services/data/v55.0/sobjects,v1.4,Logistics,Inactive,test
4130,Shipping Engine #30,Shipping,https://internal.api/v1/shipping/action,v1.0.0,Core-Platform,Inactive,internal
4131,Twilio SMS Gateway API,Notifications,https://api.twilio.com/2010-04-01/accounts/675,v2-beta,Growth-Marketing,Active,api
4132,FedEx Ship Rates Service,Shipping,https://apis.fedex.com/rate/v1/rates/935,Unknown,Logistics,Active,apis
4133,Datadog Telemetry API,Analytics,https://api.datadoghq.com/api/v2/logs,v2-beta,Growth-Marketing,Active,api
4134,Marketing Engine #37,Marketing,https://internal.api/v1/marketing/action,v3,Logistics,Deprecated,internal
4135,Notifications Engine #30,Unknown,https://internal.api/v1/notifications/action,v2.1.0,Growth-Marketing,Active,internal
4136,Payment Engine #12,Payment,https://internal.api/v1/payment/action,v3,Logistics,Active,internal
4137,Analytics Engine #74,Unknown,https://internal.api/v1/analytics/action,v2.1.0,Logistics,Deprecated,internal
4138,Snowflake Ingestion API,Analytics,https://snowflake.internal/api/v1/ingest/466,v2.1.0,Core-Platform,Deprecated,snowflake
4139,Datadog Telemetry API,Unknown,https://api.datadoghq.com/api/v2/logs,v1.4,FinTech-Core,Active,api
4140,AdRoll Tracking Pixels API,Marketing,https://api.adroll.com/v2/pixels/{env}/debug_mode,v2-beta,Core-Platform,Deprecated,api
4141,User Engine #61,User,https://internal.api/v1/user/action/{env}/debug_mode,v1.0.0,Logistics,Active,internal
4142,hubspot contacts api,CRM,https://api.hubapi.com/crm/v3/objects/contacts,v1.4,Identity-IAM,Active,api
4143,SendGrid Mailer Service,Comms,https://api.sendgrid.com/v3/mail/send/614,v2.1.0,SecOps-Compliance,Active,api
4144,Notifications Engine #51,Notifications,https://internal.api/v1/notifications/action,2024-01-01,SecOps-Compliance,Active,internal
4145,datadog telemetry service,Analytics,https://api.datadoghq.com/api/v2/logs,v2-beta,FinTech-Core,Active,api
4146,Shipping Engine #25,Shipping,https://internal.api/v1/shipping/action,v3,Logistics,Active,internal
4147,Shipping Engine #91,Shipping,https://internal.api/v1/shipping/action,v1.4,Comms-Team,Active,internal
4148,Snowflake Ingestion API,Analytics,https://snowflake.internal/api/v1/ingest/316/{env}/debug_mode,v1.0.0,Logistics,Inactive,snowflake
4149,PayPal Checkout Service,Payment,https://api-m.paypal.com/v2/checkout/orders,v2.1.0,FinTech-Core,Active,api-m
4150,User Engine #45,User,https://internal.api/v1/user/action,v3,SecOps-Compliance,Deprecated,internal
4151,Maps Engine #67,Maps,https://internal.api/v1/maps/action,v2-beta,Comms-Team,Active,internal
4152,Auth Engine #50,Auth,https://internal.api/v1/auth/action,v2-beta,Logistics,Active,internal
4153,Marketing Engine #86,Marketing,https://internal.api/v1/marketing/action,v1.0.0,Unknown,Active,internal
4154,FedEx Ship Rates API,Shipping,https://apis.fedex.com/rate/v1/rates/409,v1.4,Logistics,Inactive,apis
4155,AdRoll Tracking Pixels Service,Marketing,https://api.adroll.com/v2/pixels/751,v3,SecOps-Compliance,Active,api
4156,Shipping Engine #28,Unknown,https://internal.api/v1/shipping/action,v2.1.0,SecOps-Compliance,Inactive,internal
4157,Notifications Engine #50,Unknown,https://internal.api/v1/notifications/action,v1.0.0,Growth-Marketing,Active,internal
4158,SendGrid Mailer API,Notifications,https://api.sendgrid.com/v3/mail/send,Unknown,Data-Eng,Inactive,api
4159,FedEx Ship Rates API,Shipping,https://apis.fedex.com/rate/v1/rates,v2.1.0,SecOps-Compliance,Active,apis
4160,Twilio SMS Gateway Service,Notifications,https://api.twilio.com/2010-04-01/accounts/605,v1.4,Logistics,Active,api
4161,User Engine #34,User,https://internal.api/v1/user/action,v3,Unknown,Deprecated,internal
4162,Compliance Engine #16,Compliance,https://internal.api/v1/compliance/action,2024-01-01,Identity-IAM,Deprecated,internal
4163,Marketing Engine #26,Unknown,https://internal.api/v1/marketing/action,v1.0.0,SecOps-Compliance,Active,internal
4164,SendGrid Mailer Service,Notifications,https://api.sendgrid.com/v3/mail/send,0.0.1-SNAPSHOT,Growth-Marketing,Active,api
4165,Snowflake Ingestion Service,Analytics,https://snowflake.internal/api/v1/ingest/762/{env}/debug_mode,v2.1.0,Data-Eng,Deprecated,snowflake
4166,Twilio SMS Gateway Service,Unknown,https://api.twilio.com/2010-04-01/accounts,v2-beta,Core-Platform,Deprecated,api
4167,User Engine #86,User,https://internal.api/v1/user/action,v1.4,Identity-IAM,Active,internal
4168,Notifications Engine #16,Notifications,https://internal.api/v1/notifications/action,v1.4,FinTech-Core,Active,internal
4169,FedEx Ship Rates Service,Shipping,https://apis.fedex.com/rate/v1/rates,Unknown,Logistics,Inactive,apis
4170,Salesforce Leads Service,CRM,https://test.salesforce.com/services/data/v55.0/sobjects/533,Unknown,Comms-Team,Active,test
4171,Stripe Payments Service,Payment,https://api.stripe.com/v3/charges/921,Unknown,Identity-IAM,Active,api
4172,NOTIFICATIONS ENGINE #17,Notifications,https://internal.api/v1/notifications/action,v1.4,Logistics,Deprecated,internal
4173,Shipping Engine #59,Shipping,https://internal.api/v1/shipping/action,Unknown,SecOps-Compliance,Deprecated,internal
4174,HubSpot Contacts Service,CRM,https://api.hubapi.com/crm/v3/objects/contacts/593,2024-01-01,Growth-Marketing,Active,api
4175,PayPal Checkout API,Payment,https://api-m.paypal.com/v2/checkout/orders,v1.4,FinTech-Core,Deprecated,api-m
4176,CRM Engine #86,CRM,https://internal.api/v1/crm/action,Unknown,Identity-IAM,Deprecated,internal
4177,Google Maps Geocode API,Maps,https://maps.googleapis.com/maps/api/geocode/json,v1.0.0,Comms-Team,Deprecated,maps
4178,User Engine #99,User,https://internal.api/v1/user/action,v1.0.0,Data-Eng,Active,internal
4179,Analytics Engine #73,Analytics,https://internal.api/v1/analytics/action,2024-01-01,Growth-Marketing,Active,internal
4180,Analytics Engine #90,Analytics,https://internal.api/v1/analytics/action,v2-beta,Growth-Marketing,Active,internal
4181,Analytics Engine #55,Analytics,https://internal.api/v1/analytics/action,v2.1.0,FinTech-Core,Active,internal
4182,SendGrid Mailer API,Notifications,https://api.sendgrid.com/v3/mail/send,v1.4,Core-Platform,Inactive,api
4183,Auth Engine #56,Auth,https://internal.api/v1/auth/action,v2.1.0,Unknown,Active,internal
4184,Auth Engine #62,Auth,https://internal.api/v1/auth/action,Unknown,Growth-Marketing,Active,internal
4185,User Profile Core Service,User,https://internal.platform/services/user-profile,v2.1.0,Unknown,Deprecated,internal
4186,FedEx Ship Rates API,Shipping,https://apis.fedex.com/rate/v1/rates,v2.1.0,Logistics,Inactive,apis
4187,HubSpot Contacts Service,CRM,https://api.hubapi.com/crm/v3/objects/contacts/{env}/debug_mode,v3,Comms-Team,Active,api
4188,Stripe Payments API,Payment,https://api.stripe.com/v3/charges/550,Unknown,Core-Platform,Active,api
4189,Datadog Telemetry API,Analytics,https://api.datadoghq.com/api/v2/logs,v3,SecOps-Compliance,Active,api
4190,PayPal Checkout Service,Payment,https://api-m.paypal.com/v2/checkout/orders,v1.0.0,Core-Platform,Active,api-m
4191,auth engine #13,Auth,https://internal.api/v1/auth/action,v1.4,SecOps-Compliance,Inactive,internal
4192,User Profile Core API,Unknown,https://internal.platform/services/user-profile,v1.4,Logistics,Deprecated,internal
4193,PAYPAL CHECKOUT SERVICE,Payment,https://api-m.paypal.com/v2/checkout/orders/992,2024-01-01,Comms-Team,Active,api-m
4194,Twilio SMS Gateway API,Notifications,https://api.twilio.com/2010-04-01/accounts,v3,Unknown,Active,api
4195,CRM Engine #87,CRM,https://internal.api/v1/crm/action,Unknown,Data-Eng,Active,internal
4196,Analytics Engine #53,Unknown,https://internal.api/v1/analytics/action,v3,Identity-IAM,Inactive,internal
4197,PayPal Checkout API,Payment,https://api-m.paypal.com/v2/checkout/orders/334,v2.1.0,SecOps-Compliance,Deprecated,api-m
4198,Snowflake Ingestion Service,Analytics,https://snowflake.internal/api/v1/ingest,2024-01-01,Core-Platform,Active,snowflake
4199,Payment Engine #40,Payment,https://internal.api/v1/payment/action,2026_RC4,Core-Platform,Inactive,internal
4200,Payment Engine #49,Payment,https://internal.api/v1/payment/action/{env}/debug_mode,v2-beta,Identity-IAM,Active,internal
4201,Datadog Telemetry Service,Unknown,https://api.datadoghq.com/api/v2/logs,v1.0.0,Comms-Team,Active,api
4202,gdpr purge utility api,Compliance,https://compliance.internal/v1/purge/948,2024-01-01,SecOps-Compliance,Active,compliance
4203,OKTA VERIFY API,Auth,https://okta.internal/api/v1/authn,v3,Growth-Marketing,Deprecated,okta
4204,Stripe Payments Service,Unknown,https://api.stripe.com/v3/charges/429,v2.1.0,Core-Platform,Inactive,api
4205,AdRoll Tracking Pixels Service,Marketing,https://api.adroll.com/v2/pixels,v2.1.0,Core-Platform,Active,api
4206,Analytics Engine #52,Analytics,https://internal.api/v1/analytics/action,v3,Core-Platform,Active,internal
4207,SendGrid Mailer Service,Unknown,https://api.sendgrid.com/v3/mail/send,v1.4,Growth-Marketing,Active,api
4208,ANALYTICS ENGINE #92,Analytics,https://internal.api/v1/analytics/action,2024-01-01,Logistics,Active,internal
4209,Analytics Engine #34,Analytics,https://internal.api/v1/analytics/action,2024-01-01,Core-Platform,Inactive,internal
4210,Snowflake Ingestion Service,Unknown,https://snowflake.internal/api/v1/ingest/183,v1.4,Growth-Marketing,Deprecated,snowflake
4211,auth engine #50,Auth,https://internal.api/v1/auth/action,v2.1.0,Logistics,Active,internal
4212,GDPR Purge Utility Service,Compliance,https://compliance.internal/v1/purge,v3,Growth-Marketing,Active,compliance
4213,Auth Engine #34,Auth,https://internal.api/v1/auth/action,v3,Data-Eng,Inactive,internal
4214,Snowflake Ingestion Service,Analytics,https://snowflake.internal/api/v1/ingest/150,v1.4,Logistics,Deprecated,snowflake
4215,Google Maps Geocode API,Maps,https://maps.googleapis.com/maps/api/geocode/json/569/{env}/debug_mode,v1.4,Logistics,Inactive,maps
4216,Notifications Engine #26,Comms,https://internal.api/v1/notifications/action,v1.0.0,Growth-Marketing,Active,internal
4217,MARKETING ENGINE #39,Marketing,https://internal.api/v1/marketing/action,v1.4,Logistics,Active,internal
4218,Analytics Engine #71,Analytics,https://internal.api/v1/analytics/action,v3,Growth-Marketing,Active,internal
4219,Payment Engine #57,Payment,https://internal.api/v1/payment/action,v3,Comms-Team,Deprecated,internal
4220,Auth0 Login API,Unknown,https://identity.auth0.com/oauth/token,v2.1.0,Core-Platform,Inactive,identity
4221,Marketing Engine #52,Marketing,https://internal.api/v1/marketing/action,v1.4,Growth-Marketing,Inactive,internal
4222,User Profile Core Service,User,https://internal.platform/services/user-profile/520,v1.4,FinTech-Core,Active,internal
4223,SendGrid Mailer Service,Notifications,https://api.sendgrid.com/v3/mail/send/364,v1.0.0,Core-Platform,Active,api
4224,Salesforce Leads API,CRM,https://test.salesforce.com/services/data/v55.0/sobjects/697,v1-alpha,Core-Platform,Deprecated,test
4225,COMPLIANCE ENGINE #69,Compliance,https://internal.api/v1/compliance/action,2024-01-01,Logistics,Inactive,internal
4226,Salesforce Leads API,CRM,https://test.salesforce.com/services/data/v55.0/sobjects/137,v2.1.0,SecOps-Compliance,Active,test
4227,Maps Engine #53,Maps,https://internal.api/v1/maps/action,v1.0.0,Core-Platform,Active,internal
4228,Salesforce Leads Service,CRM,https://test.salesforce.com/services/data/v55.0/sobjects,v2.1.0,FinTech-Core,Inactive,test
4229,Notifications Engine #52,Notifications,https://internal.api/v1/notifications/action,Unknown,Growth-Marketing,Deprecated,internal
4230,HubSpot Contacts Service,CRM,https://api.hubapi.com/crm/v3/objects/contacts,v3,Growth-Marketing,Active,api
4231,Auth0 Login Service,Auth,https://identity.auth0.com/oauth/token/611,v3,Unknown,Active,identity
4232,Maps Engine #11,Maps,https://internal.api/v1/maps/action/{env}/debug_mode,v2-beta,SecOps-Compliance,Active,internal
4233,FedEx Ship Rates API,Shipping,https://apis.fedex.com/rate/v1/rates/{env}/debug_mode,v1.4,SecOps-Compliance,Inactive,apis
4234,AdRoll Tracking Pixels API,Unknown,https://api.adroll.com/v2/pixels/272,v1.0.0,SecOps-Compliance,Active,api
4235,Datadog Telemetry API,Analytics,https://api.datadoghq.com/api/v2/logs/157,2024-01-01,Core-Platform,Active,api
4236,User Engine #20,User,https://internal.api/v1/user/action,0.0.1-SNAPSHOT,Growth-Marketing,Active,internal
4237,FedEx Ship Rates API,Shipping,https://apis.fedex.com/rate/v1/rates/948,v3,FinTech-Core,Inactive,apis
4238,Google Maps Geocode Service,Maps,https://maps.googleapis.com/maps/api/geocode/json/575,v2-beta,Identity-IAM,Deprecated,maps
4239,Analytics Engine #60,Analytics,https://internal.api/v1/analytics/action,v3,Core-Platform,Active,internal
4240,Marketing Engine #55,Marketing,https://internal.api/v1/marketing/action,0.0.1-SNAPSHOT,Core-Platform,Active,internal
4241,Notifications Engine #84,Notifications,https://internal.api/v1/notifications/action,v1.0.0,Core-Platform,Active,internal
4242,Datadog Telemetry API,Analytics,https://api.datadoghq.com/api/v2/logs/210,v1.0.0,Growth-Marketing,Active,api
4243,hubspot contacts api,CRM,https://api.hubapi.com/crm/v3/objects/contacts/131,v2-beta,Core-Platform,Inactive,api
4244,PayPal Checkout Service,Payment,https://api-m.paypal.com/v2/checkout/orders/478,v2-beta,Unknown,Inactive,api-m
4245,Twilio SMS Gateway API,Notifications,https://api.twilio.com/2010-04-01/accounts/688,v2.1.0,Comms-Team,Active,api
4246,Analytics Engine #17,Analytics,https://internal.api/v1/analytics/action,v3,Data-Eng,Deprecated,internal
4247,User Engine #70,User,https://internal.api/v1/user/action,v3,Unknown,Active,internal
4248,Salesforce Leads Service,CRM,https://test.salesforce.com/services/data/v55.0/sobjects,v2.1.0,Growth-Marketing,Deprecated,test
4249,User Profile Core Service,User,https://internal.platform/services/user-profile/401,v1.4,Identity-IAM,Active,internal
4250,PayPal Checkout API,Unknown,https://api-m.paypal.com/v2/checkout/orders,v2.1.0,Comms-Team,Deprecated,api-m
4251,CRM ENGINE #12,CRM,https://internal.api/v1/crm/action,v2-beta,Identity-IAM,Deprecated,internal
4252,Shipping Engine #52,Shipping,https://internal.api/v1/shipping/action,2024-01-01,SecOps-Compliance,Inactive,internal
4253,Okta Verify Service,Auth,https://okta.internal/api/v1/authn/808/{env}/debug_mode,v2.1.0,Core-Platform,Active,okta
4254,Notifications Engine #91,Notifications,https://internal.api/v1/notifications/action,v1.4,FinTech-Core,Inactive,internal
4255,payment engine #54,Payment,https://internal.api/v1/payment/action,v2.1.0,FinTech-Core,Active,internal
4256,Snowflake Ingestion API,Analytics,https://snowflake.internal/api/v1/ingest,v1.0.0,Logistics,Active,snowflake
4257,SendGrid Mailer API,Notifications,https://api.sendgrid.com/v3/mail/send,v3,Unknown,Deprecated,api
4258,HUBSPOT CONTACTS SERVICE,CRM,https://api.hubapi.com/crm/v3/objects/contacts,v1.4,Core-Platform,Active,api
4259,CRM Engine #97,CRM,https://internal.api/v1/crm/action,v3,FinTech-Core,Deprecated,internal
4260,Auth Engine #60,Auth,https://internal.api/v1/auth/action,0.0.1-SNAPSHOT,Data-Eng,Active,internal
4261,HubSpot Contacts API,CRM,https://api.hubapi.com/crm/v3/objects/contacts,v1.4,Comms-Team,Active,api
4262,Marketing Engine #39,Marketing,https://internal.api/v1/marketing/action,v2.1.0,Core-Platform,Inactive,internal
4263,Salesforce Leads API,Unknown,https://test.salesforce.com/services/data/v55.0/sobjects/421,v2.1.0,SecOps-Compliance,Inactive,test
4264,GDPR Purge Utility Service,Compliance,https://compliance.internal/v1/purge,Unknown,Core-Platform,Active,compliance
4265,Payment Engine #42,FinTech,https://internal.api/v1/payment/action,v3,FinTech-Core,Inactive,internal
4266,Auth0 Login API,Auth,https://identity.auth0.com/oauth/token/366,v2-beta,Growth-Marketing,Inactive,identity
4267,Okta Verify Service,Unknown,https://okta.internal/api/v1/authn,2024-01-01,Logistics,Active,okta
4268,Analytics Engine #64,Analytics,https://internal.api/v1/analytics/action,v1.4,SecOps-Compliance,Deprecated,internal
4269,Shipping Engine #42,Shipping,https://internal.api/v1/shipping/action,v1.4,SecOps-Compliance,Inactive,internal
4270,SendGrid Mailer Service,Notifications,https://api.sendgrid.com/v3/mail/send,v2-beta,Core-Platform,Deprecated,api
4271,Twilio SMS Gateway Service,Notifications,https://api.twilio.com/2010-04-01/accounts,v2-beta,Core-Platform,Active,api
4272,Notifications Engine #13,Unknown,https://internal.api/v1/notifications/action,2024-01-01,FinTech-Core,Active,internal
4273,User Profile Core Service,User,https://internal.platform/services/user-profile,v3,Core-Platform,Active,internal
4274,PayPal Checkout API,Payment,https://api-m.paypal.com/v2/checkout/orders/737/{env}/debug_mode,v1.4,FinTech-Core,Active,api-m
4275,payment engine #55,Payment,https://internal.api/v1/payment/action,v1.0.0,Identity-IAM,Active,internal
4276,Okta Verify API,Auth,https://okta.internal/api/v1/authn/785/{env}/debug_mode,v2.1.0,Identity-IAM,Active,okta
4277,Marketing Engine #28,Unknown,https://internal.api/v1/marketing/action,v3,Identity-IAM,Active,internal
4278,Compliance Engine #43,Compliance,https://internal.api/v1/compliance/action,v1.4,Growth-Marketing,Inactive,internal
4279,Notifications Engine #48,Notifications,https://internal.api/v1/notifications/action,v2-beta,Core-Platform,Active,internal
4280,Compliance Engine #88,Compliance,https://internal.api/v1/compliance/action,v2-beta,Comms-Team,Inactive,internal
4281,Stripe Payments Service,Payment,https://api.stripe.com/v3/charges/206,Unknown,Growth-Marketing,Active,api
4282,AdRoll Tracking Pixels API,Unknown,https://api.adroll.com/v2/pixels/699,v1.0.0,Logistics,Active,api
4283,PayPal Checkout Service,Payment,https://api-m.paypal.com/v2/checkout/orders,2026_RC4,SecOps-Compliance,Active,api-m
4284,GDPR Purge Utility API,Compliance,https://compliance.internal/v1/purge/726,v3,Logistics,Active,compliance
4285,GOOGLE MAPS GEOCODE API,Maps,https://maps.googleapis.com/maps/api/geocode/json/115,v2-beta,SecOps-Compliance,Deprecated,maps
4286,CRM Engine #89,CRM,https://internal.api/v1/crm/action/{env}/debug_mode,v1.4,Comms-Team,Active,internal
4287,Datadog Telemetry Service,Analytics,https://api.datadoghq.com/api/v2/logs/813,2024-01-01,Logistics,Deprecated,api
4288,Twilio SMS Gateway Service,Notifications,https://api.twilio.com/2010-04-01/accounts/631,v2.1.0,Unknown,Inactive,api
4289,Twilio SMS Gateway API,Notifications,https://api.twilio.com/2010-04-01/accounts,v2.1.0,Logistics,Inactive,api
4290,SendGrid Mailer Service,Notifications,https://api.sendgrid.com/v3/mail/send,2024-01-01,Core-Platform,Deprecated,api
4291,Compliance Engine #24,Compliance,https://internal.api/v1/compliance/action,Unknown,Core-Platform,Deprecated,internal
4292,Datadog Telemetry API,Analytics,https://api.datadoghq.com/api/v2/logs/{env}/debug_mode,v2-beta,Identity-IAM,Active,api
4293,Google Maps Geocode API,Unknown,https://maps.googleapis.com/maps/api/geocode/json,v1.4,Logistics,Active,maps
4294,FedEx Ship Rates API,Shipping,https://apis.fedex.com/rate/v1/rates/{env}/debug_mode,v2.1.0,Comms-Team,Active,apis
4295,Marketing Engine #80,Marketing,https://internal.api/v1/marketing/action,2026_RC4,Data-Eng,Inactive,internal
4296,Analytics Engine #96,Analytics,https://internal.api/v1/analytics/action,2026_RC4,Growth-Marketing,Active,internal
4297,Marketing Engine #27,Marketing,https://internal.api/v1/marketing/action,v2.1.0,Logistics,Active,internal
4298,FedEx Ship Rates API,Shipping,https://apis.fedex.com/rate/v1/rates,v3,FinTech-Core,Active,apis
4299,Stripe Payments Service,Payment,https://api.stripe.com/v3/charges,v1.4,SecOps-Compliance,Active,api
4300,PayPal Checkout Service,Payment,https://api-m.paypal.com/v2/checkout/orders,Unknown,Growth-Marketing,Active,api-m
4301,AdRoll Tracking Pixels API,Marketing,https://api.adroll.com/v2/pixels,Unknown,Identity-IAM,Deprecated,api
4302,STRIPE PAYMENTS API,Payment,https://api.stripe.com/v3/charges,v2.1.0,Logistics,Active,api
4303,Notifications Engine #37,Notifications,https://internal.api/v1/notifications/action,test-version,Data-Eng,Active,internal
4304,user engine #39,User,https://internal.api/v1/user/action,v2-beta,Core-Platform,Active,internal
4305,SendGrid Mailer Service,Notifications,https://api.sendgrid.com/v3/mail/send,v1.0.0,Unknown,Active,api
4306,Analytics Engine #92,Analytics,https://internal.api/v1/analytics/action,2024-01-01,Identity-IAM,Deprecated,internal
4307,GDPR Purge Utility API,Compliance,https://compliance.internal/v1/purge/451,v2-beta,SecOps-Compliance,Active,compliance
4308,Stripe Payments API,Payment,https://api.stripe.com/v3/charges,v2.1.0,Core-Platform,Deprecated,api
4309,FedEx Ship Rates API,Shipping,https://apis.fedex.com/rate/v1/rates,v3,Logistics,Inactive,apis
4310,sendgrid mailer api,Notifications,https://api.sendgrid.com/v3/mail/send,2024-01-01,FinTech-Core,Active,api
4311,HubSpot Contacts API,CRM,https://api.hubapi.com/crm/v3/objects/contacts/566,v1.0.0,Unknown,Active,api
4312,Google Maps Geocode API,Maps,https://maps.googleapis.com/maps/api/geocode/json/612/{env}/debug_mode,2024-01-01,Comms-Team,Active,maps
4313,datadog telemetry api,Analytics,https://api.datadoghq.com/api/v2/logs/967,v2-beta,Core-Platform,Active,api
4314,CRM Engine #51,CRM,https://internal.api/v1/crm/action,v2.1.0,Data-Eng,Inactive,internal
4315,Twilio SMS Gateway Service,Notifications,https://api.twilio.com/2010-04-01/accounts,v1.0.0,Growth-Marketing,Deprecated,api
4316,AdRoll Tracking Pixels API,Marketing,https://api.adroll.com/v2/pixels,v1.4,FinTech-Core,Inactive,api
4317,Compliance Engine #85,Compliance,https://internal.api/v1/compliance/action,v2-beta,Core-Platform,Active,internal
4318,Snowflake Ingestion API,Analytics,https://snowflake.internal/api/v1/ingest,v2-beta,Comms-Team,Deprecated,snowflake
4319,Okta Verify API,Auth,https://okta.internal/api/v1/authn/590/{env}/debug_mode,v2-beta,FinTech-Core,Active,okta
4320,CRM Engine #89,CRM,https://internal.api/v1/crm/action/{env}/debug_mode,2024-01-01,Identity-IAM,Active,internal
4321,Auth0 Login Service,Auth,https://identity.auth0.com/oauth/token,v1.4,Identity-IAM,Deprecated,identity
4322,Marketing Engine #81,Marketing,https://internal.api/v1/marketing/action,Unknown,SecOps-Compliance,Deprecated,internal
4323,OKTA VERIFY API,Auth,https://okta.internal/api/v1/authn,2024-01-01,SecOps-Compliance,Active,okta
4324,Datadog Telemetry API,Analytics,https://api.datadoghq.com/api/v2/logs/608,2026_RC4,FinTech-Core,Active,api
4325,google maps geocode api,Maps,https://maps.googleapis.com/maps/api/geocode/json/253,2024-01-01,Comms-Team,Active,maps
4326,marketing engine #30,Marketing,https://internal.api/v1/marketing/action,v1.0.0,Logistics,Active,internal
4327,User Engine #73,User,https://internal.api/v1/user/action,v2.1.0,Comms-Team,Active,internal
4328,Shipping Engine #73,Shipping,https://internal.api/v1/shipping/action,2024-01-01,SecOps-Compliance,Active,internal
4329,Marketing Engine #27,Marketing,https://internal.api/v1/marketing/action,v1.4,FinTech-Core,Deprecated,internal
4330,Stripe Payments Service,Payment,https://api.stripe.com/v3/charges/290/{env}/debug_mode,v2.1.0,Comms-Team,Deprecated,api
4331,Compliance Engine #82,Unknown,https://internal.api/v1/compliance/action,v3,Identity-IAM,Active,internal
4332,Snowflake Ingestion Service,Analytics,https://snowflake.internal/api/v1/ingest,v3,Unknown,Active,snowflake
4333,GDPR Purge Utility Service,Compliance,https://compliance.internal/v1/purge,v1.4,Core-Platform,Inactive,compliance
4334,SendGrid Mailer API,Notifications,https://api.sendgrid.com/v3/mail/send/958,v1.4,Unknown,Active,api
4335,Twilio SMS Gateway Service,Notifications,https://api.twilio.com/2010-04-01/accounts/395,v2.1.0,Core-Platform,Active,api
4336,AdRoll Tracking Pixels API,Unknown,https://api.adroll.com/v2/pixels,v2.1.0,Core-Platform,Inactive,api
4337,Okta Verify Service,IAM,https://okta.internal/api/v1/authn/331,v1.4,Comms-Team,Active,okta
4338,Twilio SMS Gateway API,Notifications,https://api.twilio.com/2010-04-01/accounts,v3,Comms-Team,Active,api
4339,Okta Verify API,Auth,https://okta.internal/api/v1/authn,v1.0.0,SecOps-Compliance,Deprecated,okta
4340,User Engine #53,User,https://internal.api/v1/user/action,v3,Identity-IAM,Inactive,internal
4341,SendGrid Mailer Service,Notifications,https://api.sendgrid.com/v3/mail/send,Unknown,FinTech-Core,Active,api
4342,Notifications Engine #74,Notifications,https://internal.api/v1/notifications/action,v1.4,Core-Platform,Deprecated,internal
4343,Okta Verify Service,Unknown,https://okta.internal/api/v1/authn,v1.0.0,Logistics,Active,okta
4344,Salesforce Leads Service,CRM,https://test.salesforce.com/services/data/v55.0/sobjects/134,Unknown,SecOps-Compliance,Deprecated,test
4345,Snowflake Ingestion API,Unknown,https://snowflake.internal/api/v1/ingest/316,v3,Identity-IAM,Inactive,snowflake
4346,Shipping Engine #29,Shipping,https://internal.api/v1/shipping/action,2024-01-01,Logistics,Active,internal
4347,PayPal Checkout Service,Payment,https://api-m.paypal.com/v2/checkout/orders,v2-beta,Unknown,Active,api-m
4348,Okta Verify API,Auth,https://okta.internal/api/v1/authn/857,v1-alpha,Comms-Team,Active,okta
4349,Google Maps Geocode Service,Maps,https://maps.googleapis.com/maps/api/geocode/json/899,v1.0.0,Unknown,Active,maps
4350,Analytics Engine #65,Analytics,https://internal.api/v1/analytics/action,v2-beta,Comms-Team,Active,internal
4351,FedEx Ship Rates API,Shipping,https://apis.fedex.com/rate/v1/rates/102,2024-01-01,Data-Eng,Active,apis
4352,Okta Verify API,Auth,https://okta.internal/api/v1/authn,v1.0.0,FinTech-Core,Active,okta
4353,FedEx Ship Rates API,Shipping,https://apis.fedex.com/rate/v1/rates,2024-01-01,Logistics,Active,apis
4354,Okta Verify Service,Auth,https://okta.internal/api/v1/authn,Unknown,Core-Platform,Active,okta
4355,Stripe Payments API,Unknown,https://api.stripe.com/v3/charges/336,v2-beta,Data-Eng,Active,api
4356,AUTH0 LOGIN API,Auth,https://identity.auth0.com/oauth/token,v2.1.0,Comms-Team,Active,identity
4357,Salesforce Leads Service,CRM,https://test.salesforce.com/services/data/v55.0/sobjects,2024-01-01,Data-Eng,Inactive,test
4358,Google Maps Geocode API,Maps,https://maps.googleapis.com/maps/api/geocode/json/201,2024-01-01,FinTech-Core,Active,maps
4359,CRM Engine #91,CRM,https://internal.api/v1/crm/action,v3,FinTech-Core,Active,internal
4360,HubSpot Contacts Service,CRM,https://api.hubapi.com/crm/v3/objects/contacts/{env}/debug_mode,v1.4,Comms-Team,Active,api
4361,SALESFORCE LEADS API,CRM,https://test.salesforce.com/services/data/v55.0/sobjects/303,v1.4,Core-Platform,Inactive,test
4362,Google Maps Geocode API,Unknown,https://maps.googleapis.com/maps/api/geocode/json,v1.4,Logistics,Inactive,maps
4363,Salesforce Leads API,CRM,https://test.salesforce.com/services/data/v55.0/sobjects/713,Unknown,FinTech-Core,Active,test
4364,Marketing Engine #73,Marketing,https://internal.api/v1/marketing/action,v2-beta,Core-Platform,Inactive,internal
4365,Maps Engine #25,Maps,https://internal.api/v1/maps/action,v2.1.0,Growth-Marketing,Active,internal
4366,AdRoll Tracking Pixels API,Marketing,https://api.adroll.com/v2/pixels,v2.1.0,Logistics,Deprecated,api
4367,Datadog Telemetry API,Analytics,https://api.datadoghq.com/api/v2/logs,v2.1.0,FinTech-Core,Active,api
4368,User Profile Core Service,User,https://internal.platform/services/user-profile,v1.0.0,Data-Eng,Active,internal
4369,Analytics Engine #52,Analytics,https://internal.api/v1/analytics/action,v2-beta,Logistics,Active,internal
4370,SendGrid Mailer Service,Notifications,https://api.sendgrid.com/v3/mail/send,v2-beta,Growth-Marketing,Deprecated,api
4371,Google Maps Geocode API,Maps,https://maps.googleapis.com/maps/api/geocode/json,Unknown,SecOps-Compliance,Active,maps
4372,Datadog Telemetry API,Analytics,https://api.datadoghq.com/api/v2/logs,v1.0.0,Core-Platform,Active,api
4373,HubSpot Contacts Service,CRM,https://api.hubapi.com/crm/v3/objects/contacts/343,v1.0.0,Unknown,Active,api
4374,Stripe Payments Service,Payment,https://api.stripe.com/v3/charges,v2.1.0,SecOps-Compliance,Active,api
4375,Twilio SMS Gateway Service,Notifications,https://api.twilio.com/2010-04-01/accounts,v3,Growth-Marketing,Active,api
4376,Salesforce Leads Service,CRM,https://test.salesforce.com/services/data/v55.0/sobjects/838/{env}/debug_mode,v2.1.0,Growth-Marketing,Inactive,test
4377,Payment Engine #96,Unknown,https://internal.api/v1/payment/action,v3,Core-Platform,Active,internal
4378,AdRoll Tracking Pixels Service,Marketing,https://api.adroll.com/v2/pixels,v3,Growth-Marketing,Active,api
4379,fedex ship rates api,Shipping,https://apis.fedex.com/rate/v1/rates/804,v1.4,Comms-Team,Active,apis
4380,Auth Engine #72,Auth,https://internal.api/v1/auth/action,v1.4,Identity-IAM,Active,internal
4381,Salesforce Leads API,CRM,https://test.salesforce.com/services/data/v55.0/sobjects,2026_RC4,Comms-Team,Inactive,test
4382,Shipping Engine #12,Shipping,https://internal.api/v1/shipping/action,v3,Comms-Team,Active,internal
4383,Shipping Engine #23,Shipping,https://internal.api/v1/shipping/action,v3,Unknown,Active,internal
4384,Auth0 Login API,Auth,https://identity.auth0.com/oauth/token,v1.4,Comms-Team,Active,identity
4385,Maps Engine #83,Maps,https://internal.api/v1/maps/action,v1.0.0,Data-Eng,Active,internal
4386,Stripe Payments API,Payment,https://api.stripe.com/v3/charges/862,v1.4,Identity-IAM,Deprecated,api
4387,Twilio SMS Gateway Service,Notifications,https://api.twilio.com/2010-04-01/accounts,2024-01-01,Growth-Marketing,Active,api
4388,User Profile Core Service,User,https://internal.platform/services/user-profile,v1.4,Unknown,Active,internal
4389,User Profile Core Service,User,https://internal.platform/services/user-profile,2024-01-01,SecOps-Compliance,Inactive,internal
4390,Twilio SMS Gateway API,Notifications,https://api.twilio.com/2010-04-01/accounts/853,v1.4,Data-Eng,Active,api
4391,Google Maps Geocode API,Maps,https://maps.googleapis.com/maps/api/geocode/json/918,2026_RC4,FinTech-Core,Deprecated,maps
4392,User Engine #35,User,https://internal.api/v1/user/action,v2-beta,FinTech-Core,Inactive,internal
4393,Auth0 Login Service,Auth,https://identity.auth0.com/oauth/token/241,2024-01-01,Logistics,Inactive,identity
4394,Marketing Engine #79,Marketing,https://internal.api/v1/marketing/action,v1.4,FinTech-Core,Active,internal
4395,Salesforce Leads API,CRM,https://test.salesforce.com/services/data/v55.0/sobjects/254,v3,Comms-Team,Inactive,test
4396,Payment Engine #77,Payment,https://internal.api/v1/payment/action,Unknown,Identity-IAM,Active,internal
4397,Okta Verify Service,Auth,https://okta.internal/api/v1/authn/147,v1.4,Identity-IAM,Active,okta
4398,User Engine #46,User,https://internal.api/v1/user/action,v2.1.0,Identity-IAM,Active,internal
4399,USER ENGINE #13,User,https://internal.api/v1/user/action,v2.1.0,Logistics,Inactive,internal
4400,Compliance Engine #24,Unknown,https://internal.api/v1/compliance/action,v1.4,Data-Eng,Deprecated,internal
4401,Google Maps Geocode Service,Maps,https://maps.googleapis.com/maps/api/geocode/json,Unknown,Data-Eng,Active,maps
4402,Datadog Telemetry Service,Analytics,https://api.datadoghq.com/api/v2/logs,v1.4,SecOps-Compliance,Active,api
4403,PayPal Checkout Service,Payment,https://api-m.paypal.com/v2/checkout/orders/466,v1.4,Comms-Team,Active,api-m
4404,Payment Engine #16,Payment,https://internal.api/v1/payment/action/{env}/debug_mode,v2.1.0,Data-Eng,Active,internal
4405,Google Maps Geocode Service,Maps,https://maps.googleapis.com/maps/api/geocode/json,2024-01-01,FinTech-Core,Deprecated,maps
4406,Auth Engine #41,Auth,https://internal.api/v1/auth/action,2024-01-01,Logistics,Active,internal
4407,Notifications Engine #75,Notifications,https://internal.api/v1/notifications/action,Unknown,Data-Eng,Active,internal
4408,Auth Engine #40,Auth,https://internal.api/v1/auth/action,Unknown,FinTech-Core,Deprecated,internal
4409,Salesforce Leads Service,CRM,https://test.salesforce.com/services/data/v55.0/sobjects/498,v2.1.0,Logistics,Active,test
4410,Auth Engine #70,Auth,https://internal.api/v1/auth/action,v3,Data-Eng,Deprecated,internal
4411,Maps Engine #99,Maps,https://internal.api/v1/maps/action,2024-01-01,Comms-Team,Active,internal
4412,Salesforce Leads Service,CRM,https://test.salesforce.com/services/data/v55.0/sobjects/326,v1.4,SecOps-Compliance,Deprecated,test
4413,User Engine #69,User,https://internal.api/v1/user/action,v1.4,Comms-Team,Active,internal
4414,Twilio SMS Gateway API,Notifications,https://api.twilio.com/2010-04-01/accounts/302,2024-01-01,Growth-Marketing,Active,api
4415,Snowflake Ingestion Service,Analytics,https://snowflake.internal/api/v1/ingest/428,v2-beta,Unknown,Active,snowflake
4416,Analytics Engine #41,Analytics,https://internal.api/v1/analytics/action,v2-beta,Core-Platform,Active,internal
4417,Shipping Engine #24,Shipping,https://internal.api/v1/shipping/action,v1.0.0,SecOps-Compliance,Active,internal
4418,Snowflake Ingestion Service,Analytics,https://snowflake.internal/api/v1/ingest,2024-01-01,Unknown,Active,snowflake
4419,AdRoll Tracking Pixels Service,Marketing,https://api.adroll.com/v2/pixels,0.0.1-SNAPSHOT,Growth-Marketing,Inactive,api
4420,Google Maps Geocode API,Maps,https://maps.googleapis.com/maps/api/geocode/json/432,v1.4,Core-Platform,Active,maps
4421,Maps Engine #35,Maps,https://internal.api/v1/maps/action,v1.4,Growth-Marketing,Deprecated,internal
4422,User Profile Core API,User,https://internal.platform/services/user-profile,Unknown,Identity-IAM,Active,internal
4423,Compliance Engine #35,Compliance,https://internal.api/v1/compliance/action/{env}/debug_mode,2024-01-01,Logistics,Active,internal
4424,Notifications Engine #92,Notifications,https://internal.api/v1/notifications/action,v1.0.0,Core-Platform,Deprecated,internal
4425,SENDGRID MAILER SERVICE,Notifications,https://api.sendgrid.com/v3/mail/send/615,v1.0.0,Identity-IAM,Inactive,api
4426,Twilio SMS Gateway API,Notifications,https://api.twilio.com/2010-04-01/accounts/893,v2.1.0,Core-Platform,Active,api
4427,User Engine #69,User,https://internal.api/v1/user/action,v2-beta,FinTech-Core,Active,internal
4428,STRIPE PAYMENTS SERVICE,Payment,https://api.stripe.com/v3/charges,v2.1.0,Logistics,Active,api
4429,Notifications Engine #97,Notifications,https://internal.api/v1/notifications/action/{env}/debug_mode,v2-beta,FinTech-Core,Inactive,internal
4430,Analytics Engine #51,Analytics,https://internal.api/v1/analytics/action,test-version,Logistics,Deprecated,internal
4431,Payment Engine #65,Payment,https://internal.api/v1/payment/action,v2.1.0,Data-Eng,Inactive,internal
4432,Maps Engine #10,Maps,https://internal.api/v1/maps/action,Unknown,Logistics,Active,internal
4433,Payment Engine #43,Payment,https://internal.api/v1/payment/action,2024-01-01,Data-Eng,Active,internal
4434,Shipping Engine #89,Shipping,https://internal.api/v1/shipping/action/{env}/debug_mode,v2.1.0,Data-Eng,Active,internal
4435,Auth Engine #11,Auth,https://internal.api/v1/auth/action,v3,Growth-Marketing,Deprecated,internal
4436,GDPR Purge Utility API,Compliance,https://compliance.internal/v1/purge,v3,SecOps-Compliance,Deprecated,compliance
4437,Notifications Engine #95,Notifications,https://internal.api/v1/notifications/action,v2-beta,Data-Eng,Deprecated,internal
4438,Compliance Engine #97,Compliance,https://internal.api/v1/compliance/action,v3,SecOps-Compliance,Active,internal
4439,Stripe Payments Service,Payment,https://api.stripe.com/v3/charges,2024-01-01,FinTech-Core,Active,api
4440,Notifications Engine #16,Notifications,https://internal.api/v1/notifications/action,test-version,Logistics,Inactive,internal
4441,Datadog Telemetry Service,Analytics,https://api.datadoghq.com/api/v2/logs,2026_RC4,Data-Eng,Active,api
4442,FedEx Ship Rates API,Shipping,https://apis.fedex.com/rate/v1/rates,v2-beta,SecOps-Compliance,Deprecated,apis
4443,Stripe Payments Service,Payment,https://api.stripe.com/v3/charges,Unknown,FinTech-Core,Active,api
4444,HubSpot Contacts Service,CRM,https://api.hubapi.com/crm/v3/objects/contacts,v2.1.0,SecOps-Compliance,Deprecated,api
4445,Twilio SMS Gateway API,Notifications,https://api.twilio.com/2010-04-01/accounts/192/{env}/debug_mode,v2-beta,Comms-Team,Active,api
4446,Maps Engine #55,Maps,https://internal.api/v1/maps/action/{env}/debug_mode,v3,Comms-Team,Deprecated,internal
4447,Snowflake Ingestion Service,Unknown,https://snowflake.internal/api/v1/ingest,v3,Logistics,Active,snowflake
4448,ADROLL TRACKING PIXELS API,Marketing,https://api.adroll.com/v2/pixels,v2.1.0,Core-Platform,Deprecated,api
4449,HubSpot Contacts Service,CRM,https://api.hubapi.com/crm/v3/objects/contacts,v1.0.0,Data-Eng,Active,api
4450,GDPR Purge Utility Service,Compliance,https://compliance.internal/v1/purge,v3,Growth-Marketing,Active,compliance
4451,Marketing Engine #61,Marketing,https://internal.api/v1/marketing/action,v2.1.0,SecOps-Compliance,Active,internal
4452,Okta Verify API,Auth,https://okta.internal/api/v1/authn/278,v1.4,FinTech-Core,Active,okta
4453,PayPal Checkout Service,Payment,https://api-m.paypal.com/v2/checkout/orders/315,v1.0.0,Core-Platform,Active,api-m
4454,MAPS ENGINE #82,Maps,https://internal.api/v1/maps/action,v3,Comms-Team,Active,internal
4455,PayPal Checkout Service,Payment,https://api-m.paypal.com/v2/checkout/orders/165,Unknown,SecOps-Compliance,Active,api-m
4456,Maps Engine #41,Maps,https://internal.api/v1/maps/action,Unknown,Growth-Marketing,Inactive,internal
4457,User Profile Core API,User,https://internal.platform/services/user-profile/423,v2-beta,Logistics,Active,internal
4458,Maps Engine #36,Maps,https://internal.api/v1/maps/action,v2.1.0,Data-Eng,Inactive,internal
4459,Analytics Engine #31,Analytics,https://internal.api/v1/analytics/action/{env}/debug_mode,v1.0.0,Comms-Team,Active,internal
4460,Auth0 Login Service,Auth,https://identity.auth0.com/oauth/token/176,Unknown,Core-Platform,Active,identity
4461,HUBSPOT CONTACTS SERVICE,CRM,https://api.hubapi.com/crm/v3/objects/contacts/916,v2-beta,Comms-Team,Active,api
4462,Payment Engine #12,Payment,https://internal.api/v1/payment/action,v1.0.0,Unknown,Deprecated,internal
4463,Maps Engine #19,Unknown,https://internal.api/v1/maps/action,v3,Core-Platform,Active,internal
4464,GDPR Purge Utility API,Compliance,https://compliance.internal/v1/purge,v1.4,SecOps-Compliance,Inactive,compliance
4465,Notifications Engine #93,Unknown,https://internal.api/v1/notifications/action,v2.1.0,Logistics,Active,internal
4466,User Engine #41,Unknown,https://internal.api/v1/user/action,v1.0.0,SecOps-Compliance,Active,internal
4467,Marketing Engine #33,Marketing,https://internal.api/v1/marketing/action,v2.1.0,Identity-IAM,Active,internal
4468,SENDGRID MAILER SERVICE,Notifications,https://api.sendgrid.com/v3/mail/send/786,v2-beta,Comms-Team,Active,api
4469,CRM Engine #83,CRM,https://internal.api/v1/crm/action,v2.1.0,Growth-Marketing,Active,internal
4470,payment engine #55,Payment,https://internal.api/v1/payment/action,v2.1.0,Logistics,Inactive,internal
4471,Auth0 Login Service,Auth,https://identity.auth0.com/oauth/token/181,v3,Logistics,Deprecated,identity
4472,Auth0 Login Service,Auth,https://identity.auth0.com/oauth/token,v1.0.0,FinTech-Core,Deprecated,identity
4473,Stripe Payments API,Unknown,https://api.stripe.com/v3/charges,v1.4,SecOps-Compliance,Active,api
4474,PayPal Checkout API,FinTech,https://api-m.paypal.com/v2/checkout/orders,v1.4,Data-Eng,Inactive,api-m
4475,HubSpot Contacts API,CRM,https://api.hubapi.com/crm/v3/objects/contacts/772,v2-beta,Data-Eng,Deprecated,api
4476,Auth Engine #65,IAM,https://internal.api/v1/auth/action,v1.0.0,Data-Eng,Active,internal
4477,Auth Engine #59,Security,https://internal.api/v1/auth/action,2024-01-01,FinTech-Core,Active,internal
4478,Okta Verify API,Unknown,https://okta.internal/api/v1/authn/346,v3,Logistics,Deprecated,okta
4479,Stripe Payments API,Payment,https://api.stripe.com/v3/charges/984,v2.1.0,Comms-Team,Active,api
4480,Shipping Engine #61,Shipping,https://internal.api/v1/shipping/action,2024-01-01,Logistics,Active,internal
4481,User Profile Core API,User,https://internal.platform/services/user-profile/459,v1.4,FinTech-Core,Active,internal
4482,CRM Engine #50,CRM,https://internal.api/v1/crm/action,v3,Comms-Team,Deprecated,internal
4483,Snowflake Ingestion Service,Analytics,https://snowflake.internal/api/v1/ingest/610/{env}/debug_mode,v1.4,FinTech-Core,Active,snowflake
4484,Twilio SMS Gateway API,Notifications,https://api.twilio.com/2010-04-01/accounts/287,v1.0.0,SecOps-Compliance,Deprecated,api
4485,HUBSPOT CONTACTS SERVICE,CRM,https://api.hubapi.com/crm/v3/objects/contacts,v3,Logistics,Deprecated,api
4486,FedEx Ship Rates API,Shipping,https://apis.fedex.com/rate/v1/rates/{env}/debug_mode,2024-01-01,Core-Platform,Inactive,apis
4487,Compliance Engine #58,Unknown,https://internal.api/v1/compliance/action,v3,FinTech-Core,Deprecated,internal
4488,Payment Engine #48,Payment,https://internal.api/v1/payment/action,v1.4,Unknown,Deprecated,internal
4489,PayPal Checkout Service,Payment,https://api-m.paypal.com/v2/checkout/orders/684,v2.1.0,Logistics,Active,api-m
4490,AdRoll Tracking Pixels API,Marketing,https://api.adroll.com/v2/pixels,2024-01-01,Unknown,Active,api
4491,Stripe Payments API,Unknown,https://api.stripe.com/v3/charges,v2.1.0,Identity-IAM,Active,api
4492,NOTIFICATIONS ENGINE #18,Notifications,https://internal.api/v1/notifications/action,v3,Growth-Marketing,Active,internal
4493,Google Maps Geocode API,Maps,https://maps.googleapis.com/maps/api/geocode/json/412,v1.0.0,FinTech-Core,Active,maps
4494,User Profile Core API,User,https://internal.platform/services/user-profile/914,test-version,Core-Platform,Inactive,internal
4495,Salesforce Leads API,CRM,https://test.salesforce.com/services/data/v55.0/sobjects,2024-01-01,Core-Platform,Inactive,test
4496,AdRoll Tracking Pixels API,Marketing,https://api.adroll.com/v2/pixels/851,v2.1.0,Logistics,Inactive,api
4497,Auth0 Login Service,Auth,https://identity.auth0.com/oauth/token,0.0.1-SNAPSHOT,FinTech-Core,Active,identity
4498,crm engine #92,CRM,https://internal.api/v1/crm/action,v2-beta,Identity-IAM,Active,internal
4499,Twilio SMS Gateway Service,Notifications,https://api.twilio.com/2010-04-01/accounts,v2.1.0,Identity-IAM,Active,api
4500,HubSpot Contacts Service,CRM,https://api.hubapi.com/crm/v3/objects/contacts/926,v3,SecOps-Compliance,Active,api
4501,Payment Engine #85,Payment,https://internal.api/v1/payment/action,Unknown,Growth-Marketing,Active,internal
4502,SALESFORCE LEADS API,CRM,https://test.salesforce.com/services/data/v55.0/sobjects/947,v1.0.0,Logistics,Deprecated,test
4503,Analytics Engine #93,Unknown,https://internal.api/v1/analytics/action,v3,Core-Platform,Active,internal
4504,Stripe Payments Service,Payment,https://api.stripe.com/v3/charges/859,test-version,SecOps-Compliance,Active,api
4505,Compliance Engine #72,Compliance,https://internal.api/v1/compliance/action,2026_RC4,Comms-Team,Deprecated,internal
4506,SendGrid Mailer Service,Unknown,https://api.sendgrid.com/v3/mail/send/585,v1.4,Logistics,Inactive,api
4507,User Profile Core Service,User,https://internal.platform/services/user-profile,v3,Identity-IAM,Active,internal
4508,PayPal Checkout API,Payment,https://api-m.paypal.com/v2/checkout/orders,v1-alpha,Data-Eng,Deprecated,api-m
4509,Payment Engine #96,Payment,https://internal.api/v1/payment/action,2026_RC4,SecOps-Compliance,Deprecated,internal
4510,Auth Engine #60,Auth,https://internal.api/v1/auth/action,0.0.1-SNAPSHOT,Core-Platform,Active,internal
4511,GDPR Purge Utility API,Compliance,https://compliance.internal/v1/purge,test-version,FinTech-Core,Active,compliance
4512,HubSpot Contacts Service,CRM,https://api.hubapi.com/crm/v3/objects/contacts,v1.0.0,Identity-IAM,Active,api
4513,Maps Engine #46,Maps,https://internal.api/v1/maps/action,2024-01-01,Core-Platform,Active,internal
4514,Twilio SMS Gateway API,Unknown,https://api.twilio.com/2010-04-01/accounts/330,v1.4,Core-Platform,Active,api
4515,Maps Engine #33,Unknown,https://internal.api/v1/maps/action,v1.4,Logistics,Deprecated,internal
4516,Snowflake Ingestion Service,Analytics,https://snowflake.internal/api/v1/ingest/{env}/debug_mode,v1.0.0,Data-Eng,Deprecated,snowflake
4517,Marketing Engine #27,Marketing,https://internal.api/v1/marketing/action,2026_RC4,FinTech-Core,Inactive,internal
4518,Okta Verify API,Auth,https://okta.internal/api/v1/authn/{env}/debug_mode,v3,Logistics,Deprecated,okta
4519,Auth Engine #87,Unknown,https://internal.api/v1/auth/action,v1.0.0,FinTech-Core,Active,internal
4520,PayPal Checkout Service,Payment,https://api-m.paypal.com/v2/checkout/orders,v1.4,FinTech-Core,Active,api-m
4521,Stripe Payments API,Payment,https://api.stripe.com/v3/charges,v1.4,Data-Eng,Active,api
4522,FedEx Ship Rates API,Shipping,https://apis.fedex.com/rate/v1/rates/{env}/debug_mode,2024-01-01,SecOps-Compliance,Active,apis
4523,Okta Verify Service,Auth,https://okta.internal/api/v1/authn,0.0.1-SNAPSHOT,Logistics,Active,okta
4524,PayPal Checkout API,Payment,https://api-m.paypal.com/v2/checkout/orders/523,2024-01-01,Unknown,Active,api-m
4525,Auth0 Login API,Auth,https://identity.auth0.com/oauth/token,Unknown,SecOps-Compliance,Inactive,identity
4526,FedEx Ship Rates Service,Shipping,https://apis.fedex.com/rate/v1/rates/462,v2.1.0,Identity-IAM,Active,apis
4527,User Engine #65,User,https://internal.api/v1/user/action,v2.1.0,FinTech-Core,Active,internal
4528,CRM Engine #27,CRM,https://internal.api/v1/crm/action,Unknown,Comms-Team,Active,internal
4529,User Profile Core API,User,https://internal.platform/services/user-profile/334/{env}/debug_mode,2024-01-01,Data-Eng,Active,internal
4530,snowflake ingestion service,Analytics,https://snowflake.internal/api/v1/ingest/154,2024-01-01,SecOps-Compliance,Active,snowflake
4531,User Engine #64,User,https://internal.api/v1/user/action/{env}/debug_mode,v1.4,Data-Eng,Active,internal
4532,User Engine #72,User,https://internal.api/v1/user/action,v2-beta,SecOps-Compliance,Inactive,internal
4533,Salesforce Leads Service,CRM,https://test.salesforce.com/services/data/v55.0/sobjects/582,Unknown,FinTech-Core,Active,test
4534,Snowflake Ingestion Service,Analytics,https://snowflake.internal/api/v1/ingest,v2.1.0,Core-Platform,Inactive,snowflake
4535,Auth0 Login API,Auth,https://identity.auth0.com/oauth/token/277,v2-beta,Unknown,Inactive,identity
4536,Stripe Payments API,Payment,https://api.stripe.com/v3/charges,v3,Core-Platform,Active,api
4537,okta verify api,Auth,https://okta.internal/api/v1/authn,v3,FinTech-Core,Active,okta
4538,Auth0 Login API,Auth,https://identity.auth0.com/oauth/token/151,v2.1.0,Growth-Marketing,Active,identity
4539,Analytics Engine #63,Analytics,https://internal.api/v1/analytics/action,2026_RC4,FinTech-Core,Active,internal
4540,Payment Engine #50,Payment,https://internal.api/v1/payment/action,2024-01-01,Growth-Marketing,Active,internal
4541,Okta Verify API,Auth,https://okta.internal/api/v1/authn,v2.1.0,FinTech-Core,Deprecated,okta
4542,Datadog Telemetry Service,Analytics,https://api.datadoghq.com/api/v2/logs,v2-beta,Data-Eng,Deprecated,api
4543,Auth0 Login API,Auth,https://identity.auth0.com/oauth/token/361,v1.0.0,Comms-Team,Inactive,identity
4544,Stripe Payments API,Payment,https://api.stripe.com/v3/charges,v2-beta,SecOps-Compliance,Active,api
4545,Salesforce Leads Service,CRM,https://test.salesforce.com/services/data/v55.0/sobjects/790,v1.0.0,Logistics,Deprecated,test
4546,Payment Engine #63,Payment,https://internal.api/v1/payment/action,v1-alpha,SecOps-Compliance,Deprecated,internal
4547,Shipping Engine #80,Shipping,https://internal.api/v1/shipping/action,v2.1.0,SecOps-Compliance,Inactive,internal
4548,Google Maps Geocode API,Maps,https://maps.googleapis.com/maps/api/geocode/json,2024-01-01,Unknown,Deprecated,maps
4549,Datadog Telemetry Service,Analytics,https://api.datadoghq.com/api/v2/logs,v2-beta,Comms-Team,Active,api
4550,Google Maps Geocode API,Maps,https://maps.googleapis.com/maps/api/geocode/json/111,2024-01-01,SecOps-Compliance,Deprecated,maps
4551,Twilio SMS Gateway API,Notifications,https://api.twilio.com/2010-04-01/accounts,v1.4,Logistics,Active,api
4552,User Engine #45,User,https://internal.api/v1/user/action,v2-beta,FinTech-Core,Inactive,internal
4553,PayPal Checkout Service,Payment,https://api-m.paypal.com/v2/checkout/orders/142,Unknown,Logistics,Deprecated,api-m
4554,HubSpot Contacts API,CRM,https://api.hubapi.com/crm/v3/objects/contacts/552,2024-01-01,Logistics,Inactive,api
4555,Twilio SMS Gateway API,Notifications,https://api.twilio.com/2010-04-01/accounts/483,test-version,Logistics,Active,api
4556,Shipping Engine #90,Shipping,https://internal.api/v1/shipping/action,v1.4,Core-Platform,Active,internal
4557,Shipping Engine #27,Shipping,https://internal.api/v1/shipping/action,Unknown,FinTech-Core,Active,internal
4558,GDPR Purge Utility Service,Compliance,https://compliance.internal/v1/purge/{env}/debug_mode,v2-beta,Core-Platform,Active,compliance
4559,Snowflake Ingestion Service,Analytics,https://snowflake.internal/api/v1/ingest,v1.0.0,Unknown,Deprecated,snowflake
4560,Payment Engine #32,Payment,https://internal.api/v1/payment/action,Unknown,Identity-IAM,Inactive,internal
4561,User Profile Core API,User,https://internal.platform/services/user-profile,v1.0.0,Comms-Team,Active,internal
4562,SendGrid Mailer API,Notifications,https://api.sendgrid.com/v3/mail/send/775,v1.4,Unknown,Active,api
4563,HubSpot Contacts Service,Unknown,https://api.hubapi.com/crm/v3/objects/contacts,v2.1.0,SecOps-Compliance,Deprecated,api
4564,Stripe Payments Service,FinTech,https://api.stripe.com/v3/charges/265,2024-01-01,Identity-IAM,Active,api
4565,PayPal Checkout Service,Payment,https://api-m.paypal.com/v2/checkout/orders,v2.1.0,FinTech-Core,Inactive,api-m
4566,Analytics Engine #21,Unknown,https://internal.api/v1/analytics/action,v1.0.0,Logistics,Active,internal
4567,Analytics Engine #56,Analytics,https://internal.api/v1/analytics/action/{env}/debug_mode,v1.4,Logistics,Deprecated,internal
4568,PayPal Checkout Service,Payment,https://api-m.paypal.com/v2/checkout/orders/412,v1.0.0,Identity-IAM,Deprecated,api-m
4569,Datadog Telemetry Service,Analytics,https://api.datadoghq.com/api/v2/logs,v3,Logistics,Active,api
4570,Maps Engine #73,Maps,https://internal.api/v1/maps/action,2024-01-01,Core-Platform,legacy-active,internal
4571,Marketing Engine #39,Marketing,https://internal.api/v1/marketing/action,test-version,Comms-Team,Active,internal
4572,Analytics Engine #46,Analytics,https://internal.api/v1/analytics/action/{env}/debug_mode,v2-beta,Core-Platform,Active,internal
4573,GDPR Purge Utility API,Compliance,https://compliance.internal/v1/purge,2026_RC4,Logistics,Inactive,compliance
4574,PayPal Checkout Service,Payment,https://api-m.paypal.com/v2/checkout/orders/506,v3,Identity-IAM,Inactive,api-m
4575,Datadog Telemetry Service,Analytics,https://api.datadoghq.com/api/v2/logs,2024-01-01,Data-Eng,Inactive,api
4576,HUBSPOT CONTACTS SERVICE,CRM,https://api.hubapi.com/crm/v3/objects/contacts/533,v2-beta,Identity-IAM,Deprecated,api
4577,User Engine #47,User,https://internal.api/v1/user/action,v1.0.0,FinTech-Core,Inactive,internal
4578,SendGrid Mailer API,Notifications,https://api.sendgrid.com/v3/mail/send,v1.4,Core-Platform,Deprecated,api
4579,SendGrid Mailer API,Notifications,https://api.sendgrid.com/v3/mail/send/167,v3,Data-Eng,Deprecated,api
4580,CRM Engine #79,CRM,https://internal.api/v1/crm/action,Unknown,Growth-Marketing,Active,internal
4581,Auth Engine #71,Auth,https://internal.api/v1/auth/action,test-version,SecOps-Compliance,Active,internal
4582,CRM Engine #43,CRM,https://internal.api/v1/crm/action,v2.1.0,Core-Platform,Inactive,internal
4583,Marketing Engine #30,Marketing,https://internal.api/v1/marketing/action,v1-alpha,FinTech-Core,Active,internal
4584,Twilio SMS Gateway API,Notifications,https://api.twilio.com/2010-04-01/accounts,v1.4,SecOps-Compliance,Deprecated,api
4585,FedEx Ship Rates Service,Shipping,https://apis.fedex.com/rate/v1/rates,2026_RC4,FinTech-Core,Deprecated,apis
4586,Twilio SMS Gateway Service,Notifications,https://api.twilio.com/2010-04-01/accounts/{env}/debug_mode,v2-beta,FinTech-Core,Active,api
4587,GDPR Purge Utility Service,Compliance,https://compliance.internal/v1/purge,Unknown,Data-Eng,Active,compliance
4588,FedEx Ship Rates Service,Shipping,https://apis.fedex.com/rate/v1/rates/{env}/debug_mode,v3,Data-Eng,Active,apis
4589,Stripe Payments API,Payment,https://api.stripe.com/v3/charges/278,v1.0.0,Data-Eng,Active,api
4590,User Profile Core API,User,https://internal.platform/services/user-profile,v2.1.0,FinTech-Core,legacy-active,internal
4591,Twilio SMS Gateway API,Notifications,https://api.twilio.com/2010-04-01/accounts/919/{env}/debug_mode,v1.0.0,Growth-Marketing,Inactive,api
4592,paypal checkout api,Payment,https://api-m.paypal.com/v2/checkout/orders/226,v3,Growth-Marketing,Active,api-m
4593,TWILIO SMS GATEWAY API,Notifications,https://api.twilio.com/2010-04-01/accounts/195,v2-beta,Identity-IAM,Inactive,api
4594,Marketing Engine #51,Marketing,https://internal.api/v1/marketing/action,test-version,Core-Platform,Inactive,internal
4595,Shipping Engine #91,Shipping,https://internal.api/v1/shipping/action,v2.1.0,FinTech-Core,Active,internal
4596,User Engine #89,User,https://internal.api/v1/user/action,v3,Comms-Team,Inactive,internal
4597,Marketing Engine #96,Marketing,https://internal.api/v1/marketing/action,2026_RC4,FinTech-Core,Inactive,internal
4598,Compliance Engine #76,Compliance,https://internal.api/v1/compliance/action/{env}/debug_mode,v1.4,Identity-IAM,Inactive,internal
4599,Google Maps Geocode Service,Maps,https://maps.googleapis.com/maps/api/geocode/json/172,v3,Unknown,Active,maps
4600,Datadog Telemetry Service,Analytics,https://api.datadoghq.com/api/v2/logs,2026_RC4,SecOps-Compliance,Deprecated,api
4601,Compliance Engine #40,Compliance,https://internal.api/v1/compliance/action,v3,Growth-Marketing,Active,internal
4602,notifications engine #97,Notifications,https://internal.api/v1/notifications/action,v1.4,Identity-IAM,Active,internal
4603,SendGrid Mailer Service,Notifications,https://api.sendgrid.com/v3/mail/send/914,v3,Core-Platform,Inactive,api
4604,Snowflake Ingestion API,Analytics,https://snowflake.internal/api/v1/ingest/315,2026_RC4,Data-Eng,Deprecated,snowflake
4605,Datadog Telemetry Service,Analytics,https://api.datadoghq.com/api/v2/logs,Unknown,Comms-Team,Inactive,api
4606,CRM Engine #12,CRM,https://internal.api/v1/crm/action,Unknown,Comms-Team,Inactive,internal
4607,User Engine #26,User,https://internal.api/v1/user/action,v2-beta,Identity-IAM,Active,internal
4608,Compliance Engine #89,Compliance,https://internal.api/v1/compliance/action,v3,Comms-Team,Active,internal
4609,Salesforce Leads API,CRM,https://test.salesforce.com/services/data/v55.0/sobjects/904,v1.4,Growth-Marketing,Active,test
4610,stripe payments api,Payment,https://api.stripe.com/v3/charges/999,v3,Comms-Team,Active,api
4611,Twilio SMS Gateway Service,Notifications,https://api.twilio.com/2010-04-01/accounts/206/{env}/debug_mode,v3,Comms-Team,Active,api
4612,User Engine #60,User,https://internal.api/v1/user/action,Unknown,Growth-Marketing,Active,internal
4613,Marketing Engine #46,Marketing,https://internal.api/v1/marketing/action,v3,Logistics,Active,internal
4614,Twilio SMS Gateway Service,Notifications,https://api.twilio.com/2010-04-01/accounts/647,v2.1.0,Data-Eng,Deprecated,api
4615,GDPR Purge Utility Service,Compliance,https://compliance.internal/v1/purge/871,v2.1.0,SecOps-Compliance,Active,compliance
4616,FedEx Ship Rates Service,Shipping,https://apis.fedex.com/rate/v1/rates/{env}/debug_mode,v1.0.0,Core-Platform,Deprecated,apis
4617,HubSpot Contacts API,CRM,https://api.hubapi.com/crm/v3/objects/contacts/654,v3,Unknown,Active,api
4618,Payment Engine #51,Payment,https://internal.api/v1/payment/action,v3,Identity-IAM,Inactive,internal
4619,Payment Engine #75,FinTech,https://internal.api/v1/payment/action,2024-01-01,Logistics,Active,internal
4620,Stripe Payments API,Payment,https://api.stripe.com/v3/charges/262,v1.4,FinTech-Core,Inactive,api
4621,Snowflake Ingestion Service,Analytics,https://snowflake.internal/api/v1/ingest/608,v2.1.0,Identity-IAM,Deprecated,snowflake
4622,Compliance Engine #28,Compliance,https://internal.api/v1/compliance/action,v1.0.0,Data-Eng,Deprecated,internal
4623,HubSpot Contacts API,CRM,https://api.hubapi.com/crm/v3/objects/contacts/521,v1.0.0,FinTech-Core,Active,api
4624,Salesforce Leads API,CRM,https://test.salesforce.com/services/data/v55.0/sobjects/580,v3,FinTech-Core,Active,test
4625,User Engine #51,User,https://internal.api/v1/user/action,v1-alpha,Identity-IAM,Active,internal
4626,Shipping Engine #27,Unknown,https://internal.api/v1/shipping/action,v1.4,FinTech-Core,Active,internal
4627,CRM Engine #93,CRM,https://internal.api/v1/crm/action,2026_RC4,SecOps-Compliance,Inactive,internal
4628,Notifications Engine #96,Notifications,https://internal.api/v1/notifications/action/{env}/debug_mode,v3,Data-Eng,Active,internal
4629,Compliance Engine #19,Compliance,https://internal.api/v1/compliance/action,v2-beta,Unknown,Active,internal
4630,Stripe Payments Service,Unknown,https://api.stripe.com/v3/charges,v2-beta,Comms-Team,Active,api
4631,Notifications Engine #81,Notifications,https://internal.api/v1/notifications/action/{env}/debug_mode,v1.0.0,Core-Platform,Active,internal
4632,gdpr purge utility api,Compliance,https://compliance.internal/v1/purge/815,v1.4,Data-Eng,Active,compliance
4633,HubSpot Contacts Service,CRM,https://api.hubapi.com/crm/v3/objects/contacts/379,v1.0.0,Data-Eng,Active,api
4634,Compliance Engine #14,Compliance,https://internal.api/v1/compliance/action,v2.1.0,Data-Eng,Deprecated,internal
4635,FedEx Ship Rates API,Shipping,https://apis.fedex.com/rate/v1/rates/837,v2.1.0,SecOps-Compliance,Deprecated,apis
4636,Stripe Payments Service,Payment,https://api.stripe.com/v3/charges,v1.0.0,Core-Platform,Deprecated,api
4637,Google Maps Geocode Service,Maps,https://maps.googleapis.com/maps/api/geocode/json/243,Unknown,Identity-IAM,Deprecated,maps
4638,CRM Engine #96,CRM,https://internal.api/v1/crm/action,v1.4,FinTech-Core,Inactive,internal
4639,user engine #62,User,https://internal.api/v1/user/action,v1.0.0,FinTech-Core,Active,internal
4640,Okta Verify Service,Auth,https://okta.internal/api/v1/authn,v1.4,Comms-Team,Active,okta
4641,Salesforce Leads API,CRM,https://test.salesforce.com/services/data/v55.0/sobjects,v1.0.0,FinTech-Core,Active,test
4642,Shipping Engine #86,Shipping,https://internal.api/v1/shipping/action,v3,SecOps-Compliance,Active,internal
4643,Payment Engine #37,Payment,https://internal.api/v1/payment/action,v3,Unknown,Active,internal
4644,User Engine #67,User,https://internal.api/v1/user/action/{env}/debug_mode,v1.4,Comms-Team,Inactive,internal
4645,Maps Engine #44,Maps,https://internal.api/v1/maps/action/{env}/debug_mode,2024-01-01,Data-Eng,Active,internal
4646,Salesforce Leads API,CRM,https://test.salesforce.com/services/data/v55.0/sobjects,test-version,Growth-Marketing,Deprecated,test
4647,Compliance Engine #63,Compliance,https://internal.api/v1/compliance/action,Unknown,SecOps-Compliance,Active,internal
4648,GDPR Purge Utility Service,Compliance,https://compliance.internal/v1/purge,Unknown,Growth-Marketing,Deprecated,compliance
4649,Notifications Engine #83,Unknown,https://internal.api/v1/notifications/action,v1.4,Data-Eng,Active,internal
4650,Google Maps Geocode Service,Maps,https://maps.googleapis.com/maps/api/geocode/json/465,2024-01-01,Growth-Marketing,legacy-active,maps
4651,Maps Engine #27,Maps,https://internal.api/v1/maps/action,v2.1.0,FinTech-Core,Active,internal
4652,FedEx Ship Rates API,Shipping,https://apis.fedex.com/rate/v1/rates/726/{env}/debug_mode,2024-01-01,Growth-Marketing,Inactive,apis
4653,Shipping Engine #22,Shipping,https://internal.api/v1/shipping/action,v2-beta,Identity-IAM,Active,internal
4654,Shipping Engine #31,Shipping,https://internal.api/v1/shipping/action,v2-beta,Logistics,Active,internal
4655,auth engine #65,Auth,https://internal.api/v1/auth/action,v2.1.0,SecOps-Compliance,Inactive,internal
4656,Compliance Engine #13,Compliance,https://internal.api/v1/compliance/action,v3,Logistics,Active,internal
4657,Shipping Engine #56,Shipping,https://internal.api/v1/shipping/action,v1.0.0,Comms-Team,Inactive,internal
4658,Shipping Engine #41,Shipping,https://internal.api/v1/shipping/action,Unknown,Identity-IAM,Active,internal
4659,Snowflake Ingestion Service,Analytics,https://snowflake.internal/api/v1/ingest,v1.0.0,Comms-Team,Inactive,snowflake
4660,CRM ENGINE #21,CRM,https://internal.api/v1/crm/action,v3,Core-Platform,Active,internal
4661,Datadog Telemetry API,Analytics,https://api.datadoghq.com/api/v2/logs,test-version,Logistics,Active,api
4662,Compliance Engine #95,Compliance,https://internal.api/v1/compliance/action,v1.0.0,Identity-IAM,Deprecated,internal
4663,paypal checkout service,Payment,https://api-m.paypal.com/v2/checkout/orders,v2.1.0,Growth-Marketing,Active,api-m
4664,User Engine #55,User,https://internal.api/v1/user/action,v1.4,FinTech-Core,Inactive,internal
4665,HubSpot Contacts Service,CRM,https://api.hubapi.com/crm/v3/objects/contacts,v2-beta,Logistics,Inactive,api
4666,HubSpot Contacts Service,CRM,https://api.hubapi.com/crm/v3/objects/contacts/470,v2.1.0,Comms-Team,Deprecated,api
4667,Compliance Engine #91,Unknown,https://internal.api/v1/compliance/action,2024-01-01,Comms-Team,Active,internal
4668,PayPal Checkout Service,Payment,https://api-m.paypal.com/v2/checkout/orders/849,v3,Identity-IAM,Inactive,api-m
4669,Analytics Engine #15,Analytics,https://internal.api/v1/analytics/action,v3,Unknown,Active,internal
4670,AdRoll Tracking Pixels API,Marketing,https://api.adroll.com/v2/pixels,2024-01-01,Core-Platform,Deprecated,api
4671,PayPal Checkout Service,Payment,https://api-m.paypal.com/v2/checkout/orders/321,2024-01-01,Growth-Marketing,Deprecated,api-m
4672,User Engine #26,User,https://internal.api/v1/user/action,v2-beta,Logistics,Active,internal
4673,Compliance Engine #22,Compliance,https://internal.api/v1/compliance/action,2024-01-01,FinTech-Core,Inactive,internal
4674,User Engine #77,User,https://internal.api/v1/user/action,v2.1.0,Unknown,Active,internal
4675,Maps Engine #29,Maps,https://internal.api/v1/maps/action,Unknown,Data-Eng,Active,internal
4676,Okta Verify Service,Auth,https://okta.internal/api/v1/authn/515,v2-beta,Core-Platform,Deprecated,okta
4677,Okta Verify API,Auth,https://okta.internal/api/v1/authn,2024-01-01,Logistics,Active,okta
4678,Snowflake Ingestion API,Analytics,https://snowflake.internal/api/v1/ingest/655,v1.4,Logistics,Deprecated,snowflake
4679,CRM Engine #84,CRM,https://internal.api/v1/crm/action,v1.0.0,Data-Eng,Deprecated,internal
4680,Auth Engine #42,Auth,https://internal.api/v1/auth/action,v2-beta,Identity-IAM,Active,internal
4681,Snowflake Ingestion Service,Analytics,https://snowflake.internal/api/v1/ingest,Unknown,Logistics,Active,snowflake
4682,User Engine #75,User,https://internal.api/v1/user/action,2024-01-01,FinTech-Core,Active,internal
4683,Auth Engine #93,Auth,https://internal.api/v1/auth/action,2024-01-01,Unknown,Active,internal
4684,Payment Engine #18,Payment,https://internal.api/v1/payment/action,v1.4,Data-Eng,Active,internal
4685,User Profile Core Service,User,https://internal.platform/services/user-profile/627,2024-01-01,Identity-IAM,Active,internal
4686,Payment Engine #75,Payment,https://internal.api/v1/payment/action,v3,Growth-Marketing,Inactive,internal
4687,snowflake ingestion api,Analytics,https://snowflake.internal/api/v1/ingest,v3,Identity-IAM,Active,snowflake
4688,GDPR Purge Utility Service,Compliance,https://compliance.internal/v1/purge/839,v1.0.0,Core-Platform,Active,compliance
4689,Notifications Engine #34,Notifications,https://internal.api/v1/notifications/action,v2-beta,Core-Platform,Active,internal
4690,User Engine #40,User,https://internal.api/v1/user/action,v2.1.0,Comms-Team,Active,internal
4691,AdRoll Tracking Pixels API,Marketing,https://api.adroll.com/v2/pixels/239,2026_RC4,Identity-IAM,Active,api
4692,SNOWFLAKE INGESTION SERVICE,Analytics,https://snowflake.internal/api/v1/ingest,2024-01-01,Logistics,Active,snowflake
4693,Snowflake Ingestion Service,Analytics,https://snowflake.internal/api/v1/ingest/{env}/debug_mode,v3,Comms-Team,Active,snowflake
4694,CRM Engine #72,CRM,https://internal.api/v1/crm/action,2026_RC4,SecOps-Compliance,Active,internal
4695,Payment Engine #75,Payment,https://internal.api/v1/payment/action/{env}/debug_mode,v1.4,SecOps-Compliance,Deprecated,internal
4696,FedEx Ship Rates Service,Shipping,https://apis.fedex.com/rate/v1/rates,v1.4,Logistics,Active,apis
4697,Salesforce Leads Service,CRM,https://test.salesforce.com/services/data/v55.0/sobjects,Unknown,Data-Eng,Deprecated,test
4698,Twilio SMS Gateway Service,Notifications,https://api.twilio.com/2010-04-01/accounts/965,v1.4,Comms-Team,Active,api
4699,STRIPE PAYMENTS SERVICE,Payment,https://api.stripe.com/v3/charges,v1.0.0,Logistics,Active,api
4700,Okta Verify API,Auth,https://okta.internal/api/v1/authn,Unknown,Logistics,Active,okta
4701,HubSpot Contacts Service,CRM,https://api.hubapi.com/crm/v3/objects/contacts/953,v1.4,Data-Eng,Inactive,api
4702,PayPal Checkout Service,Payment,https://api-m.paypal.com/v2/checkout/orders,2024-01-01,FinTech-Core,Active,api-m
4703,Auth Engine #20,Auth,https://internal.api/v1/auth/action,v3,Logistics,Inactive,internal
4704,HubSpot Contacts API,CRM,https://api.hubapi.com/crm/v3/objects/contacts,v3,SecOps-Compliance,Active,api
4705,Shipping Engine #54,Shipping,https://internal.api/v1/shipping/action/{env}/debug_mode,2024-01-01,Comms-Team,Active,internal
4706,Marketing Engine #85,Marketing,https://internal.api/v1/marketing/action,v2-beta,FinTech-Core,Inactive,internal
4707,User Engine #48,User,https://internal.api/v1/user/action,v1.4,Unknown,Active,internal
4708,Stripe Payments API,Unknown,https://api.stripe.com/v3/charges/550,v2.1.0,Core-Platform,Deprecated,api
4709,CRM Engine #14,CRM,https://internal.api/v1/crm/action,v3,Core-Platform,Inactive,internal
4710,Auth Engine #92,Unknown,https://internal.api/v1/auth/action,v2-beta,Growth-Marketing,Active,internal
4711,SHIPPING ENGINE #29,Shipping,https://internal.api/v1/shipping/action,v2-beta,Comms-Team,Active,internal
4712,Snowflake Ingestion API,Analytics,https://snowflake.internal/api/v1/ingest/904,v2.1.0,Growth-Marketing,Deprecated,snowflake
4713,Twilio SMS Gateway API,Notifications,https://api.twilio.com/2010-04-01/accounts,v1.0.0,Unknown,Deprecated,api
4714,Payment Engine #90,Payment,https://internal.api/v1/payment/action,Unknown,Data-Eng,Active,internal
4715,GDPR Purge Utility API,Compliance,https://compliance.internal/v1/purge,Unknown,SecOps-Compliance,Inactive,compliance
4716,Google Maps Geocode Service,Maps,https://maps.googleapis.com/maps/api/geocode/json,2024-01-01,Comms-Team,Inactive,maps
4717,PayPal Checkout API,Payment,https://api-m.paypal.com/v2/checkout/orders,v2-beta,Unknown,Deprecated,api-m
4718,Twilio SMS Gateway Service,Notifications,https://api.twilio.com/2010-04-01/accounts/988,test-version,Core-Platform,Deprecated,api
4719,User Profile Core Service,User,https://internal.platform/services/user-profile,v2.1.0,Growth-Marketing,Inactive,internal
4720,CRM Engine #51,CRM,https://internal.api/v1/crm/action,2024-01-01,Data-Eng,Active,internal
4721,Notifications Engine #21,Notifications,https://internal.api/v1/notifications/action,v2-beta,SecOps-Compliance,Active,internal
4722,AdRoll Tracking Pixels API,Marketing,https://api.adroll.com/v2/pixels,v2-beta,SecOps-Compliance,Active,api
4723,Stripe Payments API,Payment,https://api.stripe.com/v3/charges,v2.1.0,Comms-Team,Inactive,api
4724,Stripe Payments Service,Payment,https://api.stripe.com/v3/charges/100,v1.4,SecOps-Compliance,Active,api
4725,Datadog Telemetry Service,Analytics,https://api.datadoghq.com/api/v2/logs,v2-beta,Unknown,Deprecated,api
4726,Okta Verify API,Auth,https://okta.internal/api/v1/authn/232,v1.4,Core-Platform,Deprecated,okta
4727,AdRoll Tracking Pixels API,Marketing,https://api.adroll.com/v2/pixels/270,v1.0.0,Comms-Team,Deprecated,api
4728,SendGrid Mailer API,Notifications,https://api.sendgrid.com/v3/mail/send/504,v1.4,Comms-Team,Active,api
4729,HUBSPOT CONTACTS SERVICE,CRM,https://api.hubapi.com/crm/v3/objects/contacts,v2.1.0,FinTech-Core,Inactive,api
4730,SendGrid Mailer API,Notifications,https://api.sendgrid.com/v3/mail/send,2024-01-01,Core-Platform,Active,api
4731,Marketing Engine #97,Marketing,https://internal.api/v1/marketing/action/{env}/debug_mode,v3,Comms-Team,Inactive,internal
4732,Datadog Telemetry Service,Analytics,https://api.datadoghq.com/api/v2/logs,v3,Growth-Marketing,legacy-active,api
4733,Google Maps Geocode Service,Maps,https://maps.googleapis.com/maps/api/geocode/json/371,v1.0.0,Logistics,Active,maps
4734,Payment Engine #57,Payment,https://internal.api/v1/payment/action,2024-01-01,Comms-Team,Active,internal
4735,Payment Engine #52,Payment,https://internal.api/v1/payment/action,0.0.1-SNAPSHOT,FinTech-Core,Inactive,internal
4736,Auth Engine #49,Auth,https://internal.api/v1/auth/action/{env}/debug_mode,v2.1.0,Logistics,Active,internal
4737,Auth Engine #21,Unknown,https://internal.api/v1/auth/action,v2-beta,Identity-IAM,Inactive,internal
4738,SendGrid Mailer Service,Notifications,https://api.sendgrid.com/v3/mail/send/250,v2.1.0,SecOps-Compliance,Inactive,api
4739,Analytics Engine #23,Analytics,https://internal.api/v1/analytics/action,Unknown,Identity-IAM,Inactive,internal
4740,Marketing Engine #36,Marketing,https://internal.api/v1/marketing/action,v1.4,Data-Eng,Active,internal
4741,FedEx Ship Rates Service,Shipping,https://apis.fedex.com/rate/v1/rates,v2-beta,Logistics,Deprecated,apis
4742,Payment Engine #48,Payment,https://internal.api/v1/payment/action,2024-01-01,Unknown,Inactive,internal
4743,Stripe Payments API,Payment,https://api.stripe.com/v3/charges,v2-beta,SecOps-Compliance,Inactive,api
4744,Twilio SMS Gateway Service,Notifications,https://api.twilio.com/2010-04-01/accounts,v2.1.0,Identity-IAM,Active,api
4745,Okta Verify Service,Auth,https://okta.internal/api/v1/authn,v2-beta,Data-Eng,Deprecated,okta
4746,Compliance Engine #16,Compliance,https://internal.api/v1/compliance/action,v1.0.0,Core-Platform,Deprecated,internal
4747,Shipping Engine #57,Shipping,https://internal.api/v1/shipping/action,test-version,Core-Platform,Active,internal
4748,Okta Verify Service,Auth,https://okta.internal/api/v1/authn/327/{env}/debug_mode,v3,Identity-IAM,Inactive,okta
4749,Auth Engine #39,Auth,https://internal.api/v1/auth/action,v1.0.0,Data-Eng,Deprecated,internal
4750,CRM Engine #51,CRM,https://internal.api/v1/crm/action,v3,Data-Eng,Deprecated,internal
4751,shipping engine #83,Shipping,https://internal.api/v1/shipping/action,2024-01-01,Growth-Marketing,Inactive,internal
4752,AdRoll Tracking Pixels Service,Marketing,https://api.adroll.com/v2/pixels,v3,Growth-Marketing,Inactive,api
4753,Analytics Engine #28,Analytics,https://internal.api/v1/analytics/action,v1.4,Comms-Team,Active,internal
4754,Compliance Engine #81,Compliance,https://internal.api/v1/compliance/action,2024-01-01,Unknown,Active,internal
4755,Twilio SMS Gateway Service,Notifications,https://api.twilio.com/2010-04-01/accounts,test-version,SecOps-Compliance,Active,api
4756,Okta Verify Service,Auth,https://okta.internal/api/v1/authn/661,test-version,Growth-Marketing,Active,okta
4757,Marketing Engine #27,Marketing,https://internal.api/v1/marketing/action,v2.1.0,FinTech-Core,Active,internal
4758,Auth0 Login Service,Auth,https://identity.auth0.com/oauth/token/269,Unknown,Logistics,Active,identity
4759,Payment Engine #51,Payment,https://internal.api/v1/payment/action,test-version,Logistics,Active,internal
4760,FedEx Ship Rates Service,Shipping,https://apis.fedex.com/rate/v1/rates,2026_RC4,Logistics,Active,apis
4761,Payment Engine #98,Payment,https://internal.api/v1/payment/action,v2.1.0,Core-Platform,Active,internal
4762,Marketing Engine #47,Marketing,https://internal.api/v1/marketing/action,v3,Growth-Marketing,Inactive,internal
4763,Google Maps Geocode API,Maps,https://maps.googleapis.com/maps/api/geocode/json,Unknown,Comms-Team,Active,maps
4764,Marketing Engine #96,Marketing,https://internal.api/v1/marketing/action/{env}/debug_mode,v1.4,Core-Platform,Active,internal
4765,CRM Engine #37,Unknown,https://internal.api/v1/crm/action,v2.1.0,Data-Eng,Active,internal
4766,GDPR Purge Utility Service,Compliance,https://compliance.internal/v1/purge/904/{env}/debug_mode,v1.4,Logistics,Inactive,compliance
4767,ANALYTICS ENGINE #89,Analytics,https://internal.api/v1/analytics/action,v1.4,Identity-IAM,Inactive,internal
4768,HubSpot Contacts Service,CRM,https://api.hubapi.com/crm/v3/objects/contacts/989,v1.4,Core-Platform,Active,api
4769,SendGrid Mailer Service,Notifications,https://api.sendgrid.com/v3/mail/send/306,v1.0.0,SecOps-Compliance,Active,api
4770,Twilio SMS Gateway API,Notifications,https://api.twilio.com/2010-04-01/accounts,v1.4,Identity-IAM,Inactive,api
4771,CRM Engine #48,CRM,https://internal.api/v1/crm/action,v2.1.0,Comms-Team,legacy-active,internal
4772,Auth0 Login API,Auth,https://identity.auth0.com/oauth/token/962,v1.4,Core-Platform,Deprecated,identity
4773,Okta Verify API,Auth,https://okta.internal/api/v1/authn,2024-01-01,Logistics,Active,okta
4774,AdRoll Tracking Pixels API,Marketing,https://api.adroll.com/v2/pixels,v3,Identity-IAM,Active,api
4775,HubSpot Contacts Service,CRM,https://api.hubapi.com/crm/v3/objects/contacts,v1.4,Core-Platform,Active,api
4776,adroll tracking pixels api,Marketing,https://api.adroll.com/v2/pixels/184,2024-01-01,FinTech-Core,Active,api
4777,PayPal Checkout Service,Payment,https://api-m.paypal.com/v2/checkout/orders/750,2024-01-01,Identity-IAM,Inactive,api-m
4778,STRIPE PAYMENTS API,Payment,https://api.stripe.com/v3/charges/728,v3,Data-Eng,Deprecated,api
4779,FedEx Ship Rates Service,Shipping,https://apis.fedex.com/rate/v1/rates/710,v2.1.0,SecOps-Compliance,Active,apis
4780,Google Maps Geocode Service,Maps,https://maps.googleapis.com/maps/api/geocode/json/651,v2.1.0,Data-Eng,Active,maps
4781,Marketing Engine #16,Marketing,https://internal.api/v1/marketing/action,Unknown,Comms-Team,Active,internal
4782,Auth0 Login Service,Auth,https://identity.auth0.com/oauth/token,v1.0.0,Growth-Marketing,Active,identity
4783,GDPR Purge Utility API,Compliance,https://compliance.internal/v1/purge/750,0.0.1-SNAPSHOT,Logistics,Active,compliance
4784,FedEx Ship Rates Service,Shipping,https://apis.fedex.com/rate/v1/rates,0.0.1-SNAPSHOT,Comms-Team,Active,apis
4785,PayPal Checkout Service,Unknown,https://api-m.paypal.com/v2/checkout/orders,2024-01-01,Identity-IAM,Deprecated,api-m
4786,CRM Engine #32,CRM,https://internal.api/v1/crm/action,v2.1.0,Unknown,Deprecated,internal
4787,FedEx Ship Rates API,Shipping,https://apis.fedex.com/rate/v1/rates/236,v1.4,Comms-Team,Active,apis
4788,Twilio SMS Gateway Service,Notifications,https://api.twilio.com/2010-04-01/accounts,Unknown,FinTech-Core,Inactive,api
4789,Google Maps Geocode API,Maps,https://maps.googleapis.com/maps/api/geocode/json/431,v3,Core-Platform,Deprecated,maps
4790,Datadog Telemetry Service,Analytics,https://api.datadoghq.com/api/v2/logs,v1.0.0,Identity-IAM,Deprecated,api
4791,Salesforce Leads Service,CRM,https://test.salesforce.com/services/data/v55.0/sobjects,v2.1.0,Comms-Team,Active,test
4792,Payment Engine #96,Payment,https://internal.api/v1/payment/action,2026_RC4,FinTech-Core,Active,internal
4793,Datadog Telemetry API,Analytics,https://api.datadoghq.com/api/v2/logs,2024-01-01,Unknown,Inactive,api
4794,Maps Engine #23,Maps,https://internal.api/v1/maps/action,2024-01-01,Identity-IAM,Deprecated,internal
4795,Snowflake Ingestion Service,Analytics,https://snowflake.internal/api/v1/ingest,v1.0.0,SecOps-Compliance,Inactive,snowflake
4796,Analytics Engine #47,Analytics,https://internal.api/v1/analytics/action,v1.4,Unknown,Deprecated,internal
4797,Datadog Telemetry Service,Analytics,https://api.datadoghq.com/api/v2/logs/335,2024-01-01,Comms-Team,Active,api
4798,HubSpot Contacts Service,CRM,https://api.hubapi.com/crm/v3/objects/contacts,v1.0.0,Core-Platform,Active,api
4799,google maps geocode service,Maps,https://maps.googleapis.com/maps/api/geocode/json/795,v2.1.0,Growth-Marketing,Active,maps
4800,Notifications Engine #43,Notifications,https://internal.api/v1/notifications/action,v2-beta,Logistics,Inactive,internal
4801,Okta Verify API,Auth,https://okta.internal/api/v1/authn/324,v3,Data-Eng,Inactive,okta
4802,Google Maps Geocode API,Maps,https://maps.googleapis.com/maps/api/geocode/json,v1.0.0,Comms-Team,Active,maps
4803,Notifications Engine #58,Notifications,https://internal.api/v1/notifications/action,0.0.1-SNAPSHOT,Core-Platform,Active,internal
4804,Maps Engine #90,Maps,https://internal.api/v1/maps/action,v1.4,FinTech-Core,Deprecated,internal
4805,Auth Engine #84,Auth,https://internal.api/v1/auth/action,v1.0.0,SecOps-Compliance,Active,internal
4806,Shipping Engine #19,Shipping,https://internal.api/v1/shipping/action,2024-01-01,SecOps-Compliance,Active,internal
4807,CRM Engine #75,CRM,https://internal.api/v1/crm/action,test-version,Data-Eng,Active,internal
4808,crm engine #37,CRM,https://internal.api/v1/crm/action,v3,Comms-Team,Active,internal
4809,Marketing Engine #92,Marketing,https://internal.api/v1/marketing/action,v2-beta,FinTech-Core,Active,internal
4810,Auth0 Login Service,Auth,https://identity.auth0.com/oauth/token,v3,Growth-Marketing,Active,identity
4811,Auth Engine #62,Auth,https://internal.api/v1/auth/action,v3,Growth-Marketing,Active,internal
4812,Compliance Engine #65,Compliance,https://internal.api/v1/compliance/action,2026_RC4,SecOps-Compliance,Active,internal
4813,FedEx Ship Rates Service,Shipping,https://apis.fedex.com/rate/v1/rates/650,v2.1.0,Logistics,Active,apis
4814,Google Maps Geocode Service,Unknown,https://maps.googleapis.com/maps/api/geocode/json/588,v1.4,Core-Platform,Inactive,maps
4815,Okta Verify API,Auth,https://okta.internal/api/v1/authn,v2-beta,FinTech-Core,legacy-active,okta
4816,Salesforce Leads Service,CRM,https://test.salesforce.com/services/data/v55.0/sobjects,v3,Identity-IAM,Active,test
4817,GDPR Purge Utility Service,Compliance,https://compliance.internal/v1/purge/498,test-version,Data-Eng,Active,compliance
4818,SendGrid Mailer API,Notifications,https://api.sendgrid.com/v3/mail/send,v1-alpha,Data-Eng,Active,api
4819,Twilio SMS Gateway API,Notifications,https://api.twilio.com/2010-04-01/accounts,v2.1.0,Identity-IAM,Inactive,api
4820,Maps Engine #61,Maps,https://internal.api/v1/maps/action,v1.4,Unknown,Active,internal
4821,Maps Engine #34,Maps,https://internal.api/v1/maps/action,v1.0.0,Comms-Team,Active,internal
4822,AdRoll Tracking Pixels API,Unknown,https://api.adroll.com/v2/pixels,v2-beta,Core-Platform,Inactive,api
4823,analytics engine #56,Analytics,https://internal.api/v1/analytics/action,v3,Comms-Team,Deprecated,internal
4824,Salesforce Leads API,CRM,https://test.salesforce.com/services/data/v55.0/sobjects/199,v1.4,Comms-Team,Deprecated,test
4825,Stripe Payments Service,Payment,https://api.stripe.com/v3/charges/631,v2-beta,Core-Platform,Active,api
4826,Okta Verify Service,Auth,https://okta.internal/api/v1/authn,Unknown,Identity-IAM,Active,okta
4827,CRM Engine #56,CRM,https://internal.api/v1/crm/action,v1.4,Unknown,Deprecated,internal
4828,Stripe Payments Service,Payment,https://api.stripe.com/v3/charges/645,v2.1.0,Growth-Marketing,Active,api
4829,Datadog Telemetry API,Analytics,https://api.datadoghq.com/api/v2/logs,v1.4,Growth-Marketing,Active,api
4830,HubSpot Contacts Service,CRM,https://api.hubapi.com/crm/v3/objects/contacts/949,2024-01-01,FinTech-Core,Inactive,api
4831,PayPal Checkout Service,Payment,https://api-m.paypal.com/v2/checkout/orders,v2.1.0,FinTech-Core,Deprecated,api-m
4832,FedEx Ship Rates API,Shipping,https://apis.fedex.com/rate/v1/rates,v1.4,Core-Platform,Active,apis
4833,Auth0 Login API,Auth,https://identity.auth0.com/oauth/token/328,v2.1.0,Unknown,Inactive,identity
4834,Stripe Payments API,Payment,https://api.stripe.com/v3/charges/708,v3,Comms-Team,Active,api
4835,marketing engine #49,Marketing,https://internal.api/v1/marketing/action,2024-01-01,Logistics,Active,internal
4836,Payment Engine #97,Payment,https://internal.api/v1/payment/action,Unknown,FinTech-Core,Deprecated,internal
4837,Stripe Payments Service,Payment,https://api.stripe.com/v3/charges/913,v3,Growth-Marketing,Deprecated,api
4838,Auth0 Login Service,Auth,https://identity.auth0.com/oauth/token,v1.4,FinTech-Core,Active,identity
4839,Payment Engine #17,Payment,https://internal.api/v1/payment/action,test-version,Data-Eng,Inactive,internal
4840,FedEx Ship Rates API,Shipping,https://apis.fedex.com/rate/v1/rates/932,Unknown,Identity-IAM,Active,apis
4841,Analytics Engine #78,Analytics,https://internal.api/v1/analytics/action,v1.4,Logistics,Deprecated,internal
4842,FedEx Ship Rates Service,Shipping,https://apis.fedex.com/rate/v1/rates/141,2024-01-01,Comms-Team,Active,apis
4843,Auth Engine #47,Auth,https://internal.api/v1/auth/action,2024-01-01,Identity-IAM,Deprecated,internal
4844,Marketing Engine #37,Marketing,https://internal.api/v1/marketing/action,v1.0.0,Unknown,Active,internal
4845,User Engine #84,User,https://internal.api/v1/user/action,v1.4,Core-Platform,Active,internal
4846,CRM Engine #18,CRM,https://internal.api/v1/crm/action,v1.4,SecOps-Compliance,Active,internal
4847,HubSpot Contacts API,Unknown,https://api.hubapi.com/crm/v3/objects/contacts,v2.1.0,Identity-IAM,Active,api
4848,payment engine #30,Payment,https://internal.api/v1/payment/action,v1.0.0,Core-Platform,Deprecated,internal
4849,FedEx Ship Rates API,Shipping,https://apis.fedex.com/rate/v1/rates,2026_RC4,Growth-Marketing,Active,apis
4850,Okta Verify Service,Auth,https://okta.internal/api/v1/authn,v1.4,SecOps-Compliance,Inactive,okta
4851,Google Maps Geocode API,Maps,https://maps.googleapis.com/maps/api/geocode/json,v2-beta,Growth-Marketing,Active,maps
4852,Auth Engine #11,Unknown,https://internal.api/v1/auth/action,v1.4,Growth-Marketing,Active,internal
4853,snowflake ingestion service,Analytics,https://snowflake.internal/api/v1/ingest,v1.0.0,Logistics,Inactive,snowflake
4854,Notifications Engine #62,Notifications,https://internal.api/v1/notifications/action,v3,Logistics,Deprecated,internal
4855,Shipping Engine #11,Shipping,https://internal.api/v1/shipping/action,Unknown,Growth-Marketing,Active,internal
4856,Snowflake Ingestion API,Analytics,https://snowflake.internal/api/v1/ingest/211,2024-01-01,Unknown,Active,snowflake
4857,Stripe Payments Service,Payment,https://api.stripe.com/v3/charges/857,2024-01-01,Unknown,Deprecated,api
4858,Marketing Engine #90,Marketing,https://internal.api/v1/marketing/action,v1.0.0,Growth-Marketing,Active,internal
4859,CRM Engine #22,CRM,https://internal.api/v1/crm/action,v1.0.0,Unknown,Active,internal
4860,Stripe Payments API,Payment,https://api.stripe.com/v3/charges/736,v1-alpha,Growth-Marketing,Active,api
4861,Auth0 Login API,Auth,https://identity.auth0.com/oauth/token,v2.1.0,Comms-Team,Deprecated,identity
4862,Compliance Engine #37,Compliance,https://internal.api/v1/compliance/action,v2-beta,Identity-IAM,Active,internal
4863,Snowflake Ingestion API,Analytics,https://snowflake.internal/api/v1/ingest/930,v1.0.0,Core-Platform,Active,snowflake
4864,shipping engine #66,Shipping,https://internal.api/v1/shipping/action,v1.0.0,SecOps-Compliance,Active,internal
4865,CRM Engine #74,CRM,https://internal.api/v1/crm/action,test-version,Core-Platform,Active,internal
4866,SendGrid Mailer Service,Notifications,https://api.sendgrid.com/v3/mail/send,v1.4,Data-Eng,Active,api
4867,GDPR Purge Utility API,Compliance,https://compliance.internal/v1/purge,2026_RC4,Identity-IAM,Active,compliance
4868,Snowflake Ingestion Service,Analytics,https://snowflake.internal/api/v1/ingest,v3,Identity-IAM,Active,snowflake
4869,Okta Verify Service,Auth,https://okta.internal/api/v1/authn,v1.0.0,FinTech-Core,Active,okta
4870,Payment Engine #65,Payment,https://internal.api/v1/payment/action,v2.1.0,Growth-Marketing,Active,internal
4871,Auth Engine #19,Auth,https://internal.api/v1/auth/action/{env}/debug_mode,v2-beta,Identity-IAM,Active,internal
4872,user engine #99,User,https://internal.api/v1/user/action,v1.0.0,Comms-Team,Active,internal
4873,AUTH0 LOGIN API,Auth,https://identity.auth0.com/oauth/token/508,v2-beta,Core-Platform,Inactive,identity
4874,Shipping Engine #37,Shipping,https://internal.api/v1/shipping/action,v3,FinTech-Core,Active,internal
4875,User Engine #38,User,https://internal.api/v1/user/action,v1.4,SecOps-Compliance,Active,internal
4876,USER PROFILE CORE API,User,https://internal.platform/services/user-profile/104,v1.0.0,Data-Eng,Deprecated,internal
4877,GDPR Purge Utility Service,Compliance,https://compliance.internal/v1/purge,v2.1.0,SecOps-Compliance,Deprecated,compliance
4878,GDPR Purge Utility API,Compliance,https://compliance.internal/v1/purge/506,v2-beta,Growth-Marketing,Deprecated,compliance
4879,AdRoll Tracking Pixels API,Marketing,https://api.adroll.com/v2/pixels,v1-alpha,Core-Platform,Active,api
4880,Marketing Engine #86,Marketing,https://internal.api/v1/marketing/action,v1.4,Identity-IAM,Active,internal
4881,AdRoll Tracking Pixels Service,Marketing,https://api.adroll.com/v2/pixels/849,v1.4,SecOps-Compliance,Active,api
4882,OKTA VERIFY API,Auth,https://okta.internal/api/v1/authn/871,v2.1.0,FinTech-Core,Active,okta
4883,Google Maps Geocode Service,Maps,https://maps.googleapis.com/maps/api/geocode/json/611,0.0.1-SNAPSHOT,Data-Eng,Active,maps
4884,Maps Engine #60,Maps,https://internal.api/v1/maps/action,v1.0.0,Comms-Team,Active,internal
4885,Stripe Payments Service,Unknown,https://api.stripe.com/v3/charges,v2-beta,Comms-Team,Active,api
4886,Payment Engine #18,Payment,https://internal.api/v1/payment/action,v3,SecOps-Compliance,Active,internal
4887,Google Maps Geocode Service,Maps,https://maps.googleapis.com/maps/api/geocode/json/496,v1.4,Unknown,Active,maps
4888,User Engine #48,User,https://internal.api/v1/user/action,v1.4,Growth-Marketing,Inactive,internal
4889,Shipping Engine #79,Shipping,https://internal.api/v1/shipping/action,v1.4,Comms-Team,Active,internal
4890,User Engine #49,User,https://internal.api/v1/user/action/{env}/debug_mode,v2-beta,Core-Platform,Deprecated,internal
4891,SendGrid Mailer Service,Notifications,https://api.sendgrid.com/v3/mail/send/545,v1-alpha,Core-Platform,Inactive,api
4892,Google Maps Geocode Service,Maps,https://maps.googleapis.com/maps/api/geocode/json/706/{env}/debug_mode,v2-beta,FinTech-Core,Active,maps
4893,Auth0 Login Service,Auth,https://identity.auth0.com/oauth/token,2024-01-01,Unknown,Active,identity
4894,GDPR Purge Utility API,Compliance,https://compliance.internal/v1/purge,test-version,FinTech-Core,Active,compliance
4895,Marketing Engine #97,Marketing,https://internal.api/v1/marketing/action,v2.1.0,FinTech-Core,Active,internal
4896,SendGrid Mailer API,Notifications,https://api.sendgrid.com/v3/mail/send,v1.0.0,SecOps-Compliance,Active,api
4897,Okta Verify API,Auth,https://okta.internal/api/v1/authn/951,2024-01-01,Core-Platform,Active,okta
4898,GDPR Purge Utility Service,Compliance,https://compliance.internal/v1/purge/718,v2-beta,Identity-IAM,Active,compliance
4899,Twilio SMS Gateway API,Notifications,https://api.twilio.com/2010-04-01/accounts/130,2024-01-01,Data-Eng,Inactive,api
4900,GOOGLE MAPS GEOCODE SERVICE,Maps,https://maps.googleapis.com/maps/api/geocode/json/781,v1.0.0,SecOps-Compliance,Active,maps
4901,HubSpot Contacts API,Unknown,https://api.hubapi.com/crm/v3/objects/contacts/543,v2.1.0,Core-Platform,Deprecated,api
4902,Payment Engine #49,Payment,https://internal.api/v1/payment/action,2024-01-01,Unknown,Inactive,internal
4903,Compliance Engine #79,Compliance,https://internal.api/v1/compliance/action,0.0.1-SNAPSHOT,Data-Eng,Active,internal
4904,Salesforce Leads API,CRM,https://test.salesforce.com/services/data/v55.0/sobjects,v1.4,Identity-IAM,Active,test
4905,AdRoll Tracking Pixels Service,Marketing,https://api.adroll.com/v2/pixels,2026_RC4,Growth-Marketing,Active,api
4906,Datadog Telemetry Service,Unknown,https://api.datadoghq.com/api/v2/logs/998,2024-01-01,Comms-Team,Active,api
4907,PayPal Checkout API,Payment,https://api-m.paypal.com/v2/checkout/orders,Unknown,Growth-Marketing,Active,api-m
4908,SendGrid Mailer API,Unknown,https://api.sendgrid.com/v3/mail/send,v3,SecOps-Compliance,Active,api
4909,CRM Engine #15,CRM,https://internal.api/v1/crm/action/{env}/debug_mode,v2.1.0,SecOps-Compliance,Deprecated,internal
4910,Twilio SMS Gateway Service,Notifications,https://api.twilio.com/2010-04-01/accounts/768,2024-01-01,Logistics,Deprecated,api
4911,Shipping Engine #30,Shipping,https://internal.api/v1/shipping/action,v1.4,Unknown,Active,internal
4912,Notifications Engine #27,Notifications,https://internal.api/v1/notifications/action,v2-beta,Comms-Team,Active,internal
4913,Salesforce Leads API,CRM,https://test.salesforce.com/services/data/v55.0/sobjects,v2.1.0,Growth-Marketing,Inactive,test
4914,SendGrid Mailer Service,Notifications,https://api.sendgrid.com/v3/mail/send,2024-01-01,Unknown,Active,api
4915,Payment Engine #24,Unknown,https://internal.api/v1/payment/action,2024-01-01,Logistics,Active,internal
4916,Okta Verify Service,Auth,https://okta.internal/api/v1/authn/254,Unknown,Identity-IAM,Active,okta
4917,User Profile Core API,User,https://internal.platform/services/user-profile,v3,SecOps-Compliance,Inactive,internal
4918,Marketing Engine #88,Marketing,https://internal.api/v1/marketing/action,2024-01-01,FinTech-Core,Active,internal
4919,Salesforce Leads API,CRM,https://test.salesforce.com/services/data/v55.0/sobjects,v1.0.0,FinTech-Core,Active,test
4920,CRM Engine #91,CRM,https://internal.api/v1/crm/action,Unknown,Core-Platform,Inactive,internal
4921,Notifications Engine #87,Notifications,https://internal.api/v1/notifications/action,0.0.1-SNAPSHOT,Growth-Marketing,Active,internal
4922,Stripe Payments Service,Payment,https://api.stripe.com/v3/charges,v2.1.0,Data-Eng,Active,api
4923,Payment Engine #63,Payment,https://internal.api/v1/payment/action,v2-beta,Data-Eng,Inactive,internal
4924,FedEx Ship Rates API,Shipping,https://apis.fedex.com/rate/v1/rates,2024-01-01,Comms-Team,Active,apis
4925,Auth Engine #28,Auth,https://internal.api/v1/auth/action,2024-01-01,Data-Eng,Active,internal
4926,Google Maps Geocode Service,Maps,https://maps.googleapis.com/maps/api/geocode/json/143,v3,Identity-IAM,Active,maps
4927,Marketing Engine #46,Marketing,https://internal.api/v1/marketing/action/{env}/debug_mode,v2.1.0,SecOps-Compliance,Inactive,internal
4928,User Profile Core Service,User,https://internal.platform/services/user-profile/261,v1.4,FinTech-Core,Active,internal
4929,User Engine #69,User,https://internal.api/v1/user/action,v1.0.0,Data-Eng,Deprecated,internal
4930,Analytics Engine #41,Analytics,https://internal.api/v1/analytics/action,Unknown,Comms-Team,Deprecated,internal
4931,PayPal Checkout Service,Payment,https://api-m.paypal.com/v2/checkout/orders/472,v3,Core-Platform,Active,api-m
4932,Salesforce Leads Service,CRM,https://test.salesforce.com/services/data/v55.0/sobjects/372,v2-beta,SecOps-Compliance,Active,test
4933,Payment Engine #57,Payment,https://internal.api/v1/payment/action,v2.1.0,FinTech-Core,Active,internal
4934,twilio sms gateway api,Notifications,https://api.twilio.com/2010-04-01/accounts/579,2024-01-01,Data-Eng,Active,api
4935,Notifications Engine #79,Notifications,https://internal.api/v1/notifications/action,v2-beta,FinTech-Core,Active,internal
4936,GDPR PURGE UTILITY API,Compliance,https://compliance.internal/v1/purge/192,v2-beta,Comms-Team,Active,compliance
4937,Auth Engine #13,Auth,https://internal.api/v1/auth/action,v2-beta,FinTech-Core,Inactive,internal
4938,Analytics Engine #80,Analytics,https://internal.api/v1/analytics/action,v1.4,Core-Platform,Active,internal
4939,Marketing Engine #92,Marketing,https://internal.api/v1/marketing/action,v1.4,Logistics,Active,internal
4940,Stripe Payments Service,Payment,https://api.stripe.com/v3/charges/171,2026_RC4,Comms-Team,Active,api
4941,SendGrid Mailer API,Notifications,https://api.sendgrid.com/v3/mail/send,v3,Data-Eng,Active,api
4942,User Profile Core API,User,https://internal.platform/services/user-profile/714,2024-01-01,FinTech-Core,Inactive,internal
4943,AdRoll Tracking Pixels Service,Marketing,https://api.adroll.com/v2/pixels,v1.4,Logistics,Active,api
4944,maps engine #72,Maps,https://internal.api/v1/maps/action,v2.1.0,Logistics,Deprecated,internal
4945,Stripe Payments API,Payment,https://api.stripe.com/v3/charges,2024-01-01,Unknown,Active,api
4946,Datadog Telemetry API,Analytics,https://api.datadoghq.com/api/v2/logs,v2.1.0,Identity-IAM,Active,api
4947,Maps Engine #21,Maps,https://internal.api/v1/maps/action,2024-01-01,Identity-IAM,Active,internal
4948,Google Maps Geocode Service,Maps,https://maps.googleapis.com/maps/api/geocode/json,Unknown,Logistics,Inactive,maps
4949,HubSpot Contacts Service,Unknown,https://api.hubapi.com/crm/v3/objects/contacts,2024-01-01,Logistics,Active,api
4950,Notifications Engine #23,Unknown,https://internal.api/v1/notifications/action,v1.4,Identity-IAM,Inactive,internal
4951,Datadog Telemetry Service,Analytics,https://api.datadoghq.com/api/v2/logs,v3,SecOps-Compliance,Active,api
4952,Notifications Engine #42,Notifications,https://internal.api/v1/notifications/action,v1.0.0,Unknown,Active,internal
4953,CRM Engine #41,CRM,https://internal.api/v1/crm/action,v2-beta,Core-Platform,Active,internal
4954,Salesforce Leads API,CRM,https://test.salesforce.com/services/data/v55.0/sobjects,v1.4,Growth-Marketing,Inactive,test
4955,Google Maps Geocode API,Maps,https://maps.googleapis.com/maps/api/geocode/json,v2-beta,Growth-Marketing,Active,maps
4956,User Engine #88,User,https://internal.api/v1/user/action,v1.4,FinTech-Core,Inactive,internal
4957,HubSpot Contacts API,CRM,https://api.hubapi.com/crm/v3/objects/contacts/603,v1.0.0,Logistics,Deprecated,api
4958,Salesforce Leads API,Unknown,https://test.salesforce.com/services/data/v55.0/sobjects,v2.1.0,Growth-Marketing,Inactive,test
4959,User Profile Core Service,User,https://internal.platform/services/user-profile/176,v3,Data-Eng,Deprecated,internal
4960,Notifications Engine #57,Notifications,https://internal.api/v1/notifications/action/{env}/debug_mode,2024-01-01,SecOps-Compliance,Inactive,internal
4961,HubSpot Contacts Service,CRM,https://api.hubapi.com/crm/v3/objects/contacts,v2.1.0,Logistics,Active,api
4962,marketing engine #33,Marketing,https://internal.api/v1/marketing/action,v1.4,Comms-Team,Active,internal
4963,Compliance Engine #80,Compliance,https://internal.api/v1/compliance/action,Unknown,Comms-Team,Active,internal
4964,Snowflake Ingestion API,Analytics,https://snowflake.internal/api/v1/ingest/891/{env}/debug_mode,v2.1.0,Identity-IAM,Active,snowflake
4965,Marketing Engine #54,Marketing,https://internal.api/v1/marketing/action,v3,Unknown,Active,internal
4966,Auth Engine #17,Auth,https://internal.api/v1/auth/action,v1.0.0,Unknown,Active,internal
4967,AdRoll Tracking Pixels Service,Unknown,https://api.adroll.com/v2/pixels,v1.4,Growth-Marketing,Inactive,api
4968,datadog telemetry api,Analytics,https://api.datadoghq.com/api/v2/logs/189,v2.1.0,Data-Eng,Active,api
4969,Notifications Engine #27,Notifications,https://internal.api/v1/notifications/action,v3,SecOps-Compliance,Active,internal
4970,CRM Engine #31,CRM,https://internal.api/v1/crm/action,2024-01-01,Growth-Marketing,Deprecated,internal
4971,CRM Engine #47,CRM,https://internal.api/v1/crm/action,v2-beta,Data-Eng,Active,internal
4972,Payment Engine #29,Payment,https://internal.api/v1/payment/action,0.0.1-SNAPSHOT,Data-Eng,Inactive,internal
4973,Okta Verify API,Auth,https://okta.internal/api/v1/authn/298,Unknown,Logistics,Active,okta
4974,User Profile Core API,User,https://internal.platform/services/user-profile,2024-01-01,Core-Platform,Active,internal
4975,Maps Engine #96,Maps,https://internal.api/v1/maps/action,v2-beta,Comms-Team,Active,internal
4976,Analytics Engine #93,Analytics,https://internal.api/v1/analytics/action/{env}/debug_mode,v2-beta,FinTech-Core,Deprecated,internal
4977,auth engine #62,Auth,https://internal.api/v1/auth/action,v1.0.0,SecOps-Compliance,Active,internal
4978,Stripe Payments API,Payment,https://api.stripe.com/v3/charges/667/{env}/debug_mode,v2-beta,Identity-IAM,Inactive,api
4979,Salesforce Leads Service,CRM,https://test.salesforce.com/services/data/v55.0/sobjects/489,2024-01-01,Identity-IAM,Active,test
4980,Salesforce Leads Service,CRM,https://test.salesforce.com/services/data/v55.0/sobjects,Unknown,Identity-IAM,Active,test
4981,GDPR PURGE UTILITY SERVICE,Compliance,https://compliance.internal/v1/purge/775,v1.4,Growth-Marketing,Active,compliance
4982,SNOWFLAKE INGESTION SERVICE,Analytics,https://snowflake.internal/api/v1/ingest/619,v1.0.0,Data-Eng,Deprecated,snowflake
4983,Snowflake Ingestion API,Analytics,https://snowflake.internal/api/v1/ingest,Unknown,Logistics,Active,snowflake
4984,Stripe Payments API,Unknown,https://api.stripe.com/v3/charges,2024-01-01,Core-Platform,Inactive,api
4985,Salesforce Leads Service,CRM,https://test.salesforce.com/services/data/v55.0/sobjects/349,0.0.1-SNAPSHOT,Core-Platform,Inactive,test
4986,Compliance Engine #83,Compliance,https://internal.api/v1/compliance/action,v2.1.0,Core-Platform,Inactive,internal
4987,Payment Engine #39,Payment,https://internal.api/v1/payment/action,v1.4,Identity-IAM,Deprecated,internal
4988,Compliance Engine #75,Compliance,https://internal.api/v1/compliance/action,v1.0.0,Growth-Marketing,Active,internal
4989,FedEx Ship Rates Service,Unknown,https://apis.fedex.com/rate/v1/rates,v3,Comms-Team,Active,apis
4990,Auth Engine #81,Auth,https://internal.api/v1/auth/action,v2-beta,Data-Eng,Active,internal
4991,Shipping Engine #36,Shipping,https://internal.api/v1/shipping/action,2024-01-01,FinTech-Core,Inactive,internal
4992,Datadog Telemetry API,Analytics,https://api.datadoghq.com/api/v2/logs,v2.1.0,Comms-Team,Deprecated,api
4993,Stripe Payments Service,Payment,https://api.stripe.com/v3/charges,2024-01-01,Comms-Team,Active,api
4994,GDPR Purge Utility API,Compliance,https://compliance.internal/v1/purge/579,v1.0.0,Unknown,Active,compliance
4995,User Profile Core API,User,https://internal.platform/services/user-profile/808,v2-beta,Identity-IAM,Active,internal
4996,Twilio SMS Gateway Service,Notifications,https://api.twilio.com/2010-04-01/accounts,2024-01-01,FinTech-Core,Active,api
4997,Analytics Engine #53,Analytics,https://internal.api/v1/analytics/action,2024-01-01,SecOps-Compliance,Active,internal
4998,Marketing Engine #85,Marketing,https://internal.api/v1/marketing/action,v1-alpha,SecOps-Compliance,Active,internal
4999,Stripe Payments API,Payment,https://api.stripe.com/v3/charges/505,v2-beta,Data-Eng,Active,api
5000,Notifications Engine #33,Notifications,https://internal.api/v1/notifications/action,test-version,Data-Eng,Deprecated,internal
