usage_id,user_id,api_id,usage_date,total_requests,successful_requests,failed_requests,success_rate,error_rate
1,3611,30,2026-01-01,8041494,7636240,405254,94.96046381431113,5.0395361856888785
2,688,26,2026-04-09,2915,2881,34,98.8336192109777,1.1663807890222984
3,130,89,2026-03-24,3976,3854,122,96.93158953722335,3.0684104627766597
4,1500,183,2026-01-15,129,126,3,97.67441860465115,2.3255813953488373
5,2047,17,2026-03-27,0,0,0,0.0,0.0
6,729,132,2026-03-16,386,381,5,98.70466321243524,1.2953367875647668
7,2478,124,2026-04-19,2920,2882,38,98.6986301369863,1.3013698630136987
8,1639,117,2026-04-23,4353,4209,144,96.69193659545141,3.308063404548587
9,579,2,2026-02-12,2,0,2,0.0,100.0
10,1344,20,2026-03-13,1772,1760,12,99.32279909706546,0.6772009029345373
11,909,245,2026-03-09,54,53,1,98.14814814814815,1.8518518518518516
12,1267,77,2026-04-19,1276,1227,49,96.15987460815047,3.8401253918495297
13,4613,99,2026-04-08,2873,2802,71,97.52871562826314,2.47128437173686
14,3835,122,2026-01-06,3867,3699,168,95.65554693560901,4.344453064391001
15,1393,113,2026-04-04,4263,4090,173,95.94182500586442,4.058174994135586
16,1015,200,2026-01-24,3420,3346,74,97.83625730994152,2.1637426900584797
17,4341,27,2026-04-17,3984,3909,75,98.11746987951807,1.8825301204819278
18,2093,165,2026-01-25,529,160,369,30.245746691871457,69.75425330812854
20,3660,185,2026-01-10,653,641,12,98.16232771822358,1.8376722817764166
21,2345,206,2026-01-05,1807,1762,45,97.50968456004428,2.4903154399557277
22,2597,79,2026-05-01,3785,3773,12,99.68295904887715,0.31704095112285335
23,599,177,2026-02-24,1663,1655,8,99.5189416716777,0.4810583283223091
24,3765,129,2026-01-31,2969,2831,138,95.35197036039071,4.648029639609296
25,3451,45,2026-03-16,1675,1650,25,98.50746268656717,1.4925373134328357
26,4378,40,2026-03-05,2129,1633,496,76.70267731329263,23.297322686707375
27,2735,36,2026-01-17,403,391,12,97.02233250620348,2.977667493796526
28,4474,18,2026-02-04,0,0,0,0.0,0.0
29,9222,9400,2026-04-05,35,35,0,100.0,0.0
30,3458,82,2026-02-04,8,0,8,0.0,100.0
31,3278,220,2026-03-14,2277,2218,59,97.4088713219148,2.5911286780852
33,2523,1,2026-01-10,3943,3866,77,98.04717220390565,1.9528277960943443
34,3929,48,2026-02-21,3925,3895,30,99.23566878980891,0.7643312101910829
35,4920,89,2026-01-27,1394,1358,36,97.41750358680056,2.582496413199426
36,3748,206,2026-02-04,0,0,0,0.0,0.0
37,850,7,2026-02-16,3907,3895,12,99.69285897107756,0.3071410289224469
38,4818,85,2026-02-14,2382,2347,35,98.53064651553316,1.4693534844668346
39,2709,145,2026-02-07,4618,4574,44,99.04720658293633,0.9527934170636638
40,2286,19,2026-03-10,1397,1283,114,91.83965640658555,8.16034359341446
41,2739,234,2026-02-11,3762,3712,50,98.6709197235513,1.3290802764486975
43,1269,81,2026-03-08,16926178,16598346,327832,98.06316582514965,1.9368341748503413
44,566,217,2026-04-08,0,0,0,0.0,0.0
45,4750,57,2026-02-14,4141,4124,17,99.58947114223618,0.4105288577638252
46,149,175,2026-02-04,65,61,4,93.84615384615384,6.153846153846154
47,559,38,2026-03-10,4,0,4,0.0,100.0
48,4149,194,2026-03-06,3230,3093,137,95.75851393188854,4.241486068111455
49,4602,145,2026-03-10,4918,4711,207,95.79097193981293,4.209028060187068
50,563,239,2026-02-17,3355,3207,148,95.5886736214605,4.411326378539494
51,581,81,2026-01-30,1633,1605,28,98.28536436007347,1.7146356399265157
52,3112,151,2026-05-03,10,0,10,0.0,100.0
53,1983,178,2026-04-12,254,244,10,96.06299212598425,3.937007874015748
54,3043,107,2026-01-23,621,602,19,96.94041867954911,3.059581320450886
55,1610,214,2026-03-19,4495,4331,164,96.35150166852058,3.6484983314794217
56,1086,173,2026-04-27,2096,2028,68,96.7557251908397,3.2442748091603053
57,4915,120,2026-02-16,4906,4728,178,96.37178964533226,3.628210354667754
58,3344,200,2026-02-17,1928,1901,27,98.59958506224066,1.4004149377593362
59,4777,69,2026-01-16,0,0,0,0.0,0.0
60,4375,147,2026-03-17,0,0,0,0.0,0.0
61,2973,215,2026-04-29,2245,2166,79,96.48106904231626,3.5189309576837413
62,3743,234,2026-01-22,36,35,1,97.22222222222221,2.7777777777777777
63,3348,62,2026-01-25,3645,3596,49,98.65569272976681,1.3443072702331962
64,1428,91,2026-04-05,7,0,7,0.0,100.0
65,4906,151,2026-03-03,3943,3842,101,97.438498605123,2.561501394876997
67,3845,125,2026-01-13,4485,4360,125,97.21293199554069,2.787068004459309
68,2097,62,2026-03-31,345,135,210,39.130434782608695,60.86956521739131
69,4278,91,2026-02-04,0,0,0,0.0,0.0
70,3815,82,2026-02-26,4309,4286,23,99.46623346484103,0.5337665351589695
71,3795,22,2026-01-10,461,140,321,30.36876355748373,69.63123644251627
72,1415,97,2026-02-04,0,0,0,0.0,0.0
73,2589,155,2026-01-13,380,379,1,99.73684210526315,0.2631578947368421
74,3474,83,2026-02-13,2532,2408,124,95.10268562401264,4.897314375987362
75,4725,232,2026-03-29,76,76,0,100.0,0.0
76,2594,238,2026-04-20,2048,2033,15,99.267578125,0.732421875
77,1592,157,2026-02-04,0,0,0,0.0,0.0
78,3565,101,2026-02-03,1488,1226,262,82.39247311827957,17.607526881720432
79,2345,41,2026-01-21,3375,3349,26,99.22962962962963,0.7703703703703704
80,4467,236,2026-02-15,4465,4419,46,98.96976483762599,1.0302351623740202
81,199,141,2026-02-21,7,0,7,0.0,100.0
82,3123,183,2026-04-24,1236,827,409,66.9093851132686,33.09061488673139
83,1946,178,2026-02-08,1277,1100,177,86.13938919342208,13.860610806577917
84,4255,133,2026-02-27,7155648,6896926,258722,96.3843665870652,3.6156334129347893
85,214,205,2026-04-19,502,419,83,83.46613545816733,16.533864541832667
86,3509,46,2026-03-09,1131,1079,52,95.40229885057471,4.597701149425287
87,4429,206,2026-02-12,4934,4902,32,99.35143899473044,0.6485610052695582
88,3531,221,2026-04-06,0,0,0,0.0,0.0
89,3599,59,2026-02-26,2055,1978,77,96.25304136253041,3.7469586374695862
90,1280,209,2026-03-22,4608,4545,63,98.6328125,1.3671875
91,1785,52,2026-03-13,22529180,22352542,176638,99.21595903623655,0.7840409637634392
92,2807,186,2026-02-04,6,0,6,0.0,100.0
93,4534,5,2026-01-03,2985,2864,121,95.9463986599665,4.053601340033501
94,91,107,2026-02-24,4079,3993,86,97.89164010786958,2.108359892130424
95,4776,133,2026-02-04,0,0,0,0.0,0.0
96,4840,5,2026-01-03,2402,2319,83,96.54454621149043,3.4554537885095757
97,3706,147,2026-04-20,2016,1977,39,98.06547619047619,1.9345238095238095
98,3534,101,2026-01-15,3390,3360,30,99.11504424778761,0.8849557522123894
99,593,234,2026-04-11,3028,2909,119,96.07001321003963,3.92998678996037
101,4242,5,2026-04-27,649,155,494,23.882896764252695,76.11710323574731
102,2363,227,2026-01-24,1899,1819,80,95.78725645076356,4.21274354923644
103,507,229,2026-02-07,2003,1959,44,97.80329505741388,2.196704942586121
104,1321,107,2026-03-24,2563,2497,66,97.42489270386267,2.575107296137339
105,2394,214,2026-03-25,2681,2554,127,95.26296158149944,4.73703841850056
106,1520,180,2026-01-05,2527,2448,79,96.87376335575782,3.126236644242184
107,148,109,2026-01-21,3571,3456,115,96.77961355362643,3.2203864463735647
108,771,245,2026-04-24,665,638,27,95.93984962406014,4.06015037593985
110,3325,28,2026-03-13,4249,4179,70,98.35255354200989,1.6474464579901154
111,4392,49,2026-03-25,4251,4230,21,99.50599858856741,0.4940014114326041
112,4202,33,2026-03-23,603,584,19,96.84908789386401,3.150912106135987
113,3948,68,2026-04-19,635,633,2,99.68503937007874,0.31496062992125984
114,87,91,2026-01-05,4865,4717,148,96.9578622816033,3.0421377183967113
115,3653,180,2026-03-12,1477,1409,68,95.3960731211916,4.603926878808395
116,4115,213,2026-03-28,4757,4562,195,95.90077780113518,4.0992221988648305
117,265,170,2026-03-15,2774,2654,120,95.67411679884643,4.325883201153569
118,1741,23,2026-03-08,2007,1914,93,95.3662182361734,4.633781763826607
119,9086,9304,2026-03-13,0,0,0,0.0,0.0
120,148,101,2026-02-28,727,720,7,99.03713892709766,0.9628610729023385
121,2742,91,2026-02-19,2918,2817,101,96.53872515421523,3.461274845784784
122,1095,116,2026-02-15,1041,1036,5,99.51969260326608,0.48030739673390976
123,1299,9,2026-03-21,2793,2715,78,97.20730397422128,2.7926960257787328
124,674,129,2026-04-12,3576,3456,120,96.64429530201343,3.3557046979865772
125,3445,235,2026-02-10,421,327,94,77.67220902612827,22.327790973871732
126,4707,59,2026-04-01,3478,3449,29,99.1661874640598,0.8338125359401954
127,4093,168,2026-01-18,3117,3039,78,97.49759384023099,2.5024061597690084
128,4717,99,2026-02-09,4679,4615,64,98.63218636460782,1.3678136353921777
129,1077,245,2026-03-31,2149,2083,66,96.92880409492788,3.0711959050721265
130,1374,40,2026-03-19,4768,4539,229,95.1971476510067,4.802852348993288
131,2142,108,2026-02-17,417,399,18,95.68345323741008,4.316546762589928
132,72,130,2026-01-05,1626,1577,49,96.98646986469865,3.013530135301353
133,3178,167,2026-04-23,2322,2286,36,98.44961240310077,1.550387596899225
134,3150,107,2026-02-04,77,77,0,100.0,0.0
135,1598,203,2026-02-10,786,771,15,98.09160305343512,1.9083969465648856
136,3499,76,2026-02-19,3357,3244,113,96.63389931486446,3.3661006851355375
137,4978,44,2026-02-28,4665,4582,83,98.2207931404073,1.7792068595927117
138,1500,16,2026-02-18,4662,4557,105,97.74774774774775,2.2522522522522523
139,1087,61,2026-02-04,77,77,0,100.0,0.0
140,4549,114,2026-04-24,2580,2466,114,95.5813953488372,4.4186046511627906
141,1359,185,2026-04-16,4598,4541,57,98.7603305785124,1.2396694214876034
142,2134,195,2026-02-05,3701,3685,16,99.56768440961902,0.4323155903809781
143,4017,225,2026-03-27,401,400,1,99.75062344139651,0.24937655860349126
144,1736,98,2026-01-17,3378,3220,158,95.32267613972765,4.677323860272351
145,1552,40,2026-04-19,2382,2338,44,98.15281276238456,1.8471872376154492
146,4747,138,2026-02-25,3857,3847,10,99.74073113819031,0.25926886180969666
147,4741,197,2026-03-03,3212,3197,15,99.53300124533001,0.4669987546699875
148,4978,220,2026-01-07,8854824,8703729,151095,98.29364197413749,1.706358025862513
149,1063,32,2026-03-02,3044,2913,131,95.69645203679369,4.303547963206308
150,173,21,2026-04-10,0,0,0,0.0,0.0
151,3472,176,2026-04-13,2423,2347,76,96.86339248865043,3.1366075113495664
152,523,81,2026-01-07,1689,1631,58,96.56601539372409,3.433984606275903
153,3290,136,2026-02-17,4316,4210,106,97.54402224281742,2.4559777571825765
154,1363,48,2026-02-10,4995,4990,5,99.8998998998999,0.10010010010010009
155,4204,85,2026-03-20,914,515,399,56.3457330415755,43.65426695842451
156,664,195,2026-03-26,2425,2348,77,96.82474226804125,3.175257731958763
157,867,182,2026-02-11,1127,1075,52,95.38598047914817,4.614019520851819
158,352,97,2026-01-01,3339,3197,142,95.74722970949387,4.252770290506139
159,4340,145,2026-03-13,530,515,15,97.16981132075472,2.8301886792452833
160,2982,184,2026-04-23,4018,4010,8,99.80089596814335,0.1991040318566451
161,159,159,2026-03-10,1813,1735,78,95.69773855488141,4.302261445118588
162,987,99,2026-02-05,665,525,140,78.94736842105263,21.052631578947366
163,518,20,2026-04-06,14768675,14494137,274538,98.14107900674908,1.858920993250918
164,2801,109,2026-03-02,316,309,7,97.78481012658227,2.2151898734177213
165,2668,191,2026-04-21,1744,1726,18,98.96788990825688,1.0321100917431194
166,2233,4,2026-03-25,3379,3290,89,97.36608464042617,2.6339153595738383
167,3840,2,2026-02-04,3558,3428,130,96.34626194491287,3.6537380550871275
168,4795,223,2026-01-07,18664781,18343455,321326,98.27843680566089,1.7215631943391139
169,724,115,2026-04-24,1937,1850,87,95.50851832731027,4.491481672689726
170,781,68,2026-01-02,1728,1673,55,96.81712962962963,3.1828703703703707
171,3145,206,2026-03-12,222,220,2,99.09909909909909,0.9009009009009009
172,796,87,2026-01-14,4393,4179,214,95.1286137036194,4.871386296380606
173,954,228,2026-02-27,269,267,2,99.25650557620817,0.7434944237918215
174,1643,188,2026-02-12,4826,4628,198,95.89722337339411,4.102776626605885
175,505,229,2026-02-23,4466,4375,91,97.96238244514106,2.037617554858934
176,3643,149,2026-04-29,3713,3619,94,97.46835443037975,2.5316455696202533
177,4145,163,2026-04-15,4705,4550,155,96.70563230605738,3.294367693942614
178,4638,74,2026-03-04,920,881,39,95.76086956521739,4.239130434782608
179,2945,243,2026-03-01,2669,2540,129,95.16672911202697,4.833270887973024
180,873,71,2026-02-22,2395,2287,108,95.49060542797496,4.509394572025053
181,3731,129,2026-03-16,0,0,0,0.0,0.0
182,4740,142,2026-04-18,391,382,9,97.69820971867009,2.3017902813299234
183,4349,199,2026-01-13,4429,4417,12,99.72905847821178,0.27094152178821407
184,739,25,2026-02-21,3265,3140,125,96.17151607963247,3.828483920367534
186,1147,196,2026-04-24,2867,2815,52,98.18625741192885,1.8137425880711544
187,3955,11,2026-03-09,0,0,0,0.0,0.0
188,912,167,2026-04-25,2451,2429,22,99.10240718074256,0.8975928192574459
189,3516,207,2026-03-18,1317,1298,19,98.55732725892179,1.442672741078208
191,2305,75,2026-01-10,3446,3281,165,95.21183981427743,4.788160185722577
192,4290,131,2026-02-09,1254,1223,31,97.52791068580542,2.472089314194577
193,4349,237,2026-02-11,1993,1969,24,98.7957852483693,1.2042147516307076
194,4428,240,2026-01-14,18391513,18229599,161914,99.11962653643558,0.8803734635644169
195,1663,16,2026-03-26,4751,4585,166,96.50599873710797,3.4940012628920227
196,3257,230,2026-04-09,1520,1459,61,95.98684210526316,4.0131578947368425
197,1106,64,2026-04-30,1018,983,35,96.56188605108055,3.43811394891945
198,2472,71,2026-03-08,1692,1681,11,99.34988179669031,0.6501182033096926
199,2423,100,2026-02-10,3692,3576,116,96.85807150595883,3.14192849404117
200,1198,140,2026-04-23,3576,3488,88,97.53914988814317,2.460850111856823
201,1386,36,2026-03-05,3715,3654,61,98.35800807537012,1.6419919246298789
202,1715,29,2026-02-03,4314,4237,77,98.21511358368103,1.7848864163189613
203,2330,54,2026-03-20,902,851,51,94.34589800443459,5.65410199556541
204,3257,100,2026-01-29,1587,1521,66,95.84120982986768,4.158790170132325
205,2095,43,2026-01-18,4781,4749,32,99.3306839573311,0.6693160426688978
206,4473,117,2026-02-04,19615527,19385538,229989,98.8275155696811,1.1724844303189
207,3211,21,2026-01-09,2585,2546,39,98.49129593810446,1.5087040618955514
208,448,246,2026-01-06,780,753,27,96.53846153846153,3.4615384615384617
209,2123,59,2026-02-02,1536,1529,7,99.54427083333334,0.4557291666666667
210,910,193,2026-04-07,2800,2719,81,97.10714285714286,2.892857142857143
211,1148,120,2026-02-27,4675,4652,23,99.50802139037434,0.4919786096256685
212,9488,9756,2026-03-08,71,71,0,100.0,0.0
213,1691,227,2026-03-30,857,533,324,62.19369894982497,37.80630105017503
214,1046,89,2026-02-15,0,0,0,0.0,0.0
215,1219,169,2026-04-16,1766,1697,69,96.09286523216308,3.9071347678369195
216,2772,189,2026-03-23,3221,3163,58,98.19931698230363,1.8006830176963675
217,2927,100,2026-04-14,1085,1081,4,99.63133640552996,0.3686635944700461
218,2047,137,2026-04-27,311,302,9,97.10610932475883,2.8938906752411575
219,3826,134,2026-04-02,2916,2832,84,97.11934156378601,2.880658436213992
220,3253,151,2026-01-07,528,358,170,67.8030303030303,32.196969696969695
221,4768,46,2026-01-11,4594,4425,169,96.32128863735306,3.678711362646931
222,762,244,2026-04-22,2315,2255,60,97.40820734341253,2.591792656587473
223,3666,238,2026-02-04,15,15,0,100.0,0.0
224,3210,116,2026-03-18,14195297,13956924,238373,98.32076074209648,1.6792392579035156
225,2474,210,2026-02-04,67,58,9,86.56716417910447,13.432835820895523
226,770,114,2026-04-03,517,197,320,38.10444874274662,61.89555125725339
227,2934,128,2026-01-22,1559,1486,73,95.31751122514433,4.682488774855677
228,441,98,2026-03-31,890,395,495,44.38202247191011,55.61797752808989
229,2886,217,2026-03-16,14227781,13794151,433630,96.95223028805405,3.047769711945946
231,991,175,2026-01-28,2132,2096,36,98.31144465290807,1.6885553470919326
232,261,178,2026-03-11,2533,2439,94,96.28898539281484,3.7110146071851555
234,2332,133,2026-02-09,4724,4587,137,97.09991532599493,2.9000846740050807
235,2303,139,2026-04-21,2978,2903,75,97.48153122901276,2.5184687709872398
236,2459,241,2026-03-17,4355,4320,35,99.19632606199771,0.8036739380022963
237,1130,227,2026-01-04,580,571,9,98.44827586206897,1.5517241379310345
238,4346,8,2026-01-14,2417,2307,110,95.44890359950352,4.551096400496483
239,2710,211,2026-03-03,3488,3447,41,98.82454128440367,1.1754587155963303
240,1051,106,2026-02-21,23184474,22867384,317090,98.63231747246023,1.3676825275397664
241,2132,242,2026-04-26,1713,1284,429,74.95621716287215,25.04378283712785
242,4336,227,2026-01-15,3497,3465,32,99.08492993994852,0.9150700600514727
243,2349,104,2026-04-10,160,111,49,69.375,30.625000000000004
244,1379,244,2026-03-05,0,0,0,0.0,0.0
245,3122,101,2026-03-25,209,176,33,84.21052631578947,15.789473684210526
246,2796,82,2026-01-07,2435,2347,88,96.38603696098562,3.6139630390143735
247,3257,151,2026-03-06,1162,1128,34,97.07401032702238,2.9259896729776247
248,3464,157,2026-03-04,2182,2178,4,99.8166819431714,0.18331805682859761
249,4810,45,2026-01-05,3272,3140,132,95.96577017114915,4.034229828850855
250,3611,246,2026-01-19,608,588,20,96.71052631578947,3.289473684210526
251,3247,231,2026-03-16,1967,1925,42,97.86476868327402,2.135231316725979
252,4420,54,2026-04-09,1076,1066,10,99.07063197026022,0.929368029739777
253,2417,171,2026-04-17,930,729,201,78.38709677419354,21.612903225806452
254,4484,133,2026-01-21,2113,2108,5,99.76336961665878,0.236630383341221
255,804,71,2026-03-15,397,336,61,84.63476070528966,15.365239294710328
256,2842,58,2026-01-18,237,237,0,100.0,0.0
257,4023,85,2026-03-25,638,208,430,32.60188087774294,67.39811912225704
258,3795,65,2026-02-14,4425,4348,77,98.25988700564972,1.7401129943502827
260,506,79,2026-03-13,2162,2082,80,96.29972247918593,3.700277520814061
261,3085,71,2026-04-14,2555,2485,70,97.26027397260275,2.73972602739726
262,4185,199,2026-01-21,4959,4945,14,99.71768501714055,0.28231498285944745
263,2600,209,2026-03-11,352,340,12,96.5909090909091,3.4090909090909087
264,2843,68,2026-03-05,2112,2014,98,95.35984848484848,4.640151515151516
265,4652,202,2026-02-19,4432,4247,185,95.82581227436823,4.17418772563177
266,2948,139,2026-03-26,4145,4036,109,97.37032569360676,2.6296743063932446
267,3450,85,2026-04-13,1146,1142,4,99.65095986038395,0.34904013961605584
268,580,25,2026-04-10,4927,4792,135,97.25999594073473,2.740004059265273
269,2831,128,2026-04-07,1157,1105,52,95.50561797752809,4.49438202247191
270,2353,230,2026-04-20,2124,2100,24,98.87005649717514,1.1299435028248588
271,4164,227,2026-01-09,4523,4357,166,96.32986955560469,3.670130444395313
272,3550,179,2026-02-01,1348,1282,66,95.10385756676558,4.896142433234421
273,591,133,2026-01-20,2906,2809,97,96.662078458362,3.3379215416379906
274,4361,40,2026-02-16,3519,3511,8,99.77266268826371,0.2273373117362887
275,4116,137,2026-04-29,207,183,24,88.40579710144928,11.594202898550725
276,4524,203,2026-01-19,3525,3491,34,99.0354609929078,0.9645390070921985
277,1153,157,2026-04-17,896,876,20,97.76785714285714,2.232142857142857
278,4074,32,2026-02-23,8531837,8285941,245896,97.11790086941417,2.882099130585828
279,1114,31,2026-03-28,1149,1104,45,96.08355091383812,3.91644908616188
280,9683,9200,2026-02-18,12,0,12,0.0,100.0
281,3436,235,2026-02-04,4761,4691,70,98.52972064692291,1.4702793530770846
282,2548,218,2026-01-28,4322,4212,110,97.4548819990745,2.5451180009254974
283,9351,9589,2026-02-02,54,54,0,100.0,0.0
284,2400,189,2026-04-10,540,200,340,37.03703703703704,62.96296296296296
285,325,181,2026-03-23,432,415,17,96.06481481481481,3.935185185185185
286,2182,89,2026-03-04,1534,1515,19,98.76140808344198,1.2385919165580181
287,818,28,2026-04-19,289,281,8,97.23183391003461,2.768166089965398
288,3675,83,2026-02-07,19540590,19137205,403385,97.93565598582234,2.064344014177668
290,4141,152,2026-03-07,1713,1704,9,99.47460595446584,0.5253940455341506
291,3560,165,2026-02-01,1596,1145,451,71.74185463659147,28.25814536340852
293,2740,182,2026-03-13,2160,2094,66,96.94444444444444,3.0555555555555554
294,3772,188,2026-04-03,620,604,16,97.41935483870968,2.5806451612903225
295,551,223,2026-02-03,1229,1168,61,95.0366151342555,4.963384865744508
296,210,210,2026-02-17,544,543,1,99.81617647058823,0.1838235294117647
297,4156,78,2026-01-02,370,368,2,99.45945945945947,0.5405405405405406
298,1716,48,2026-05-01,2570,2486,84,96.73151750972762,3.268482490272374
299,3935,25,2026-03-11,1875,1864,11,99.41333333333333,0.5866666666666667
300,1380,207,2026-02-06,159,159,0,100.0,0.0
301,579,33,2026-01-28,0,0,0,0.0,0.0
303,2678,150,2026-03-24,709,704,5,99.29478138222849,0.7052186177715092
304,9535,9981,2026-02-20,0,0,0,0.0,0.0
305,4764,241,2026-02-22,1570,1518,52,96.68789808917198,3.3121019108280256
306,9597,9538,2026-02-13,41,35,6,85.36585365853658,14.634146341463413
307,557,198,2026-04-30,4685,4571,114,97.5667022411953,2.4332977588046956
308,2026,110,2026-01-03,4986,4907,79,98.41556357801845,1.5844364219815485
309,3443,220,2026-02-04,87,87,0,100.0,0.0
310,3007,14,2026-01-20,4691,4503,188,95.99232573012151,4.007674269878491
311,1038,56,2026-03-30,2027,1990,37,98.17464232856437,1.8253576714356192
312,3062,200,2026-02-21,1849,1762,87,95.2947539210384,4.705246078961601
313,4762,247,2026-04-30,4277,4084,193,95.48749123217209,4.512508767827917
314,866,32,2026-03-31,3602,3576,26,99.27817878956135,0.7218212104386451
315,4213,181,2026-01-21,2263,2213,50,97.79054352629252,2.209456473707468
316,2426,187,2026-01-02,1579,1551,28,98.22672577580748,1.773274224192527
317,855,215,2026-03-10,23714150,23408669,305481,98.71181973631776,1.288180263682232
318,423,63,2026-02-26,4168,4168,0,100.0,0.0
319,1664,151,2026-02-19,12836938,12516983,319955,97.50754424458543,2.49245575541457
320,489,245,2026-04-18,845,812,33,96.09467455621302,3.9053254437869818
321,2543,220,2026-03-13,4,0,4,0.0,100.0
322,4865,107,2026-03-31,1418,1409,9,99.36530324400564,0.6346967559943583
323,2692,244,2026-01-20,990,963,27,97.27272727272728,2.727272727272727
324,3117,145,2026-01-03,1975,1965,10,99.49367088607595,0.5063291139240507
325,3852,146,2026-04-10,1406,1367,39,97.226173541963,2.7738264580369845
326,2526,176,2026-04-10,2437,2341,96,96.06073040623717,3.9392695937628233
327,1920,215,2026-02-04,2605,2531,74,97.15930902111324,2.840690978886756
328,3442,163,2026-04-21,2211,2164,47,97.87426503844414,2.125734961555857
329,612,67,2026-04-22,4093,3916,177,95.67554361104325,4.324456388956755
331,2650,37,2026-01-26,2434,2410,24,99.0139687756779,0.9860312243221034
332,472,1,2026-04-08,3991,3915,76,98.09571535955901,1.904284640440992
333,4878,103,2026-02-04,5,0,5,0.0,100.0
334,2008,104,2026-03-06,1631,1631,0,100.0,0.0
335,645,186,2026-02-22,4461,4431,30,99.32750504371216,0.6724949562878278
336,1360,51,2026-02-23,1499,1439,60,95.99733155436958,4.0026684456304205
337,412,164,2026-02-10,380,144,236,37.89473684210527,62.10526315789474
338,1361,124,2026-04-18,2020,1957,63,96.88118811881188,3.118811881188119
339,4316,96,2026-01-30,1448,1138,310,78.59116022099447,21.408839779005525
340,3091,34,2026-02-10,667,298,369,44.677661169415295,55.322338830584705
341,2532,140,2026-03-24,2859,2770,89,96.8870234347674,3.1129765652325987
342,4974,165,2026-01-06,899,894,5,99.44382647385984,0.5561735261401557
343,2965,45,2026-03-13,2802,2792,10,99.64311206281228,0.35688793718772305
344,2738,129,2026-01-17,4575,4388,187,95.91256830601093,4.087431693989071
345,4347,154,2026-04-24,4816,4739,77,98.40116279069767,1.5988372093023258
346,191,228,2026-02-03,1252,839,413,67.01277955271566,32.98722044728434
347,4742,208,2026-04-26,2486,2418,68,97.26468222043442,2.7353177795655674
348,3864,35,2026-01-03,810,786,24,97.03703703703704,2.9629629629629632
349,2166,224,2026-02-01,3411,3365,46,98.65142187041923,1.3485781295807682
350,828,179,2026-01-27,182,181,1,99.45054945054946,0.5494505494505495
351,2531,11,2026-03-08,1679,1645,34,97.97498511018463,2.0250148898153664
352,763,35,2026-01-05,3148,3085,63,97.9987293519695,2.001270648030496
353,3386,249,2026-03-12,3635,3477,158,95.65337001375515,4.346629986244841
354,1727,205,2026-02-03,2371,2296,75,96.83677773091523,3.163222269084774
356,2440,222,2026-02-02,1719,1665,54,96.8586387434555,3.1413612565445024
357,4254,25,2026-04-17,1816,1809,7,99.61453744493393,0.3854625550660793
358,3654,99,2026-05-01,482,462,20,95.850622406639,4.149377593360995
359,4866,20,2026-02-04,10,0,10,0.0,100.0
360,146,227,2026-01-14,7,0,7,0.0,100.0
361,330,4,2026-04-28,1415,1359,56,96.04240282685512,3.9575971731448765
362,4052,126,2026-03-28,3107,3099,8,99.74251689732861,0.2574831026713872
363,2964,66,2026-01-16,3642,3590,52,98.57221306974189,1.4277869302580999
364,3512,63,2026-02-24,1504,1482,22,98.5372340425532,1.4627659574468086
365,3888,105,2026-04-06,4956,4724,232,95.31880548829702,4.681194511702986
366,3341,170,2026-02-16,0,0,0,0.0,0.0
367,3230,186,2026-02-06,342,331,11,96.78362573099415,3.216374269005848
368,4461,179,2026-04-10,2201,2102,99,95.50204452521581,4.497955474784189
369,775,145,2026-04-25,875,744,131,85.02857142857142,14.971428571428572
370,3599,181,2026-01-02,3667,3513,154,95.80038178347424,4.199618216525771
371,909,117,2026-03-26,4732,4547,185,96.09044801352493,3.9095519864750634
372,4160,148,2026-01-31,398,380,18,95.47738693467338,4.522613065326634
373,4032,26,2026-04-29,2472,2408,64,97.41100323624595,2.5889967637540456
374,1483,97,2026-02-15,4362,4302,60,98.62448418156808,1.3755158184319118
375,9384,9512,2026-02-26,3,0,3,0.0,100.0
376,1385,79,2026-04-14,697,526,171,75.46628407460545,24.533715925394546
377,4170,137,2026-02-23,4859,4722,137,97.18048981271866,2.8195101872813337
378,2605,116,2026-03-14,0,0,0,0.0,0.0
379,433,83,2026-01-21,397,380,17,95.71788413098237,4.282115869017632
380,4255,206,2026-04-23,1480,1464,16,98.91891891891892,1.0810810810810811
381,4628,114,2026-04-09,3872,3688,184,95.24793388429752,4.75206611570248
382,127,28,2026-01-06,1243,1221,22,98.23008849557522,1.7699115044247788
383,1482,143,2026-01-20,34,21,13,61.76470588235294,38.23529411764706
384,1774,27,2026-01-28,286,282,4,98.6013986013986,1.3986013986013985
385,2558,92,2026-03-26,1467,1464,3,99.79550102249489,0.2044989775051125
386,1735,240,2026-01-25,2985,2900,85,97.15242881072027,2.8475711892797317
387,2157,167,2026-03-11,4564,4550,14,99.69325153374233,0.3067484662576687
388,4815,187,2026-04-15,2678,2617,61,97.72218073188948,2.2778192681105303
389,225,144,2026-04-13,4778,4542,236,95.06069485140226,4.9393051485977395
390,4826,173,2026-03-28,4183,4090,93,97.77671527611761,2.223284723882381
391,4934,200,2026-01-25,4880,4669,211,95.67622950819671,4.323770491803279
392,1456,204,2026-03-25,3397,3366,31,99.08743008536945,0.9125699146305564
393,3776,32,2026-02-04,0,0,0,0.0,0.0
394,407,138,2026-02-28,3406,3371,35,98.97240164415737,1.0275983558426305
395,1638,207,2026-04-24,350,335,15,95.71428571428572,4.285714285714286
396,3476,159,2026-04-07,0,0,0,0.0,0.0
397,9583,9070,2026-02-20,0,0,0,0.0,0.0
398,9305,9025,2026-03-03,78,75,3,96.15384615384616,3.8461538461538463
399,3098,181,2026-04-09,4463,4299,164,96.32534169840913,3.674658301590858
400,4419,112,2026-02-12,2953,2894,59,98.00203183203521,1.9979681679647816
401,4600,133,2026-04-06,4871,4772,99,97.967563128721,2.0324368712789984
403,2801,236,2026-01-23,3924,3867,57,98.54740061162079,1.452599388379205
404,1322,96,2026-02-01,657,641,16,97.56468797564688,2.43531202435312
405,755,78,2026-01-20,1572,1298,274,82.56997455470739,17.43002544529262
406,3142,74,2026-01-12,913,628,285,68.78422782037241,31.2157721796276
407,4238,143,2026-02-13,2028,1978,50,97.534516765286,2.465483234714004
408,3110,237,2026-01-08,18,0,18,0.0,100.0
409,3781,175,2026-04-09,3117,3012,105,96.63137632338787,3.368623676612127
410,2304,142,2026-02-03,2931,2891,40,98.63527806209484,1.3647219379051518
411,2764,69,2026-02-28,3230,3184,46,98.57585139318886,1.4241486068111455
412,3388,167,2026-01-18,4464,4274,190,95.74372759856631,4.256272401433692
413,2444,236,2026-04-12,10,0,10,0.0,100.0
414,4229,98,2026-01-18,3884,3846,38,99.0216271884655,0.9783728115345005
415,1720,135,2026-02-10,81,81,0,100.0,0.0
416,2165,225,2026-03-19,2317,2213,104,95.51143720328011,4.488562796719896
418,3308,146,2026-02-05,3547,3498,49,98.61855088807442,1.381449111925571
419,1860,25,2026-01-04,1599,1582,17,98.93683552220138,1.0631644777986242
420,9873,9380,2026-03-15,0,0,0,0.0,0.0
421,3677,149,2026-01-07,3521,3521,0,100.0,0.0
422,2377,166,2026-01-05,225,215,10,95.55555555555556,4.444444444444445
423,785,165,2026-01-22,0,0,0,0.0,0.0
424,4789,66,2026-04-19,2812,2802,10,99.6443812233286,0.35561877667140823
425,2211,34,2026-01-21,1288,1262,26,97.98136645962732,2.018633540372671
426,4126,39,2026-04-01,2257,2247,10,99.55693398316349,0.4430660168365086
427,4069,121,2026-02-27,1116,1098,18,98.38709677419355,1.6129032258064515
429,3517,238,2026-02-01,4518,4502,16,99.64586100044266,0.35413899955732625
431,1913,135,2026-03-29,2081,2072,9,99.56751561749158,0.4324843825084094
432,3990,76,2026-01-25,4832,4613,219,95.46771523178808,4.5322847682119205
434,535,72,2026-01-22,2479,2357,122,95.07866075030255,4.921339249697459
435,2991,198,2026-03-02,925,785,140,84.86486486486487,15.135135135135137
436,2868,180,2026-03-10,4815,4579,236,95.09865005192108,4.90134994807892
437,847,141,2026-04-12,1685,1603,82,95.13353115727003,4.86646884272997
438,1544,122,2026-04-07,1072,1068,4,99.6268656716418,0.3731343283582089
439,2053,15,2026-02-08,11361336,10883043,478293,95.79016939557108,4.209830604428916
440,2929,174,2026-01-25,337,328,9,97.3293768545994,2.6706231454005933
442,3991,168,2026-04-15,0,0,0,0.0,0.0
443,9098,9340,2026-03-08,19,0,19,0.0,100.0
444,1541,142,2026-04-12,4791,4689,102,97.871008140263,2.128991859737007
445,4317,105,2026-04-03,1253,1219,34,97.28651237031126,2.713487629688747
446,2006,78,2026-02-25,178,172,6,96.62921348314607,3.3707865168539324
447,85,46,2026-02-28,4311,4271,40,99.07214103456275,0.9278589654372535
448,2929,118,2026-03-31,3707,3587,120,96.76288103587807,3.2371189641219313
450,2635,98,2026-04-13,3261,3136,125,96.16681999386691,3.833180006133088
451,2593,159,2026-01-11,3773,3671,102,97.29658097005036,2.703419029949642
452,2124,67,2026-01-10,3682,3537,145,96.06192286800652,3.9380771319934817
453,9320,9997,2026-03-07,73,73,0,100.0,0.0
454,4380,37,2026-02-17,3332,3319,13,99.60984393757502,0.39015606242497
455,9121,9054,2026-03-03,8,0,8,0.0,100.0
457,3963,3,2026-01-23,427,423,4,99.06323185011709,0.936768149882904
458,4701,173,2026-04-06,715,708,7,99.02097902097901,0.9790209790209791
459,1781,1,2026-04-24,3429,3330,99,97.11286089238845,2.8871391076115485
460,3678,158,2026-03-20,4179,4076,103,97.53529552524527,2.464704474754726
463,4119,144,2026-03-21,1486,1477,9,99.39434724091521,0.6056527590847914
464,4663,246,2026-04-02,1551,1488,63,95.93810444874275,4.061895551257253
465,4282,89,2026-01-01,1773,1711,62,96.50310208685843,3.4968979131415683
466,419,109,2026-02-01,2555,2451,104,95.92954990215264,4.070450097847359
467,3809,92,2026-01-09,4286,4140,146,96.59356042930472,3.406439570695287
468,4298,99,2026-02-21,4391,4180,211,95.1947164654976,4.805283534502392
470,1129,128,2026-03-26,728,692,36,95.05494505494505,4.945054945054945
471,9973,9131,2026-03-17,18,18,0,100.0,0.0
472,4427,162,2026-02-20,1522,1490,32,97.89750328515112,2.102496714848883
473,4769,139,2026-04-30,323,322,1,99.69040247678018,0.30959752321981426
474,2793,239,2026-02-06,14407099,14217081,190018,98.68108076442037,1.3189192355796264
475,3708,211,2026-03-08,41,40,1,97.5609756097561,2.4390243902439024
476,4971,110,2026-03-08,1596,1541,55,96.55388471177945,3.4461152882205512
477,1427,221,2026-03-10,669,641,28,95.81464872944694,4.185351270553064
478,4142,202,2026-08-02,67,51,16,76.11940298507463,23.88059701492537
479,3339,75,2026-02-21,411,250,161,60.82725060827251,39.17274939172749
480,3309,123,2026-04-06,3083,3083,0,100.0,0.0
481,1435,114,2026-02-09,3158,3061,97,96.92843571880937,3.0715642811906267
482,1988,174,2026-05-01,2023,2011,12,99.40682155215028,0.5931784478497282
483,4776,52,2026-01-22,953,922,31,96.74711437565581,3.2528856243441764
484,1460,199,2026-02-21,38,37,1,97.36842105263158,2.631578947368421
485,1104,148,2026-03-03,84,84,0,100.0,0.0
486,248,82,2026-01-31,4820,4687,133,97.24066390041493,2.759336099585062
487,45,117,2026-04-29,687,673,14,97.96215429403202,2.037845705967977
488,3751,45,2026-03-14,4674,4611,63,98.65211810012838,1.3478818998716302
489,3287,82,2026-02-04,0,0,0,0.0,0.0
490,2912,238,2026-02-25,1789,1764,25,98.60257126886529,1.3974287311347122
491,3045,107,2026-02-11,1425,1425,0,100.0,0.0
492,55,153,2026-01-09,22867155,22546856,320299,98.59930542299644,1.4006945770035668
493,126,159,2026-01-26,1282,1267,15,98.82995319812792,1.1700468018720749
494,1228,145,2026-04-24,2107,2022,85,95.9658281917418,4.034171808258187
495,4400,181,2026-04-09,0,0,0,0.0,0.0
496,4626,132,2026-04-15,1541,1488,53,96.56067488643738,3.4393251135626217
497,2936,174,2026-04-10,10221660,9870820,350840,96.56768078766072,3.4323192123392876
498,114,136,2026-02-10,3001,2879,122,95.9346884371876,4.065311562812396
499,1128,240,2026-03-05,4330,4206,124,97.13625866050808,2.863741339491917
500,4039,41,2026-04-22,3699,3677,22,99.40524466071912,0.5947553392808868
502,3545,8,2026-03-19,683,662,21,96.92532942898976,3.074670571010249
503,3429,237,2026-01-26,2857,2814,43,98.49492474623732,1.5050752537626881
504,3867,15,2026-03-22,3614,3447,167,95.37908135030438,4.6209186496956285
505,1534,73,2026-03-30,2475,2367,108,95.63636363636364,4.363636363636364
506,2730,14,2026-03-30,1602,1530,72,95.50561797752809,4.49438202247191
507,1061,221,2026-04-10,3016,2873,143,95.25862068965517,4.741379310344827
508,3018,250,2026-04-24,3321,3181,140,95.78440228846733,4.215597711532671
509,4852,162,2026-02-04,93,74,19,79.56989247311827,20.43010752688172
510,609,168,2026-04-29,663,660,3,99.5475113122172,0.4524886877828055
511,687,11,2026-02-23,3064,2921,143,95.33289817232375,4.66710182767624
512,1286,108,2026-01-02,3869,3849,20,99.48307056086844,0.5169294391315585
513,947,93,2026-04-05,3736,3631,105,97.18950749464668,2.810492505353319
514,1266,36,2026-01-27,3496,3452,44,98.74141876430205,1.2585812356979404
515,4963,144,2026-03-16,4297,4126,171,96.02047940423552,3.9795205957644866
516,1609,63,2026-02-28,2833,2706,127,95.5171196611366,4.482880338863396
517,3713,219,2026-04-18,1304,1274,30,97.69938650306749,2.3006134969325154
518,2661,136,2026-02-08,1427,1367,60,95.79537491240364,4.204625087596356
519,4361,48,2026-04-30,0,0,0,0.0,0.0
520,4919,190,2026-02-19,2680,2601,79,97.05223880597015,2.9477611940298507
521,3021,79,2026-02-19,2673,2655,18,99.32659932659934,0.6734006734006733
522,3847,156,2026-03-29,8,0,8,0.0,100.0
523,4495,72,2026-01-24,481,471,10,97.92099792099792,2.079002079002079
524,4044,235,2026-03-01,3111,2969,142,95.4355512696882,4.564448730311796
525,3731,187,2026-02-04,0,0,0,0.0,0.0
527,935,11,2026-01-20,607,586,21,96.54036243822077,3.459637561779242
528,172,99,2026-04-23,1421,1384,37,97.39619985925405,2.6038001407459537
529,2623,22,2026-01-26,2186,2096,90,95.8828911253431,4.117108874656908
530,863,244,2026-03-18,2869,2730,139,95.1551063088184,4.844893691181596
531,3313,219,2026-04-23,414,405,9,97.82608695652173,2.1739130434782608
532,1344,236,2026-01-08,775,763,12,98.45161290322581,1.5483870967741935
533,4088,135,2026-01-08,1117,1107,10,99.1047448522829,0.8952551477170994
534,4204,12,2026-03-19,1586,1544,42,97.35182849936949,2.648171500630517
535,3766,248,2026-01-18,759,752,7,99.07773386034255,0.922266139657444
536,963,73,2026-01-16,4088,3907,181,95.57240704500978,4.427592954990215
537,1934,28,2026-02-04,12,0,12,0.0,100.0
540,4306,177,2026-04-24,1614,1609,5,99.69021065675341,0.30978934324659235
541,248,46,2026-03-20,257,206,51,80.1556420233463,19.844357976653697
542,2531,219,2026-01-11,3311,3300,11,99.66777408637874,0.33222591362126247
543,4745,190,2026-02-10,1502,1406,96,93.60852197070572,6.391478029294275
544,4891,228,2026-02-21,13,0,13,0.0,100.0
545,3214,209,2026-04-14,4115,3991,124,96.98663426488456,3.0133657351154315
546,3739,119,2026-03-12,2034,1996,38,98.13176007866274,1.8682399213372665
547,2195,1,2026-04-29,1448,1398,50,96.54696132596685,3.4530386740331496
548,2764,31,2026-01-25,209,105,104,50.23923444976076,49.760765550239235
549,1536,203,2026-04-25,0,0,0,0.0,0.0
550,1042,151,2026-01-21,3831,3687,144,96.24119028974158,3.7588097102584186
551,878,5,2026-04-09,3,0,3,0.0,100.0
552,1425,211,2026-03-01,4058,4020,38,99.06357811729917,0.9364218827008379
553,4851,52,2026-01-14,10,0,10,0.0,100.0
554,1523,132,2026-02-18,3746,3696,50,98.66524292578751,1.3347570742124935
555,9143,9142,2026-03-11,0,0,0,0.0,0.0
556,4146,106,2026-02-06,434,420,14,96.7741935483871,3.225806451612903
557,1196,242,2026-04-22,826,822,4,99.51573849878935,0.48426150121065376
558,2835,169,2026-01-21,3709,3604,105,97.16904826098678,2.830951739013211
559,299,145,2026-04-09,924,532,392,57.57575757575758,42.42424242424242
560,258,35,2026-04-15,795,779,16,97.9874213836478,2.0125786163522013
561,4739,149,2026-01-12,21901559,21628459,273100,98.75305680294267,1.246943197057342
562,9,120,2026-02-22,170,170,0,100.0,0.0
563,1155,16,2026-04-21,4599,4380,219,95.23809523809523,4.761904761904762
564,2864,13,2026-02-04,0,0,0,0.0,0.0
565,4926,170,2026-02-04,968,947,21,97.8305785123967,2.169421487603306
566,4462,94,2026-02-15,581,312,269,53.700516351118765,46.29948364888124
568,3530,37,2026-02-22,6524805,6106270,418535,93.58547879974957,6.414521200250429
569,3073,208,2026-01-24,143,138,5,96.5034965034965,3.4965034965034967
570,4652,18,2026-04-22,1288,1233,55,95.72981366459628,4.270186335403727
571,4919,232,2026-01-30,0,0,0,0.0,0.0
572,4622,18,2026-02-04,29,28,1,96.55172413793103,3.4482758620689653
573,2296,218,2026-01-01,3397,3358,39,98.8519281719164,1.1480718280836033
574,1525,162,2026-03-10,5,0,5,0.0,100.0
575,2433,207,2026-02-22,15875697,15468878,406819,97.43747313897461,2.5625268610253773
576,1160,231,2026-04-22,4800,4781,19,99.60416666666667,0.39583333333333337
577,413,111,2026-04-02,1660,1588,72,95.66265060240964,4.337349397590361
578,2131,65,2026-04-25,4388,4309,79,98.1996353691887,1.8003646308113037
579,138,195,2026-03-02,3418,3261,157,95.40667056758339,4.593329432416618
580,3592,19,2026-04-13,1624,1586,38,97.66009852216749,2.3399014778325125
581,2700,242,2026-02-17,2499,2402,97,96.11844737895157,3.8815526210484195
582,1209,5,2026-04-26,2063,2032,31,98.4973339796413,1.502666020358701
583,257,18,2026-01-19,2289,2219,70,96.94189602446484,3.058103975535168
584,2720,48,2026-02-15,0,0,0,0.0,0.0
585,345,199,2026-04-21,1678,1531,147,91.23957091775924,8.760429082240764
586,1952,178,2026-03-09,2272,1832,440,80.63380281690141,19.366197183098592
587,3917,245,2026-03-24,24589003,24311239,277764,98.8703730688064,1.129626931193591
588,3684,174,2026-01-26,110,106,4,96.36363636363636,3.6363636363636362
589,2325,173,2026-04-10,1931,1850,81,95.80528223718281,4.194717762817193
590,4881,120,2026-03-31,1882,1875,7,99.62805526036132,0.37194473963868224
591,3251,161,2026-02-08,60,58,2,96.66666666666667,3.3333333333333335
592,558,35,2026-02-03,2149,2114,35,98.37133550488599,1.6286644951140066
593,1722,23,2026-01-05,1533,1477,56,96.34703196347031,3.65296803652968
594,2003,152,2026-04-21,4450,4369,81,98.17977528089887,1.8202247191011236
595,3945,191,2026-02-03,1693,1665,28,98.34613112817485,1.6538688718251624
596,5000,204,2026-02-01,4309,4105,204,95.26572290554654,4.73427709445347
597,2384,109,2026-01-12,265,259,6,97.73584905660377,2.2641509433962264
598,1316,124,2026-01-10,1051,1028,23,97.8116079923882,2.1883920076117986
599,886,94,2026-04-30,938,520,418,55.437100213219615,44.562899786780385
600,242,27,2026-01-13,8,0,8,0.0,100.0
601,4846,125,2026-01-22,897,856,41,95.42920847268674,4.570791527313267
602,4240,159,2026-03-13,3807,3654,153,95.98108747044918,4.0189125295508275
603,2101,63,2026-02-25,4324,4202,122,97.17853839037927,2.8214616096207217
604,2773,202,2026-04-12,4942,4874,68,98.62403885066774,1.3759611493322543
605,738,220,2026-01-10,1932,1902,30,98.4472049689441,1.5527950310559007
607,261,190,2026-03-27,368,355,13,96.46739130434783,3.532608695652174
608,2144,4,2026-01-13,1926,1893,33,98.28660436137072,1.7133956386292832
609,875,50,2026-03-15,2471,2461,10,99.59530554431404,0.4046944556859571
610,1707,22,2026-01-16,8958353,8598123,360230,95.97883673483284,4.021163265167157
611,1825,179,2026-02-24,500,485,15,97.0,3.0
612,203,191,2026-02-26,3,0,3,0.0,100.0
613,3697,45,2026-01-11,2329,2215,114,95.10519536281666,4.8948046371833405
614,4687,18,2026-02-14,105,85,20,80.95238095238095,19.047619047619047
615,2207,26,2026-02-13,0,0,0,0.0,0.0
616,3108,186,2026-04-14,486,476,10,97.94238683127571,2.05761316872428
617,3346,150,2026-01-07,2990,2959,31,98.96321070234114,1.0367892976588629
618,2710,129,2026-02-23,1068,1046,22,97.94007490636703,2.0599250936329585
619,807,209,2026-04-08,23610073,23392575,217498,99.07879149717157,0.9212085028284326
620,3046,21,2026-01-06,2811,2693,118,95.80220562077552,4.197794379224475
621,4015,245,2026-04-11,2554,2481,73,97.141738449491,2.8582615505090057
622,4599,243,2026-03-14,3110,3066,44,98.58520900321544,1.414790996784566
623,3164,76,2026-01-26,394,125,269,31.725888324873097,68.2741116751269
624,4989,81,2026-04-14,2234,2199,35,98.43330349149507,1.566696508504924
625,1832,42,2026-04-21,205,141,64,68.78048780487805,31.21951219512195
626,2470,17,2026-03-25,4117,3989,128,96.89094000485791,3.109059995142094
627,3885,188,2026-02-04,12,0,12,0.0,100.0
628,4752,79,2026-04-14,1008,990,18,98.21428571428571,1.7857142857142856
629,747,226,2026-01-22,43,43,0,100.0,0.0
630,2120,175,2026-01-23,49,49,0,100.0,0.0
631,3774,106,2026-03-05,2222,2159,63,97.16471647164717,2.8352835283528353
633,3761,169,2026-04-03,2029,1965,64,96.8457368161656,3.1542631838344013
634,2755,213,2026-01-31,906,873,33,96.35761589403974,3.642384105960265
635,1992,212,2026-04-11,2690,2609,81,96.98884758364312,3.0111524163568775
636,3567,9,2026-03-22,4493,4431,62,98.62007567326953,1.3799243267304697
637,1103,215,2026-03-24,738,703,35,95.25745257452574,4.742547425474255
639,4988,41,2026-02-14,1907,1903,4,99.79024646040901,0.2097535395909806
640,381,85,2026-01-20,2640,2543,97,96.32575757575758,3.6742424242424243
641,3290,231,2026-03-15,94,90,4,95.74468085106383,4.25531914893617
642,3961,141,2026-03-23,1780,1757,23,98.70786516853933,1.292134831460674
643,1918,133,2026-01-07,2691,2635,56,97.91898922333705,2.0810107766629504
644,2423,79,2026-04-18,21863801,21479386,384415,98.2417741544574,1.7582258455425932
645,2783,52,2026-03-01,45,43,2,95.55555555555556,4.444444444444445
646,1095,146,2026-03-27,213,208,5,97.65258215962442,2.3474178403755865
647,4590,123,2026-01-10,1662,1605,57,96.57039711191335,3.429602888086643
648,9614,9766,2026-04-14,0,0,0,0.0,0.0
649,2441,249,2026-03-20,3528,3367,161,95.43650793650794,4.563492063492063
650,518,9,2026-04-17,3887,3873,14,99.63982505788526,0.36017494211474144
651,370,108,2026-04-18,1632,1632,0,100.0,0.0
652,1975,180,2026-02-17,4100,4041,59,98.5609756097561,1.4390243902439026
654,234,55,2026-01-16,112,111,1,99.10714285714286,0.8928571428571428
655,4404,37,2026-04-19,3086,3027,59,98.08813998703823,1.911860012961763
656,9862,9695,2026-01-09,28,28,0,100.0,0.0
657,3867,2,2026-04-18,3678,3541,137,96.27514953779229,3.724850462207722
658,181,101,2026-02-22,2254,2168,86,96.18456078083408,3.815439219165927
659,4653,72,2026-01-05,4990,4797,193,96.13226452905812,3.867735470941884
660,847,105,2026-04-04,80,77,3,96.25,3.75
662,4721,65,2026-03-11,4479,4346,133,97.03058718463943,2.9694128153605717
663,2217,181,2026-03-16,2098,2025,73,96.5204957102002,3.479504289799809
664,2739,107,2026-04-05,2024,1998,26,98.71541501976284,1.2845849802371543
665,3719,198,2026-02-11,1835,1775,60,96.73024523160763,3.2697547683923704
666,310,184,2026-01-07,0,0,0,0.0,0.0
667,3591,148,2026-02-02,1293,1275,18,98.60788863109049,1.3921113689095126
668,2464,123,2026-02-20,17912475,17509121,403354,97.74819504284025,2.2518049571597447
669,9292,9762,2026-02-11,81,81,0,100.0,0.0
670,708,147,2026-02-09,3891,3740,151,96.11924955024416,3.8807504497558467
671,1394,135,2026-02-23,4668,4646,22,99.528706083976,0.4712939160239932
672,3427,139,2026-01-29,0,0,0,0.0,0.0
673,2785,160,2026-01-13,2450,2415,35,98.57142857142858,1.4285714285714286
674,942,200,2026-03-01,697,552,145,79.19655667144907,20.803443328550934
675,4997,222,2026-01-22,1979,1967,12,99.39363314805458,0.6063668519454269
676,1613,153,2026-01-11,4348,4239,109,97.49310027598897,2.5068997240110398
677,477,166,2026-04-18,4527,4302,225,95.02982107355865,4.970178926441352
678,4262,26,2026-03-23,980,948,32,96.73469387755102,3.2653061224489797
679,3419,140,2026-02-25,3205,3098,107,96.66146645865835,3.338533541341654
680,1136,162,2026-01-22,3133,3069,64,97.9572294924992,2.042770507500798
681,4014,187,2026-04-21,831,830,1,99.87966305655837,0.12033694344163659
682,3309,63,2026-04-21,3409,3280,129,96.21589909064242,3.784100909357583
683,1873,208,2026-04-05,4140,4056,84,97.97101449275362,2.0289855072463765
684,2772,241,2026-02-09,1427,1367,60,95.79537491240364,4.204625087596356
685,9507,9547,2026-03-22,9,0,9,0.0,100.0
686,3788,45,2026-01-12,529,131,398,24.763705103969755,75.23629489603024
687,1272,57,2026-04-24,0,0,0,0.0,0.0
688,1314,246,2026-01-15,3973,3911,62,98.43946639818778,1.5605336018122327
689,1743,88,2026-04-14,3958,3828,130,96.71551288529561,3.2844871147043966
690,2381,73,2026-04-05,564,561,3,99.46808510638297,0.5319148936170213
691,2270,117,2026-03-19,1244,1191,53,95.7395498392283,4.260450160771704
692,1216,171,2026-01-11,403,388,15,96.27791563275434,3.722084367245657
693,4855,152,2026-01-06,3804,3645,159,95.82018927444796,4.17981072555205
695,1270,17,2026-02-22,4994,4904,90,98.19783740488587,1.802162595114137
696,4704,19,2026-01-17,8526649,8160388,366261,95.70451416494335,4.295485835056656
697,2979,82,2026-04-20,0,0,0,0.0,0.0
698,3991,37,2026-04-05,4265,4114,151,96.45955451348183,3.540445486518171
699,3644,6,2026-02-07,189,189,0,100.0,0.0
700,4356,42,2026-03-18,8,0,8,0.0,100.0
701,2161,76,2026-04-16,3336,3264,72,97.84172661870504,2.158273381294964
702,3046,210,2026-01-15,0,0,0,0.0,0.0
703,4042,194,2026-02-21,710,677,33,95.35211267605634,4.647887323943662
705,393,60,2026-02-13,2915,2833,82,97.1869639794168,2.8130360205831906
706,280,61,2026-01-26,0,0,0,0.0,0.0
707,3585,64,2026-01-11,1108,1091,17,98.46570397111914,1.5342960288808665
708,4296,19,2026-03-17,746,712,34,95.44235924932975,4.557640750670242
709,2582,180,2026-04-10,2269,2196,73,96.78272366681358,3.217276333186426
710,4808,105,2026-02-17,3674,3671,3,99.91834512792596,0.08165487207403374
711,4750,122,2026-02-22,1638,1575,63,96.15384615384616,3.8461538461538463
714,361,231,2026-03-27,4846,4666,180,96.28559636813867,3.7144036318613285
715,4545,79,2026-02-19,3874,3750,124,96.79917398038204,3.200826019617966
716,4177,40,2026-04-27,2869,2797,72,97.49041477866852,2.5095852213314744
717,1707,137,2026-01-16,2236,2223,13,99.4186046511628,0.5813953488372093
718,633,208,2026-02-26,24149347,23797234,352113,98.54193573018766,1.4580642698123474
719,4946,95,2026-02-04,324,321,3,99.07407407407408,0.9259259259259258
720,9466,9125,2026-02-27,0,0,0,0.0,0.0
721,947,167,2026-01-26,728,705,23,96.84065934065934,3.159340659340659
722,1854,106,2026-02-04,15,0,15,0.0,100.0
723,1792,15,2026-02-12,1490,997,493,66.91275167785234,33.08724832214765
724,4813,128,2026-04-04,689,208,481,30.18867924528302,69.81132075471697
725,3384,58,2026-02-01,139,133,6,95.68345323741008,4.316546762589928
726,4488,142,2026-04-01,882,602,280,68.25396825396825,31.746031746031743
727,2687,124,2026-01-26,2295,2276,19,99.17211328976035,0.8278867102396513
728,47,249,2026-02-28,3720,3545,175,95.29569892473118,4.704301075268817
729,3730,38,2026-04-17,4921,4732,189,96.15931721194879,3.8406827880512093
730,1532,123,2026-04-27,101,89,12,88.11881188118812,11.881188118811881
731,4363,33,2026-02-27,2238,2223,15,99.32975871313673,0.6702412868632708
732,2250,189,2026-02-05,1576,1506,70,95.55837563451777,4.441624365482234
733,1504,181,2026-03-06,3040,3033,7,99.76973684210526,0.2302631578947368
734,4424,168,2026-03-27,1946,1894,52,97.327852004111,2.672147995889003
735,4837,28,2026-02-20,2396,2284,112,95.32554257095158,4.674457429048414
736,2276,147,2026-02-02,425,246,179,57.88235294117647,42.11764705882353
737,925,19,2026-02-18,3397,3242,155,95.43715042684721,4.562849573152781
738,4482,67,2026-03-27,117,113,4,96.58119658119658,3.418803418803419
739,32,94,2026-01-09,1328,1322,6,99.54819277108435,0.4518072289156626
740,73,24,2026-02-01,3202,3074,128,96.00249843847595,3.9975015615240475
741,1694,222,2026-02-18,0,0,0,0.0,0.0
742,3632,96,2026-04-09,4683,4510,173,96.30578688874652,3.69421311125347
743,4560,221,2026-04-22,4541,4418,123,97.29134551860824,2.708654481391764
744,717,44,2026-02-17,7,0,7,0.0,100.0
745,3422,212,2026-03-05,178,174,4,97.75280898876404,2.247191011235955
746,1486,72,2026-04-13,1727,1710,17,99.01563404748119,0.9843659525188188
747,4744,247,2026-01-10,4482,4321,161,96.4078536367693,3.5921463632307007
748,3244,150,2026-02-26,2083,1982,101,95.15122419587134,4.84877580412866
749,3936,86,2026-02-19,1335,968,367,72.50936329588015,27.490636704119854
750,1090,58,2026-02-01,4190,4072,118,97.18377088305489,2.8162291169451072
751,716,177,2026-01-10,130,128,2,98.46153846153847,1.5384615384615385
752,3569,134,2026-02-21,3646,3513,133,96.35216675809106,3.647833241908941
753,2619,18,2026-02-04,919,767,152,83.46028291621327,16.539717083786726
754,3648,207,2026-03-15,0,0,0,0.0,0.0
755,4894,109,2026-04-02,1894,1884,10,99.47201689545935,0.5279831045406547
756,1803,149,2026-03-30,534,137,397,25.65543071161049,74.34456928838952
757,3788,152,2026-02-20,1569,1518,51,96.74952198852772,3.2504780114722758
758,2499,220,2026-04-20,473,149,324,31.501057082452434,68.49894291754757
759,4815,200,2026-01-11,636,316,320,49.685534591194966,50.314465408805034
760,9903,9912,2026-03-29,0,0,0,0.0,0.0
761,4030,58,2026-02-23,9,0,9,0.0,100.0
762,3489,40,2026-04-13,309,301,8,97.41100323624595,2.5889967637540456
763,334,197,2026-03-20,227,223,4,98.23788546255507,1.762114537444934
764,1288,45,2026-04-09,1046,1005,41,96.08030592734225,3.9196940726577436
765,1079,141,2026-02-10,16097331,15910488,186843,98.83929205406784,1.160707945932155
766,1384,181,2026-01-09,9679387,9381207,298180,96.91943301781404,3.080566982185959
767,304,215,2026-01-19,3311,3204,107,96.76834793113863,3.231652068861371
768,3275,248,2026-01-01,2658,2605,53,98.00601956358163,1.9939804364183598
769,2827,220,2026-02-16,13697881,13376859,321022,97.65641123616126,2.343588763838728
770,2188,216,2026-03-15,1278,1235,43,96.63536776212833,3.3646322378716746
771,3811,176,2026-01-05,1564,1546,18,98.84910485933503,1.1508951406649617
772,3199,226,2026-01-19,4723,4604,119,97.48041499047216,2.5195850095278427
773,1637,72,2026-02-19,2017,1926,91,95.48834903321765,4.51165096678235
774,1201,133,2026-02-04,0,0,0,0.0,0.0
775,2634,203,2026-04-03,1982,1943,39,98.03229061553986,1.9677093844601412
776,2714,41,2026-04-26,1835,1785,50,97.27520435967303,2.7247956403269753
777,186,178,2026-02-06,2145,2053,92,95.71095571095572,4.2890442890442895
778,1778,182,2026-01-13,2608,2516,92,96.47239263803681,3.52760736196319
779,3985,77,2026-01-02,3796,3767,29,99.23603793466808,0.7639620653319283
781,2949,63,2026-04-20,3767,3749,18,99.52216617998407,0.4778338200159278
782,2874,120,2026-01-08,1108,1072,36,96.75090252707581,3.2490974729241873
783,4790,154,2026-03-13,530,513,17,96.79245283018868,3.207547169811321
784,2568,171,2026-03-30,381,373,8,97.9002624671916,2.099737532808399
785,2878,159,2026-01-01,513,181,332,35.28265107212476,64.71734892787524
786,89,57,2026-03-14,2245,2146,99,95.5902004454343,4.409799554565701
787,409,223,2026-04-28,982,980,2,99.79633401221996,0.20366598778004072
788,140,48,2026-03-06,3415,3325,90,97.36456808199122,2.635431918008785
789,2050,22,2026-06-02,52,35,17,67.3076923076923,32.69230769230769
790,3135,43,2026-01-15,3302,3279,23,99.30345245305875,0.6965475469412478
791,2433,200,2026-02-08,1150,1103,47,95.91304347826087,4.08695652173913
792,9131,9260,2026-01-15,0,0,0,0.0,0.0
793,2880,145,2026-02-20,1868,1814,54,97.10920770877945,2.890792291220557
794,2077,223,2026-04-11,468,459,9,98.07692307692307,1.9230769230769231
795,3009,91,2026-03-16,3223,3106,117,96.36984176233324,3.6301582376667705
796,9107,9944,2026-02-18,66,52,14,78.78787878787878,21.21212121212121
797,3294,216,2026-02-04,5,0,5,0.0,100.0
798,198,133,2026-01-28,2740,2634,106,96.13138686131387,3.8686131386861313
799,543,138,2026-04-28,2298,2262,36,98.43342036553526,1.5665796344647518
800,3247,92,2026-01-06,2651,2524,127,95.2093549603923,4.790645039607695
801,1074,225,2026-03-06,179,179,0,100.0,0.0
802,950,27,2026-03-20,2870,2776,94,96.72473867595819,3.2752613240418116
803,2562,53,2026-04-17,4202,4130,72,98.286530223703,1.7134697762970015
804,1076,158,2026-03-14,4493,4395,98,97.81882929000668,2.1811707099933226
805,3507,56,2026-02-01,3656,3619,37,98.98796498905908,1.012035010940919
806,4005,7,2026-03-07,3928,3763,165,95.79938900203666,4.200610997963341
807,2223,18,2026-03-19,808,803,5,99.38118811881188,0.6188118811881188
808,4024,116,2026-01-19,20237347,20099879,137468,99.32072123880666,0.6792787611933521
809,501,44,2026-05-01,1011,974,37,96.3402571711177,3.6597428288822944
810,1469,102,2026-03-23,390,235,155,60.256410256410255,39.743589743589745
811,2429,200,2026-03-02,3858,3801,57,98.52255054432348,1.4774494556765163
812,1676,18,2026-04-23,1064,1039,25,97.65037593984962,2.3496240601503757
813,3825,239,2026-01-28,645,624,21,96.74418604651163,3.255813953488372
814,4864,77,2026-02-04,3800,3663,137,96.39473684210526,3.605263157894737
815,4592,169,2026-01-12,1588,1552,36,97.73299748110831,2.2670025188916876
816,89,124,2026-02-13,2189,2113,76,96.52809502055733,3.4719049794426677
817,1918,20,2026-02-04,4956,4902,54,98.91041162227603,1.0895883777239708
818,2630,83,2026-04-11,2236,2182,54,97.58497316636851,2.415026833631485
819,4630,103,2026-01-16,3530,3454,76,97.8470254957507,2.152974504249292
820,4323,115,2026-03-18,4841,4680,161,96.67424085932659,3.3257591406734144
821,501,44,2026-02-05,4882,4684,198,95.94428512904547,4.055714870954527
822,1645,239,2026-01-04,1524,1454,70,95.40682414698163,4.593175853018373
823,584,197,2026-01-14,519,499,20,96.14643545279384,3.8535645472061653
824,1505,7,2026-03-07,4431,4352,79,98.21710674791242,1.782893252087565
825,962,98,2026-03-27,0,0,0,0.0,0.0
826,3095,126,2026-04-18,243,240,3,98.76543209876543,1.2345679012345678
827,4349,132,2026-03-29,4084,3999,85,97.91870714985309,2.081292850146915
828,3292,182,2026-03-05,1920,1888,32,98.33333333333333,1.6666666666666667
829,3491,159,2026-02-04,6,0,6,0.0,100.0
830,955,91,2026-01-25,3370,3217,153,95.45994065281899,4.540059347181009
831,2653,198,2026-02-21,18434676,18065924,368752,97.99968277175037,2.0003172282496315
832,512,116,2026-04-24,4810,4714,96,98.004158004158,1.995841995841996
833,3423,153,2026-04-19,1252,1246,6,99.52076677316293,0.4792332268370607
834,1948,212,2026-01-27,3026,3016,10,99.66953073364178,0.3304692663582287
835,4871,10,2026-01-18,1925,1834,91,95.27272727272728,4.7272727272727275
836,4531,50,2026-04-25,4728,4507,221,95.32571912013536,4.674280879864636
837,3217,71,2026-02-16,4024,3848,176,95.62624254473161,4.3737574552683895
838,9428,9616,2026-04-01,14,14,0,100.0,0.0
839,348,91,2026-01-05,1149,886,263,77.11053089643168,22.88946910356832
840,4793,179,2026-01-07,5,0,5,0.0,100.0
841,3406,191,2026-02-07,731,568,163,77.70177838577291,22.29822161422709
842,84,4,2026-03-27,3771,3682,89,97.63988332007425,2.360116679925749
843,1673,241,2026-02-12,3932,3773,159,95.95625635808749,4.043743641912513
844,1912,95,2026-04-29,690,676,14,97.97101449275362,2.0289855072463765
845,1067,17,2026-03-06,789,775,14,98.2256020278834,1.7743979721166032
846,3131,160,2026-04-11,1418,1406,12,99.15373765867419,0.846262341325811
847,4258,222,2026-03-22,1433,1374,59,95.8827634333566,4.117236566643405
848,2954,86,2026-01-10,2148,2077,71,96.69459962756052,3.3054003724394785
849,4746,52,2026-01-17,4107,3967,140,96.59118578037497,3.40881421962503
850,2697,168,2026-02-04,41,31,10,75.60975609756098,24.390243902439025
851,2325,156,2026-02-02,2944,2802,142,95.17663043478261,4.823369565217392
852,2855,199,2026-04-13,1253,1208,45,96.40861931364725,3.5913806863527533
853,2135,227,2026-03-22,2034,1956,78,96.16519174041298,3.8348082595870205
854,3058,140,2026-01-14,2424,2346,78,96.78217821782178,3.217821782178218
856,122,69,2026-02-07,1410,1381,29,97.94326241134752,2.056737588652482
858,1946,87,2026-01-31,404,392,12,97.02970297029702,2.9702970297029703
859,1021,208,2026-02-20,4306,4148,158,96.33070134695774,3.669298653042267
860,738,91,2026-03-09,375,370,5,98.66666666666667,1.3333333333333335
861,3971,7,2026-03-15,2255,2236,19,99.15742793791574,0.8425720620842573
862,2239,84,2026-03-26,839,752,87,89.63051251489868,10.369487485101311
863,965,223,2026-04-07,1035,993,42,95.94202898550725,4.057971014492753
864,1819,244,2026-02-19,587,574,13,97.78534923339012,2.2146507666098807
865,4309,13,2026-02-03,4152,3999,153,96.3150289017341,3.6849710982658963
866,525,178,2026-03-11,521,515,6,98.84836852207293,1.1516314779270633
867,3911,127,2026-02-28,3575,3492,83,97.67832167832168,2.3216783216783217
868,98,106,2026-01-22,1864,1862,2,99.89270386266095,0.1072961373390558
869,3996,240,2026-02-09,1529,1506,23,98.49574885546109,1.5042511445389144
870,4523,149,2026-03-05,1413,1401,12,99.15074309978769,0.8492569002123143
871,877,17,2026-02-07,1759,1679,80,95.4519613416714,4.548038658328596
872,1382,137,2026-03-13,1526,1478,48,96.85452162516383,3.1454783748361725
873,1341,242,2026-02-24,1794,1763,31,98.27201783723523,1.7279821627647716
874,1026,208,2026-02-06,4947,4805,142,97.12957347887608,2.8704265211239135
875,862,123,2026-01-16,4771,4703,68,98.57472228044435,1.4252777195556487
876,4983,152,2026-02-17,3985,3882,103,97.41530740276035,2.5846925972396484
877,3201,86,2026-04-21,455,147,308,32.30769230769231,67.6923076923077
878,3919,106,2026-02-03,0,0,0,0.0,0.0
880,3891,52,2026-04-29,1223,1194,29,97.62878168438267,2.3712183156173343
881,2299,207,2026-02-22,964,932,32,96.6804979253112,3.319502074688797
882,743,41,2026-02-16,2367,2273,94,96.02872834811998,3.9712716518800173
883,4855,237,2026-04-03,2906,2844,62,97.86648313833449,2.1335168616655196
884,4872,143,2026-02-15,56,54,2,96.42857142857143,3.571428571428571
885,4885,171,2026-04-11,4399,4282,117,97.34030461468515,2.659695385314844
886,2589,17,2026-03-01,1410,1385,25,98.22695035460993,1.773049645390071
887,3124,247,2026-01-03,4761,4544,217,95.44213400546103,4.557865994538962
888,3854,242,2026-01-17,334,116,218,34.73053892215569,65.26946107784431
889,2764,67,2026-03-20,1190,1171,19,98.40336134453781,1.5966386554621848
890,4927,232,2026-04-15,1583,1572,11,99.30511686670877,0.6948831332912192
891,2770,24,2026-03-02,1238,969,269,78.27140549273021,21.72859450726979
892,1935,31,2026-01-07,4504,4415,89,98.02397868561279,1.9760213143872114
893,779,41,2026-04-20,999,615,384,61.56156156156156,38.43843843843844
894,586,174,2026-01-08,17090742,16644202,446540,97.38724041355256,2.612759586447446
895,3466,17,2026-04-16,557,498,59,89.40754039497307,10.59245960502693
896,4599,96,2026-02-24,1061,1056,5,99.52874646559849,0.47125353440150797
897,245,55,2026-02-04,10,10,0,100.0,0.0
898,9794,9592,2026-01-20,9,0,9,0.0,100.0
899,1594,232,2026-02-05,964,924,40,95.850622406639,4.149377593360995
900,1625,152,2026-01-11,4288,4253,35,99.18376865671642,0.816231343283582
901,382,30,2026-03-10,2063,1980,83,95.97673291323315,4.023267086766844
902,639,226,2026-04-25,3472,3468,4,99.88479262672811,0.1152073732718894
903,3383,237,2026-03-20,8,0,8,0.0,100.0
904,9613,9423,2026-01-26,0,0,0,0.0,0.0
905,4163,248,2026-01-13,369,356,13,96.4769647696477,3.523035230352303
906,1543,70,2026-03-04,4735,4555,180,96.19852164730729,3.8014783526927136
907,4622,145,2026-02-25,4444,4252,192,95.67956795679568,4.32043204320432
908,2558,210,2026-03-05,8070099,7675686,394413,95.11266218667205,4.887337813327941
909,4810,101,2026-02-05,0,0,0,0.0,0.0
910,1601,114,2026-01-12,1870,1811,59,96.84491978609626,3.155080213903743
911,2989,235,2026-01-04,1463,1399,64,95.62542720437457,4.3745727956254274
912,4921,119,2026-01-04,3997,3882,115,97.1228421315987,2.877157868401301
913,4287,31,2026-01-28,3423,3376,47,98.62693543675138,1.3730645632486125
914,2350,13,2026-04-24,7308250,7083157,225093,96.9200150514829,3.079984948517087
915,2224,160,2026-03-09,2174,2143,31,98.57405703771849,1.4259429622815087
916,394,241,2026-02-19,19,0,19,0.0,100.0
917,1006,82,2026-02-04,115,97,18,84.34782608695653,15.65217391304348
918,2841,65,2026-04-13,188,185,3,98.40425531914893,1.5957446808510638
919,2038,168,2026-03-03,487,481,6,98.76796714579056,1.2320328542094456
920,619,39,2026-05-01,3645,3633,12,99.67078189300412,0.3292181069958848
921,2230,178,2026-01-26,2439,2342,97,96.02296022960229,3.9770397703977043
922,4391,97,2026-03-28,3249,3127,122,96.24499846106495,3.755001538935057
923,9738,9641,2026-04-18,9,0,9,0.0,100.0
924,3670,20,2026-01-16,4530,4459,71,98.4326710816777,1.5673289183222958
925,860,176,2026-03-07,32,32,0,100.0,0.0
926,3223,180,2026-01-29,2961,2864,97,96.72407970280311,3.275920297196893
927,178,173,2026-02-01,635,630,5,99.21259842519686,0.7874015748031495
928,1793,8,2026-04-21,35,21,14,60.0,40.0
929,2132,122,2026-04-03,3566,3561,5,99.8597868760516,0.14021312394840157
930,2670,1,2026-04-19,3925,3734,191,95.13375796178345,4.86624203821656
931,3001,81,2026-02-15,2819,2814,5,99.8226321390564,0.17736786094359702
932,884,230,2026-04-14,4222,4204,18,99.57366177167219,0.4263382283278067
933,3748,65,2026-02-27,3364,3363,1,99.97027348394768,0.029726516052318665
934,711,144,2026-01-23,1516,1228,288,81.00263852242745,18.997361477572557
935,404,32,2026-02-17,3521,3470,51,98.55154785572282,1.4484521442771938
936,3255,158,2026-01-01,321,269,52,83.8006230529595,16.1993769470405
938,3705,12,2026-02-11,765,757,8,98.95424836601308,1.045751633986928
939,4051,102,2026-01-07,3330,3212,118,96.45645645645645,3.543543543543543
940,3280,187,2026-03-18,2942,2824,118,95.98912304554725,4.010876954452753
942,519,47,2026-03-28,0,0,0,0.0,0.0
943,4072,68,2026-04-09,18895715,18553824,341891,98.1906426933302,1.8093573066697926
944,4151,15,2026-03-02,384,369,15,96.09375,3.90625
945,2426,29,2026-01-10,434,131,303,30.184331797235025,69.81566820276498
946,3269,52,2026-01-14,300,286,14,95.33333333333334,4.666666666666667
947,2665,51,2026-03-24,383,371,12,96.8668407310705,3.1331592689295036
948,556,232,2026-02-22,16948830,16696717,252113,98.51250499297002,1.487495007029984
949,614,41,2026-03-02,2917,2775,142,95.1319849160096,4.868015083990401
950,9644,9484,2026-04-20,0,0,0,0.0,0.0
951,3523,223,2026-03-29,3274,3200,74,97.7397678680513,2.2602321319486864
952,2368,234,2026-04-07,3324,3216,108,96.75090252707581,3.2490974729241873
953,4680,236,2026-04-01,3848,3667,181,95.2962577962578,4.703742203742204
954,4623,200,2026-03-11,1467,1426,41,97.20518064076347,2.7948193592365373
955,1670,20,2026-01-12,3560,3534,26,99.26966292134831,0.7303370786516854
956,564,58,2026-02-13,1018,679,339,66.69941060903733,33.30058939096267
957,3789,90,2026-02-20,1788,1718,70,96.08501118568232,3.9149888143176734
958,1356,61,2026-04-30,1891,1843,48,97.46166049709149,2.538339502908514
959,4559,96,2026-02-21,16,0,16,0.0,100.0
960,1889,199,2026-03-17,19991959,19770142,221817,98.89046891302648,1.1095310869735178
961,3438,2,2026-02-24,1428,1053,375,73.73949579831933,26.260504201680675
962,4490,225,2026-02-04,0,0,0,0.0,0.0
963,1476,215,2026-04-06,1546,1173,373,75.8732212160414,24.126778783958603
964,3100,93,2026-04-09,1969,1874,95,95.17521584560691,4.824784154393093
966,2291,54,2026-02-20,3037,3005,32,98.94632861376358,1.0536713862364175
967,2923,173,2026-03-17,10,0,10,0.0,100.0
968,3145,83,2026-03-16,1252,1244,8,99.36102236421725,0.6389776357827476
969,3626,75,2026-02-19,3932,3818,114,97.10071210579858,2.899287894201424
970,4140,186,2026-04-30,0,0,0,0.0,0.0
971,4676,168,2026-04-30,3921,3731,190,95.1542973731191,4.845702626880898
972,2365,137,2026-02-10,3025,3010,15,99.50413223140497,0.49586776859504134
973,2429,114,2026-03-11,4694,4521,173,96.31444397102685,3.6855560289731573
974,3615,81,2026-04-26,3158,3060,98,96.89677010766307,3.103229892336922
975,4762,152,2026-02-08,944,919,25,97.35169491525424,2.6483050847457625
976,2244,193,2026-03-04,4377,4288,89,97.96664381996801,2.0333561800319853
977,1465,112,2026-02-04,2857,2733,124,95.65978298914945,4.340217010850543
978,71,165,2026-02-26,23816424,23435698,380726,98.40141408298744,1.5985859170125623
979,1044,237,2026-01-04,117,112,5,95.72649572649573,4.273504273504273
980,1168,156,2026-01-28,4625,4586,39,99.15675675675676,0.8432432432432432
981,1620,11,2026-02-14,4794,4661,133,97.22569879015435,2.7743012098456403
982,1430,220,2026-04-09,517,512,5,99.03288201160542,0.9671179883945842
983,4444,101,2026-02-01,559,417,142,74.59749552772809,25.402504472271914
984,940,167,2026-04-30,2023,1974,49,97.57785467128028,2.422145328719723
985,2041,35,2026-01-03,1235,1229,6,99.51417004048582,0.4858299595141701
986,4797,81,2026-02-13,557,252,305,45.24236983842011,54.7576301615799
987,2985,51,2026-03-20,4391,4372,19,99.56729674333864,0.43270325666135273
988,3473,129,2026-02-04,20,0,20,0.0,100.0
989,4772,185,2026-04-30,488,475,13,97.3360655737705,2.663934426229508
990,752,64,2026-03-11,0,0,0,0.0,0.0
991,328,13,2026-04-23,564,485,79,85.99290780141844,14.00709219858156
994,2586,180,2026-02-25,500,407,93,81.39999999999999,18.6
995,1131,174,2026-02-17,965,596,369,61.76165803108808,38.23834196891192
996,4065,240,2026-04-13,815,799,16,98.03680981595092,1.96319018404908
997,386,176,2026-02-09,4438,4217,221,95.02027940513746,4.979720594862551
998,1049,36,2026-03-31,8513576,8349311,164265,98.070552256772,1.9294477432279924
999,9966,9260,2026-04-30,68,68,0,100.0,0.0
1000,3885,175,2026-02-04,2976,2945,31,98.95833333333334,1.0416666666666665
1001,3997,154,2026-02-22,656,654,2,99.6951219512195,0.3048780487804878
1002,2182,158,2026-04-20,0,0,0,0.0,0.0
1003,2387,84,2026-01-07,21807959,21682244,125715,99.42353615026514,0.5764638497348605
1004,2186,133,2026-04-03,4307,4250,57,98.67657302066404,1.3234269793359648
1005,1236,35,2026-04-09,3187,3184,3,99.90586758707248,0.09413241292751805
1006,1383,141,2026-01-09,4346,4343,3,99.93097100782329,0.06902899217671422
1007,4723,193,2026-01-12,314,308,6,98.08917197452229,1.910828025477707
1008,2880,250,2026-03-18,500,476,24,95.19999999999999,4.8
1009,4171,158,2026-03-20,14266897,14139370,127527,99.10613359022639,0.893866409773618
1010,1584,156,2026-01-11,2614,2610,4,99.84697781178271,0.1530221882172915
1011,4613,17,2026-01-27,390,75,315,19.230769230769234,80.76923076923077
1012,2597,181,2026-02-16,2958,2873,85,97.12643678160919,2.8735632183908044
1013,2568,178,2026-01-15,0,0,0,0.0,0.0
1014,4798,235,2026-03-28,1937,1933,4,99.79349509550852,0.20650490449148168
1015,3271,98,2026-04-22,509,501,8,98.42829076620825,1.5717092337917484
1016,3085,213,2026-02-04,57,57,0,100.0,0.0
1017,1630,215,2026-01-30,3763,3748,15,99.60138187616263,0.3986181238373638
1019,3858,206,2026-04-06,1119,682,437,60.94727435210009,39.05272564789991
1020,4782,229,2026-03-06,6162310,5811301,351009,94.3039379713127,5.696062028687295
1021,1457,59,2026-04-03,3535,3429,106,97.001414427157,2.9985855728429986
1022,3198,5,2026-02-18,1591,1520,71,95.53739786297926,4.462602137020742
1023,97,228,2026-01-27,4839,4818,21,99.5660260384377,0.4339739615623063
1024,1997,149,2026-03-07,270,263,7,97.4074074074074,2.5925925925925926
1025,3110,131,2026-02-08,0,0,0,0.0,0.0
1026,2699,207,2026-02-18,8944905,8523237,421668,95.28594210894357,4.714057891056417
1027,377,250,2026-02-03,295,160,135,54.23728813559322,45.76271186440678
1028,616,103,2026-02-06,3647,3468,179,95.09185632026323,4.90814367973677
1029,1598,23,2026-01-14,3083,3043,40,98.70256243918261,1.2974375608173856
1030,918,184,2026-02-07,1081,1038,43,96.02220166512488,3.9777983348751156
1031,3583,17,2026-03-29,4005,3994,11,99.72534332084894,0.2746566791510612
1032,2830,243,2026-02-15,3173,3103,70,97.79388591238576,2.2061140876142455
1033,2740,87,2026-03-29,2780,2765,15,99.46043165467626,0.539568345323741
1034,3880,28,2026-02-20,1364,1302,62,95.45454545454545,4.545454545454546
1035,257,96,2026-04-23,241,234,7,97.0954356846473,2.904564315352697
1036,3390,108,2026-01-10,4032,3847,185,95.41170634920636,4.58829365079365
1037,2041,10,2026-03-20,3549,3383,166,95.32262609185686,4.677373908143139
1038,9128,9435,2026-01-01,43,43,0,100.0,0.0
1039,3341,11,2026-01-19,2370,2272,98,95.8649789029536,4.135021097046414
1040,4299,231,2026-02-13,1131,1097,34,96.99381078691424,3.0061892130857646
1041,2876,80,2026-03-15,4555,4395,160,96.4873765093304,3.512623490669594
1042,4915,206,2026-01-26,4765,4696,69,98.55194123819517,1.4480587618048268
1043,4777,44,2026-01-17,3107,2976,131,95.78371419375603,4.216285806243966
1044,3302,148,2026-03-10,2998,2898,100,96.66444296197466,3.3355570380253505
1045,2945,224,2026-01-06,437,416,21,95.19450800915332,4.805491990846682
1046,359,96,2026-04-01,1174,896,278,76.32027257240205,23.679727427597953
1047,4749,198,2026-02-04,68,68,0,100.0,0.0
1048,1904,200,2026-04-25,4364,4157,207,95.25664527956003,4.743354720439964
1049,4016,174,2026-04-26,385,354,31,91.94805194805194,8.051948051948052
1050,4386,125,2026-01-11,4448,4331,117,97.36960431654677,2.630395683453237
1051,1708,236,2026-02-18,1649,1627,22,98.66585809581565,1.334141904184354
1052,1099,96,2026-02-01,3239,3197,42,98.70330348873108,1.2966965112689102
1053,3626,161,2026-01-18,0,0,0,0.0,0.0
1054,4270,52,2026-03-15,23582466,23248001,334465,98.58172169102247,1.418278308977526
1055,795,102,2026-02-04,0,0,0,0.0,0.0
1056,4364,74,2026-01-06,4282,4150,132,96.91732835123774,3.0826716487622607
1057,4573,80,2026-02-24,1297,1263,34,97.37856592135698,2.621434078643022
1058,2309,68,2026-01-05,1307,1249,58,95.56235654169855,4.437643458301454
1059,2027,80,2026-03-12,4974,4729,245,95.07438681141937,4.92561318858062
1060,1244,201,2026-03-20,942,940,2,99.78768577494692,0.21231422505307856
1061,283,79,2026-04-13,3084,2967,117,96.20622568093385,3.7937743190661477
1062,852,202,2026-04-02,1683,1615,68,95.95959595959596,4.040404040404041
1063,1725,16,2026-02-02,4037,3949,88,97.82016348773843,2.17983651226158
1064,3637,121,2026-02-22,865,461,404,53.294797687861276,46.705202312138724
1065,3470,1,2026-04-30,3846,3801,45,98.82995319812792,1.1700468018720749
1066,2660,222,2026-01-06,1,0,1,0.0,100.0
1067,118,207,2026-05-01,3293,3247,46,98.60309747950198,1.396902520498026
1068,586,237,2026-02-13,799,501,298,62.703379224030044,37.29662077596996
1069,2160,41,2026-04-17,1618,1615,3,99.81458590852905,0.1854140914709518
1070,2039,223,2026-03-03,2694,2575,119,95.58277654046027,4.417223459539718
1071,3875,130,2026-04-12,1152,1149,3,99.73958333333334,0.26041666666666663
1072,4407,21,2026-03-09,3091,3072,19,99.3853121967001,0.6146878032999029
1073,1154,186,2026-01-22,4261,4056,205,95.18892278807792,4.8110772119220835
1074,4211,10,2026-04-08,4820,4676,144,97.01244813278008,2.987551867219917
1075,182,105,2026-03-19,4403,4258,145,96.70679082443789,3.2932091755621165
1076,592,57,2026-01-07,2684,2629,55,97.95081967213115,2.0491803278688523
1077,3246,194,2026-04-03,3330,3188,142,95.73573573573574,4.2642642642642645
1078,4101,31,2026-04-22,2502,2457,45,98.20143884892086,1.7985611510791366
1079,4752,131,2026-02-28,17760256,17538209,222047,98.74975338193323,1.2502466180667666
1080,1508,148,2026-04-29,2353,2299,54,97.70505737356567,2.2949426264343393
1081,4430,130,2026-02-15,1711,1689,22,98.71420222092344,1.2857977790765636
1082,4126,121,2026-03-04,2593,2556,37,98.5730813729271,1.4269186270728884
1083,1812,140,2026-04-17,3113,3046,67,97.8477353035657,2.1522646964343077
1084,2206,56,2026-01-28,1945,1861,84,95.68123393316196,4.318766066838046
1085,3962,126,2026-04-28,9150946,8835814,315132,96.5562904643957,3.4437095356042975
1086,3639,9,2026-01-13,1780,1729,51,97.13483146067415,2.8651685393258424
1087,9218,9517,2026-03-30,26,26,0,100.0,0.0
1088,3541,69,2026-03-24,3048,2990,58,98.0971128608924,1.9028871391076114
1089,4946,91,2026-03-26,1344,1306,38,97.17261904761905,2.8273809523809526
1090,4258,248,2026-04-14,4792,4571,221,95.3881469115192,4.611853088480801
1091,2029,231,2026-03-15,4487,4324,163,96.36728326275909,3.632716737240918
1092,3494,55,2026-02-26,0,0,0,0.0,0.0
1094,334,28,2026-04-10,3496,3431,65,98.14073226544623,1.8592677345537756
1095,4765,189,2026-04-16,2957,2858,99,96.65201217450118,3.3479878254988167
1096,1118,170,2026-01-14,4518,4448,70,98.4506418769367,1.5493581230633025
1097,2592,161,2026-02-22,725,704,21,97.10344827586206,2.896551724137931
1098,4182,171,2026-03-12,4504,4416,88,98.04618117229128,1.9538188277087036
1099,3762,27,2026-03-11,4688,4609,79,98.31484641638225,1.6851535836177476
1100,414,12,2026-01-21,824,824,0,100.0,0.0
1101,862,154,2026-02-07,489,93,396,19.018404907975462,80.98159509202453
1102,1661,245,2026-03-05,4651,4457,194,95.82885400989034,4.171145990109654
1103,4644,38,2026-01-17,3040,2940,100,96.71052631578947,3.289473684210526
1104,1687,102,2026-02-09,3062,3057,5,99.83670803396473,0.16329196603527107
1105,264,225,2026-01-14,4751,4560,191,95.97979372763629,4.020206272363713
1106,1471,240,2026-04-11,4974,4746,228,95.41616405307599,4.583835946924005
1107,2814,219,2026-10-02,20,0,20,0.0,100.0
1108,1026,176,2026-04-12,2401,2323,78,96.75135360266556,3.248646397334444
1109,1268,147,2026-04-30,3711,3624,87,97.65561843168958,2.3443815683104283
1110,1826,235,2026-03-19,3656,3622,34,99.07002188183807,0.9299781181619257
1111,2576,135,2026-01-07,3665,3503,162,95.57980900409277,4.42019099590723
1112,3748,182,2026-03-07,3397,3353,44,98.70473947600824,1.2952605239917574
1113,788,14,2026-04-18,745,414,331,55.57046979865772,44.42953020134228
1114,2286,206,2026-04-30,4992,4903,89,98.21714743589743,1.782852564102564
1115,1289,173,2026-01-19,2814,2746,68,97.58351101634683,2.4164889836531627
1116,3296,168,2026-03-12,1220,1205,15,98.77049180327869,1.2295081967213115
1117,1335,22,2026-04-16,328,63,265,19.20731707317073,80.79268292682927
1118,272,233,2026-03-12,4208,4154,54,98.71673003802282,1.2832699619771863
1119,3705,91,2026-04-05,740,513,227,69.32432432432432,30.675675675675674
1120,1948,242,2026-03-03,3249,3198,51,98.4302862419206,1.569713758079409
1121,4447,230,2026-04-02,3296,3148,148,95.50970873786407,4.490291262135923
1123,9614,9577,2026-01-31,82,67,15,81.70731707317073,18.29268292682927
1124,2140,91,2026-01-25,4078,4035,43,98.9455615497793,1.0544384502206965
1125,2097,170,2026-03-15,62,61,1,98.38709677419355,1.6129032258064515
1126,2821,191,2026-01-01,2377,2352,25,98.94825410180901,1.051745898190997
1127,3593,235,2026-03-14,961,948,13,98.64724245577523,1.352757544224766
1128,3393,240,2026-02-06,2295,2237,58,97.4727668845316,2.52723311546841
1129,4705,175,2026-01-20,1768,1740,28,98.41628959276018,1.583710407239819
1130,4732,93,2026-01-07,823,817,6,99.27095990279466,0.7290400972053462
1131,3180,133,2026-04-24,3504,3427,77,97.80251141552512,2.1974885844748857
1133,1015,196,2026-04-13,446,101,345,22.6457399103139,77.3542600896861
1134,1787,79,2026-03-13,19596472,19139995,456477,97.67061642524226,2.3293835747577423
1136,4332,239,2026-04-10,3348,3239,109,96.74432497013143,3.255675029868578
1137,2849,75,2026-01-27,1660,1640,20,98.79518072289156,1.2048192771084338
1138,3371,23,2026-04-22,4892,4748,144,97.05641864268193,2.9435813573180702
1139,3476,247,2026-02-25,2346,2276,70,97.01619778346121,2.9838022165387894
1140,9822,9694,2026-01-27,35,35,0,100.0,0.0
1141,3739,239,2026-02-25,1422,1392,30,97.8902953586498,2.109704641350211
1142,1287,19,2026-02-28,1460,1434,26,98.21917808219179,1.7808219178082192
1143,3458,11,2026-02-07,4861,4705,156,96.79078378934376,3.209216210656243
1144,885,191,2026-03-27,1207,1163,44,96.3545981772991,3.645401822700911
1145,2061,108,2026-03-05,484,478,6,98.7603305785124,1.2396694214876034
1146,692,207,2026-01-07,3445,3276,169,95.09433962264151,4.905660377358491
1147,847,175,2026-03-27,754,501,253,66.44562334217507,33.55437665782494
1148,1693,16,2026-02-04,0,0,0,0.0,0.0
1149,2800,92,2026-04-03,1724,1301,423,75.46403712296984,24.535962877030162
1150,4689,200,2026-04-04,1085,1077,8,99.2626728110599,0.7373271889400922
1151,1910,226,2026-04-13,570,514,56,90.17543859649123,9.824561403508772
1152,3353,87,2026-05-01,2040,2015,25,98.77450980392157,1.2254901960784315
1153,883,163,2026-04-18,349,336,13,96.27507163323781,3.7249283667621778
1154,392,203,2026-03-16,0,0,0,0.0,0.0
1155,3039,162,2026-03-17,1029,996,33,96.7930029154519,3.206997084548105
1156,4139,57,2026-04-06,2647,2525,122,95.39100868908199,4.60899131091802
1157,1539,108,2026-01-13,3364,3357,7,99.79191438763377,0.2080856123662307
1158,808,158,2026-04-03,2615,2496,119,95.44933078393882,4.550669216061185
1159,1754,55,2026-01-05,2398,2282,116,95.16263552960801,4.837364470391994
1160,2540,123,2026-04-13,675,667,8,98.81481481481481,1.1851851851851851
1161,4559,90,2026-03-02,248,243,5,97.98387096774194,2.0161290322580645
1162,4139,40,2026-03-08,2851,2772,79,97.22904244124868,2.770957558751315
1164,3015,40,2026-02-04,3708,3631,77,97.92340884573895,2.0765911542610573
1166,3304,248,2026-03-18,845,812,33,96.09467455621302,3.9053254437869818
1167,4072,84,2026-01-20,3284,3126,158,95.18879415347138,4.811205846528624
1169,4367,22,2026-04-24,1008,816,192,80.95238095238095,19.047619047619047
1170,126,59,2026-04-22,2729,2689,40,98.53426163429828,1.4657383657017222
1172,3121,14,2026-03-26,4622,4622,0,100.0,0.0
1173,4624,192,2026-01-14,2093,2031,62,97.03774486383182,2.9622551361681797
1174,4326,44,2026-02-28,687,351,336,51.09170305676856,48.90829694323144
1175,2169,243,2026-03-20,789,768,21,97.33840304182509,2.6615969581749046
1176,2410,100,2026-01-26,4530,4520,10,99.77924944812362,0.22075055187637968
1177,3651,216,2026-04-13,712,416,296,58.42696629213483,41.57303370786517
1178,675,1,2026-01-16,915,910,5,99.4535519125683,0.546448087431694
1180,1297,60,2026-02-04,32,12,20,37.5,62.5
1181,2777,160,2026-01-27,4521,4458,63,98.60650298606502,1.39349701393497
1182,755,209,2026-03-23,3250,3121,129,96.03076923076924,3.9692307692307693
1184,3684,174,2026-01-17,3909,3905,4,99.89767203888462,0.10232796111537479
1185,2534,84,2026-04-01,1679,1648,31,98.15366289458011,1.846337105419893
1186,1972,161,2026-03-09,1331,1271,60,95.49211119459054,4.507888805409467
1187,3040,152,2026-01-30,171,77,94,45.02923976608187,54.97076023391813
1188,160,232,2026-04-04,3762,3641,121,96.78362573099415,3.216374269005848
1189,1018,198,2026-04-08,972,669,303,68.82716049382715,31.17283950617284
1190,3748,11,2026-02-15,3039,2939,100,96.70944389601843,3.2905561039815727
1191,1057,90,2026-01-15,1553,1537,16,98.96973599484869,1.03026400515132
1192,4525,93,2026-03-21,805,381,424,47.329192546583855,52.670807453416145
1193,3735,177,2026-01-01,2590,2478,112,95.67567567567568,4.324324324324325
1194,1017,3,2026-03-01,4188,4027,161,96.1556829035339,3.844317096466093
1195,3384,13,2026-04-28,0,0,0,0.0,0.0
1196,2924,31,2026-01-21,4020,3980,40,99.00497512437812,0.9950248756218906
1197,3843,143,2026-03-14,507,494,13,97.43589743589743,2.564102564102564
1198,1911,111,2026-03-13,4858,4680,178,96.33594071634417,3.6640592836558254
1199,1182,57,2026-01-07,3721,3670,51,98.6294006987369,1.3705993012631015
1200,1529,240,2026-02-20,1151,733,418,63.68375325803649,36.31624674196351
1201,863,25,2026-01-15,65,63,2,96.92307692307692,3.076923076923077
1202,4725,100,2026-04-03,2136,2064,72,96.62921348314607,3.3707865168539324
1203,4475,138,2026-03-09,3924,3904,20,99.49031600407747,0.509683995922528
1204,628,66,2026-04-13,1284,1242,42,96.72897196261682,3.2710280373831773
1205,560,60,2026-02-19,2472,2380,92,96.27831715210357,3.7216828478964405
1206,4030,3,2026-04-20,251,247,4,98.40637450199203,1.593625498007968
1207,644,35,2026-03-05,4565,4400,165,96.3855421686747,3.614457831325301
1208,3662,223,2026-03-20,4497,4362,135,96.99799866577719,3.0020013342228156
1209,3956,109,2026-03-06,1194,1160,34,97.15242881072027,2.8475711892797317
1210,215,241,2026-01-05,2557,2552,5,99.80445834962846,0.19554165037152915
1211,603,172,2026-04-03,0,0,0,0.0,0.0
1212,1474,82,2026-03-05,578,109,469,18.858131487889274,81.14186851211073
1213,4302,237,2026-02-26,0,0,0,0.0,0.0
1214,1877,134,2026-02-11,4423,4314,109,97.53560931494461,2.4643906850553923
1215,3361,149,2026-04-10,114,75,39,65.78947368421053,34.21052631578947
1216,3627,132,2026-02-04,0,0,0,0.0,0.0
1217,3554,211,2026-02-02,1131,1115,16,98.58532272325375,1.414677276746242
1218,2039,11,2026-03-13,4297,4138,159,96.29974400744705,3.700255992552944
1219,2687,247,2026-04-04,3765,3592,173,95.40504648074369,4.5949535192563085
1220,3239,223,2026-01-17,2562,2517,45,98.24355971896955,1.756440281030445
1221,776,30,2026-04-03,4786,4773,13,99.72837442540744,0.27162557459256165
1223,123,192,2026-04-21,20839948,20378341,461607,97.78498967463834,2.215010325361656
1225,745,187,2026-03-23,865,854,11,98.72832369942196,1.2716763005780347
1226,1341,36,2026-02-04,508,486,22,95.66929133858267,4.330708661417323
1227,1022,59,2026-02-22,3565,3459,106,97.02664796633941,2.973352033660589
1228,1561,168,2026-03-15,217,217,0,100.0,0.0
1229,3666,57,2026-02-01,626,610,16,97.44408945686901,2.5559105431309903
1230,2523,239,2026-03-23,2377,2375,2,99.91586032814472,0.08413967185527976
1231,2438,5,2026-03-25,0,0,0,0.0,0.0
1232,182,66,2026-02-04,13,0,13,0.0,100.0
1233,449,67,2026-04-06,4612,4600,12,99.7398091934085,0.26019080659150046
1234,1619,71,2026-04-21,4606,4407,199,95.67954841511073,4.320451584889275
1235,698,33,2026-04-28,2874,2797,77,97.32080723729993,2.6791927627000693
1236,2950,56,2026-02-03,1439,1412,27,98.12369701181376,1.8763029881862403
1238,4416,16,2026-04-07,2827,2819,8,99.71701450300672,0.2829854969932791
1239,1496,141,2026-04-07,0,0,0,0.0,0.0
1240,557,59,2026-03-15,237,227,10,95.78059071729957,4.219409282700422
1241,4344,234,2026-01-19,4722,4508,214,95.46802202456585,4.531977975434138
1242,3316,23,2026-01-31,299,224,75,74.91638795986621,25.08361204013378
1243,3924,72,2026-03-08,2713,2681,32,98.82049391817176,1.1795060818282344
1245,2688,34,2026-04-01,6424636,5980007,444629,93.07931219760933,6.920687802390672
1246,455,49,2026-01-28,706,460,246,65.15580736543909,34.844192634560905
1247,1892,174,2026-04-23,1621,1614,7,99.56816779765578,0.431832202344232
1248,4087,34,2026-02-01,4868,4809,59,98.78800328677075,1.2119967132292524
1249,2600,57,2026-03-31,324,254,70,78.39506172839506,21.604938271604937
1251,2615,129,2026-01-31,4129,4048,81,98.03826592395252,1.961734076047469
1252,737,105,2026-02-07,409,401,8,98.0440097799511,1.9559902200488997
1253,900,11,2026-04-04,201,92,109,45.77114427860697,54.22885572139303
1254,1169,129,2026-01-16,330,327,3,99.0909090909091,0.9090909090909091
1255,3372,242,2026-02-02,6668967,6521575,147392,97.78988260100853,2.210117398991478
1256,209,92,2026-03-08,1283,896,387,69.83632112236945,30.163678877630552
1257,1142,143,2026-02-23,1677,1601,76,95.46809779367919,4.531902206320812
1259,2870,125,2026-04-28,1079,1057,22,97.96107506950881,2.0389249304911954
1260,4137,33,2026-02-27,1702,1638,64,96.23971797884842,3.7602820211515864
1261,3465,69,2026-02-07,2889,2819,70,97.57701626860505,2.4229837313949463
1262,1808,241,2026-02-16,1719,1704,15,99.12739965095986,0.8726003490401396
1263,1076,211,2026-01-27,414,414,0,100.0,0.0
1264,4446,235,2026-02-12,2362,2355,7,99.70364098221846,0.29635901778154106
1265,4941,199,2026-03-21,42,41,1,97.61904761904762,2.380952380952381
1266,1375,5,2026-02-04,84,66,18,78.57142857142857,21.428571428571427
1267,3516,198,2026-03-20,814,800,14,98.28009828009829,1.71990171990172
1268,2281,188,2026-01-20,583,573,10,98.28473413379074,1.7152658662092626
1269,1437,211,2026-04-29,468,377,91,80.55555555555556,19.444444444444446
1270,2098,135,2026-01-23,994,968,26,97.38430583501007,2.61569416498994
1272,2685,171,2026-01-08,377,295,82,78.24933687002653,21.750663129973475
1273,253,177,2026-02-22,530,522,8,98.49056603773585,1.509433962264151
1274,3328,151,2026-02-26,61,45,16,73.77049180327869,26.229508196721312
1275,4542,182,2026-01-08,3785,3765,20,99.47159841479525,0.5284015852047557
1276,4880,51,2026-03-04,243,235,8,96.70781893004116,3.292181069958848
1277,466,228,2026-02-14,2082,2008,74,96.44572526416907,3.554274735830932
1279,382,131,2026-04-26,616,595,21,96.5909090909091,3.4090909090909087
1280,4560,21,2026-03-11,3973,3955,18,99.54694185753839,0.45305814246161585
1281,1004,240,2026-05-01,170,167,3,98.23529411764706,1.7647058823529411
1282,3362,14,2026-01-28,3201,3117,84,97.37582005623243,2.6241799437675724
1283,1866,75,2026-03-01,488,485,3,99.38524590163934,0.6147540983606558
1284,881,202,2026-02-02,2227,2136,91,95.91378536147283,4.086214638527166
1285,2054,17,2026-01-20,197,153,44,77.66497461928934,22.33502538071066
1286,1211,156,2026-02-04,0,0,0,0.0,0.0
1287,4761,195,2026-04-29,3408,3278,130,96.18544600938968,3.814553990610329
1288,988,33,2026-03-11,3202,3076,126,96.06495940037476,3.9350405996252342
1289,4501,110,2026-04-27,2654,2541,113,95.74227581009796,4.257724189902035
1290,137,55,2026-03-18,2466,2432,34,98.62124898621249,1.37875101378751
1291,1888,125,2026-02-27,559,536,23,95.8855098389982,4.114490161001789
1292,3969,32,2026-02-23,16,0,16,0.0,100.0
1293,4566,238,2026-01-28,695,682,13,98.1294964028777,1.870503597122302
1294,1629,200,2026-02-03,1689,1613,76,95.50029603315572,4.499703966844287
1295,4798,73,2026-04-14,4491,4342,149,96.68225339568025,3.3177466043197503
1297,4928,233,2026-04-02,3557,3476,81,97.72280011245431,2.2771998875456845
1298,836,99,2026-01-01,22781755,22346658,435097,98.09015152695655,1.9098484730434506
1299,2217,5,2026-04-14,4716,4553,163,96.54368108566582,3.4563189143341813
1300,4183,8,2026-04-24,23304921,23131896,173025,99.2575602380287,0.7424397619713021
1301,4620,157,2026-04-11,2640,2541,99,96.25,3.75
1302,452,167,2026-01-13,3659,3488,171,95.32659196501776,4.673408034982236
1303,4866,84,2026-03-16,2786,2739,47,98.3129935391242,1.6870064608758075
1304,1918,58,2026-02-08,1089,1066,23,97.88797061524335,2.1120293847566574
1305,1108,188,2026-01-03,1527,1503,24,98.42829076620825,1.5717092337917484
1306,4519,138,2026-02-12,117,53,64,45.2991452991453,54.700854700854705
1307,1544,7,2026-03-11,10248281,10058241,190040,98.14564022981025,1.8543597701897518
1308,4076,240,2026-04-14,0,0,0,0.0,0.0
1309,1753,151,2026-01-19,2042,1951,91,95.5435847208619,4.4564152791381
1310,201,86,2026-01-18,4841,4807,34,99.29766577153481,0.7023342284651931
1311,2412,111,2026-01-25,3894,3717,177,95.45454545454545,4.545454545454546
1312,3882,213,2026-01-22,1589,1576,13,99.18187539332914,0.8181246066708621
1313,2366,183,2026-03-13,2047,1969,78,96.18954567659989,3.810454323400098
1314,3535,36,2026-01-18,4967,4892,75,98.49003422589088,1.5099657741091201
1315,2725,133,2026-04-08,1635,1633,2,99.8776758409786,0.12232415902140673
1316,1411,188,2026-04-22,2172,2097,75,96.54696132596685,3.4530386740331496
1317,2417,77,2026-02-25,0,0,0,0.0,0.0
1318,2946,34,2026-01-22,1200,833,367,69.41666666666667,30.583333333333336
1319,586,28,2026-04-20,4278,4138,140,96.72744273024779,3.272557269752221
1320,2189,9,2026-01-18,3584,3474,110,96.93080357142857,3.0691964285714284
1321,551,158,2026-01-18,888,542,346,61.03603603603604,38.96396396396396
1322,1988,131,2026-01-18,4575,4494,81,98.22950819672131,1.7704918032786885
1323,2770,44,2026-04-29,2125,2108,17,99.2,0.8
1324,2417,149,2026-03-29,1099,1089,10,99.09008189262967,0.9099181073703366
1325,1782,116,2026-03-15,1522,1512,10,99.34296977660972,0.657030223390276
1326,308,187,2026-01-14,4301,4187,114,97.34945361543828,2.65054638456173
1327,1218,142,2026-01-11,3618,3564,54,98.50746268656717,1.4925373134328357
1328,1492,203,2026-04-05,846,806,40,95.27186761229315,4.7281323877068555
1329,808,65,2026-04-16,1662,1632,30,98.19494584837545,1.8050541516245486
1330,3735,75,2026-03-22,6,0,6,0.0,100.0
1331,4807,17,2026-01-23,2657,2589,68,97.44072261949567,2.5592773805043283
1332,9252,9322,2026-04-18,0,0,0,0.0,0.0
1333,617,160,2026-04-20,181,179,2,98.89502762430939,1.1049723756906076
1334,1401,49,2026-04-07,2765,2699,66,97.61301989150091,2.386980108499096
1335,1036,170,2026-01-06,10,0,10,0.0,100.0
1336,2488,82,2026-04-13,4722,4712,10,99.78822532825075,0.21177467174925876
1337,3541,92,2026-03-07,4696,4478,218,95.35775127768314,4.642248722316865
1338,3500,179,2026-04-13,3807,3636,171,95.50827423167848,4.491725768321513
1339,9769,9793,2026-02-28,0,0,0,0.0,0.0
1340,957,52,2026-04-30,861,835,26,96.98025551684088,3.0197444831591174
1341,1575,232,2026-04-06,1312,972,340,74.08536585365853,25.914634146341463
1342,3979,103,2026-04-25,2359,2270,89,96.22721492157694,3.7727850784230603
1343,2020,145,2026-03-23,492,171,321,34.756097560975604,65.2439024390244
1344,4234,190,2026-02-26,4998,4852,146,97.07883153261304,2.9211684673869547
1345,467,51,2026-02-23,2137,2056,81,96.20963968179692,3.7903603182030885
1346,1060,147,2026-04-16,78,73,5,93.58974358974359,6.41025641025641
1347,4915,18,2026-04-19,198,194,4,97.97979797979798,2.0202020202020203
1349,4680,101,2026-03-07,583,555,28,95.19725557461408,4.802744425385934
1350,2864,66,2026-04-22,4487,4437,50,98.88566971250279,1.1143302874972143
1351,3662,78,2026-03-14,1082,1061,21,98.05914972273567,1.9408502772643252
1352,4111,84,2026-01-02,2839,2832,7,99.75343430785489,0.24656569214512153
1353,4142,54,2026-03-13,248,244,4,98.38709677419355,1.6129032258064515
1354,28,199,2026-04-10,14787060,14601106,185954,98.74245455147947,1.2575454485205309
1355,2144,128,2026-04-27,0,0,0,0.0,0.0
1356,3356,203,2026-01-10,2358,2326,32,98.64291772688719,1.3570822731128074
1357,425,33,2026-01-15,1342,1342,0,100.0,0.0
1358,3473,85,2026-03-03,1450,1387,63,95.6551724137931,4.344827586206897
1359,3194,214,2026-01-03,1939,1859,80,95.87416193914389,4.125838060856111
1360,4490,108,2026-01-28,4099,3994,105,97.43839960966089,2.561600390339107
1361,1809,218,2026-04-21,2907,2835,72,97.52321981424149,2.476780185758514
1362,987,42,2026-04-11,9938732,9798342,140390,98.587445561466,1.4125544385340103
1363,1164,229,2026-02-09,2530,2499,31,98.77470355731225,1.225296442687747
1364,739,202,2026-04-08,618,605,13,97.89644012944983,2.103559870550162
1365,4460,32,2026-01-13,3541,3540,1,99.97175939000283,0.02824060999717594
1366,1850,105,2026-02-11,16915209,16719288,195921,98.84174650162466,1.1582534983753379
1367,24,216,2026-03-17,4549,4526,23,99.49439437238954,0.5056056276104638
1368,1321,11,2026-04-12,2447,2325,122,95.01430322844298,4.985696771557008
1369,2169,90,2026-02-04,42,33,9,78.57142857142857,21.428571428571427
1370,2786,4,2026-04-20,995,977,18,98.19095477386935,1.809045226130653
1371,3317,205,2026-03-09,3538,3377,161,95.44940644431883,4.550593555681176
1372,4203,149,2026-03-17,2874,2828,46,98.39944328462073,1.6005567153792624
1373,2567,30,2026-01-02,3880,3874,6,99.84536082474227,0.15463917525773196
1375,1339,114,2026-02-18,3824,3805,19,99.50313807531381,0.49686192468619245
1376,1176,205,2026-03-24,3055,2918,137,95.51554828150573,4.484451718494271
1378,438,89,2026-03-10,559,533,26,95.34883720930233,4.651162790697675
1380,1261,117,2026-02-10,1248,1064,184,85.25641025641025,14.743589743589745
1382,260,167,2026-01-02,1967,1914,53,97.30554143365532,2.6944585663446876
1383,2264,197,2026-03-22,1391,1373,18,98.705966930266,1.2940330697340043
1384,1638,8,2026-01-13,4930,4893,37,99.24949290060852,0.7505070993914807
1385,2650,89,2026-01-17,15745468,15563625,181843,98.84510895452584,1.1548910454741645
1386,3970,42,2026-03-01,1888,1887,1,99.94703389830508,0.05296610169491525
1387,576,182,2026-04-03,205,199,6,97.07317073170731,2.9268292682926833
1388,886,207,2026-03-13,7179603,6901858,277745,96.13147133622849,3.868528663771521
1389,4852,50,2026-01-05,1449,1380,69,95.23809523809523,4.761904761904762
1390,3852,236,2026-02-14,2101,1638,463,77.96287482151357,22.037125178486434
1391,1055,37,2026-04-14,8506110,8063498,442612,94.79654036921696,5.2034596307830485
1392,4678,178,2026-02-04,84,78,6,92.85714285714286,7.142857142857142
1393,351,75,2026-01-05,3571,3556,15,99.57994959395128,0.42005040604872584
1394,1321,102,2026-02-19,95,94,1,98.94736842105263,1.0526315789473684
1395,529,184,2026-10-01,0,0,0,0.0,0.0
1396,952,96,2026-02-22,4885,4669,216,95.5783009211873,4.421699078812693
1397,2210,239,2026-03-27,3755,3626,129,96.56458055925434,3.4354194407456724
1398,4136,195,2026-01-12,4383,4183,200,95.43691535477983,4.563084645220169
1399,1373,24,2026-03-26,1624,1579,45,97.22906403940887,2.770935960591133
1400,3231,65,2026-02-04,0,0,0,0.0,0.0
1401,9060,9722,2026-02-13,50,43,7,86.0,14.000000000000002
1402,1871,71,2026-03-19,14712346,14385407,326939,97.77779152284755,2.222208477152454
1403,631,194,2026-01-10,2604,2580,24,99.07834101382488,0.9216589861751152
1404,4069,28,2026-04-28,4278,4161,117,97.26507713884993,2.73492286115007
1405,2866,184,2026-03-06,3050,2936,114,96.26229508196721,3.7377049180327866
1406,3751,240,2026-04-12,594,586,8,98.65319865319864,1.3468013468013467
1407,3839,141,2026-04-27,614,605,9,98.53420195439739,1.4657980456026058
1408,9706,9037,2026-01-11,106,96,10,90.56603773584906,9.433962264150944
1409,3750,212,2026-03-28,2660,2587,73,97.25563909774436,2.744360902255639
1410,246,193,2026-04-22,4739,4656,83,98.24857564887107,1.75142435112893
1411,1009,170,2026-02-20,1792,1756,36,97.99107142857143,2.0089285714285716
1412,2472,27,2026-03-19,4912,4680,232,95.27687296416939,4.723127035830619
1413,3361,108,2026-03-10,19,19,0,100.0,0.0
1414,2096,86,2026-03-17,2318,2245,73,96.85073339085419,3.1492666091458155
1415,2002,111,2026-01-08,4551,4430,121,97.3412436827071,2.6587563172929025
1416,939,42,2026-02-21,5,0,5,0.0,100.0
1417,9100,9555,2026-02-06,25,6,19,24.0,76.0
1418,529,184,2026-04-17,2372,2346,26,98.90387858347385,1.0961214165261384
1419,4008,43,2026-03-15,1306,1286,20,98.46860643185299,1.5313935681470139
1420,599,170,2026-03-04,2866,2818,48,98.32519190509421,1.6748080949057922
1421,4384,48,2026-04-08,6488799,6111052,377747,94.17847586279063,5.821524137209366
1422,3025,102,2026-01-01,107,105,2,98.13084112149532,1.8691588785046727
1423,1715,75,2026-01-31,2464,2349,115,95.33279220779221,4.667207792207792
1424,2425,102,2026-02-04,2587,2463,124,95.20680324700426,4.7931967529957475
1425,1302,34,2026-01-18,1541,1499,42,97.2744970798183,2.7255029201817003
1426,592,86,2026-02-04,375,364,11,97.06666666666666,2.933333333333333
1427,2428,13,2026-01-13,330,219,111,66.36363636363637,33.63636363636363
1428,2979,244,2026-02-12,1484,1484,0,100.0,0.0
1429,3513,234,2026-04-08,3417,3274,143,95.8150424348844,4.184957565115599
1430,1177,11,2026-02-20,3359,3334,25,99.25573087228342,0.7442691277165823
1431,2784,114,2026-02-14,1379,1320,59,95.72153734590283,4.278462654097172
1432,651,250,2026-02-04,0,0,0,0.0,0.0
1433,728,228,2026-03-12,682,659,23,96.62756598240469,3.3724340175953076
1434,583,153,2026-01-28,2920,2852,68,97.67123287671234,2.328767123287671
1435,575,159,2026-04-11,2810,2714,96,96.58362989323844,3.416370106761566
1436,9291,9214,2026-04-21,71,65,6,91.54929577464789,8.450704225352112
1437,2751,74,2026-02-13,1128,1084,44,96.09929078014184,3.900709219858156
1438,607,61,2026-02-28,4530,4328,202,95.54083885209714,4.459161147902869
1439,552,83,2026-04-22,22033957,21801235,232722,98.94380296739256,1.0561970326074432
1440,3194,196,2026-01-16,2235,2174,61,97.27069351230425,2.7293064876957494
1441,1503,84,2026-04-01,0,0,0,0.0,0.0
1442,560,85,2026-01-16,792,756,36,95.45454545454545,4.545454545454546
1443,3040,11,2026-04-02,1717,1706,11,99.35934769947583,0.64065230052417
1444,3581,237,2026-02-23,552,549,3,99.45652173913044,0.5434782608695652
1445,3921,34,2026-04-06,3860,3819,41,98.93782383419689,1.0621761658031088
1446,1719,204,2026-01-12,3320,3233,87,97.37951807228916,2.6204819277108435
1447,2221,152,2026-02-23,22301907,22138542,163365,99.26748416626434,0.7325158337356532
1448,9421,9835,2026-02-06,62,62,0,100.0,0.0
1449,2865,219,2026-02-16,1450,1409,41,97.17241379310344,2.8275862068965516
1450,2443,63,2026-04-27,799,798,1,99.87484355444305,0.1251564455569462
1451,1435,25,2026-02-09,3378,3253,125,96.299585553582,3.700414446417999
1452,2752,224,2026-01-28,4172,4030,142,96.59635666347076,3.4036433365292424
1453,3828,131,2026-01-17,3657,3497,160,95.62482909488652,4.375170905113481
1454,2066,234,2026-05-01,1173,1146,27,97.69820971867009,2.3017902813299234
1455,2396,75,2026-03-06,723,705,18,97.5103734439834,2.4896265560165975
1456,1021,98,2026-01-15,2940,2827,113,96.156462585034,3.8435374149659864
1457,803,194,2026-03-28,3376,3298,78,97.68957345971565,2.31042654028436
1458,3301,124,2026-03-25,4446,4400,46,98.96536212325687,1.03463787674314
1459,1992,27,2026-01-15,647,637,10,98.45440494590417,1.545595054095827
1460,3757,243,2026-03-13,4921,4695,226,95.40743751270067,4.59256248729933
1461,211,247,2026-04-26,3120,3097,23,99.26282051282051,0.7371794871794871
1462,4543,182,2026-02-28,602,579,23,96.17940199335548,3.820598006644518
1463,1493,65,2026-02-06,2919,2836,83,97.15656046591299,2.843439534087016
1464,2034,57,2026-02-09,164,161,3,98.17073170731707,1.8292682926829267
1465,2725,200,2026-04-01,3826,3645,181,95.26921066387872,4.730789336121275
1466,9146,9944,2026-03-10,94,79,15,84.04255319148936,15.957446808510639
1467,611,60,2026-04-29,2668,2601,67,97.4887556221889,2.5112443778110944
1468,1953,149,2026-04-18,1532,1488,44,97.12793733681463,2.8720626631853787
1469,3825,209,2026-04-13,3010,2979,31,98.9700996677741,1.0299003322259137
1470,1118,47,2026-04-07,4728,4554,174,96.31979695431471,3.6802030456852792
1471,308,138,2026-02-06,1936,1866,70,96.38429752066115,3.6157024793388426
1472,4922,130,2026-01-02,15860082,15432046,428036,97.3011741049006,2.6988258950994073
1473,627,212,2026-02-01,4645,4623,22,99.52637244348762,0.47362755651237887
1474,3601,51,2026-02-14,649,388,261,59.78428351309707,40.21571648690293
1475,4574,11,2026-01-14,148,146,2,98.64864864864865,1.3513513513513513
1476,4754,215,2026-01-07,3879,3784,95,97.55091518432586,2.449084815674143
1477,2141,46,2026-05-01,4326,4129,197,95.4461396208969,4.553860379103098
1478,1221,24,2026-02-04,60,46,14,76.66666666666667,23.333333333333332
1479,4457,245,2026-02-04,0,0,0,0.0,0.0
1480,2159,121,2026-01-22,3773,3589,184,95.12324410283594,4.8767558971640605
1481,9858,9395,2026-01-31,0,0,0,0.0,0.0
1482,4276,4,2026-02-04,4466,4264,202,95.47693685624719,4.523063143752799
1483,4576,145,2026-01-21,2386,2325,61,97.44341994970662,2.556580050293378
1485,4947,109,2026-02-24,1786,1747,39,97.81634938409854,2.1836506159014557
1487,3783,14,2026-03-30,1244,1222,22,98.23151125401928,1.7684887459807075
1488,9303,9166,2026-04-26,0,0,0,0.0,0.0
1489,4400,141,2026-04-10,2325,2309,16,99.31182795698925,0.6881720430107527
1490,4246,76,2026-01-15,406,70,336,17.24137931034483,82.75862068965517
1491,3709,25,2026-02-09,478,457,21,95.60669456066945,4.393305439330543
1492,630,18,2026-02-10,202,193,9,95.54455445544554,4.455445544554455
1494,2321,74,2026-03-18,3965,3921,44,98.89029003783102,1.1097099621689785
1495,1609,206,2026-01-31,2032,1936,96,95.2755905511811,4.724409448818897
1496,4469,223,2026-02-27,1060,1012,48,95.47169811320755,4.528301886792453
1497,1353,215,2026-01-06,3295,3213,82,97.51138088012141,2.488619119878604
1498,3347,221,2026-03-11,2116,2103,13,99.38563327032136,0.6143667296786389
1499,3724,117,2026-01-24,90,88,2,97.77777777777777,2.2222222222222223
1500,4550,1,2026-03-03,1000,810,190,81.0,19.0
1502,1727,97,2026-02-26,44,44,0,100.0,0.0
1503,4770,154,2026-03-17,2548,2472,76,97.01726844583987,2.9827315541601256
1504,1152,243,2026-01-12,468,465,3,99.35897435897436,0.641025641025641
1505,1059,57,2026-01-16,2535,2441,94,96.29191321499015,3.708086785009862
1506,683,64,2026-03-23,4173,4103,70,98.32254972441888,1.6774502755811167
1507,356,86,2026-03-28,4660,4563,97,97.91845493562231,2.081545064377682
1508,3969,246,2026-02-04,2647,2620,27,98.97997733282962,1.0200226671703816
1509,4508,38,2026-04-25,2449,2341,108,95.59003674969375,4.409963250306247
1510,1526,33,2026-02-01,1657,1611,46,97.22389861194931,2.776101388050694
1511,1188,99,2026-01-20,513,267,246,52.046783625730995,47.953216374269005
1512,2187,72,2026-02-25,4640,4478,162,96.50862068965517,3.4913793103448274
1513,2700,152,2026-01-05,4524,4489,35,99.2263483642794,0.7736516357206012
1514,2104,83,2026-04-22,3838,3832,6,99.84366857738407,0.1563314226159458
1515,4445,248,2026-03-31,2072,1977,95,95.41505791505791,4.584942084942085
1516,1304,215,2026-01-16,1556,1498,58,96.27249357326478,3.7275064267352187
1517,3958,36,2026-01-19,404,211,193,52.22772277227723,47.77227722772277
1518,4303,202,2026-04-13,704,503,201,71.44886363636364,28.551136363636363
1519,1201,241,2026-04-10,3286,3269,17,99.4826536822885,0.5173463177115033
1520,4593,187,2026-01-20,2011,1927,84,95.82297364495275,4.17702635504724
1521,4386,81,2026-01-03,4827,4783,44,99.08846074166149,0.9115392583385125
1522,2509,215,2026-01-13,3622,3572,50,98.61954721148537,1.3804527885146327
1523,3172,158,2026-01-31,0,0,0,0.0,0.0
1524,3239,72,2026-03-16,10,0,10,0.0,100.0
1526,206,250,2026-04-29,3165,3165,0,100.0,0.0
1528,669,72,2026-03-03,2345,2315,30,98.72068230277186,1.279317697228145
1529,4685,38,2026-02-04,1038,567,471,54.6242774566474,45.3757225433526
1530,3390,167,2026-02-04,20,20,0,100.0,0.0
1531,2786,93,2026-04-07,2550,2425,125,95.09803921568627,4.901960784313726
1532,429,231,2026-03-17,3935,3874,61,98.44980940279542,1.5501905972045744
1533,2982,20,2026-04-09,0,0,0,0.0,0.0
1534,2978,224,2026-02-15,4,0,4,0.0,100.0
1535,2858,225,2026-01-17,280,275,5,98.21428571428571,1.7857142857142856
1536,617,202,2026-04-17,2418,2315,103,95.74028122415218,4.259718775847808
1537,3180,81,2026-02-02,2141,2122,19,99.11256422232601,0.8874357776739842
1538,3880,6,2026-04-14,4670,4488,182,96.10278372591007,3.897216274089936
1539,559,120,2026-04-01,887,872,15,98.30890642615559,1.6910935738444193
1540,292,135,2026-02-04,4721,4585,136,97.11925439525524,2.8807456047447575
1541,275,182,2026-02-13,974,934,40,95.89322381930184,4.1067761806981515
1542,4236,86,2026-01-11,2794,2680,114,95.91982820329277,4.08017179670723
1543,3246,69,2026-01-12,877,782,95,89.16761687571265,10.832383124287343
1544,2758,203,2026-03-06,4070,3907,163,95.99508599508599,4.004914004914005
1545,4496,57,2026-03-22,3843,3813,30,99.21935987509758,0.78064012490242
1546,2935,179,2026-02-10,0,0,0,0.0,0.0
1547,4504,201,2026-04-24,2939,2825,114,96.12112963593059,3.8788703640694115
1548,2112,16,2026-03-31,24218830,23777050,441780,98.1758821545054,1.8241178454946008
1549,2925,211,2026-02-16,2814,2789,25,99.11158493248045,0.8884150675195452
1550,4518,57,2026-04-02,0,0,0,0.0,0.0
1551,9365,9337,2026-03-09,0,0,0,0.0,0.0
1552,3544,151,2026-05-01,22697455,22575495,121960,99.4626710351447,0.5373289648553109
1554,1784,237,2026-04-20,2853,2817,36,98.73817034700315,1.2618296529968454
1555,1916,209,2026-03-21,841,837,4,99.52437574316289,0.47562425683709864
1556,2575,102,2026-01-17,3821,3661,160,95.8126144988223,4.187385501177702
1557,4367,175,2026-02-22,0,0,0,0.0,0.0
1558,9241,9022,2026-04-28,50,47,3,94.0,6.0
1559,1481,200,2026-02-13,955,953,2,99.79057591623037,0.20942408376963353
1560,211,130,2026-03-15,2353,2262,91,96.13259668508287,3.867403314917127
1561,34,226,2026-04-20,0,0,0,0.0,0.0
1562,2786,242,2026-04-18,3016,2946,70,97.67904509283821,2.320954907161804
1563,3380,24,2026-02-09,3737,3623,114,96.94942467219695,3.0505753278030503
1564,2185,162,2026-02-13,1092,648,444,59.34065934065934,40.65934065934066
1565,2465,92,2026-04-14,4947,4908,39,99.2116434202547,0.7883565797453002
1566,396,243,2026-03-24,2020,2012,8,99.60396039603961,0.39603960396039606
1567,4195,86,2026-01-26,4295,4264,31,99.27823050058208,0.7217694994179278
1568,3070,247,2026-01-24,35,35,0,100.0,0.0
1569,3257,237,2026-02-14,3055,3046,9,99.70540098199673,0.2945990180032733
1570,1560,210,2026-02-28,1290,1268,22,98.29457364341086,1.7054263565891472
1571,3865,149,2026-04-11,751,733,18,97.60319573901465,2.396804260985353
1572,4896,15,2026-01-30,4830,4620,210,95.65217391304348,4.3478260869565215
1573,3054,220,2026-04-24,3528,3393,135,96.1734693877551,3.826530612244898
1574,4504,21,2026-02-04,1,0,1,0.0,100.0
1575,4794,60,2026-01-17,1131,1100,31,97.25906277630415,2.7409372236958442
1576,3881,184,2026-04-19,418,414,4,99.04306220095694,0.9569377990430622
1578,57,195,2026-02-28,3558,3412,146,95.8965711073637,4.1034288926363125
1579,4556,244,2026-02-04,14,0,14,0.0,100.0
1580,368,205,2026-01-16,2682,2570,112,95.82401193139448,4.175988068605518
1581,3740,209,2026-04-27,2529,2418,111,95.61091340450771,4.389086595492289
1582,2276,147,2026-02-07,606,602,4,99.33993399339934,0.6600660066006601
1583,3696,92,2026-01-30,1095,1083,12,98.9041095890411,1.095890410958904
1584,1391,45,2026-03-21,1021,984,37,96.37610186092067,3.623898139079334
1585,1168,167,2026-02-27,1552,1111,441,71.58505154639175,28.414948453608247
1586,4895,49,2026-04-30,658,636,22,96.65653495440729,3.343465045592705
1587,270,115,2026-03-23,2787,2723,64,97.70362396842482,2.2963760315751705
1588,3364,135,2026-01-19,4139,4006,133,96.78666344527663,3.213336554723363
1589,3725,217,2026-04-12,87,84,3,96.55172413793103,3.4482758620689653
1590,336,164,2026-02-02,1006,999,7,99.3041749502982,0.6958250497017893
1591,2977,82,2026-04-15,2587,2469,118,95.4387321221492,4.561267877850792
1592,3543,207,2026-01-28,5,0,5,0.0,100.0
1593,2232,67,2026-03-07,380,369,11,97.10526315789474,2.8947368421052633
1594,2220,187,2026-01-26,1245,1195,50,95.98393574297188,4.016064257028113
1595,1131,216,2026-03-07,3255,3223,32,99.01689708141322,0.9831029185867896
1596,2954,177,2026-04-11,2417,2308,109,95.49027720314439,4.5097227968556055
1597,4628,206,2026-02-19,2919,2854,65,97.77321000342583,2.226789996574169
1598,4830,31,2026-02-25,2254,2198,56,97.51552795031056,2.484472049689441
1599,65,228,2026-04-09,340,95,245,27.941176470588236,72.05882352941177
1600,1819,150,2026-01-18,1171,1148,23,98.03586678052946,1.964133219470538
1601,3508,115,2026-04-22,1649,1514,135,91.81322013341419,8.186779866585809
1602,2519,28,2026-03-06,1679,1659,20,98.80881477069684,1.1911852293031566
1603,3212,100,2026-04-25,3219,3186,33,98.97483690587138,1.0251630941286114
1604,1156,239,2026-02-28,206,123,83,59.70873786407766,40.29126213592233
1605,1602,19,2026-02-27,2833,2778,55,98.05859512883869,1.941404871161313
1606,444,59,2026-02-09,2236,2139,97,95.6618962432916,4.338103756708408
1607,1854,148,2026-02-14,1503,1486,17,98.86892880904857,1.1310711909514306
1608,2773,34,2026-03-03,4079,3998,81,98.01421917136554,1.9857808286344691
1609,2949,125,2026-03-31,2234,2178,56,97.49328558639212,2.5067144136078783
1610,1532,44,2026-01-28,3291,3202,89,97.2956548161653,2.704345183834701
1611,4442,100,2026-04-10,3046,3040,6,99.80302035456336,0.1969796454366382
1612,1269,107,2026-01-18,1307,1273,34,97.39862280030604,2.601377199693956
1613,1119,195,2026-02-04,92,72,20,78.26086956521739,21.73913043478261
1614,2641,155,2026-01-01,2006,1957,49,97.55732801595214,2.4426719840478563
1615,4425,55,2026-03-27,2114,2088,26,98.77010406811732,1.229895931882687
1616,4960,56,2026-03-07,2132,2122,10,99.53095684803002,0.46904315196998125
1617,2579,134,2026-01-02,2605,2478,127,95.12476007677543,4.8752399232245685
1618,3003,163,2026-04-30,2546,2528,18,99.2930086410055,0.7069913589945012
1619,1101,39,2026-02-12,3190,3069,121,96.20689655172414,3.793103448275862
1620,1817,43,2026-04-11,4901,4728,173,96.47010814119568,3.529891858804326
1621,684,71,2026-02-04,0,0,0,0.0,0.0
1622,1146,73,2026-04-07,1167,949,218,81.31962296486718,18.68037703513282
1623,9431,9779,2026-01-17,11,0,11,0.0,100.0
1624,2638,192,2026-02-08,4005,3845,160,96.00499375780275,3.9950062421972534
1625,451,6,2026-02-17,3253,3225,28,99.13925607131878,0.8607439286812173
1626,2281,186,2026-02-07,4511,4363,148,96.71913101307914,3.2808689869208605
1627,2293,64,2026-04-27,683,321,362,46.99853587115666,53.00146412884333
1628,2517,144,2026-01-21,1362,1328,34,97.50367107195301,2.4963289280469896
1629,3307,149,2026-02-05,590,436,154,73.89830508474576,26.101694915254235
1630,531,13,2026-01-28,67,66,1,98.50746268656717,1.4925373134328357
1631,1453,85,2026-01-25,1254,1246,8,99.36204146730464,0.6379585326953748
1632,1140,225,2026-05-01,3378,3306,72,97.86856127886323,2.1314387211367674
1633,3155,121,2026-03-16,1672,1618,54,96.77033492822966,3.2296650717703352
1634,1499,58,2026-01-18,4942,4815,127,97.43019020639417,2.5698097936058275
1635,4998,55,2026-03-31,3620,3452,168,95.35911602209944,4.640883977900553
1636,406,225,2026-04-13,523,109,414,20.84130019120459,79.1586998087954
1637,2302,143,2026-04-04,388,379,9,97.68041237113401,2.3195876288659796
1638,3747,79,2026-04-24,3013,3008,5,99.83405243942914,0.1659475605708596
1640,1742,75,2026-02-07,0,0,0,0.0,0.0
1641,4319,230,2026-03-12,4876,4847,29,99.40525020508613,0.5947497949138638
1642,4425,201,2026-01-29,12293531,12009297,284234,97.6879384775619,2.3120615224381016
1644,3582,38,2026-03-02,852,812,40,95.30516431924883,4.694835680751173
1645,1864,246,2026-02-04,97,80,17,82.4742268041237,17.525773195876287
1646,3553,153,2026-01-13,2525,2489,36,98.57425742574257,1.425742574257426
1647,4596,228,2026-01-08,1351,1319,32,97.63138415988158,2.3686158401184305
1648,2365,7,2026-01-01,4572,4450,122,97.33158355205599,2.668416447944007
1649,4890,116,2026-04-17,0,0,0,0.0,0.0
1650,1481,3,2026-02-09,1958,1918,40,97.95709908069459,2.0429009193054135
1651,2416,131,2026-02-05,4633,4556,77,98.33800992877185,1.661990071228146
1652,3509,24,2026-02-09,658,633,25,96.20060790273556,3.7993920972644375
1653,3099,120,2026-04-02,4949,4858,91,98.16124469589816,1.8387553041018387
1654,2503,115,2026-02-02,4797,4676,121,97.477590160517,2.5224098394830103
1655,1399,18,2026-04-02,3603,3490,113,96.86372467388288,3.1362753261171243
1656,1334,96,2026-01-11,1068,1033,35,96.72284644194757,3.2771535580524342
1657,4182,92,2026-02-04,17,17,0,100.0,0.0
1658,647,174,2026-01-23,1960,1924,36,98.16326530612245,1.8367346938775513
1660,2168,140,2026-01-16,1611,1567,44,97.26877715704532,2.7312228429546863
1661,45,196,2026-03-24,4797,4592,205,95.72649572649573,4.273504273504273
1662,4845,247,2026-01-11,1946,1936,10,99.48612538540597,0.513874614594039
1663,1962,174,2026-03-12,1834,1761,73,96.0196292257361,3.9803707742639043
1664,3572,21,2026-03-03,17166566,17063545,103021,99.39987415071833,0.6001258492816793
1665,2703,213,2026-01-11,711,699,12,98.31223628691983,1.6877637130801686
1666,1175,141,2026-05-01,5419556,5137547,282009,94.79645565061048,5.2035443493895075
1667,898,232,2026-03-03,613,241,372,39.31484502446982,60.685154975530175
1668,893,99,2026-03-14,3528,3375,153,95.66326530612244,4.336734693877551
1669,94,92,2026-01-01,1846,1793,53,97.12892741061755,2.8710725893824485
1670,4058,59,2026-04-19,2189,2127,62,97.16765646413887,2.8323435358611238
1671,3860,191,2026-03-02,1101,1050,51,95.36784741144415,4.632152588555858
1672,1747,174,2026-03-03,4354,4174,180,95.8658704639412,4.134129536058796
1673,4819,46,2026-04-08,2854,2792,62,97.82761037140855,2.172389628591451
1674,556,123,2026-05-01,251,250,1,99.60159362549801,0.398406374501992
1675,3568,40,2026-01-06,4076,3896,180,95.58390578999018,4.416094210009813
1676,712,117,2026-04-13,1526,1516,10,99.34469200524246,0.655307994757536
1677,530,250,2026-02-10,1352,1319,33,97.55917159763314,2.440828402366864
1678,1564,220,2026-03-18,3339,3315,24,99.28122192273136,0.7187780772686434
1679,599,6,2026-04-03,1862,1485,377,79.75295381310418,20.247046186895812
1680,4828,82,2026-04-30,2014,1930,84,95.8291956305859,4.1708043694141015
1681,3477,114,2026-01-19,2335,2224,111,95.24625267665952,4.753747323340471
1683,51,59,2026-03-15,2994,2862,132,95.59118236472945,4.408817635270541
1684,1598,113,2026-01-14,1963,1936,27,98.62455425369333,1.3754457463066736
1685,1484,85,2026-02-23,1264,1209,55,95.64873417721519,4.351265822784811
1686,357,145,2026-03-07,701,518,183,73.89443651925819,26.105563480741793
1687,3999,213,2026-02-11,235,231,4,98.29787234042553,1.702127659574468
1688,3311,128,2026-03-25,806,771,35,95.6575682382134,4.3424317617866
1689,1496,182,2026-03-19,156,152,4,97.43589743589743,2.564102564102564
1690,9039,9951,2026-03-11,29,29,0,100.0,0.0
1691,2329,60,2026-04-28,4052,3885,167,95.87857847976308,4.12142152023692
1692,2931,18,2026-04-29,1124,1086,38,96.61921708185054,3.3807829181494666
1693,3166,1,2026-03-28,2267,2193,74,96.73577415086017,3.2642258491398324
1694,2356,160,2026-02-16,3460,3364,96,97.22543352601156,2.7745664739884393
1695,4266,126,2026-04-15,4070,3928,142,96.51105651105651,3.488943488943489
1696,2477,240,2026-03-12,1292,1240,52,95.97523219814241,4.024767801857585
1697,2625,54,2026-04-28,3552,3473,79,97.77590090090091,2.224099099099099
1698,1282,41,2026-03-21,3432,3340,92,97.31934731934732,2.6806526806526807
1699,2091,42,2026-02-11,4787,4555,232,95.1535408397744,4.846459160225611
1701,4818,17,2026-03-07,194,193,1,99.48453608247422,0.5154639175257731
1702,641,193,2026-02-15,2221,2124,97,95.63259792886087,4.367402071139127
1703,4500,143,2026-03-21,0,0,0,0.0,0.0
1704,2976,62,2026-04-29,12962358,12483961,478397,96.30933661915525,3.6906633808447507
1705,3536,162,2026-04-02,2870,2733,137,95.22648083623693,4.773519163763066
1706,326,134,2026-04-06,658,632,26,96.04863221884499,3.951367781155015
1707,3141,9,2026-03-05,4778,4666,112,97.6559229803265,2.3440770196735032
1708,4728,229,2026-04-10,870,661,209,75.97701149425288,24.022988505747126
1709,4979,46,2026-02-23,1252,1222,30,97.60383386581469,2.3961661341853033
1710,3229,118,2026-02-09,3113,3086,27,99.13266945069064,0.8673305493093478
1711,1271,99,2026-03-12,1308,1278,30,97.70642201834863,2.293577981651376
1712,4115,76,2026-02-09,4217,4127,90,97.86578136115722,2.1342186388427793
1713,936,97,2026-04-10,2263,2198,65,97.1277065841803,2.8722934158197084
1714,2019,144,2026-03-25,2815,2681,134,95.23978685612788,4.760213143872114
1715,2714,162,2026-02-28,2056,2029,27,98.68677042801556,1.3132295719844358
1716,2501,117,2026-04-08,14,14,0,100.0,0.0
1717,2929,80,2026-04-16,734,722,12,98.36512261580381,1.6348773841961852
1718,65,109,2026-01-09,3030,3004,26,99.14191419141915,0.8580858085808581
1719,1022,214,2026-03-17,946,926,20,97.88583509513742,2.1141649048625792
1720,1250,250,2026-04-24,13047989,12794264,253725,98.05544747163721,1.9445525283627998
1721,150,201,2026-03-16,1763,1762,1,99.94327850255247,0.05672149744753262
1722,3644,148,2026-05-01,2429,2367,62,97.44750926307123,2.5524907369287773
1723,1463,190,2026-03-21,4671,4633,38,99.18646970670092,0.8135302932990794
1724,3548,127,2026-04-18,415,399,16,96.14457831325302,3.8554216867469884
1725,2162,23,2026-01-23,683,227,456,33.23572474377745,66.76427525622255
1726,920,18,2026-02-19,0,0,0,0.0,0.0
1727,1482,60,2026-01-19,3228,3086,142,95.60099132589839,4.39900867410161
1728,3387,222,2026-02-04,0,0,0,0.0,0.0
1729,4907,140,2026-01-25,4587,4399,188,95.90146064966208,4.098539350337912
1730,1811,6,2026-03-09,0,0,0,0.0,0.0
1731,1873,71,2026-01-09,3035,2996,39,98.71499176276771,1.28500823723229
1732,3061,210,2026-01-27,8,0,8,0.0,100.0
1733,374,23,2026-04-15,1371,1351,20,98.54121079504012,1.4587892049598834
1734,4908,213,2026-02-04,4735,4660,75,98.41605068637803,1.583949313621964
1735,2778,186,2026-01-30,4419,4357,62,98.5969676397375,1.4030323602625028
1736,1375,148,2026-04-21,1596,1520,76,95.23809523809523,4.761904761904762
1737,4791,100,2026-02-19,371,356,15,95.95687331536388,4.0431266846361185
1738,4121,226,2026-01-17,498,491,7,98.59437751004016,1.4056224899598393
1739,1581,48,2026-05-01,3329,3212,117,96.48543106037849,3.5145689396215083
1740,3700,123,2026-02-17,3879,3720,159,95.90100541376644,4.098994586233565
1741,4915,144,2026-03-21,603,589,14,97.6782752902156,2.321724709784411
1742,4113,58,2026-01-22,3586,3416,170,95.25934188510877,4.740658114891243
1743,2452,53,2026-03-16,1704,1663,41,97.59389671361502,2.4061032863849765
1744,2478,228,2026-03-22,339,333,6,98.23008849557522,1.7699115044247788
1745,531,36,2026-02-04,0,0,0,0.0,0.0
1746,788,140,2026-03-18,3434,3389,45,98.68957483983692,1.3104251601630752
1747,2067,53,2026-01-03,391,373,18,95.39641943734016,4.603580562659847
1748,490,219,2026-04-28,2086,2065,21,98.99328859060402,1.006711409395973
1749,9344,9846,2026-01-11,18,6,12,33.33333333333333,66.66666666666666
1750,4982,187,2026-01-26,3065,2947,118,96.15008156606851,3.8499184339314847
1751,4323,112,2026-03-01,4430,4417,13,99.70654627539504,0.2934537246049661
1752,2326,68,2026-02-28,7,0,7,0.0,100.0
1754,2634,159,2026-03-20,0,0,0,0.0,0.0
1755,2237,180,2026-04-01,4333,4266,67,98.45372720978537,1.5462727902146318
1756,3352,157,2026-02-20,811,780,31,96.17755856966707,3.822441430332922
1757,765,179,2026-02-06,1545,1514,31,97.99352750809062,2.0064724919093853
1758,2800,145,2026-02-12,520,500,20,96.15384615384616,3.8461538461538463
1759,1886,172,2026-03-03,1363,1342,21,98.45928099779897,1.540719002201027
1760,4751,60,2026-02-27,4364,4214,150,96.5627864344638,3.4372135655362053
1761,1204,227,2026-02-06,2724,2723,1,99.96328928046991,0.03671071953010279
1762,2273,9,2026-01-28,0,0,0,0.0,0.0
1763,4872,39,2026-03-13,4178,4081,97,97.67831498324557,2.321685016754428
1764,9541,9264,2026-01-22,41,41,0,100.0,0.0
1765,3225,25,2026-03-27,1410,1397,13,99.07801418439716,0.9219858156028369
1766,2601,124,2026-02-03,355,344,11,96.90140845070422,3.0985915492957745
1767,4280,156,2026-04-23,7270284,7157824,112460,98.45315533753565,1.5468446624643548
1768,1854,150,2026-03-08,2223,2139,84,96.221322537112,3.7786774628879893
1769,96,187,2026-01-07,4730,4582,148,96.87103594080338,3.1289640591966172
1771,739,174,2026-02-04,0,0,0,0.0,0.0
1772,2826,202,2026-04-22,1127,1089,38,96.6282165039929,3.3717834960070983
1773,3442,204,2026-04-24,19088802,18895179,193623,98.98567233292063,1.0143276670793693
1774,1025,74,2026-04-05,980,492,488,50.204081632653065,49.795918367346935
1775,1397,27,2026-03-08,2594,2582,12,99.53739398612183,0.4626060138781804
1776,1944,161,2026-02-04,0,0,0,0.0,0.0
1777,373,120,2026-01-13,3967,3936,31,99.21855306276784,0.7814469372321654
1778,2173,242,2026-01-21,2624,2550,74,97.1798780487805,2.8201219512195124
1779,1911,205,2026-04-11,1554,1544,10,99.35649935649936,0.6435006435006435
1780,1482,70,2026-02-04,66,66,0,100.0,0.0
1781,1243,126,2026-01-30,425,425,0,100.0,0.0
1783,2017,51,2026-02-20,4622,4422,200,95.67286888792731,4.327131112072696
1784,3984,170,2026-02-04,40,40,0,100.0,0.0
1785,3417,169,2026-02-01,687,419,268,60.98981077147017,39.01018922852984
1786,4561,78,2026-04-22,3188,3062,126,96.04767879548307,3.9523212045169385
1787,2288,194,2026-01-15,4348,4175,173,96.02115915363385,3.9788408463661455
1788,843,116,2026-02-04,3943,3909,34,99.13771240172457,0.8622875982754248
1789,1064,142,2026-03-17,300,289,11,96.33333333333334,3.6666666666666665
1790,2033,179,2026-01-09,4252,4203,49,98.84760112888053,1.1523988711194733
1791,4694,199,2026-03-05,30,30,0,100.0,0.0
1792,2949,226,2026-01-24,2071,2068,3,99.85514244326413,0.14485755673587639
1793,2311,44,2026-01-09,4352,4261,91,97.90900735294117,2.0909926470588234
1794,847,245,2026-03-03,395,81,314,20.506329113924053,79.49367088607595
1795,4029,196,2026-03-16,2742,2672,70,97.4471188913202,2.5528811086797956
1796,565,27,2026-03-27,1560,1491,69,95.57692307692308,4.423076923076923
1797,128,47,2026-04-26,11573303,11413642,159661,98.62043705241278,1.3795629475872186
1798,356,53,2026-03-16,531,70,461,13.182674199623351,86.81732580037664
1799,1939,204,2026-02-11,1428,952,476,66.66666666666666,33.33333333333333
1800,1761,148,2026-02-11,552,529,23,95.83333333333334,4.166666666666666
1801,1365,174,2026-02-19,1632,1554,78,95.22058823529412,4.779411764705882
1802,1540,140,2026-03-01,4439,4436,3,99.93241721108357,0.06758278891642261
1803,594,223,2026-03-30,4075,3928,147,96.39263803680981,3.6073619631901837
1805,3505,198,2026-03-15,168,57,111,33.92857142857143,66.07142857142857
1806,2042,56,2026-01-08,189,188,1,99.47089947089947,0.5291005291005291
1807,3329,187,2026-04-03,951,864,87,90.85173501577287,9.14826498422713
1808,1406,130,2026-04-11,4407,4189,218,95.05332425686407,4.94667574313592
1809,1592,24,2026-03-20,23,23,0,100.0,0.0
1810,2498,45,2026-01-24,590,568,22,96.27118644067797,3.728813559322034
1811,9306,9195,2026-03-06,0,0,0,0.0,0.0
1812,951,49,2026-01-19,3351,3299,52,98.4482244106237,1.5517755893763057
1813,3595,25,2026-02-03,19,19,0,100.0,0.0
1814,1080,237,2026-03-06,975,959,16,98.35897435897436,1.641025641025641
1815,407,234,2026-02-19,2468,2460,8,99.67585089141005,0.3241491085899514
1816,3832,160,2026-04-18,332,321,11,96.6867469879518,3.313253012048193
1817,3600,90,2026-04-27,3500,3474,26,99.25714285714285,0.7428571428571429
1818,2518,22,2026-02-05,858,835,23,97.31934731934732,2.6806526806526807
1819,3814,2,2026-03-01,0,0,0,0.0,0.0
1820,370,1,2026-01-19,85,85,0,100.0,0.0
1821,4860,160,2026-03-08,2854,2788,66,97.68745620182202,2.312543798177996
1822,1116,4,2026-03-15,322,318,4,98.75776397515527,1.2422360248447204
1823,2495,82,2026-01-26,1910,1888,22,98.84816753926702,1.1518324607329842
1824,9013,9926,2026-02-26,43,43,0,100.0,0.0
1825,578,45,2026-01-30,1453,1435,18,98.7611837577426,1.2388162422573985
1826,362,97,2026-02-12,4697,4474,223,95.25228869491164,4.747711305088354
1827,1555,191,2026-02-24,3565,3492,73,97.9523141654979,2.047685834502104
1828,3019,204,2026-01-15,1519,1472,47,96.90585911784069,3.0941408821593153
1829,113,197,2026-03-23,0,0,0,0.0,0.0
1830,4138,93,2026-01-13,560,283,277,50.535714285714285,49.464285714285715
1831,4055,85,2026-01-11,4440,4301,139,96.86936936936938,3.1306306306306304
1832,9032,9076,2026-01-17,15,0,15,0.0,100.0
1833,4118,79,2026-03-21,1664,1649,15,99.0985576923077,0.9014423076923076
1834,3023,40,2026-03-08,252,244,8,96.82539682539682,3.1746031746031744
1835,4240,182,2026-03-01,2256,2244,12,99.46808510638297,0.5319148936170213
1836,4846,20,2026-03-11,1046,1034,12,98.8527724665392,1.147227533460803
1837,2177,241,2026-03-14,1216,1203,13,98.93092105263158,1.069078947368421
1838,1778,198,2026-01-03,4825,4601,224,95.35751295336787,4.642487046632125
1839,4221,240,2026-02-21,1271,1245,26,97.9543666404406,2.0456333595594023
1840,2573,20,2026-01-19,572,509,63,88.98601398601399,11.013986013986015
1841,1336,161,2026-01-03,594,589,5,99.15824915824916,0.8417508417508417
1842,1268,72,2026-04-23,1111,1071,40,96.39963996399639,3.6003600360036003
1843,3919,51,2026-03-20,4149,4098,51,98.7707881417209,1.2292118582791034
1844,2608,108,2026-02-19,694,203,491,29.250720461095103,70.7492795389049
1845,459,120,2026-04-05,454,443,11,97.57709251101322,2.4229074889867843
1846,2142,196,2026-02-21,3962,3827,135,96.59262998485613,3.4073700151438664
1847,4602,150,2026-02-16,2937,2928,9,99.69356486210418,0.30643513789581206
1848,2449,201,2026-04-26,438,427,11,97.48858447488584,2.5114155251141552
1849,2257,138,2026-04-11,4453,4259,194,95.64338648102402,4.356613518975971
1851,1528,156,2026-01-31,2309,2295,14,99.39367691641404,0.606323083585968
1853,3681,75,2026-04-28,20,0,20,0.0,100.0
1854,476,92,2026-02-16,761,750,11,98.5545335085414,1.445466491458607
1855,94,152,2026-04-08,4816,4658,158,96.71926910299004,3.280730897009967
1856,3026,6,2026-03-12,263,258,5,98.09885931558935,1.9011406844106464
1857,471,88,2026-01-30,169,169,0,100.0,0.0
1858,1757,63,2026-02-23,3950,3926,24,99.39240506329114,0.6075949367088608
1859,1038,166,2026-02-21,2192,2142,50,97.71897810218978,2.281021897810219
1860,575,39,2026-01-10,2478,2444,34,98.62792574656982,1.3720742534301855
1861,3280,220,2026-04-18,1552,1492,60,96.1340206185567,3.865979381443299
1862,2958,95,2026-01-31,946,508,438,53.69978858350951,46.30021141649049
1863,651,8,2026-03-09,1348,1285,63,95.32640949554896,4.673590504451038
1864,4335,118,2026-02-14,3549,3452,97,97.26683572837419,2.73316427162581
1865,3575,81,2026-02-12,1072,1044,28,97.38805970149254,2.6119402985074625
1866,4978,226,2026-04-20,19338762,19219926,118836,99.38550358083936,0.6144964191606473
1867,1644,211,2026-02-06,2989,2979,10,99.66543994647039,0.33456005352960855
1868,3582,124,2026-04-14,991,958,33,96.67003027245207,3.3299697275479314
1869,4243,40,2026-01-05,4357,4344,13,99.70162956162497,0.2983704383750287
1871,1900,96,2026-04-18,512,209,303,40.8203125,59.1796875
1872,4439,80,2026-02-23,3155,3028,127,95.97464342313788,4.025356576862124
1873,528,248,2026-03-24,422,214,208,50.71090047393365,49.28909952606635
1874,888,191,2026-02-04,865,574,291,66.35838150289017,33.641618497109825
1875,1491,155,2026-02-06,1689,1612,77,95.44108940201302,4.558910597986975
1876,2936,45,2026-04-16,1684,1657,27,98.39667458432304,1.6033254156769599
1877,2513,202,2026-03-09,3479,3465,14,99.59758551307847,0.4024144869215292
1878,1566,176,2026-04-04,4255,4123,132,96.89776733254995,3.1022326674500587
1879,2303,84,2026-03-20,4837,4728,109,97.74653710977879,2.2534628902212117
1880,264,30,2026-04-15,4839,4755,84,98.26410415375078,1.735895846249225
1881,2353,94,2026-01-15,3183,3175,8,99.74866478165254,0.2513352183474709
1882,2975,186,2026-01-09,25,25,0,100.0,0.0
1883,4783,115,2026-03-25,987,986,1,99.89868287740629,0.10131712259371835
1884,3892,163,2026-04-18,4693,4558,135,97.12337523971874,2.87662476028127
1885,196,19,2026-02-22,529,497,32,93.95085066162571,6.049149338374291
1886,3184,226,2026-02-10,1325,1322,3,99.77358490566037,0.22641509433962265
1887,4685,38,2026-05-01,869,700,169,80.55235903337169,19.447640966628306
1888,4862,235,2026-04-21,3725,3703,22,99.40939597315436,0.5906040268456375
1889,2464,111,2026-03-12,2415,2352,63,97.3913043478261,2.608695652173913
1890,1759,92,2026-03-27,3629,3518,111,96.94130614494351,3.0586938550564895
1891,852,140,2026-01-28,3990,3958,32,99.19799498746868,0.8020050125313283
1892,4271,179,2026-02-04,1,0,1,0.0,100.0
1894,1153,39,2026-04-29,3267,3169,98,97.00030609121518,2.9996939087848182
1895,2978,182,2026-04-11,1453,1412,41,97.17825189263593,2.821748107364074
1896,723,197,2026-01-19,2351,2284,67,97.15014887282007,2.849851127179923
1897,3042,193,2026-01-18,412,409,3,99.27184466019418,0.7281553398058253
1898,2220,222,2026-04-07,4712,4585,127,97.30475382003395,2.6952461799660443
1899,3351,235,2026-01-06,3380,3289,91,97.3076923076923,2.6923076923076925
1900,2662,46,2026-04-22,0,0,0,0.0,0.0
1901,3173,94,2026-02-06,4693,4680,13,99.7229916897507,0.2770083102493075
1902,2439,247,2026-01-24,850,810,40,95.29411764705881,4.705882352941177
1903,424,129,2026-03-25,207,124,83,59.90338164251207,40.09661835748793
1904,391,34,2026-01-27,2885,2744,141,95.11265164644715,4.887348353552859
1905,3017,75,2026-02-04,0,0,0,0.0,0.0
1906,791,20,2026-04-17,2468,2438,30,98.78444084278767,1.2155591572123177
1907,1707,250,2026-04-19,693,678,15,97.83549783549783,2.1645021645021645
1908,4355,198,2026-01-15,974,956,18,98.15195071868584,1.8480492813141685
1909,619,32,2026-02-08,115,110,5,95.65217391304348,4.3478260869565215
1910,4247,86,2026-03-16,2209,2187,22,99.00407424173834,0.9959257582616569
1911,9045,9933,2026-04-25,3,0,3,0.0,100.0
1912,1849,10,2026-03-19,4326,4131,195,95.49237170596395,4.507628294036061
1913,4342,250,2026-02-04,2489,2487,2,99.91964644435515,0.08035355564483729
1914,968,116,2026-01-02,1025,980,45,95.60975609756098,4.390243902439024
1915,4026,32,2026-01-18,4880,4639,241,95.06147540983606,4.938524590163934
1916,1339,234,2026-03-01,1930,1925,5,99.74093264248705,0.2590673575129534
1917,1505,128,2026-02-05,1790,1722,68,96.20111731843576,3.798882681564246
1918,361,38,2026-04-28,1164,1138,26,97.76632302405498,2.2336769759450172
1919,3627,188,2026-01-06,2703,2599,104,96.15242323344432,3.847576766555679
1920,1253,40,2026-02-27,124,121,3,97.58064516129032,2.4193548387096775
1921,4063,15,2026-01-27,3189,3102,87,97.27187206020696,2.7281279397930387
1922,3482,76,2026-02-08,15939881,15817399,122482,99.2316002861,0.7683997138999971
1923,1031,243,2026-03-11,821,781,40,95.1278928136419,4.872107186358099
1925,3582,141,2026-03-24,7,0,7,0.0,100.0
1926,1645,35,2026-02-13,2666,2621,45,98.31207801950488,1.6879219804951238
1927,1926,82,2026-04-19,4967,4758,209,95.79222870948259,4.207771290517415
1928,4216,232,2026-03-28,1138,1120,18,98.41827768014059,1.5817223198594026
1929,2836,123,2026-02-23,866,847,19,97.80600461893765,2.1939953810623556
1930,519,57,2026-01-15,50,46,4,92.0,8.0
1931,2046,233,2026-02-13,4918,4858,60,98.77999186661245,1.2200081333875559
1932,816,56,2026-01-25,2276,2263,13,99.42882249560633,0.5711775043936731
1933,2627,150,2026-02-07,2547,2488,59,97.68354927365527,2.316450726344719
1934,2578,138,2026-04-02,4129,4116,13,99.685153790264,0.31484620973601357
1935,1597,241,2026-04-01,1232,1214,18,98.53896103896103,1.461038961038961
1936,2062,119,2026-01-15,611,600,11,98.19967266775778,1.800327332242226
1937,1914,58,2026-02-04,3,0,3,0.0,100.0
1938,3017,201,2026-02-09,2921,2904,17,99.41800753166724,0.5819924683327627
1939,3778,33,2026-03-25,541,524,17,96.85767097966729,3.1423290203327174
1940,2817,223,2026-03-20,3768,3600,168,95.54140127388536,4.45859872611465
1941,4345,22,2026-02-07,2189,2104,85,96.1169483782549,3.883051621745089
1943,4507,3,2026-03-09,3506,3365,141,95.97832287507131,4.021677124928694
1944,1692,29,2026-03-11,3449,3311,138,95.99884024354886,4.001159756451146
1945,2642,125,2026-02-05,4828,4729,99,97.94946147473074,2.0505385252692623
1946,4416,73,2026-01-31,4557,4426,131,97.12530173359667,2.874698266403336
1947,457,127,2026-02-11,1898,1865,33,98.26132771338251,1.738672286617492
1948,1782,197,2026-03-13,4032,3847,185,95.41170634920636,4.58829365079365
1949,4640,197,2026-01-19,4627,4595,32,99.30840717527556,0.6915928247244435
1950,408,16,2026-02-22,4704,4595,109,97.6828231292517,2.3171768707482996
1951,4357,208,2026-02-16,23,23,0,100.0,0.0
1952,1252,24,2026-01-24,0,0,0,0.0,0.0
1953,3,41,2026-02-20,1573,1522,51,96.75778766687858,3.242212333121424
1954,1020,157,2026-02-10,0,0,0,0.0,0.0
1955,1220,211,2026-03-11,4108,3980,128,96.88412852969816,3.11587147030185
1956,4714,3,2026-01-06,1504,1454,50,96.67553191489363,3.324468085106383
1957,4147,3,2026-01-12,5118306,4638124,480182,90.61834130276696,9.381658697233028
1958,3097,10,2026-03-19,1521,1518,3,99.80276134122288,0.19723865877712032
1959,4516,1,2026-04-02,2650,2588,62,97.66037735849056,2.339622641509434
1960,2215,15,2026-01-10,2132,2065,67,96.85741088180112,3.142589118198874
1961,1938,159,2026-04-16,4490,4375,115,97.43875278396436,2.5612472160356345
1962,2929,245,2026-02-13,0,0,0,0.0,0.0
1963,2929,26,2026-01-12,960,918,42,95.625,4.375
1964,1728,209,2026-02-07,2174,2067,107,95.07819687212512,4.9218031278748855
1965,2265,4,2026-04-06,0,0,0,0.0,0.0
1966,2997,46,2026-02-21,3714,3533,181,95.12654819601508,4.8734518039849215
1967,4524,99,2026-02-04,73,64,9,87.67123287671232,12.32876712328767
1968,2031,84,2026-01-28,0,0,0,0.0,0.0
1969,399,18,2026-02-03,4651,4467,184,96.04386153515372,3.9561384648462696
1970,3393,41,2026-03-10,2909,2899,10,99.6562392574768,0.3437607425232038
1972,4179,35,2026-02-15,3282,3166,116,96.46556977452772,3.534430225472273
1973,2260,44,2026-02-09,1110,1108,2,99.81981981981983,0.18018018018018017
1974,4858,203,2026-03-06,1,0,1,0.0,100.0
1975,3234,97,2026-04-11,3539,3448,91,97.42865216162758,2.5713478383724215
1977,2566,242,2026-02-11,2980,2881,99,96.67785234899328,3.3221476510067114
1978,2571,6,2026-04-30,3876,3829,47,98.78740970072239,1.2125902992776059
1979,2102,116,2026-03-11,142,116,26,81.69014084507043,18.30985915492958
1980,370,114,2026-02-11,3891,3810,81,97.9182729375482,2.081727062451812
1981,4357,110,2026-04-20,3448,3362,86,97.50580046403712,2.494199535962877
1982,908,155,2026-02-19,0,0,0,0.0,0.0
1983,2006,161,2026-02-09,3414,3409,5,99.85354422964264,0.14645577035735208
1984,2839,70,2026-02-21,591,590,1,99.83079526226734,0.1692047377326565
1985,2965,92,2026-04-22,1503,1436,67,95.54224883566201,4.45775116433799
1986,4548,113,2026-03-21,5,0,5,0.0,100.0
1987,1843,44,2026-02-17,458,439,19,95.85152838427948,4.148471615720524
1988,4671,196,2026-02-04,20,0,20,0.0,100.0
1989,678,201,2026-03-12,1026,993,33,96.78362573099415,3.216374269005848
1990,141,109,2026-02-07,598,354,244,59.19732441471572,40.802675585284284
1991,4774,204,2026-02-07,4916,4703,213,95.66720911310009,4.332790886899918
1992,2578,96,2026-02-01,4470,4446,24,99.46308724832214,0.5369127516778524
1994,2472,93,2026-04-23,4468,4426,42,99.05998209489705,0.9400179051029544
1995,2460,109,2026-03-07,554,299,255,53.97111913357401,46.02888086642599
1996,3631,198,2026-04-15,0,0,0,0.0,0.0
1997,4647,243,2026-04-10,3837,3706,131,96.58587438102685,3.4141256189731557
1998,1420,75,2026-01-02,4226,4116,110,97.39706578324657,2.602934216753431
1999,1436,81,2026-03-16,1843,1839,4,99.78296256104177,0.2170374389582203
2000,4749,198,2026-04-02,2013,2007,6,99.70193740685544,0.29806259314456035
2001,2075,185,2026-01-27,2684,2602,82,96.94485842026825,3.055141579731744
2002,2437,131,2026-01-29,4677,4575,102,97.81911481719051,2.1808851828094933
2003,1169,193,2026-02-04,4729,4622,107,97.737365193487,2.2626348065130046
2004,1876,103,2026-03-24,361,356,5,98.61495844875347,1.3850415512465373
2005,9838,9935,2026-03-21,16,0,16,0.0,100.0
2006,2034,214,2026-01-27,134,131,3,97.76119402985076,2.2388059701492535
2007,4717,153,2026-01-19,2806,2701,105,96.25801853171775,3.7419814682822525
2008,2357,156,2026-01-30,1947,1883,64,96.71289162814587,3.2871083718541345
2009,2758,128,2026-02-16,1928,1861,67,96.52489626556017,3.475103734439834
2010,3297,80,2026-03-14,194,194,0,100.0,0.0
2012,3137,71,2026-01-15,2531,2441,90,96.44409324377716,3.5559067562228366
2013,2740,194,2026-04-20,3094,2988,106,96.57401422107304,3.4259857789269557
2017,3823,59,2026-01-21,5384207,5198237,185970,96.54600946806094,3.453990531939058
2018,9147,9954,2026-04-03,98,98,0,100.0,0.0
2019,4889,78,2026-04-14,4166,4026,140,96.63946231397024,3.3605376860297644
2020,581,90,2026-04-25,1022,581,441,56.849315068493155,43.15068493150685
2021,1300,162,2026-03-14,0,0,0,0.0,0.0
2022,2519,28,2026-01-13,2193,2095,98,95.53123575011399,4.468764249886001
2024,499,21,2026-02-04,28,28,0,100.0,0.0
2025,3269,9,2026-01-09,0,0,0,0.0,0.0
2026,4643,232,2026-01-31,1994,1968,26,98.69608826479438,1.3039117352056169
2027,3917,48,2026-04-19,3069,2931,138,95.50342130987292,4.496578690127078
2028,211,24,2026-01-15,690,672,18,97.3913043478261,2.608695652173913
2029,3747,74,2026-01-18,687,580,107,84.4250363901019,15.574963609898107
2030,353,103,2026-03-31,2398,2310,88,96.3302752293578,3.669724770642202
2031,2815,240,2026-01-25,175,173,2,98.85714285714286,1.1428571428571428
2032,577,198,2026-04-23,1654,1650,4,99.75816203143893,0.24183796856106407
2033,3121,145,2026-01-08,0,0,0,0.0,0.0
2035,2930,3,2026-02-05,1025,982,43,95.80487804878048,4.195121951219512
2036,3395,41,2026-01-29,3337,3245,92,97.24303266406953,2.7569673359304767
2037,3521,124,2026-03-04,419,408,11,97.3747016706444,2.6252983293556085
2038,3441,80,2026-01-03,954,950,4,99.58071278825996,0.41928721174004197
2039,4559,182,2026-03-09,1605,1538,67,95.82554517133957,4.174454828660436
2040,1236,70,2026-04-05,822,805,17,97.93187347931874,2.068126520681265
2041,3791,54,2026-03-22,2707,2629,78,97.11858145548578,2.8814185445142226
2042,2244,88,2026-03-18,3812,3812,0,100.0,0.0
2043,3616,16,2026-02-05,704,620,84,88.06818181818183,11.931818181818182
2044,3433,167,2026-02-04,93,93,0,100.0,0.0
2045,1971,17,2026-04-13,2991,2854,137,95.41959210966232,4.580407890337679
2046,4841,192,2026-02-04,0,0,0,0.0,0.0
2047,1240,79,2026-03-28,2805,2669,136,95.15151515151516,4.848484848484849
2048,4538,160,2026-02-01,8,0,8,0.0,100.0
2049,3396,10,2026-02-01,962,932,30,96.88149688149689,3.118503118503119
2050,1763,113,2026-01-10,2768,2655,113,95.91763005780348,4.082369942196531
2051,2395,248,2026-01-13,4292,4166,126,97.06430568499535,2.9356943150046595
2052,1299,9,2026-04-05,2860,2785,75,97.37762237762237,2.6223776223776225
2053,4815,123,2026-02-25,4,0,4,0.0,100.0
2054,4432,94,2026-02-02,259,212,47,81.85328185328186,18.146718146718147
2055,4652,203,2026-03-14,219,211,8,96.34703196347031,3.65296803652968
2056,3928,148,2026-01-17,0,0,0,0.0,0.0
2057,2868,40,2026-01-19,370,366,4,98.91891891891892,1.0810810810810811
2058,1894,45,2026-02-04,18,18,0,100.0,0.0
2059,1337,89,2026-02-18,1506,1482,24,98.40637450199203,1.593625498007968
2060,4541,126,2026-04-30,669,663,6,99.10313901345292,0.8968609865470852
2061,644,143,2026-04-21,4210,4078,132,96.8646080760095,3.1353919239904986
2062,1207,169,2026-04-25,2414,2354,60,97.51449875724938,2.4855012427506216
2063,2080,1,2026-02-06,909,906,3,99.66996699669967,0.33003300330033003
2064,1455,232,2026-02-09,4007,3845,162,95.95707511854255,4.042924881457449
2065,1978,68,2026-01-25,1672,1594,78,95.33492822966507,4.6650717703349285
2066,3424,174,2026-04-02,2543,2466,77,96.97208022021235,3.027919779787652
2067,668,192,2026-02-27,3773,3685,88,97.667638483965,2.3323615160349855
2068,1148,20,2026-01-04,2293,2247,46,97.99389446140427,2.006105538595726
2070,2319,166,2026-04-14,2905,2804,101,96.52323580034422,3.476764199655766
2071,2838,89,2026-01-02,4565,4462,103,97.74370208105148,2.2562979189485213
2072,4076,31,2026-02-15,4282,4224,58,98.64549276039234,1.35450723960766
2073,3621,218,2026-04-08,3330,3237,93,97.2072072072072,2.7927927927927927
2075,4365,5,2026-04-26,3309,3301,8,99.75823511634935,0.24176488365064974
2076,2780,14,2026-04-16,3722,3651,71,98.09242342826437,1.907576571735626
2078,4153,40,2026-01-01,778,769,9,98.84318766066839,1.1568123393316194
2079,2558,143,2026-04-06,2319,2254,65,97.19706770159551,2.802932298404485
2080,1807,93,2026-03-06,2488,2387,101,95.94051446945338,4.059485530546623
2082,1949,101,2026-02-22,33,33,0,100.0,0.0
2083,61,64,2026-04-15,4952,4788,164,96.68820678513733,3.3117932148626816
2085,1171,250,2026-02-23,4234,4090,144,96.59896079357581,3.401039206424185
2087,1301,128,2026-03-27,3471,3391,80,97.69518870642466,2.304811293575338
2088,1875,197,2026-01-04,3468,3458,10,99.7116493656286,0.28835063437139563
2089,2927,91,2026-02-24,4498,4473,25,99.44419742107603,0.5558025789239662
2090,4857,69,2026-03-08,4836,4704,132,97.27047146401985,2.729528535980149
2091,250,173,2026-01-27,2841,2789,52,98.16965857092573,1.8303414290742697
2092,529,133,2026-03-05,467,107,360,22.91220556745182,77.08779443254818
2093,3998,21,2026-03-22,3921,3755,166,95.76638612598826,4.2336138740117315
2094,3960,203,2026-02-26,645,640,5,99.2248062015504,0.7751937984496124
2095,772,40,2026-03-16,412,395,17,95.87378640776699,4.12621359223301
2096,4204,231,2026-01-13,3687,3651,36,99.02359641985355,0.9764035801464606
2097,4805,235,2026-04-14,4332,4255,77,98.22253000923361,1.7774699907663898
2098,1674,192,2026-02-18,1083,1032,51,95.29085872576178,4.7091412742382275
2099,4463,121,2026-03-25,3224,3082,142,95.5955334987593,4.4044665012406945
2100,1790,72,2026-04-30,4465,4313,152,96.59574468085106,3.404255319148936
2101,4547,40,2026-04-04,3788,3748,40,98.9440337909187,1.0559662090813093
2102,2488,47,2026-03-27,1925,1920,5,99.74025974025975,0.2597402597402597
2103,2939,195,2026-04-14,2115,2017,98,95.36643026004728,4.633569739952718
2104,607,140,2026-02-26,1666,1650,16,99.03961584633853,0.9603841536614646
2105,3858,147,2026-04-13,513,263,250,51.267056530214425,48.732943469785575
2107,4815,88,2026-03-04,14,0,14,0.0,100.0
2109,420,244,2026-01-25,2618,2564,54,97.93735676088617,2.0626432391138274
2110,236,242,2026-01-25,1518,1517,1,99.93412384716733,0.06587615283267458
2111,168,227,2026-03-10,14481746,14207974,273772,98.10953734446109,1.8904626555389108
2112,2322,176,2026-02-25,1963,1887,76,96.12837493632196,3.871625063678044
2114,3401,130,2026-01-22,1046,552,494,52.77246653919694,47.22753346080306
2116,870,92,2026-03-14,1954,1489,465,76.20266120777892,23.797338792221083
2117,2276,106,2026-03-17,3852,3818,34,99.11734164070613,0.8826583592938734
2118,4525,53,2026-02-04,3781,3606,175,95.37159481618619,4.628405183813806
2119,4429,111,2026-05-01,4581,4390,191,95.8306046714691,4.1693953285308885
2120,3020,108,2026-04-19,48,47,1,97.91666666666666,2.083333333333333
2121,1923,5,2026-03-11,4141,4101,40,99.03404974643806,0.9659502535619415
2122,932,85,2026-03-30,4262,4211,51,98.80337869544815,1.1966213045518537
2123,3031,87,2026-01-24,3575,3556,19,99.46853146853147,0.5314685314685315
2124,4690,186,2026-02-26,1148,1022,126,89.02439024390245,10.975609756097562
2125,2539,39,2026-02-20,2006,1921,85,95.76271186440678,4.23728813559322
2126,3458,163,2026-02-16,4630,4400,230,95.03239740820734,4.967602591792657
2127,1643,62,2026-01-20,747,744,3,99.59839357429718,0.4016064257028112
2128,2220,121,2026-03-14,551,524,27,95.09981851179673,4.900181488203267
2129,1721,76,2026-02-12,2145,2045,100,95.33799533799534,4.662004662004662
2130,142,127,2026-03-11,2305,2233,72,96.8763557483731,3.123644251626898
2131,2611,6,2026-01-28,661,632,29,95.61270801815431,4.387291981845689
2132,2971,69,2026-01-29,4782,4557,225,95.29485570890841,4.705144291091593
2133,3340,238,2026-03-15,1860,1776,84,95.48387096774194,4.516129032258064
2134,1627,4,2026-04-11,3489,3342,147,95.78675838349096,4.213241616509028
2135,1365,178,2026-03-13,3423,3369,54,98.42243645924627,1.5775635407537247
2136,4492,64,2026-04-14,318,315,3,99.05660377358491,0.9433962264150944
2137,1835,84,2026-03-08,1175,1134,41,96.51063829787235,3.4893617021276593
2138,1817,234,2026-04-23,3995,3816,179,95.51939924906134,4.480600750938674
2139,601,47,2026-02-01,1422,1418,4,99.71870604781998,0.2812939521800281
2140,2033,81,2026-01-03,981,969,12,98.77675840978594,1.2232415902140672
2141,2253,197,2026-04-09,3811,3732,79,97.92705326685909,2.072946733140908
2142,1556,83,2026-02-02,2272,2198,74,96.74295774647888,3.2570422535211265
2143,233,207,2026-01-29,1817,1779,38,97.90864061640066,2.0913593835993396
2144,4871,241,2026-01-31,1144,1088,56,95.1048951048951,4.895104895104895
2145,4543,31,2026-04-08,1951,1868,83,95.74577139928242,4.254228600717581
2146,4440,4,2026-03-30,0,0,0,0.0,0.0
2147,1130,148,2026-03-13,2410,2336,74,96.92946058091286,3.0705394190871367
2148,4680,22,2026-04-17,713,681,32,95.51192145862552,4.488078541374474
2149,3312,157,2026-02-16,2474,2473,1,99.95957962813257,0.04042037186742118
2150,458,248,2026-03-04,779,682,97,87.54813863928112,12.45186136071887
2151,3296,148,2026-01-30,4330,4302,28,99.35334872979215,0.6466512702078522
2152,4113,2,2026-02-03,688,659,29,95.78488372093024,4.215116279069767
2153,3149,12,2026-02-06,177,177,0,100.0,0.0
2154,4704,113,2026-01-12,3713,3710,3,99.91920280096956,0.08079719903043361
2155,1013,148,2026-03-26,3337,3260,77,97.69253820797124,2.3074617920287683
2156,9685,9010,2026-01-31,59,59,0,100.0,0.0
2158,1961,187,2026-04-26,2684,2633,51,98.09985096870342,1.9001490312965723
2159,3925,83,2026-04-17,22,22,0,100.0,0.0
2160,1524,20,2026-03-06,2577,2525,52,97.98214978657353,2.017850213426465
2161,4371,235,2026-03-15,288,100,188,34.72222222222222,65.27777777777779
2162,9123,9763,2026-04-10,0,0,0,0.0,0.0
2163,290,117,2026-03-30,4249,4173,76,98.21134384561073,1.788656154389268
2164,889,179,2026-04-01,1964,1884,80,95.9266802443992,4.0733197556008145
2165,1887,172,2026-02-04,29,29,0,100.0,0.0
2166,3371,176,2026-01-30,3159,3078,81,97.43589743589743,2.564102564102564
2167,4018,8,2026-03-29,4241,4199,42,99.00966753124263,0.9903324687573686
2168,4819,156,2026-03-04,3934,3786,148,96.23792577529233,3.7620742247076766
2169,423,46,2026-04-25,2222,2189,33,98.51485148514851,1.4851485148514851
2170,4335,11,2026-04-24,13087835,12868109,219726,98.32114326013432,1.6788567398656844
2171,3926,78,2026-04-21,10877999,10425843,452156,95.84338994699301,4.156610053006991
2172,3817,65,2026-02-20,2302,2272,30,98.69678540399653,1.3032145960034751
2173,3946,216,2026-02-26,3383,3225,158,95.32958912208099,4.670410877919007
2174,1731,238,2026-04-11,1079,661,418,61.260426320667285,38.739573679332715
2175,1354,243,2026-03-19,2350,2344,6,99.74468085106383,0.2553191489361702
2176,4323,207,2026-03-26,3769,3635,134,96.44468028654816,3.555319713451844
2177,3230,43,2026-03-11,729,297,432,40.74074074074074,59.25925925925925
2178,1239,137,2026-03-13,0,0,0,0.0,0.0
2179,1097,204,2026-02-23,1161,1141,20,98.2773471145564,1.7226528854435832
2180,1247,219,2026-02-08,2425,2347,78,96.78350515463917,3.216494845360825
2181,4228,146,2026-02-04,3787,3764,23,99.39265909691048,0.6073409030895167
2182,2264,126,2026-02-28,451,429,22,95.1219512195122,4.878048780487805
2183,790,136,2026-02-22,949,470,479,49.52581664910432,50.474183350895686
2184,1279,238,2026-02-13,0,0,0,0.0,0.0
2185,3426,163,2026-03-05,1,0,1,0.0,100.0
2186,4348,249,2026-03-02,1719,1687,32,98.13845258871436,1.8615474112856312
2187,1732,108,2026-01-20,0,0,0,0.0,0.0
2188,701,37,2026-02-04,4815,4591,224,95.3478712357217,4.652128764278297
2189,3514,77,2026-03-14,4936,4915,21,99.5745542949757,0.4254457050243111
2190,1588,101,2026-04-15,783,770,13,98.33971902937421,1.6602809706257982
2191,1002,171,2026-04-12,1699,1695,4,99.76456739258387,0.23543260741612712
2192,1456,243,2026-04-24,1516,1493,23,98.48284960422163,1.517150395778364
2193,4316,13,2026-01-31,3092,3017,75,97.57438551099612,2.425614489003881
2194,307,7,2026-04-15,3848,3742,106,97.24532224532224,2.754677754677755
2195,1022,113,2026-04-11,4941,4910,31,99.3725966403562,0.6274033596437968
2196,3172,144,2026-04-20,4650,4606,44,99.05376344086021,0.946236559139785
2197,1003,165,2026-04-16,405,399,6,98.51851851851852,1.4814814814814816
2198,4838,40,2026-01-23,1770,1707,63,96.4406779661017,3.5593220338983054
2199,4067,215,2026-01-18,1961,1864,97,95.05354411014788,4.946455889852117
2200,4034,136,2026-04-27,1147,1136,11,99.0409764603313,0.959023539668701
2201,40,55,2026-02-07,3993,3864,129,96.76934635612322,3.2306536438767846
2202,1056,20,2026-03-29,858,670,188,78.08857808857809,21.91142191142191
2203,4796,47,2026-03-27,3877,3835,42,98.91668816094918,1.0833118390508125
2204,2545,122,2026-04-07,2710,2631,79,97.08487084870848,2.915129151291513
2205,4654,96,2026-01-05,3179,3108,71,97.76659326832338,2.2334067316766277
2206,1128,221,2026-03-06,2799,2740,59,97.8921043229725,2.1078956770275097
2208,3582,10,2026-04-28,324,323,1,99.69135802469135,0.30864197530864196
2210,416,136,2026-03-13,0,0,0,0.0,0.0
2211,2991,216,2026-01-28,1359,1343,16,98.82266372332597,1.177336276674025
2212,3569,127,2026-01-24,1627,1554,73,95.51321450522434,4.486785494775661
2213,2150,148,2026-01-27,3656,3511,145,96.03391684901533,3.9660831509846823
2214,1238,215,2026-03-14,3757,3584,173,95.3952621772691,4.604737822730902
2215,4515,93,2026-02-05,14090114,13778768,311346,97.7903230591321,2.209676940867902
2217,2731,77,2026-04-24,771,737,34,95.59014267185474,4.409857328145266
2218,4590,175,2026-04-21,4148,3945,203,95.10607521697203,4.893924783027965
2219,4005,159,2026-01-18,589,587,2,99.66044142614601,0.3395585738539898
2221,1312,87,2026-01-27,1668,1608,60,96.40287769784173,3.597122302158273
2222,3759,155,2026-02-22,2,0,2,0.0,100.0
2223,1373,70,2026-01-01,4609,4448,161,96.50683445432848,3.4931655456715123
2224,831,200,2026-04-26,1283,1265,18,98.59703819173812,1.4029618082618862
2225,2609,207,2026-03-09,969,961,8,99.17440660474716,0.8255933952528379
2226,2997,119,2026-03-21,10030373,9728024,302349,96.98566543836405,3.014334561635943
2227,2963,64,2026-01-18,4496,4358,138,96.9306049822064,3.0693950177935942
2228,4532,47,2026-01-28,5,0,5,0.0,100.0
2229,4551,3,2026-01-18,0,0,0,0.0,0.0
2231,714,204,2026-02-03,2304,2238,66,97.13541666666666,2.864583333333333
2233,3947,91,2026-01-12,4979,4910,69,98.61417955412733,1.385820445872665
2234,4095,121,2026-03-27,0,0,0,0.0,0.0
2235,1053,200,2026-02-13,3281,3251,30,99.08564462054251,0.9143553794574825
2236,2396,3,2026-01-09,5,0,5,0.0,100.0
2238,1647,142,2026-02-02,394,386,8,97.96954314720813,2.030456852791878
2239,3005,119,2026-04-30,61,61,0,100.0,0.0
2240,2288,118,2026-04-24,2165,2151,14,99.35334872979215,0.6466512702078522
2241,267,250,2026-03-13,6,0,6,0.0,100.0
2242,4383,131,2026-04-15,0,0,0,0.0,0.0
2243,2327,12,2026-02-20,4508,4436,72,98.40283939662822,1.5971606033717833
2244,560,231,2026-03-18,128,127,1,99.21875,0.78125
2245,3493,42,2026-02-26,3419,3277,142,95.84673881251828,4.15326118748172
2246,1912,97,2026-05-01,4236,4189,47,98.890462700661,1.1095372993389991
2248,3891,146,2026-04-26,2606,2550,56,97.85111281657713,2.1488871834228704
2249,3429,57,2026-03-31,3492,3340,152,95.64719358533792,4.352806414662084
2251,2686,249,2026-02-05,130,129,1,99.23076923076923,0.7692307692307693
2252,181,243,2026-01-21,2663,2608,55,97.93466015771686,2.0653398422831395
2253,4975,180,2026-04-04,1464,1404,60,95.90163934426229,4.098360655737705
2254,2463,122,2026-04-27,2300,2217,83,96.3913043478261,3.6086956521739126
2255,3667,133,2026-01-23,1985,1903,82,95.86901763224182,4.130982367758186
2256,2068,81,2026-03-19,1165,1140,25,97.85407725321889,2.1459227467811157
2258,2314,13,2026-02-04,2195,2111,84,96.17312072892939,3.8268792710706148
2259,698,131,2026-02-04,16,0,16,0.0,100.0
2260,216,81,2026-04-07,0,0,0,0.0,0.0
2261,3154,203,2026-01-28,2306,2259,47,97.9618386816999,2.038161318300087
2262,1267,117,2026-04-07,4675,4447,228,95.12299465240642,4.877005347593583
2263,375,233,2026-04-11,8,0,8,0.0,100.0
2264,9527,9418,2026-02-17,48,48,0,100.0,0.0
2265,571,121,2026-03-04,3490,3373,117,96.64756446991404,3.35243553008596
2266,3052,162,2026-01-28,2313,2208,105,95.46044098573282,4.539559014267185
2267,4698,84,2026-03-11,306,299,7,97.7124183006536,2.287581699346405
2268,2658,28,2026-04-19,599,576,23,96.16026711185309,3.8397328881469113
2269,1962,144,2026-01-05,438,67,371,15.296803652968036,84.70319634703196
2270,3233,133,2026-03-11,3338,3240,98,97.06411024565608,2.9358897543439184
2271,3317,219,2026-01-12,4721,4593,128,97.28871001906376,2.7112899809362423
2272,818,126,2026-02-10,2611,2535,76,97.08923783990808,2.910762160091919
2273,4543,43,2026-02-04,572,561,11,98.07692307692307,1.9230769230769231
2274,4311,158,2026-01-19,115,112,3,97.3913043478261,2.608695652173913
2275,4280,127,2026-01-03,4803,4700,103,97.85550697480741,2.144493025192588
2276,4304,19,2026-01-15,4312,4201,111,97.42578849721707,2.5742115027829313
2277,3353,151,2026-03-16,1921,1879,42,97.81363872982821,2.1863612701717856
2278,3260,238,2026-02-23,4065,3998,67,98.35178351783517,1.6482164821648215
2279,3759,102,2026-04-27,257,87,170,33.85214007782101,66.14785992217898
2280,4815,233,2026-02-17,3844,3799,45,98.82934443288242,1.1706555671175858
2281,1206,223,2026-03-17,2647,2568,79,97.01548923309406,2.9845107669059314
2282,3007,243,2026-04-12,779,770,9,98.84467265725289,1.1553273427471118
2283,4386,160,2026-01-23,3925,3805,120,96.94267515923568,3.0573248407643314
2284,2730,142,2026-02-04,99,99,0,100.0,0.0
2285,2793,118,2026-01-07,1894,1839,55,97.0960929250264,2.903907074973601
2286,2445,5,2026-01-26,4887,4886,1,99.97953754859832,0.02046245140167792
2287,9461,9870,2026-04-16,93,76,17,81.72043010752688,18.27956989247312
2288,1144,138,2026-03-29,1424,1006,418,70.64606741573034,29.353932584269664
2289,2693,29,2026-03-02,3527,3464,63,98.21377941593423,1.786220584065778
2290,3064,72,2026-02-01,97,97,0,100.0,0.0
2291,9302,9455,2026-01-13,8,0,8,0.0,100.0
2292,1186,144,2026-02-10,1792,1760,32,98.21428571428571,1.7857142857142856
2293,252,199,2026-02-07,9151992,8842166,309826,96.6146605023256,3.3853394976743862
2294,3419,186,2026-02-01,2826,2727,99,96.4968152866242,3.5031847133757963
2295,4287,169,2026-03-25,1358,1337,21,98.4536082474227,1.5463917525773196
2296,379,43,2026-03-09,124,124,0,100.0,0.0
2297,4932,34,2026-01-22,2611,2540,71,97.28073535044044,2.719264649559556
2298,2682,61,2026-01-02,465,463,2,99.56989247311829,0.43010752688172044
2299,4110,29,2026-02-04,0,0,0,0.0,0.0
2300,2536,131,2026-01-20,1229,1211,18,98.5353946297803,1.4646053702196908
2301,1752,23,2026-05-01,1501,1458,43,97.13524317121919,2.8647568287808127
2302,1932,29,2026-05-01,0,0,0,0.0,0.0
2303,4890,129,2026-01-29,4521,4308,213,95.28865295288654,4.71134704711347
2304,2547,45,2026-04-24,19,0,19,0.0,100.0
2305,3464,186,2026-03-24,3641,3477,164,95.4957429277671,4.504257072232903
2306,2639,236,2026-03-29,259,247,12,95.36679536679536,4.633204633204633
2307,4997,105,2026-02-22,1118,838,280,74.95527728085868,25.044722719141323
2308,9780,9377,2026-03-17,64,59,5,92.1875,7.8125
2309,836,217,2026-01-15,509,498,11,97.83889980353635,2.161100196463654
2310,566,165,2026-02-04,13,0,13,0.0,100.0
2311,4004,67,2026-02-14,2862,2735,127,95.56254367575121,4.437456324248777
2312,4100,158,2026-01-09,1162,712,450,61.2736660929432,38.7263339070568
2313,3492,202,2026-02-22,548,531,17,96.8978102189781,3.102189781021898
2314,2688,15,2026-03-28,1060,1026,34,96.79245283018868,3.207547169811321
2315,4576,66,2026-04-28,514,513,1,99.80544747081711,0.19455252918287938
2316,309,190,2026-03-04,4904,4668,236,95.18760195758564,4.8123980424143555
2317,2220,69,2026-04-06,4639,4437,202,95.64561327872386,4.354386721276137
2318,1506,243,2026-01-03,2989,2841,148,95.04851120776179,4.951488792238207
2319,1811,16,2026-01-04,3519,3433,86,97.5561238988349,2.443876101165104
2320,3487,49,2026-01-27,3820,3720,100,97.38219895287958,2.6178010471204187
2321,51,79,2026-02-18,67,67,0,100.0,0.0
2322,3335,51,2026-04-18,3824,3736,88,97.69874476987448,2.301255230125523
2323,1369,247,2026-02-15,4262,4210,52,98.7799155326138,1.2200844673862037
2324,248,39,2026-02-25,491,476,15,96.94501018329939,3.054989816700611
2325,3377,97,2026-02-04,367,90,277,24.52316076294278,75.47683923705722
2326,3448,76,2026-04-08,18043864,17832533,211331,98.82879299023757,1.1712070097624323
2327,2001,71,2026-03-23,1980,1933,47,97.62626262626263,2.3737373737373737
2328,4427,210,2026-04-28,421,421,0,100.0,0.0
2329,4288,163,2026-01-12,1150,1123,27,97.65217391304348,2.3478260869565215
2330,525,168,2026-03-07,3265,3105,160,95.09954058192956,4.900459418070445
2331,4327,230,2026-03-03,2111,2043,68,96.77877783041212,3.2212221695878727
2332,2422,141,2026-03-20,1675,1609,66,96.05970149253731,3.940298507462687
2333,309,216,2026-04-25,315,312,3,99.04761904761905,0.9523809523809524
2334,997,228,2026-02-16,4710,4632,78,98.34394904458598,1.6560509554140128
2335,9657,9918,2026-01-07,0,0,0,0.0,0.0
2336,2660,157,2026-01-21,3688,3565,123,96.6648590021692,3.3351409978308024
2337,2493,153,2026-04-10,330,324,6,98.18181818181819,1.8181818181818181
2338,674,66,2026-03-02,595,333,262,55.96638655462185,44.03361344537815
2339,2849,116,2026-04-18,3736,3685,51,98.63490364025695,1.3650963597430408
2341,2289,102,2026-02-27,1812,1785,27,98.50993377483444,1.490066225165563
2342,9167,9263,2026-04-14,64,64,0,100.0,0.0
2343,2620,144,2026-03-22,4737,4564,173,96.34789951446064,3.652100485539371
2344,3642,152,2026-02-19,1412,1406,6,99.57507082152975,0.424929178470255
2345,3209,250,2026-01-20,1946,1930,16,99.17780061664953,0.8221993833504625
2346,1928,111,2026-03-17,2374,2283,91,96.16680707666386,3.8331929233361413
2347,896,229,2026-03-21,317,105,212,33.12302839116719,66.8769716088328
2348,4372,54,2026-01-04,2761,2708,53,98.08040565012676,1.9195943498732344
2349,1088,140,2026-03-21,2058,2042,16,99.22254616132167,0.7774538386783284
2350,3905,178,2026-03-10,2836,2758,78,97.24964739069112,2.7503526093088855
2351,2401,11,2026-01-03,0,0,0,0.0,0.0
2352,4349,41,2026-02-28,3762,3679,83,97.79372674109517,2.206273258904838
2353,1428,87,2026-01-09,756,411,345,54.36507936507936,45.63492063492063
2354,1759,31,2026-03-22,2402,2389,13,99.45878434637801,0.5412156536219818
2355,4061,236,2026-03-23,22,22,0,100.0,0.0
2356,319,204,2026-01-17,3512,3486,26,99.25968109339408,0.7403189066059226
2357,491,222,2026-04-22,1189,1144,45,96.21530698065601,3.7846930193439863
2358,3105,26,2026-02-04,11,0,11,0.0,100.0
2359,1134,70,2026-03-10,5,0,5,0.0,100.0
2360,4300,16,2026-01-04,0,0,0,0.0,0.0
2361,263,27,2026-03-15,541,513,28,94.82439926062847,5.175600739371535
2362,4059,189,2026-02-13,3268,3267,1,99.96940024479805,0.03059975520195838
2363,2255,31,2026-02-04,15,0,15,0.0,100.0
2364,977,92,2026-01-21,3385,3233,152,95.5096011816839,4.490398818316101
2365,1764,48,2026-01-17,361,267,94,73.9612188365651,26.038781163434905
2366,9173,9179,2026-01-27,15,0,15,0.0,100.0
2367,3789,56,2026-03-16,352,335,17,95.17045454545455,4.829545454545454
2368,1232,196,2026-02-27,3531,3409,122,96.54488813367318,3.4551118663268197
2369,3819,220,2026-03-04,2040,1946,94,95.3921568627451,4.6078431372549025
2370,4883,169,2026-01-28,292,102,190,34.93150684931507,65.06849315068493
2371,4744,200,2026-01-26,4450,4336,114,97.43820224719101,2.561797752808989
2372,1606,37,2026-01-24,1616,1553,63,96.10148514851485,3.8985148514851486
2373,360,171,2026-01-19,1041,999,42,95.96541786743515,4.034582132564841
2374,676,37,2026-03-14,5,5,0,100.0,0.0
2375,2777,10,2026-04-28,4970,4929,41,99.17505030181087,0.8249496981891348
2376,3487,227,2026-02-24,779,762,17,97.81771501925546,2.1822849807445444
2377,912,45,2026-04-22,1789,1774,15,99.16154276131918,0.8384572386808273
2379,3472,152,2026-02-06,3030,2946,84,97.22772277227722,2.7722772277227725
2380,3895,215,2026-02-04,98,97,1,98.9795918367347,1.0204081632653061
2381,1532,51,2026-04-12,9602038,9263548,338490,96.47481086827608,3.525189131723911
2382,3327,233,2026-04-18,1003,969,34,96.61016949152543,3.389830508474576
2383,3529,50,2026-01-31,2395,2307,88,96.32567849686848,3.674321503131524
2384,3361,216,2026-04-20,577,92,485,15.944540727902945,84.05545927209705
2385,1745,246,2026-02-18,1372,1306,66,95.18950437317784,4.810495626822157
2386,3933,124,2026-04-21,4153,3962,191,95.40091500120394,4.599084998796052
2387,1289,243,2026-03-24,1848,1762,86,95.34632034632034,4.653679653679654
2388,4363,181,2026-03-24,4868,4707,161,96.69268693508629,3.307313064913722
2389,243,117,2026-01-13,3033,2974,59,98.05473128915266,1.9452687108473459
2390,4223,39,2026-02-04,32,32,0,100.0,0.0
2391,4164,171,2026-01-21,2545,2491,54,97.87819253438114,2.1218074656188604
2392,2113,112,2026-04-29,1368,1305,63,95.39473684210526,4.605263157894736
2393,987,46,2026-03-08,7434315,6981239,453076,93.905612016709,6.0943879832909955
2395,4182,126,2026-05-01,2182,2123,59,97.29605866177819,2.703941338221815
2396,1937,62,2026-04-14,847,826,21,97.52066115702479,2.479338842975207
2397,2982,33,2026-04-15,603,577,26,95.6882255389718,4.311774461028192
2398,1567,211,2026-03-07,970,928,42,95.6701030927835,4.329896907216495
2400,4317,194,2026-01-22,4331,4250,81,98.12976217963518,1.8702378203648118
2401,3074,241,2026-02-22,3018,2945,73,97.58117958913188,2.4188204108681246
2402,1155,49,2026-01-03,1264,1223,41,96.75632911392405,3.2436708860759493
2403,3263,208,2026-02-03,4849,4714,135,97.2159208084141,2.784079191585894
2404,9717,9782,2026-01-08,0,0,0,0.0,0.0
2405,1714,82,2026-01-19,1521,1228,293,80.73635765943459,19.26364234056542
2406,2100,238,2026-01-20,1019,1004,15,98.5279685966634,1.4720314033366046
2407,3560,165,2026-02-01,2500,2483,17,99.32,0.6799999999999999
2408,3071,187,2026-04-08,1080,1042,38,96.48148148148148,3.5185185185185186
2409,2519,65,2026-03-04,2135,2113,22,98.9695550351288,1.0304449648711944
2410,3761,210,2026-01-07,1963,1912,51,97.40193581253183,2.598064187468161
2411,1322,242,2026-04-13,2368,2356,12,99.49324324324324,0.5067567567567568
2412,1279,201,2026-05-01,4383,4253,130,97.03399498060689,2.96600501939311
2413,4678,21,2026-03-12,3859,3675,184,95.23192536926665,4.768074630733351
2414,3551,175,2026-02-23,21617061,21318514,298547,98.61892881738179,1.3810711826182107
2415,1286,8,2026-02-14,1979,1963,16,99.19151086407277,0.808489135927236
2416,3642,157,2026-03-19,1722,1708,14,99.1869918699187,0.8130081300813009
2417,4198,77,2026-03-11,148,143,5,96.62162162162163,3.3783783783783785
2418,1651,135,2026-04-18,16,0,16,0.0,100.0
2419,4736,79,2026-04-08,817,781,36,95.593635250918,4.406364749082008
2420,1066,75,2026-02-08,205,137,68,66.82926829268293,33.170731707317074
2421,2704,187,2026-02-22,1168,1114,54,95.37671232876713,4.623287671232877
2422,4694,130,2026-01-13,3946,3836,110,97.21236695387735,2.787633046122656
2423,4984,55,2026-04-05,2101,2040,61,97.09662065683008,2.9033793431699193
2424,1138,111,2026-04-30,5,0,5,0.0,100.0
2425,979,214,2026-04-05,0,0,0,0.0,0.0
2426,556,177,2026-02-20,0,0,0,0.0,0.0
2427,792,240,2026-01-09,769,768,1,99.8699609882965,0.13003901170351106
2428,3447,79,2026-03-08,1585,1576,9,99.43217665615141,0.5678233438485805
2429,4688,109,2026-02-04,66,60,6,90.9090909090909,9.090909090909092
2431,9654,9031,2026-02-12,53,50,3,94.33962264150944,5.660377358490567
2432,3155,177,2026-04-01,2727,2616,111,95.92959295929593,4.07040704070407
2433,2039,56,2026-03-10,3752,3717,35,99.06716417910447,0.9328358208955223
2434,2609,219,2026-01-21,2407,2368,39,98.37972579975073,1.6202742002492732
2435,560,189,2026-04-23,21266256,21093419,172837,99.18727113978125,0.8127288602187428
2436,2380,37,2026-01-07,1154,1153,1,99.91334488734836,0.08665511265164644
2437,3825,170,2026-01-13,458,281,177,61.35371179039302,38.646288209606986
2438,2562,155,2026-04-22,2146,2056,90,95.80615097856477,4.193849021435228
2439,1514,40,2026-03-11,4164,4115,49,98.82324687800192,1.176753121998079
2440,4837,61,2026-03-01,0,0,0,0.0,0.0
2441,1610,224,2026-01-11,1016,985,31,96.9488188976378,3.0511811023622046
2443,2764,216,2026-03-17,315,306,9,97.14285714285714,2.857142857142857
2444,2828,80,2026-01-12,2601,2598,3,99.88465974625143,0.11534025374855825
2445,331,230,2026-01-28,7,0,7,0.0,100.0
2446,782,133,2026-03-30,1871,1842,29,98.45002672367717,1.549973276322822
2447,3290,86,2026-01-26,4411,4349,62,98.59442303332577,1.4055769666742235
2448,420,73,2026-04-08,0,0,0,0.0,0.0
2449,1872,71,2026-03-15,0,0,0,0.0,0.0
2450,3745,181,2026-02-20,141,141,0,100.0,0.0
2451,2839,92,2026-04-25,7,0,7,0.0,100.0
2452,3045,230,2026-03-22,5,0,5,0.0,100.0
2453,2636,192,2026-02-21,558,104,454,18.63799283154122,81.36200716845879
2454,1067,237,2026-04-06,1196,1141,55,95.40133779264214,4.598662207357859
2455,604,85,2026-04-18,3333,3188,145,95.64956495649565,4.35043504350435
2456,2360,97,2026-01-07,23036125,22559288,476837,97.93004682862244,2.0699531713775645
2457,3310,132,2026-01-30,4918,4803,115,97.66165107767385,2.338348922326149
2459,2659,107,2026-01-02,288,285,3,98.95833333333334,1.0416666666666665
2460,2611,176,2026-01-14,450,450,0,100.0,0.0
2461,625,126,2026-03-07,391,176,215,45.012787723785166,54.987212276214834
2462,1272,166,2026-02-15,1220,1206,14,98.85245901639344,1.1475409836065573
2463,2390,140,2026-01-13,961,947,14,98.54318418314256,1.45681581685744
2464,3307,167,2026-01-11,1664,1621,43,97.41586538461539,2.5841346153846154
2465,1768,164,2026-02-22,4731,4601,130,97.25216656098077,2.7478334390192347
2466,3094,250,2026-01-07,1020,1018,2,99.80392156862746,0.19607843137254902
2467,3579,152,2026-04-25,1278,1264,14,98.90453834115806,1.0954616588419406
2468,334,123,2026-01-10,3622,3444,178,95.0855880728879,4.914411927112092
2469,4451,81,2026-03-19,2164,2164,0,100.0,0.0
2470,2552,31,2026-01-27,666,649,17,97.44744744744744,2.5525525525525525
2471,156,245,2026-04-22,685,676,9,98.6861313868613,1.313868613138686
2472,4149,200,2026-03-08,919,909,10,98.91186071817192,1.088139281828074
2474,3848,223,2026-03-29,158,158,0,100.0,0.0
2475,2448,116,2026-01-29,513,508,5,99.02534113060429,0.9746588693957114
2476,803,157,2026-02-06,3916,3889,27,99.31052093973443,0.6894790602655771
2477,9381,9051,2026-03-15,114,96,18,84.21052631578947,15.789473684210526
2478,3510,241,2026-03-24,1322,902,420,68.22995461422087,31.77004538577912
2479,4924,208,2026-03-13,1705,1700,5,99.70674486803519,0.2932551319648094
2480,4634,120,2026-03-03,2941,2889,52,98.23189391363482,1.7681060863651819
2481,4559,16,2026-02-04,30,30,0,100.0,0.0
2482,4832,173,2026-04-12,84,72,12,85.71428571428571,14.285714285714285
2484,507,54,2026-03-07,13759093,13501256,257837,98.12606107103136,1.8739389289686463
2485,2644,51,2026-03-23,3876,3828,48,98.76160990712074,1.238390092879257
2486,4027,164,2026-03-09,362,355,7,98.06629834254143,1.9337016574585635
2487,4036,113,2026-03-25,2445,2394,51,97.91411042944786,2.085889570552147
2488,1485,20,2026-02-10,2294,2231,63,97.25370531822145,2.746294681778553
2489,793,136,2026-04-10,256,156,100,60.9375,39.0625
2490,2435,20,2026-02-20,1147,1103,44,96.16390584132519,3.836094158674804
2491,661,237,2026-02-14,4986,4739,247,95.04612916165263,4.953870838347372
2492,449,181,2026-03-29,2730,2594,136,95.01831501831501,4.981684981684982
2493,4628,93,2026-01-02,2760,2743,17,99.3840579710145,0.6159420289855073
2495,3095,81,2026-03-25,3894,3774,120,96.91833590138675,3.0816640986132513
2496,2810,127,2026-02-04,62,62,0,100.0,0.0
2497,527,228,2026-03-14,1000,973,27,97.3,2.7
2498,1033,154,2026-04-15,2982,2851,131,95.60697518443997,4.393024815560027
2499,4381,25,2026-02-19,2174,2099,75,96.55013799448022,3.4498620055197793
2500,2833,154,2026-03-12,4378,4338,40,99.08634079488351,0.9136592051164915
2501,3672,227,2026-04-10,10618718,10207288,411430,96.12542681706022,3.8745731829397863
2502,4084,239,2026-02-03,1788,1754,34,98.09843400447427,1.901565995525727
2503,4078,37,2026-03-08,2271,2233,38,98.32672831351827,1.673271686481726
2504,4145,57,2026-04-01,3706,3559,147,96.03345925526173,3.9665407447382623
2505,4065,53,2026-01-03,2630,2501,129,95.09505703422053,4.904942965779468
2506,4924,5,2026-02-02,109,97,12,88.9908256880734,11.009174311926607
2507,592,58,2026-02-05,2855,2812,43,98.4938704028021,1.5061295971978983
2508,3222,248,2026-01-19,7838484,7591033,247451,96.84312680870434,3.156873191295664
2509,1427,18,2026-03-06,4735,4587,148,96.87434002111932,3.125659978880676
2510,3448,76,2026-02-08,2845,2793,52,98.17223198594024,1.8277680140597539
2511,1016,93,2026-03-03,4725,4646,79,98.32804232804233,1.671957671957672
2512,3849,49,2026-04-20,481,60,421,12.474012474012476,87.52598752598753
2513,1777,245,2026-03-06,1521,1411,110,92.76791584483892,7.232084155161078
2514,1863,243,2026-01-25,14211797,14068529,143268,98.9919079198781,1.0080920801218873
2515,1268,50,2026-04-22,475,160,315,33.68421052631579,66.3157894736842
2516,2987,199,2026-03-21,988,945,43,95.64777327935222,4.352226720647773
2517,3016,53,2026-03-23,2283,2177,106,95.35698642137538,4.643013578624617
2518,496,143,2026-02-12,186,181,5,97.31182795698925,2.6881720430107525
2520,2546,216,2026-01-07,4492,4279,213,95.25823686553873,4.741763134461265
2522,957,58,2026-03-06,0,0,0,0.0,0.0
2523,3490,56,2026-02-27,2167,2103,64,97.0466082141209,2.9533917858790955
2524,3846,49,2026-01-20,218,217,1,99.54128440366972,0.45871559633027525
2525,9598,9651,2026-02-11,32,32,0,100.0,0.0
2526,3014,26,2026-01-24,455,211,244,46.37362637362637,53.62637362637363
2527,3146,181,2026-01-23,512,120,392,23.4375,76.5625
2528,1515,7,2026-03-10,17695151,17377383,317768,98.20420859929368,1.795791400706329
2529,4800,227,2026-04-24,3571,3531,40,98.87986558387006,1.1201344161299356
2530,3313,99,2026-03-11,903,895,8,99.1140642303433,0.8859357696566998
2531,3051,120,2026-03-29,3972,3841,131,96.70191339375629,3.298086606243706
2532,1081,106,2026-02-06,1367,1363,4,99.70738844184345,0.2926115581565472
2533,4750,242,2026-01-09,4856,4658,198,95.92257001647447,4.077429983525535
2534,220,218,2026-01-31,4344,4251,93,97.85911602209944,2.1408839779005526
2535,2441,28,2026-04-22,1151,1094,57,95.04778453518679,4.952215464813206
2536,824,61,2026-04-21,2119,2018,101,95.23360075507314,4.766399244926852
2537,3565,111,2026-04-01,4951,4862,89,98.2023833568976,1.7976166431024034
2538,1820,57,2026-04-25,3346,3310,36,98.92408846383742,1.0759115361625822
2539,4807,250,2026-03-01,3543,3443,100,97.17753316398532,2.822466836014677
2540,4158,80,2026-03-09,2163,2156,7,99.67637540453075,0.3236245954692557
2541,4697,226,2026-02-04,79,77,2,97.46835443037975,2.5316455696202533
2542,3209,197,2026-03-02,0,0,0,0.0,0.0
2543,2164,145,2026-01-10,2529,2475,54,97.86476868327402,2.135231316725979
2544,4917,54,2026-02-12,1348,1289,59,95.62314540059347,4.376854599406528
2545,4979,183,2026-01-13,3201,3085,116,96.37613245860669,3.6238675413933144
2546,788,113,2026-02-18,11,11,0,100.0,0.0
2547,1308,15,2026-02-04,0,0,0,0.0,0.0
2548,2801,139,2026-03-19,4983,4895,88,98.23399558498896,1.7660044150110374
2549,4983,236,2026-03-29,2369,2296,73,96.91853102574926,3.081468974250739
2550,4939,170,2026-04-07,89,89,0,100.0,0.0
2551,74,208,2026-01-04,1507,1477,30,98.0092899800929,1.9907100199071004
2552,2852,218,2026-03-02,2089,2082,7,99.6649114408808,0.3350885591191958
2553,1463,44,2026-03-08,4899,4896,3,99.93876301285977,0.0612369871402327
2554,4575,27,2026-03-07,4230,4091,139,96.71394799054373,3.286052009456265
2555,3281,217,2026-03-08,1348,1326,22,98.3679525222552,1.6320474777448073
2556,1173,89,2026-01-31,4015,3949,66,98.35616438356163,1.643835616438356
2557,4198,139,2026-04-27,2497,2441,56,97.75730877052463,2.2426912294753705
2558,3904,169,2026-03-15,1896,1867,29,98.4704641350211,1.529535864978903
2559,3188,13,2026-02-04,65,65,0,100.0,0.0
2561,1108,180,2026-02-02,4402,4382,20,99.54566106315312,0.4543389368468878
2562,2774,63,2026-01-21,2670,2649,21,99.21348314606742,0.7865168539325843
2563,4959,54,2026-02-15,2666,2583,83,96.88672168042011,3.113278319579895
2566,4458,104,2026-01-02,892,863,29,96.74887892376681,3.2511210762331837
2567,2457,250,2026-02-08,2329,2257,72,96.90854443967368,3.0914555603263203
2568,3880,224,2026-02-13,206,185,21,89.80582524271846,10.194174757281553
2569,610,87,2026-03-12,2577,2496,81,96.85681024447031,3.143189755529686
2570,3068,95,2026-04-04,3098,3052,46,98.51517107811492,1.4848289218850872
2571,1600,22,2026-01-30,7,0,7,0.0,100.0
2572,4591,141,2026-02-22,0,0,0,0.0,0.0
2573,1731,47,2026-03-11,4535,4407,128,97.17750826901874,2.822491730981257
2574,3789,34,2026-01-24,10264314,10050683,213631,97.9187016297436,2.081298370256405
2575,2209,117,2026-01-03,797,797,0,100.0,0.0
2576,597,101,2026-02-25,16393089,16171021,222068,98.64535597897383,1.3546440210261774
2577,3565,129,2026-01-20,2781,2723,58,97.91441927364258,2.0855807263574255
2578,781,22,2026-03-31,461,450,11,97.61388286334056,2.386117136659436
2579,3735,27,2026-04-09,2527,2423,104,95.88444796201028,4.115552037989711
2580,1642,154,2026-02-24,330,325,5,98.48484848484848,1.5151515151515151
2581,2463,92,2026-02-07,3010,2872,138,95.41528239202658,4.584717607973422
2584,2138,149,2026-01-19,669,662,7,98.95366218236174,1.046337817638266
2585,2017,98,2026-01-19,4812,4702,110,97.71404821280133,2.28595178719867
2586,1649,59,2026-04-12,4183,4065,118,97.17905809227827,2.820941907721731
2587,968,52,2026-02-09,3922,3769,153,96.09892911779704,3.9010708822029576
2588,382,155,2026-03-10,3311,3212,99,97.00996677740864,2.990033222591362
2589,4241,84,2026-03-14,1299,1265,34,97.38260200153964,2.617397998460354
2590,2519,137,2026-03-18,2615,2596,19,99.27342256214149,0.7265774378585086
2591,3488,49,2026-01-28,4342,4215,127,97.07508060801474,2.9249193919852603
2592,1227,201,2026-03-15,3448,3372,76,97.79582366589327,2.2041763341067284
2593,567,221,2026-04-17,3080,3064,16,99.48051948051948,0.5194805194805194
2594,3067,245,2026-02-24,18314580,17930976,383604,97.90547203375671,2.094527966243288
2595,4732,7,2026-04-25,3954,3810,144,96.35811836115326,3.6418816388467374
2596,2056,217,2026-03-15,1025,977,48,95.3170731707317,4.682926829268292
2597,4617,28,2026-01-06,16,0,16,0.0,100.0
2598,750,37,2026-02-19,901,873,28,96.89234184239733,3.107658157602664
2599,2010,28,2026-04-08,779,516,263,66.2387676508344,33.761232349165596
2600,4557,40,2026-03-16,4324,4298,26,99.39870490286772,0.6012950971322849
2601,3796,174,2026-04-08,1790,1725,65,96.36871508379889,3.6312849162011176
2602,253,96,2026-04-26,4566,4526,40,99.12395970214631,0.8760402978537012
2603,1744,91,2026-02-04,0,0,0,0.0,0.0
2604,4681,166,2026-04-02,85,85,0,100.0,0.0
2606,3830,138,2026-04-16,4307,4160,147,96.58695147434409,3.413048525655909
2607,3758,245,2026-03-31,4929,4775,154,96.87563400284033,3.124365997159667
2608,1504,3,2026-02-16,4594,4409,185,95.97300827165868,4.026991728341315
2609,637,49,2026-02-09,3986,3800,186,95.33366783743101,4.666332162568992
2610,746,53,2026-02-08,3736,3711,25,99.33083511777302,0.6691648822269808
2611,4070,184,2026-01-25,4047,3915,132,96.73832468495182,3.261675315048184
2612,1569,20,2026-02-11,500,428,72,85.6,14.399999999999999
2613,2035,15,2026-03-03,1895,1820,75,96.04221635883906,3.95778364116095
2614,1393,242,2026-03-10,487,477,10,97.94661190965093,2.0533880903490758
2615,4704,202,2026-02-28,1897,1863,34,98.20769636267791,1.7923036373220875
2616,1834,52,2026-03-22,246,241,5,97.96747967479675,2.0325203252032518
2618,1412,67,2026-02-07,22805909,22432494,373415,98.3626392616054,1.6373607383945978
2619,2196,47,2026-02-08,2091,2019,72,96.55667144906744,3.443328550932568
2620,1287,2,2026-02-26,4419,4228,191,95.67775514822358,4.3222448517764205
2621,2394,16,2026-03-15,1210,1210,0,100.0,0.0
2622,2287,16,2026-02-12,2869,2800,69,97.59498082955733,2.405019170442663
2623,2560,216,2026-08-04,0,0,0,0.0,0.0
2624,3450,30,2026-01-11,412,397,15,96.35922330097088,3.640776699029126
2625,1283,58,2026-01-09,3833,3781,52,98.64336029219932,1.3566397078006782
2626,2559,64,2026-04-21,4003,3883,120,97.00224831376467,2.9977516862353237
2627,2499,97,2026-01-27,2056,1959,97,95.28210116731518,4.717898832684825
2628,458,138,2026-03-01,823,797,26,96.8408262454435,3.1591737545565004
2629,3822,163,2026-02-04,0,0,0,0.0,0.0
2630,2004,77,2026-05-01,2566,2440,126,95.08963367108339,4.910366328916601
2631,3934,73,2026-03-25,634,345,289,54.41640378548895,45.58359621451104
2632,9766,9186,2026-01-29,97,77,20,79.38144329896907,20.618556701030926
2633,1332,172,2026-04-28,2686,2633,53,98.02680565897245,1.9731943410275503
2634,3558,152,2026-02-06,4245,4091,154,96.37220259128387,3.6277974087161367
2635,2486,156,2026-01-06,1208,1162,46,96.19205298013244,3.80794701986755
2636,4384,67,2026-01-02,1381,1317,64,95.36567704561911,4.634322954380883
2637,29,7,2026-01-18,1937,1915,22,98.86422302529685,1.1357769747031492
2638,37,172,2026-03-14,599,591,8,98.6644407345576,1.335559265442404
2639,1242,121,2026-01-24,3301,3152,149,95.48621629809149,4.513783701908512
2641,2321,4,2026-04-07,2392,2334,58,97.5752508361204,2.4247491638795986
2642,3008,131,2026-03-04,1968,1885,83,95.78252032520325,4.217479674796748
2643,4873,90,2026-01-28,507,483,24,95.26627218934911,4.733727810650888
2644,96,144,2026-04-04,4870,4642,228,95.31827515400411,4.681724845995893
2645,1856,71,2026-02-08,2776,2746,30,98.9193083573487,1.080691642651297
2646,3352,203,2026-01-26,82,82,0,100.0,0.0
2647,3961,192,2026-04-26,4544,4325,219,95.18045774647888,4.819542253521127
2648,2011,93,2026-04-04,0,0,0,0.0,0.0
2649,2600,227,2026-01-26,2760,2733,27,99.02173913043478,0.9782608695652175
2650,4109,159,2026-01-30,3625,3618,7,99.80689655172414,0.19310344827586207
2651,4946,125,2026-03-27,3647,3535,112,96.92898272552783,3.071017274472169
2652,3468,198,2026-02-16,69,55,14,79.71014492753623,20.28985507246377
2653,4697,82,2026-04-30,4946,4868,78,98.42296805499393,1.5770319450060657
2654,3063,147,2026-02-07,436,418,18,95.87155963302753,4.128440366972478
2655,1031,224,2026-01-06,3854,3820,34,99.11779968863519,0.8822003113648157
2656,216,208,2026-02-02,3779,3629,150,96.03069595130988,3.9693040486901294
2657,1554,10,2026-02-23,3647,3557,90,97.53221826158487,2.4677817384151357
2658,4216,192,2026-03-19,1979,1889,90,95.4522486104093,4.547751389590703
2660,2048,50,2026-03-04,803,478,325,59.52677459526775,40.473225404732254
2661,4395,234,2026-02-16,3981,3841,140,96.4832956543582,3.516704345641799
2662,1183,104,2026-01-10,904,878,26,97.12389380530973,2.8761061946902653
2663,2528,150,2026-03-25,2384,2312,72,96.97986577181209,3.0201342281879198
2664,371,20,2026-03-12,68,67,1,98.52941176470588,1.4705882352941175
2665,2617,148,2026-04-30,0,0,0,0.0,0.0
2666,4554,28,2026-02-09,1290,1124,166,87.13178294573643,12.868217054263567
2667,3034,74,2026-03-12,3771,3725,46,98.78016441262265,1.2198355873773536
2668,1057,39,2026-02-07,3938,3792,146,96.2925342813611,3.7074657186389035
2669,3956,45,2026-01-03,4441,4269,172,96.12699842377843,3.8730015762215713
2670,1444,147,2026-02-13,4374,4219,155,96.45633287608597,3.543667123914038
2671,3775,234,2026-04-13,7,0,7,0.0,100.0
2672,4114,147,2026-01-25,3563,3406,157,95.59360089811956,4.406399101880438
2673,4790,204,2026-04-24,2821,2703,118,95.81708613966678,4.182913860333215
2674,244,167,2026-04-13,464,453,11,97.62931034482759,2.3706896551724137
2675,1290,44,2026-02-19,1236,1234,2,99.83818770226537,0.16181229773462785
2676,2997,234,2026-04-23,1333,1284,49,96.32408102025506,3.675918979744936
2677,4561,238,2026-02-25,3541,3381,160,95.48150240045184,4.518497599548151
2678,195,118,2026-01-22,79,60,19,75.9493670886076,24.050632911392405
2679,1175,249,2026-03-08,4399,4342,57,98.70425096612867,1.2957490338713344
2680,1885,239,2026-02-04,39,39,0,100.0,0.0
2681,1178,36,2026-03-29,3,0,3,0.0,100.0
2682,3277,116,2026-02-17,0,0,0,0.0,0.0
2683,2051,107,2026-01-20,1402,1379,23,98.35948644793152,1.6405135520684737
2684,2546,214,2026-01-16,387,378,9,97.67441860465115,2.3255813953488373
2685,1482,112,2026-02-21,716,698,18,97.48603351955308,2.5139664804469275
2686,98,50,2026-01-31,2905,2897,8,99.72461273666093,0.2753872633390706
2687,3601,79,2026-02-24,1592,1591,1,99.93718592964824,0.06281407035175879
2689,639,26,2026-01-14,1046,1028,18,98.2791586998088,1.7208413001912046
2690,4779,84,2026-01-09,1732,1678,54,96.88221709006929,3.117782909930716
2691,2323,107,2026-02-20,1040,820,220,78.84615384615384,21.153846153846153
2692,2940,45,2026-02-05,1533,1528,5,99.67384213959556,0.32615786040443573
2693,1280,69,2026-01-02,1052,1052,0,100.0,0.0
2694,2826,211,2026-02-19,0,0,0,0.0,0.0
2695,206,175,2026-03-10,3622,3561,61,98.31584759801216,1.684152401987852
2696,1144,230,2026-03-15,3814,3789,25,99.34452018877819,0.6554798112218143
2697,1691,107,2026-04-30,12669050,12291196,377854,97.01750328556601,2.982496714433995
2698,1143,220,2026-02-03,518,506,12,97.68339768339769,2.3166023166023164
2699,1888,197,2026-03-20,509,505,4,99.21414538310412,0.7858546168958742
2700,24,31,2026-01-21,1248,1234,14,98.87820512820514,1.1217948717948718
2701,1455,82,2026-01-27,4184,4092,92,97.80114722753346,2.198852772466539
2702,3125,240,2026-02-15,423,413,10,97.63593380614657,2.3640661938534278
2703,3889,131,2026-01-21,708,691,17,97.59887005649718,2.401129943502825
2705,818,67,2026-03-13,434,309,125,71.19815668202764,28.80184331797235
2706,9,140,2026-04-25,233,223,10,95.70815450643777,4.291845493562231
2707,2895,174,2026-01-15,22978697,22514223,464474,97.97867564031154,2.021324359688454
2708,1822,103,2026-04-28,1505,1486,19,98.7375415282392,1.2624584717607974
2709,782,97,2026-02-19,24571278,24462189,109089,99.55603041893059,0.44396958106940954
2710,218,12,2026-02-04,0,0,0,0.0,0.0
2712,3144,58,2026-02-17,3056,2983,73,97.61125654450262,2.3887434554973823
2713,4236,235,2026-03-04,0,0,0,0.0,0.0
2714,2138,154,2026-01-02,917,896,21,97.70992366412213,2.2900763358778624
2715,471,130,2026-02-25,1527,1499,28,98.16633922724296,1.8336607727570402
2716,290,29,2026-01-18,968,582,386,60.12396694214877,39.87603305785124
2717,3507,208,2026-01-30,2974,2871,103,96.5366509751177,3.463349024882313
2718,2901,191,2026-04-28,2343,2251,92,96.07341015791721,3.9265898420828
2719,457,140,2026-01-30,1119,1102,17,98.48078641644325,1.519213583556747
2720,4692,128,2026-01-30,901,868,33,96.33740288568258,3.662597114317425
2721,111,31,2026-01-25,7071072,6721050,350022,95.04994433658716,4.950055663412846
2722,4592,34,2026-04-13,2221,2166,55,97.52363800090049,2.4763619990995047
2723,4443,52,2026-03-12,3310,3207,103,96.88821752265862,3.11178247734139
2724,2519,134,2026-04-21,515,106,409,20.58252427184466,79.41747572815534
2725,3758,10,2026-03-27,554,415,139,74.90974729241877,25.09025270758123
2726,3255,94,2026-01-07,2773,2648,125,95.49224666426254,4.507753335737468
2727,1756,235,2026-04-02,4642,4492,150,96.7686342093925,3.2313657906074966
2728,1903,161,2026-02-27,2944,2813,131,95.55027173913044,4.449728260869565
2729,1372,152,2026-01-29,4223,4048,175,95.85602652143027,4.1439734785697375
2730,4522,74,2026-04-21,2133,2060,73,96.57759024847633,3.4224097515236758
2731,2458,149,2026-04-18,82,79,3,96.34146341463415,3.6585365853658534
2732,1447,102,2026-04-03,218,113,105,51.8348623853211,48.1651376146789
2733,3377,136,2026-03-07,2009,2006,3,99.85067197610752,0.14932802389248384
2734,4011,45,2026-04-05,4092,4064,28,99.31573802541544,0.6842619745845552
2735,1837,98,2026-02-25,413,396,17,95.88377723970945,4.116222760290557
2736,1168,98,2026-04-28,24933884,24729649,204235,99.18089375887045,0.8191062411295408
2737,1050,179,2026-02-03,3988,3845,143,96.41424272818455,3.5857572718154462
2738,1697,53,2026-03-14,3323,3255,68,97.95365633463737,2.0463436653626244
2740,3363,11,2026-03-02,2141,2103,38,98.22512844465203,1.7748715553479684
2741,3859,18,2026-04-18,4938,4693,245,95.0384771162414,4.961522883758606
2742,16,135,2026-01-20,823,795,28,96.59781287970839,3.402187120291616
2743,93,50,2026-05-01,2546,2506,40,98.42890809112333,1.5710919088766693
2744,4566,176,2026-01-21,2095,2012,83,96.0381861575179,3.9618138424821003
2745,4671,201,2026-03-29,1929,1913,16,99.17055469155002,0.8294453084499741
2746,265,242,2026-01-10,4681,4492,189,95.96240119632557,4.037598803674428
2747,3792,229,2026-03-31,2118,2098,20,99.05571293673276,0.9442870632672332
2748,3637,137,2026-02-04,96,96,0,100.0,0.0
2749,3898,21,2026-03-04,3720,3612,108,97.09677419354838,2.903225806451613
2750,1521,5,2026-04-27,957,932,25,97.3876698014629,2.612330198537095
2751,2571,242,2026-01-12,4888,4813,75,98.46563011456628,1.5343698854337153
2752,4212,147,2026-04-19,0,0,0,0.0,0.0
2753,4521,26,2026-02-23,3854,3674,180,95.32952776336275,4.67047223663726
2754,3897,225,2026-03-22,394,186,208,47.20812182741117,52.79187817258884
2755,2545,204,2026-04-11,2222,2119,103,95.36453645364537,4.635463546354635
2757,221,92,2026-04-07,557,554,3,99.46140035906643,0.5385996409335727
2758,2728,156,2026-03-27,1449,1394,55,96.20427881297447,3.795721187025535
2759,2219,65,2026-02-10,2135,2057,78,96.34660421545668,3.6533957845433256
2760,4602,39,2026-04-04,572,178,394,31.11888111888112,68.88111888111888
2761,9000,9918,2026-01-07,0,0,0,0.0,0.0
2762,4538,163,2026-02-12,1070,1017,53,95.04672897196261,4.953271028037383
2763,245,235,2026-01-26,2422,2387,35,98.55491329479769,1.4450867052023122
2764,312,124,2026-02-11,3893,3886,7,99.82019008476753,0.17980991523246853
2766,323,154,2026-03-17,2988,2898,90,96.98795180722891,3.0120481927710845
2767,2717,116,2026-04-21,951,905,46,95.16298633017875,4.837013669821241
2768,2585,72,2026-02-04,0,0,0,0.0,0.0
2769,3106,102,2026-01-19,3435,3277,158,95.40029112081514,4.599708879184862
2770,3886,119,2026-01-12,0,0,0,0.0,0.0
2771,3242,34,2026-03-17,4047,3892,155,96.17000247096614,3.8299975290338524
2772,1133,7,2026-02-07,4277,4237,40,99.06476502221183,0.9352349777881692
2773,780,125,2026-01-27,4683,4661,22,99.53021567371343,0.4697843262865684
2774,4565,248,2026-03-01,2807,2735,72,97.4349839686498,2.5650160313501957
2775,3921,21,2026-01-15,533,532,1,99.812382739212,0.18761726078799248
2776,3318,128,2026-04-08,3243,3155,88,97.28646315140303,2.713536848596978
2777,4182,182,2026-04-09,92,89,3,96.73913043478261,3.260869565217391
2778,1231,84,2026-02-26,3810,3692,118,96.9028871391076,3.0971128608923886
2779,2106,5,2026-02-07,2422,2320,102,95.7886044591247,4.211395540875309
2780,485,105,2026-02-24,4873,4861,12,99.75374512620562,0.2462548737943772
2781,1467,65,2026-02-03,589,92,497,15.619694397283531,84.38030560271646
2782,3822,209,2026-04-07,960,920,40,95.83333333333334,4.166666666666666
2783,4161,102,2026-01-29,4049,3917,132,96.73993578661398,3.2600642133860216
2784,2996,64,2026-02-09,1368,1315,53,96.12573099415205,3.874269005847953
2785,4722,230,2026-03-29,386,144,242,37.30569948186528,62.69430051813472
2786,4191,152,2026-03-09,0,0,0,0.0,0.0
2787,2987,105,2026-01-29,4276,4231,45,98.94761459307763,1.0523854069223575
2788,4603,160,2026-03-11,744,739,5,99.32795698924731,0.6720430107526881
2789,119,94,2026-01-26,1464,1454,10,99.31693989071039,0.6830601092896175
2790,1838,92,2026-01-11,2988,2948,40,98.66131191432396,1.3386880856760375
2791,1980,187,2026-04-09,3840,3746,94,97.55208333333333,2.4479166666666665
2792,1150,230,2026-04-25,291,277,14,95.1890034364261,4.810996563573884
2793,2300,110,2026-04-07,0,0,0,0.0,0.0
2794,1410,33,2026-03-16,817,817,0,100.0,0.0
2795,4351,214,2026-02-28,1738,1678,60,96.54775604142692,3.452243958573072
2796,285,140,2026-04-23,1892,1867,25,98.67864693446089,1.3213530655391121
2797,1355,192,2026-01-30,891,866,25,97.19416386083053,2.8058361391694726
2798,3869,233,2026-02-07,20960626,20584792,375834,98.20695240686037,1.7930475931396321
2799,3249,34,2026-04-16,1853,1765,88,95.25094441446304,4.749055585536967
2800,3524,212,2026-02-04,4546,4535,11,99.75802903651562,0.2419709634843819
2802,748,142,2026-01-16,3971,3780,191,95.19012843112566,4.809871568874339
2803,1333,174,2026-01-07,1512,1017,495,67.26190476190477,32.73809523809524
2804,2187,39,2026-03-23,4578,4559,19,99.58497160332023,0.4150283966797728
2806,3586,12,2026-02-20,4397,4293,104,97.63475096656812,2.365249033431885
2807,3079,129,2026-03-03,4903,4855,48,99.02100754640017,0.9789924535998369
2808,3807,237,2026-01-28,12193735,12002376,191359,98.43067772097722,1.5693222790227932
2809,3682,249,2026-01-17,0,0,0,0.0,0.0
2810,1502,84,2026-04-09,694,667,27,96.10951008645533,3.890489913544669
2811,3381,74,2026-02-16,3918,3822,96,97.54977029096477,2.4502297090352223
2812,579,146,2026-03-04,4027,4020,7,99.82617333002236,0.17382666997765084
2813,199,118,2026-03-03,1089,1076,13,98.80624426078971,1.1937557392102847
2814,1282,212,2026-04-23,518,500,18,96.52509652509652,3.474903474903475
2815,2818,240,2026-03-27,2684,2607,77,97.1311475409836,2.8688524590163933
2816,3252,38,2026-01-31,3972,3797,175,95.59415911379658,4.405840886203424
2817,1892,15,2026-01-03,0,0,0,0.0,0.0
2818,3725,4,2026-04-15,3,0,3,0.0,100.0
2819,1615,84,2026-02-04,3,3,0,100.0,0.0
2820,1979,179,2026-02-05,4746,4526,220,95.3645174884113,4.635482511588707
2821,2882,99,2026-03-03,4323,4267,56,98.70460328475595,1.2953967152440435
2822,1190,3,2026-03-18,1412,1375,37,97.37960339943342,2.6203966005665724
2823,3031,44,2026-03-22,4179,4101,78,98.1335247666906,1.8664752333094041
2824,3004,164,2026-04-02,4641,4481,160,96.55246714070243,3.4475328592975654
2825,271,249,2026-03-17,796,760,36,95.47738693467338,4.522613065326634
2826,46,94,2026-01-10,64,64,0,100.0,0.0
2827,4506,239,2026-04-11,2948,2906,42,98.5753052917232,1.4246947082767978
2829,1298,68,2026-02-04,13,0,13,0.0,100.0
2830,810,173,2026-02-28,6775336,6351734,423602,93.7478820238583,6.252117976141699
2831,1878,138,2026-05-01,16468216,16243858,224358,98.63763020839659,1.3623697916034134
2832,1118,106,2026-01-18,3318,3266,52,98.43279083785413,1.567209162145871
2833,3097,183,2026-04-26,1136,1090,46,95.95070422535211,4.049295774647888
2834,91,238,2026-04-27,877,392,485,44.69783352337514,55.30216647662486
2835,2765,3,2026-04-04,19,0,19,0.0,100.0
2836,4704,64,2026-04-13,3185,3168,17,99.4662480376766,0.5337519623233908
2837,4539,89,2026-02-26,2451,2362,89,96.3688290493676,3.631170950632395
2838,2188,2,2026-04-17,3036,2976,60,98.02371541501977,1.9762845849802373
2839,2506,56,2026-03-06,3874,3785,89,97.70263293753226,2.2973670624677336
2840,2728,76,2026-03-24,2128,2043,85,96.00563909774436,3.9943609022556394
2841,3116,15,2026-04-14,785,337,448,42.92993630573248,57.07006369426752
2842,4234,112,2026-02-04,3424,3287,137,95.99883177570094,4.001168224299065
2843,9691,9298,2026-03-27,80,68,12,85.0,15.0
2844,4773,8,2026-01-11,1932,1910,22,98.86128364389234,1.1387163561076603
2845,2347,108,2026-03-23,3522,3470,52,98.52356615559341,1.4764338444065872
2846,2137,238,2026-02-06,0,0,0,0.0,0.0
2848,4096,56,2026-03-07,3198,3168,30,99.06191369606003,0.9380863039399625
2849,4613,48,2026-02-14,869,848,21,97.58342922899885,2.4165707710011506
2850,3027,204,2026-03-03,4645,4579,66,98.57911733046286,1.4208826695371368
2851,2567,175,2026-01-12,3319,3188,131,96.0530280204881,3.9469719795119014
2852,495,227,2026-04-10,1787,1758,29,98.37716843872411,1.6228315612758812
2853,4360,14,2026-04-18,1322,1308,14,98.9409984871407,1.059001512859304
2854,2731,98,2026-04-15,2949,2935,14,99.52526280094948,0.47473719905052564
2855,3305,172,2026-02-19,4463,4446,17,99.61909029800583,0.3809097019941743
2856,574,201,2026-01-05,2959,2841,118,96.01216627238932,3.987833727610679
2857,721,63,2026-03-20,1439,1400,39,97.28978457261988,2.7102154273801253
2858,262,70,2026-04-22,598,367,231,61.37123745819398,38.62876254180602
2859,3137,50,2026-04-21,1031,991,40,96.12027158098934,3.87972841901067
2860,3567,160,2026-01-05,1588,1569,19,98.80352644836272,1.1964735516372795
2861,988,140,2026-04-10,2900,2792,108,96.27586206896551,3.724137931034482
2862,4719,42,2026-04-27,3358,3313,45,98.65991661703394,1.3400833829660512
2863,2097,242,2026-01-13,1718,1688,30,98.25378346915018,1.7462165308498252
2864,2020,144,2026-02-25,168,161,7,95.83333333333334,4.166666666666666
2865,808,88,2026-03-14,4858,4837,21,99.56772334293949,0.43227665706051877
2866,3929,119,2026-03-13,1559,1520,39,97.49839640795382,2.5016035920461834
2867,1452,176,2026-01-29,4615,4483,132,97.1397616468039,2.8602383531960998
2868,4911,35,2026-03-28,390,377,13,96.66666666666667,3.3333333333333335
2869,4879,208,2026-04-09,33,33,0,100.0,0.0
2870,1554,178,2026-04-28,4274,4251,23,99.46186242395882,0.5381375760411793
2872,632,187,2026-01-09,428,120,308,28.037383177570092,71.96261682242991
2873,407,97,2026-03-05,1148,1110,38,96.68989547038328,3.3101045296167246
2874,1139,4,2026-04-09,1018,533,485,52.357563850687626,47.64243614931238
2875,3216,208,2026-02-06,2979,2853,126,95.77039274924472,4.229607250755287
2876,2558,57,2026-03-14,189,189,0,100.0,0.0
2877,1773,84,2026-04-19,1832,1769,63,96.56113537117903,3.4388646288209603
2878,2760,244,2026-01-26,4564,4412,152,96.66958808063103,3.3304119193689745
2879,3123,30,2026-04-29,3577,3401,176,95.07967570589881,4.920324294101202
2880,2700,55,2026-03-13,659,226,433,34.29438543247345,65.70561456752657
2881,1465,83,2026-04-05,3580,3518,62,98.26815642458101,1.7318435754189943
2882,4141,154,2026-04-02,2451,2404,47,98.08241534067727,1.9175846593227255
2883,4490,151,2026-03-04,371,370,1,99.73045822102425,0.2695417789757413
2884,2806,235,2026-02-22,24,24,0,100.0,0.0
2885,4958,152,2026-04-13,2446,2443,3,99.87735077677841,0.12264922322158626
2886,1008,151,2026-01-06,970,557,413,57.42268041237113,42.577319587628864
2887,3564,14,2026-03-16,24360939,23929872,431067,98.23049924307105,1.769500756928951
2888,1030,250,2026-03-04,2743,2654,89,96.75537732409771,3.2446226759022965
2889,3207,104,2026-02-26,33,33,0,100.0,0.0
2890,9676,9456,2026-01-22,108,91,17,84.25925925925925,15.74074074074074
2891,1788,143,2026-01-30,3613,3436,177,95.10102407971215,4.89897592028785
2892,3512,228,2026-03-08,1547,1496,51,96.7032967032967,3.296703296703297
2893,4235,46,2026-01-25,3627,3597,30,99.17287014061208,0.8271298593879239
2894,1653,238,2026-02-04,90,74,16,82.22222222222221,17.77777777777778
2895,1417,89,2026-02-28,2875,2859,16,99.44347826086957,0.5565217391304348
2896,4720,155,2026-04-18,1790,1298,492,72.51396648044692,27.48603351955307
2897,3446,51,2026-01-23,4968,4889,79,98.40982286634461,1.5901771336553947
2898,431,29,2026-01-10,1053,571,482,54.22602089268756,45.77397910731244
2899,648,81,2026-01-11,2310,2216,94,95.93073593073593,4.069264069264069
2900,696,26,2026-02-18,2744,2733,11,99.59912536443149,0.4008746355685131
2901,2778,241,2026-01-30,2632,2516,116,95.59270516717325,4.407294832826747
2902,476,76,2026-04-12,4556,4442,114,97.49780509218613,2.502194907813872
2903,1015,154,2026-04-24,2906,2864,42,98.55471438403303,1.445285615966965
2905,3895,37,2026-02-09,2180,2101,79,96.37614678899082,3.6238532110091746
2906,634,232,2026-01-31,3723,3543,180,95.1651893634166,4.8348106365834
2907,833,238,2026-04-17,1605,1551,54,96.6355140186916,3.364485981308411
2908,4536,125,2026-01-04,2055,1983,72,96.4963503649635,3.5036496350364965
2909,2387,179,2026-04-13,0,0,0,0.0,0.0
2910,2076,81,2026-03-15,3774,3670,104,97.24430312665608,2.755696873343932
2911,2630,219,2026-03-25,1140,1112,28,97.54385964912281,2.456140350877193
2912,2167,157,2026-01-18,3012,2872,140,95.3519256308101,4.648074369189907
2913,187,128,2026-01-20,114,114,0,100.0,0.0
2914,2568,39,2026-03-16,461,450,11,97.61388286334056,2.386117136659436
2915,2079,223,2026-05-01,3271,3169,102,96.88168755732191,3.11831244267808
2916,2620,82,2026-02-24,29,28,1,96.55172413793103,3.4482758620689653
2918,1524,61,2026-02-04,93,75,18,80.64516129032258,19.35483870967742
2919,1466,241,2026-04-16,1600,1527,73,95.4375,4.5625
2920,531,76,2026-07-01,8,0,8,0.0,100.0
2921,4844,62,2026-02-08,1889,1848,41,97.82953943885654,2.170460561143462
2922,2017,240,2026-02-01,444,441,3,99.32432432432432,0.6756756756756757
2923,3782,67,2026-03-16,2170,2070,100,95.39170506912443,4.6082949308755765
2924,4445,164,2026-03-28,1417,1359,58,95.90684544812986,4.093154551870148
2925,3665,199,2026-03-06,9,0,9,0.0,100.0
2926,4217,108,2026-02-04,0,0,0,0.0,0.0
2927,3117,106,2026-04-27,2654,2641,13,99.51017332328561,0.48982667671439334
2928,4778,205,2026-01-26,1878,1820,58,96.91160809371672,3.08839190628328
2929,1453,43,2026-03-18,975,858,117,88.0,12.0
2930,1154,125,2026-03-14,4,0,4,0.0,100.0
2931,2580,201,2026-04-29,3176,3129,47,98.52015113350126,1.4798488664987406
2932,2543,199,2026-04-19,929,912,17,98.17007534983854,1.829924650161464
2933,3078,64,2026-01-07,2539,2527,12,99.52737298148877,0.47262701851122485
2934,1039,212,2026-01-06,2587,2572,15,99.42017781213761,0.5798221878623889
2935,3594,122,2026-02-28,2039,1957,82,95.97842079450712,4.0215792054928885
2936,4063,110,2026-03-11,1995,1566,429,78.49624060150376,21.503759398496243
2938,4424,237,2026-04-19,4284,4259,25,99.41643323996266,0.5835667600373483
2939,4017,107,2026-01-19,1871,1783,88,95.29663281667557,4.703367183324426
2940,3579,40,2026-01-12,711,477,234,67.08860759493672,32.91139240506329
2941,1530,116,2026-01-08,2034,2008,26,98.72173058013766,1.27826941986234
2942,2159,178,2026-01-18,2794,2671,123,95.59770937723694,4.402290622763064
2943,4783,136,2026-03-19,3678,3542,136,96.30233822729744,3.6976617727025554
2944,929,223,2026-03-06,1048,1006,42,95.99236641221374,4.007633587786259
2945,3333,112,2026-01-09,4371,4330,41,99.06199954243881,0.9380004575611988
2946,9533,9308,2026-03-08,0,0,0,0.0,0.0
2947,1404,29,2026-04-09,3103,3072,31,99.00096680631647,0.999033193683532
2948,1502,237,2026-01-19,1275,1142,133,89.56862745098039,10.431372549019608
2950,2577,60,2026-02-04,16,16,0,100.0,0.0
2951,3881,144,2026-01-13,1288,1229,59,95.41925465838509,4.580745341614907
2952,495,219,2026-03-11,19436309,19270736,165573,99.1481252947769,0.8518747052230956
2953,3955,249,2026-04-06,0,0,0,0.0,0.0
2954,3522,244,2026-02-04,0,0,0,0.0,0.0
2955,947,37,2026-04-13,1490,1312,178,88.0536912751678,11.946308724832216
2956,2464,50,2026-02-06,2050,1978,72,96.48780487804878,3.51219512195122
2957,2190,194,2026-03-20,7,0,7,0.0,100.0
2958,1399,26,2026-03-30,2985,2862,123,95.87939698492463,4.1206030150753765
2959,4735,180,2026-01-12,0,0,0,0.0,0.0
2960,4226,172,2026-04-29,2095,2060,35,98.32935560859188,1.6706443914081146
2961,588,170,2026-01-12,7,0,7,0.0,100.0
2962,821,19,2026-02-20,2004,1932,72,96.40718562874252,3.592814371257485
2963,2281,39,2026-01-11,2862,2822,40,98.60237596086652,1.397624039133473
2964,3344,17,2026-02-11,3243,3154,89,97.25562750539623,2.7443724946037618
2965,890,15,2026-03-29,377,125,252,33.15649867374005,66.84350132625994
2966,4429,246,2026-01-13,2224,2190,34,98.47122302158273,1.5287769784172662
2967,4676,107,2026-04-19,3985,3864,121,96.96361355081557,3.036386449184442
2968,265,102,2026-02-17,0,0,0,0.0,0.0
2969,151,65,2026-02-19,4610,4441,169,96.33405639913232,3.665943600867679
2970,1780,99,2026-02-23,3679,3535,144,96.0858929056809,3.914107094319109
2971,354,139,2026-04-21,904,871,33,96.3495575221239,3.650442477876106
2972,1531,149,2026-03-12,1352,1313,39,97.11538461538461,2.8846153846153846
2973,4063,43,2026-01-04,2158,2153,5,99.76830398517146,0.23169601482854493
2974,2224,203,2026-02-15,5877589,5467857,409732,93.02891032360378,6.971089676396224
2975,1065,225,2026-02-01,1188,1188,0,100.0,0.0
2976,2719,41,2026-02-10,4721,4558,163,96.54734166490151,3.452658335098496
2977,3170,50,2026-01-05,1136,1114,22,98.06338028169014,1.936619718309859
2978,2754,85,2026-04-21,972,574,398,59.053497942386834,40.94650205761317
2980,2532,87,2026-03-14,3853,3835,18,99.5328315598235,0.4671684401764859
2981,681,95,2026-02-09,504,501,3,99.40476190476191,0.5952380952380952
2982,4650,220,2026-02-04,13,2,11,15.384615384615385,84.61538461538461
2983,4194,165,2026-02-28,231,124,107,53.67965367965368,46.320346320346324
2984,4658,148,2026-02-26,800,534,266,66.75,33.25
2985,3012,61,2026-01-08,1374,1310,64,95.34206695778748,4.657933042212519
2986,2957,124,2026-04-04,1274,1221,53,95.83987441130299,4.160125588697017
2987,336,67,2026-01-18,3935,3932,3,99.92376111817026,0.07623888182973317
2988,4900,201,2026-01-17,4969,4729,240,95.17005433688871,4.829945663111291
2989,4299,154,2026-05-01,3691,3652,39,98.9433757789217,1.0566242210782986
2990,1727,76,2026-04-06,1459,1423,36,97.53255654557917,2.467443454420836
2991,4985,144,2026-02-04,44,44,0,100.0,0.0
2992,2753,29,2026-02-23,1999,1648,351,82.44122061030515,17.55877938969485
2993,510,20,2026-01-09,3881,3730,151,96.10925019324917,3.8907498067508373
2994,4813,45,2026-02-05,2377,2264,113,95.24610854017669,4.753891459823307
2995,348,195,2026-02-04,74,74,0,100.0,0.0
2996,72,58,2026-01-15,338,216,122,63.905325443786985,36.09467455621302
2997,3438,112,2026-01-10,229,219,10,95.63318777292577,4.366812227074235
2998,2200,75,2026-02-27,4597,4376,221,95.19251685882098,4.80748314117903
2999,1609,245,2026-01-04,4447,4326,121,97.27906453789072,2.720935462109287
3000,1940,70,2026-04-05,1218,1197,21,98.27586206896551,1.7241379310344827
3001,2935,44,2026-01-11,22115097,21679190,435907,98.0289166265018,1.9710833734982034
3002,1708,98,2026-02-25,3023,2989,34,98.87528944756863,1.1247105524313596
3003,3680,137,2026-02-24,4333,4139,194,95.52273251788598,4.477267482114009
3004,3762,207,2026-01-10,1320,1298,22,98.33333333333333,1.6666666666666667
3005,1788,246,2026-01-14,1738,1681,57,96.72036823935558,3.279631760644419
3006,4197,191,2026-04-13,623,226,397,36.27608346709471,63.7239165329053
3007,9298,9555,2026-04-03,16,5,11,31.25,68.75
3008,3313,231,2026-01-27,121,121,0,100.0,0.0
3009,3357,212,2026-02-14,3642,3480,162,95.55189456342669,4.448105436573312
3010,276,230,2026-01-30,1906,1888,18,99.05561385099685,0.944386149003148
3011,2439,133,2026-04-20,4434,4268,166,96.25620207487596,3.743797925124041
3012,1157,61,2026-02-20,1263,1224,39,96.91211401425178,3.0878859857482186
3013,4358,174,2026-02-05,942,928,14,98.51380042462846,1.48619957537155
3014,3236,103,2026-02-09,4560,4443,117,97.4342105263158,2.5657894736842106
3015,394,242,2026-04-05,1305,1207,98,92.4904214559387,7.509578544061303
3016,2759,185,2026-02-24,621,617,4,99.35587761674718,0.644122383252818
3017,910,236,2026-02-04,83,68,15,81.92771084337349,18.072289156626507
3018,1047,76,2026-02-04,12,0,12,0.0,100.0
3019,3793,66,2026-01-13,2266,2261,5,99.7793468667255,0.22065313327449249
3020,4490,133,2026-01-24,1490,1465,25,98.3221476510067,1.6778523489932886
3021,4815,13,2026-01-03,2715,2626,89,96.7219152854512,3.2780847145488026
3022,4424,198,2026-03-31,2072,1989,83,95.9942084942085,4.005791505791506
3023,3357,19,2026-04-28,0,0,0,0.0,0.0
3024,32,182,2026-04-19,17931264,17604729,326535,98.17896273235395,1.8210372676460511
3025,2964,125,2026-04-12,4516,4437,79,98.25066430469442,1.7493356953055803
3026,2777,141,2026-01-18,2803,2721,82,97.0745629682483,2.9254370317516947
3027,2498,164,2026-01-03,1722,1654,68,96.05110336817654,3.948896631823461
3028,3646,94,2026-03-22,478,468,10,97.90794979079497,2.092050209205021
3029,4301,164,2026-02-07,3297,3170,127,96.14801334546557,3.8519866545344255
3030,4383,147,2026-03-26,2,0,2,0.0,100.0
3031,4959,173,2026-03-06,1262,1226,36,97.1473851030111,2.8526148969889067
3032,765,128,2026-03-12,3432,3349,83,97.58158508158508,2.4184149184149186
3033,822,63,2026-03-14,239,238,1,99.581589958159,0.41841004184100417
3034,2652,139,2026-02-04,14,0,14,0.0,100.0
3035,9671,9654,2026-01-12,32,32,0,100.0,0.0
3036,4151,237,2026-03-01,4906,4726,180,96.33102323685283,3.6689767631471666
3037,599,57,2026-03-02,4771,4662,109,97.71536365541816,2.2846363445818487
3038,1205,133,2026-01-03,238,231,7,97.05882352941177,2.941176470588235
3039,4929,218,2026-03-05,4991,4819,172,96.55379683430174,3.446203165698257
3040,2178,178,2026-01-15,4307,4283,24,99.44276758764802,0.5572324123519852
3041,1275,98,2026-03-21,3841,3680,161,95.80838323353294,4.191616766467066
3042,3488,47,2026-03-09,3869,3851,18,99.5347635047816,0.4652364952184027
3043,2340,95,2026-02-04,0,0,0,0.0,0.0
3044,463,171,2026-04-18,1928,1877,51,97.35477178423237,2.645228215767635
3045,1587,214,2026-01-02,283,274,9,96.81978798586573,3.180212014134275
3046,8,232,2026-01-04,3252,3165,87,97.32472324723247,2.6752767527675276
3048,3052,136,2026-02-04,67,67,0,100.0,0.0
3049,4555,82,2026-02-18,12074921,11682157,392764,96.74727478548307,3.252725214516931
3050,3581,130,2026-04-23,2318,2247,71,96.93701466781708,3.062985332182916
3051,2500,14,2026-01-13,2426,2316,110,95.46578730420445,4.534212695795548
3053,4075,31,2026-03-28,2066,2001,65,96.85382381413359,3.146176185866408
3054,1005,24,2026-03-09,2733,2636,97,96.4507866813026,3.549213318697402
3055,1643,82,2026-01-18,955,913,42,95.6020942408377,4.397905759162303
3056,4628,118,2026-01-19,4261,4144,117,97.25416568880544,2.7458343111945553
3057,2136,141,2026-03-11,4241,4228,13,99.6934685215751,0.30653147842489975
3058,2356,10,2026-01-05,4401,4299,102,97.68234492160872,2.3176550783912746
3060,3761,119,2026-04-25,4493,4340,153,96.59470287113288,3.4052971288671268
3061,2472,238,2026-01-22,247,247,0,100.0,0.0
3062,3697,107,2026-01-01,0,0,0,0.0,0.0
3063,2405,77,2026-04-25,3010,2985,25,99.16943521594685,0.8305647840531563
3064,4944,167,2026-02-25,349,339,10,97.134670487106,2.865329512893983
3065,1523,98,2026-02-18,4106,4010,96,97.66195811008281,2.338041889917194
3066,2082,116,2026-03-23,2321,2208,113,95.13140887548471,4.868591124515295
3067,3845,116,2026-01-06,455,443,12,97.36263736263736,2.6373626373626373
3068,2767,66,2026-03-02,1248,1228,20,98.3974358974359,1.6025641025641024
3069,3776,167,2026-04-05,4577,4483,94,97.9462530041512,2.0537469958488095
3070,2114,121,2026-04-29,18649466,18203442,446024,97.60838192364328,2.391618076356717
3071,4933,96,2026-01-31,1326,1307,19,98.56711915535445,1.4328808446455505
3072,4360,81,2026-02-04,16,0,16,0.0,100.0
3073,4868,235,2026-01-14,3813,3687,126,96.69551534225019,3.304484657749803
3074,4180,2,2026-02-13,227,222,5,97.79735682819384,2.2026431718061676
3075,4664,52,2026-01-28,1195,1177,18,98.49372384937239,1.506276150627615
3076,3911,36,2026-02-23,2748,2729,19,99.30858806404657,0.6914119359534207
3077,4322,207,2026-02-12,994,660,334,66.39839034205231,33.601609657947684
3078,601,74,2026-04-07,1344,1308,36,97.32142857142857,2.6785714285714284
3079,1364,234,2026-01-19,1959,1906,53,97.29453802960694,2.7054619703930576
3080,4937,51,2026-01-16,2897,2875,22,99.24059371763893,0.7594062823610631
3081,4958,119,2026-05-01,1017,1014,3,99.70501474926253,0.2949852507374631
3082,3242,247,2026-03-21,24443995,24196844,247151,98.98890913698844,1.0110908630115494
3083,2744,248,2026-01-12,2050,2035,15,99.26829268292683,0.7317073170731708
3084,4126,141,2026-03-14,1086,1043,43,96.04051565377533,3.959484346224678
3085,3625,212,2026-05-01,3061,3031,30,99.01992812806273,0.9800718719372754
3086,908,184,2026-01-25,252,252,0,100.0,0.0
3088,79,124,2026-03-15,898,878,20,97.7728285077951,2.2271714922048997
3089,3625,95,2026-03-01,841,835,6,99.28656361474435,0.713436385255648
3090,3845,68,2026-02-19,2048,1999,49,97.607421875,2.392578125
3091,734,187,2026-04-07,421,404,17,95.96199524940617,4.038004750593824
3092,4137,51,2026-03-22,4141,4139,2,99.95170248732191,0.04829751267809708
3093,3080,142,2026-04-21,96,96,0,100.0,0.0
3094,2682,109,2026-01-18,74,71,3,95.94594594594594,4.054054054054054
3095,3120,130,2026-03-09,579,558,21,96.37305699481865,3.6269430051813467
3096,603,44,2026-02-18,10266204,9950471,315733,96.92453997602229,3.075460023977704
3097,2603,110,2026-04-12,0,0,0,0.0,0.0
3098,3786,59,2026-03-18,2589,2468,121,95.32638084202395,4.673619157976053
3099,3588,21,2026-04-19,788,779,9,98.85786802030458,1.1421319796954315
3101,3069,13,2026-04-18,4519,4414,105,97.67647709670281,2.3235229032971896
3102,4765,39,2026-01-31,3469,3396,73,97.895647160565,2.1043528394349957
3103,1807,2,2026-02-13,3239,3133,106,96.72738499536894,3.272615004631059
3104,1596,191,2026-01-24,3484,3434,50,98.56486796785305,1.4351320321469576
3105,1609,192,2026-04-01,3432,3280,152,95.57109557109557,4.428904428904429
3106,1242,115,2026-02-15,3297,3210,87,97.36123748862603,2.6387625113739763
3107,2589,190,2026-04-11,3821,3750,71,98.14184768385239,1.8581523161476055
3108,4442,113,2026-04-29,4662,4499,163,96.50364650364651,3.4963534963534966
3109,4809,78,2026-01-11,65,64,1,98.46153846153847,1.5384615384615385
3110,4087,233,2026-04-20,2767,2745,22,99.20491507047343,0.7950849295265631
3111,1233,124,2026-02-11,3127,3107,20,99.36040933802367,0.6395906619763352
3112,979,127,2026-01-10,3102,2961,141,95.45454545454545,4.545454545454546
3113,4997,163,2026-04-10,3363,3270,93,97.23461195361284,2.7653880463871543
3114,3903,172,2026-01-05,1563,1497,66,95.77735124760078,4.222648752399232
3115,1331,152,2026-04-28,4610,4549,61,98.6767895878525,1.3232104121475055
3116,4200,76,2026-01-06,1049,1029,20,98.09342230695901,1.9065776930409915
3117,1625,58,2026-04-12,4491,4279,212,95.2794477844578,4.720552215542195
3118,734,115,2026-04-05,224,64,160,28.57142857142857,71.42857142857143
3119,1929,238,2026-02-11,654,633,21,96.78899082568807,3.211009174311927
3121,4234,101,2026-01-13,1790,1771,19,98.93854748603353,1.0614525139664803
3122,806,36,2026-01-17,53,51,2,96.22641509433963,3.7735849056603774
3123,3953,182,2026-01-02,3284,3239,45,98.62971985383679,1.3702801461632157
3124,3530,56,2026-01-20,3,0,3,0.0,100.0
3125,1499,94,2026-01-08,2091,2013,78,96.26972740315638,3.7302725968436152
3126,2561,7,2026-03-28,4776,4647,129,97.29899497487438,2.701005025125628
3127,3175,152,2026-03-03,4378,4322,56,98.72087711283692,1.2791228871630882
3128,3887,111,2026-01-30,23038706,22563813,474893,97.93871669702283,2.061283302977172
3129,3520,243,2026-02-01,4571,4468,103,97.74666374972654,2.2533362502734633
3130,3285,35,2026-02-08,3030,2920,110,96.36963696369637,3.6303630363036308
3131,123,207,2026-03-24,1507,1501,6,99.60185799601858,0.3981420039814201
3132,4923,10,2026-02-24,44,44,0,100.0,0.0
3133,4119,188,2026-03-16,1316,1273,43,96.73252279635258,3.2674772036474162
3134,4459,154,2026-04-01,3385,3363,22,99.35007385524372,0.6499261447562776
3135,2789,106,2026-06-02,78,68,10,87.17948717948718,12.82051282051282
3136,4415,61,2026-01-18,4873,4781,92,98.11204596757645,1.8879540324235582
3137,3616,31,2026-03-23,356,353,3,99.15730337078652,0.8426966292134831
3138,2916,197,2026-03-20,2678,2567,111,95.85511575802838,4.144884241971621
3139,2406,84,2026-04-29,799,798,1,99.87484355444305,0.1251564455569462
3140,3553,7,2026-04-13,3943,3766,177,95.51103220897794,4.4889677910220644
3141,1665,6,2026-03-02,0,0,0,0.0,0.0
3142,774,35,2026-01-12,1952,1930,22,98.87295081967213,1.1270491803278688
3143,4232,46,2026-01-27,2462,2394,68,97.23801787164906,2.761982128350934
3144,126,80,2026-04-23,4263,4223,40,99.06169364297443,0.9383063570255689
3145,3096,128,2026-01-04,174,172,2,98.85057471264368,1.1494252873563218
3146,171,214,2026-04-26,2205,2107,98,95.55555555555556,4.444444444444445
3147,716,195,2026-01-12,3678,3589,89,97.58020663404024,2.4197933659597606
3148,1055,70,2026-02-03,1894,1595,299,84.21330517423442,15.786694825765576
3149,4374,139,2026-02-06,4349,4321,28,99.35617383306507,0.6438261669349276
3150,3694,210,2026-01-23,99,96,3,96.96969696969697,3.0303030303030303
3151,1517,93,2026-04-20,2672,2561,111,95.84580838323353,4.154191616766467
3152,3750,202,2026-01-10,3034,2900,134,95.5833882663151,4.4166117336849045
3153,639,195,2026-03-15,4831,4790,41,99.15131442765474,0.8486855723452702
3154,1752,39,2026-02-09,2098,2011,87,95.85319351763584,4.146806482364156
3155,2913,172,2026-02-04,19,19,0,100.0,0.0
3156,3091,198,2026-03-30,1760,1720,40,97.72727272727273,2.272727272727273
3157,3023,142,2026-03-15,2549,2530,19,99.25460965084348,0.745390349156532
3158,2318,226,2026-01-24,4177,4101,76,98.18051232942302,1.8194876705769691
3159,3114,191,2026-01-08,528,528,0,100.0,0.0
3160,2423,12,2026-04-04,2879,2869,10,99.65265717262939,0.3473428273706148
3161,339,235,2026-04-01,2176,2144,32,98.52941176470588,1.4705882352941175
3162,2722,142,2026-03-04,0,0,0,0.0,0.0
3163,774,234,2026-01-31,1189,1170,19,98.40201850294366,1.59798149705635
3164,2614,58,2026-04-17,1871,1827,44,97.64831640833779,2.351683591662213
3165,4816,96,2026-04-11,1309,1308,1,99.92360580595874,0.07639419404125286
3166,1527,113,2026-02-07,608,600,8,98.68421052631578,1.3157894736842104
3167,4307,199,2026-03-12,2826,2691,135,95.22292993630573,4.777070063694268
3168,2714,172,2026-04-02,930,894,36,96.12903225806451,3.870967741935484
3169,4241,161,2026-02-13,2314,2213,101,95.6352636127917,4.364736387208297
3170,1265,100,2026-01-21,3361,3357,4,99.88098780124963,0.11901219875037192
3171,2687,145,2026-02-11,177,175,2,98.87005649717514,1.1299435028248588
3174,2067,218,2026-02-14,441,430,11,97.50566893424036,2.494331065759637
3175,1311,234,2026-04-29,3692,3593,99,97.31852654387866,2.6814734561213434
3176,2608,93,2026-04-03,1826,1746,80,95.61883899233297,4.381161007667032
3177,3791,16,2026-01-28,2164,2069,95,95.60998151571165,4.390018484288355
3178,4671,71,2026-05-01,186,182,4,97.84946236559139,2.1505376344086025
3179,2512,86,2026-02-11,720,713,7,99.02777777777779,0.9722222222222222
3180,3395,120,2026-02-04,0,0,0,0.0,0.0
3181,1104,9,2026-01-12,444,442,2,99.54954954954955,0.45045045045045046
3182,1552,82,2026-02-06,12930269,12686659,243610,98.11597113718207,1.8840288628179351
3183,4708,31,2026-04-28,2576,2560,16,99.37888198757764,0.6211180124223602
3184,2051,72,2026-03-24,535,98,437,18.317757009345794,81.6822429906542
3185,3876,60,2026-04-18,1119,1078,41,96.33601429848079,3.6639857015192137
3186,2177,9,2026-01-16,676,652,24,96.44970414201184,3.5502958579881656
3187,1935,241,2026-03-03,1416,1366,50,96.46892655367232,3.531073446327684
3188,32,53,2026-02-04,495,484,11,97.77777777777777,2.2222222222222223
3189,1875,177,2026-04-28,261,257,4,98.46743295019157,1.532567049808429
3191,4070,169,2026-02-08,764,400,364,52.35602094240838,47.64397905759162
3192,4404,66,2026-02-04,1280,953,327,74.453125,25.546875000000004
3193,3405,219,2026-03-19,1075,1050,25,97.67441860465115,2.3255813953488373
3194,4611,81,2026-02-15,0,0,0,0.0,0.0
3195,3771,4,2026-01-04,4,0,4,0.0,100.0
3196,584,41,2026-03-11,17515282,17297732,217550,98.7579417790704,1.242058220929586
3197,3004,248,2026-01-17,3226,3198,28,99.13205207687538,0.8679479231246126
3198,476,225,2026-01-25,2433,2418,15,99.38347718865597,0.6165228113440198
3199,4625,25,2026-03-10,2290,2262,28,98.77729257641921,1.222707423580786
3200,2651,65,2026-01-23,0,0,0,0.0,0.0
3201,3082,122,2026-02-14,2475,2471,4,99.83838383838383,0.1616161616161616
3202,4886,39,2026-04-12,4415,4269,146,96.69309173272933,3.3069082672706682
3203,1652,213,2026-01-01,2290,2202,88,96.15720524017468,3.8427947598253276
3205,975,123,2026-01-20,289,281,8,97.23183391003461,2.768166089965398
3206,4642,173,2026-01-04,57,57,0,100.0,0.0
3208,3952,240,2026-04-24,0,0,0,0.0,0.0
3209,2889,12,2026-02-12,367,356,11,97.00272479564033,2.997275204359673
3210,3209,169,2026-04-24,3038,2983,55,98.18959842001317,1.8104015799868336
3211,1229,132,2026-04-10,4811,4760,51,98.93992932862191,1.0600706713780919
3212,4394,154,2026-02-28,1257,1052,205,83.69132856006364,16.308671439936358
3213,286,146,2026-03-14,3553,3455,98,97.24176752040529,2.758232479594709
3214,4193,205,2026-03-03,1325,1277,48,96.37735849056604,3.6226415094339623
3215,1259,116,2026-01-03,3876,3813,63,98.37461300309597,1.6253869969040249
3216,643,53,2026-01-09,1284,1247,37,97.11838006230529,2.881619937694704
3217,1827,196,2026-03-08,2545,2510,35,98.62475442043221,1.37524557956778
3219,3084,17,2026-01-17,2683,2592,91,96.60827431979128,3.3917256802087214
3220,1127,219,2026-01-12,12198705,11830076,368629,96.97813005560836,3.0218699443916384
3221,1475,1,2026-04-28,4783,4711,72,98.49466861802216,1.505331381977838
3222,3803,218,2026-02-14,8877338,8527230,350108,96.05616007861816,3.943839921381838
3223,4496,55,2026-02-04,16,0,16,0.0,100.0
3224,4213,215,2026-02-08,0,0,0,0.0,0.0
3225,3408,6,2026-01-31,602,583,19,96.843853820598,3.1561461794019934
3226,4927,152,2026-04-29,1510,1445,65,95.69536423841059,4.304635761589404
3227,3501,243,2026-04-06,0,0,0,0.0,0.0
3228,166,225,2026-03-03,0,0,0,0.0,0.0
3229,3875,34,2026-04-15,3323,3265,58,98.25458922660246,1.7454107733975326
3230,4616,28,2026-01-15,2430,2398,32,98.68312757201646,1.316872427983539
3231,1092,169,2026-02-07,3203,3045,158,95.06712457071495,4.932875429285046
3233,3923,236,2026-01-22,2577,2450,127,95.07178890182382,4.928211098176174
3234,3546,67,2026-01-21,419,193,226,46.06205250596659,53.93794749403341
3235,746,151,2026-02-14,4377,4349,28,99.36029243774274,0.6397075622572538
3236,1810,50,2026-03-26,3,0,3,0.0,100.0
3237,1469,200,2026-04-08,1175,1119,56,95.23404255319149,4.76595744680851
3238,4056,201,2026-04-03,2433,2390,43,98.23263460748048,1.7673653925195234
3239,1390,175,2026-02-17,858,823,35,95.92074592074592,4.0792540792540795
3240,2829,190,2026-01-26,2194,2161,33,98.49589790337284,1.504102096627165
3241,4855,75,2026-01-01,430,410,20,95.34883720930233,4.651162790697675
3243,2712,116,2026-01-09,483,479,4,99.17184265010351,0.8281573498964804
3244,3871,199,2026-02-16,2508,2402,106,95.77352472089315,4.226475279106858
3245,551,203,2026-01-23,1940,1893,47,97.57731958762886,2.4226804123711343
3246,4798,112,2026-01-01,2431,2419,12,99.50637597696421,0.49362402303578773
3247,2335,14,2026-02-11,3680,3647,33,99.10326086956522,0.8967391304347826
3248,4726,234,2026-04-22,234,231,3,98.71794871794873,1.282051282051282
3249,93,23,2026-03-12,2360,2306,54,97.71186440677965,2.288135593220339
3251,1728,115,2026-04-11,3091,3031,60,98.05888062115821,1.9411193788417986
3252,3633,177,2026-01-06,3015,2922,93,96.91542288557214,3.084577114427861
3253,44,23,2026-01-04,285,279,6,97.89473684210527,2.1052631578947367
3254,4782,131,2026-02-17,1412,1370,42,97.02549575070822,2.974504249291785
3255,2124,193,2026-01-03,1051,1034,17,98.3824928639391,1.6175071360608944
3256,2913,221,2026-01-23,1998,1946,52,97.3973973973974,2.6026026026026026
3257,990,146,2026-02-28,1110,1094,16,98.55855855855856,1.4414414414414414
3258,4004,19,2026-01-07,2131,2081,50,97.653683716565,2.346316283435007
3259,413,92,2026-02-15,674,302,372,44.80712166172107,55.19287833827893
3260,4738,45,2026-02-19,3566,3389,177,95.03645541222659,4.9635445877734155
3261,1293,233,2026-03-07,3625,3505,120,96.6896551724138,3.310344827586207
3262,3490,184,2026-03-16,2900,2893,7,99.75862068965517,0.2413793103448276
3263,686,130,2026-01-15,3785,3649,136,96.40686922060766,3.593130779392338
3264,1358,124,2026-03-31,323,203,120,62.848297213622295,37.15170278637771
3265,3356,130,2026-02-04,4431,4308,123,97.2241029113067,2.775897088693297
3266,1617,136,2026-03-26,4849,4748,101,97.91709630851722,2.08290369148278
3267,351,170,2026-02-04,25,10,15,40.0,60.0
3269,3067,14,2026-01-23,3197,3072,125,96.0900844541758,3.90991554582421
3270,3377,160,2026-02-04,19,9,10,47.368421052631575,52.63157894736842
3271,729,199,2026-02-13,145,145,0,100.0,0.0
3272,4895,60,2026-04-15,3280,3259,21,99.35975609756098,0.6402439024390244
3273,3977,152,2026-01-16,4378,4275,103,97.64732754682504,2.3526724531749656
3274,4907,26,2026-01-09,315,314,1,99.68253968253968,0.31746031746031744
3275,4400,108,2026-03-09,79,79,0,100.0,0.0
3276,1869,243,2026-01-20,6,0,6,0.0,100.0
3277,3394,86,2026-02-04,0,0,0,0.0,0.0
3278,3349,245,2026-02-24,2169,2167,2,99.90779160903642,0.09220839096357768
3279,3986,93,2026-04-11,5738515,5346576,391939,93.17002743741195,6.829972562588056
3280,2561,22,2026-01-04,3973,3931,42,98.94286433425623,1.0571356657437703
3281,2495,30,2026-03-20,2,0,2,0.0,100.0
3283,2644,57,2026-04-29,1515,1487,28,98.15181518151816,1.8481848184818481
3284,4235,222,2026-04-02,7,0,7,0.0,100.0
3285,119,196,2026-02-12,17753921,17487322,266599,98.49836551598939,1.5016344840106026
3286,3410,94,2026-02-09,1869,1851,18,99.03691813804173,0.9630818619582664
3288,4636,204,2026-04-28,2372,2353,19,99.19898819561551,0.8010118043844857
3289,2961,62,2026-03-25,2691,2682,9,99.66555183946488,0.33444816053511706
3290,1326,91,2026-01-15,3894,3780,114,97.07241910631741,2.9275808936825887
3291,1717,103,2026-01-02,2688,2631,57,97.87946428571429,2.1205357142857144
3292,1632,73,2026-02-04,95,95,0,100.0,0.0
3293,1699,143,2026-04-26,1533,1464,69,95.49902152641879,4.500978473581213
3295,4063,164,2026-02-23,3263,3116,147,95.49494330370824,4.5050566962917555
3296,796,129,2026-03-03,556,197,359,35.431654676258994,64.568345323741
3297,1874,26,2026-02-14,4791,4613,178,96.28470048006679,3.715299519933208
3298,297,11,2026-02-26,489,484,5,98.97750511247445,1.0224948875255624
3299,4880,212,2026-02-04,99,99,0,100.0,0.0
3300,1724,100,2026-04-02,15793233,15466573,326660,97.93164578778773,2.068354212212281
3301,942,215,2026-03-27,887,850,37,95.82863585118376,4.1713641488162345
3302,1949,16,2026-04-23,530,513,17,96.79245283018868,3.207547169811321
3303,11,137,2026-02-27,1363,1323,40,97.0652971386647,2.93470286133529
3304,3839,197,2026-02-04,0,0,0,0.0,0.0
3305,3909,247,2026-04-10,3214,3059,155,95.17734909769757,4.822650902302427
3306,4113,211,2026-04-03,9283137,9096020,187117,97.98433439041135,2.015665609588655
3307,2210,140,2026-02-14,769,742,27,96.4889466840052,3.5110533159947983
3308,2447,167,2026-02-04,0,0,0,0.0,0.0
3309,2007,1,2026-03-28,10,0,10,0.0,100.0
3310,3415,243,2026-04-23,3254,3131,123,96.220036877689,3.7799631223110017
3311,4280,79,2026-01-05,8640386,8410698,229688,97.341692836408,2.658307163591997
3312,2317,135,2026-02-19,4901,4684,217,95.57233217710672,4.427667822893287
3313,3275,45,2026-03-15,82,80,2,97.5609756097561,2.4390243902439024
3314,2930,78,2026-03-13,595,587,8,98.65546218487395,1.3445378151260505
3315,26,95,2026-02-20,4496,4373,123,97.26423487544484,2.73576512455516
3317,3201,156,2026-03-18,1858,1826,32,98.27771797631863,1.7222820236813776
3318,999,63,2026-03-01,58,57,1,98.27586206896551,1.7241379310344827
3319,618,31,2026-02-12,3609,3578,31,99.14103629814352,0.8589637018564699
3320,2232,213,2026-02-27,244,244,0,100.0,0.0
3321,74,22,2026-01-10,1258,1226,32,97.45627980922097,2.5437201907790143
3322,2749,22,2026-04-18,820,789,31,96.21951219512195,3.7804878048780486
3323,2384,11,2026-01-10,2611,2608,3,99.88510149368058,0.11489850631941785
3324,1699,20,2026-03-28,3073,3023,50,98.37292547998699,1.6270745200130166
3325,3782,54,2026-03-06,4781,4726,55,98.84961305166283,1.150386948337168
3326,2576,197,2026-03-07,779,760,19,97.5609756097561,2.4390243902439024
3327,613,85,2026-02-03,2720,2653,67,97.53676470588235,2.463235294117647
3328,2247,97,2026-01-15,2663,2643,20,99.24896733007887,0.7510326699211416
3329,203,67,2026-04-20,1875,1801,74,96.05333333333334,3.9466666666666663
3330,2758,250,2026-02-26,4401,4288,113,97.43240172688026,2.5675982731197458
3331,1716,197,2026-02-15,1787,1316,471,73.64297705651931,26.357022943480697
3332,2889,78,2026-01-15,212,209,3,98.58490566037736,1.4150943396226416
3333,1218,122,2026-01-10,1650,1625,25,98.48484848484848,1.5151515151515151
3334,4725,47,2026-03-26,4967,4814,153,96.9196698208174,3.080330179182605
3335,3331,52,2026-03-06,4301,4174,127,97.04719832597071,2.9528016740292955
3336,37,140,2026-01-19,0,0,0,0.0,0.0
3337,3400,71,2026-02-04,99,98,1,98.98989898989899,1.0101010101010102
3338,2313,204,2026-04-04,149,148,1,99.32885906040269,0.6711409395973155
3339,4035,208,2026-04-01,0,0,0,0.0,0.0
3340,4613,85,2026-01-17,4649,4537,112,97.59087975908798,2.409120240912024
3341,1887,142,2026-03-10,2201,2135,66,97.00136301681054,2.9986369831894595
3342,9255,9048,2026-02-28,18,0,18,0.0,100.0
3343,4260,53,2026-02-09,2558,2497,61,97.61532447224394,2.3846755277560594
3344,2567,223,2026-04-16,3586,3513,73,97.96430563301729,2.035694366982711
3345,497,10,2026-04-06,19165067,19049250,115817,99.3956869548121,0.6043130451878932
3346,3380,189,2026-01-22,2162,2118,44,97.96484736355227,2.0351526364477337
3347,3272,191,2026-04-21,3208,3092,116,96.38403990024938,3.6159600997506236
3348,996,141,2026-04-21,3541,3481,60,98.30556340016945,1.6944365998305562
3349,79,74,2026-01-23,2874,2797,77,97.32080723729993,2.6791927627000693
3350,4797,147,2026-02-27,1346,1284,62,95.39375928677563,4.606240713224369
3351,19,68,2026-04-22,3935,3916,19,99.51715374841169,0.48284625158831007
3352,1148,170,2026-02-14,2885,2788,97,96.63778162911612,3.362218370883882
3353,4441,107,2026-04-13,2719,2601,118,95.66016917984554,4.339830820154469
3354,578,141,2026-03-01,0,0,0,0.0,0.0
3355,3960,149,2026-03-13,0,0,0,0.0,0.0
3357,1452,81,2026-03-30,4264,4191,73,98.28799249530957,1.7120075046904315
3358,2140,74,2026-01-14,3875,3806,69,98.21935483870968,1.7806451612903225
3359,2644,116,2026-01-18,1492,1145,347,76.74262734584451,23.257372654155496
3360,4875,123,2026-02-20,9,0,9,0.0,100.0
3361,3138,137,2026-02-28,0,0,0,0.0,0.0
3362,46,84,2026-02-06,4612,4540,72,98.438855160451,1.5611448395490026
3363,1154,103,2026-02-05,4644,4421,223,95.19810508182601,4.801894918173987
3364,1197,114,2026-02-04,47,44,3,93.61702127659575,6.382978723404255
3365,641,112,2026-02-03,2537,2505,32,98.7386677177769,1.2613322822230981
3366,1300,232,2026-01-11,3357,3193,164,95.11468573130772,4.885314268692285
3368,1437,117,2026-02-23,1736,1651,85,95.1036866359447,4.8963133640553
3369,874,242,2026-04-19,170,165,5,97.05882352941177,2.941176470588235
3370,3985,208,2026-02-04,79,79,0,100.0,0.0
3371,2960,236,2026-03-22,532,267,265,50.18796992481202,49.81203007518797
3372,1775,32,2026-04-01,223,223,0,100.0,0.0
3373,4783,82,2026-03-22,1514,1510,4,99.73579920739762,0.26420079260237783
3374,2284,69,2026-02-04,34,33,1,97.05882352941177,2.941176470588235
3375,236,218,2026-01-17,3844,3833,11,99.71383975026015,0.2861602497398543
3376,2038,171,2026-03-21,2996,2860,136,95.46061415220294,4.539385847797063
3377,2103,153,2026-04-08,4684,4587,97,97.92912040990606,2.0708795900939365
3378,4822,184,2026-04-15,2489,2369,120,95.17878666130977,4.821213338690237
3379,1003,76,2026-03-16,1796,1741,55,96.93763919821826,3.0623608017817374
3380,49,204,2026-04-22,835,761,74,91.1377245508982,8.862275449101796
3381,1168,207,2026-03-10,3585,3502,83,97.68479776847978,2.315202231520223
3382,769,234,2026-04-10,2277,2264,13,99.42907334211682,0.5709266578831796
3383,4351,160,2026-02-16,531,228,303,42.93785310734463,57.06214689265536
3384,1397,185,2026-03-16,4833,4602,231,95.2203600248293,4.779639975170701
3385,9933,9757,2026-02-21,32,30,2,93.75,6.25
3386,3932,183,2026-01-14,0,0,0,0.0,0.0
3387,4963,60,2026-02-01,3443,3289,154,95.52715654952077,4.472843450479233
3388,2467,199,2026-01-13,2315,2276,39,98.31533477321814,1.6846652267818574
3389,4920,219,2026-01-26,2175,2172,3,99.86206896551724,0.13793103448275862
3390,9940,9202,2026-01-01,1,0,1,0.0,100.0
3391,4311,102,2026-05-04,13,0,13,0.0,100.0
3392,1795,143,2026-04-17,585,579,6,98.97435897435898,1.0256410256410255
3393,4486,122,2026-01-25,1500,1427,73,95.13333333333334,4.866666666666666
3394,1012,123,2026-01-24,4859,4640,219,95.49289977361597,4.507100226384029
3395,1592,13,2026-04-27,4032,3860,172,95.73412698412699,4.265873015873016
3396,2398,155,2026-03-06,4369,4206,163,96.26916914625772,3.730830853742275
3397,2183,200,2026-04-08,1903,1815,88,95.37572254335261,4.624277456647398
3398,838,116,2026-01-30,1276,1221,55,95.6896551724138,4.310344827586207
3399,923,21,2026-04-24,16808673,16348784,459889,97.26397794757504,2.736022052424959
3400,4322,38,2026-04-15,2500,2463,37,98.52,1.48
3401,1818,74,2026-01-13,3420,3306,114,96.66666666666667,3.3333333333333335
3402,4912,232,2026-04-23,1458,1137,321,77.9835390946502,22.016460905349795
3403,3478,101,2026-02-23,1243,1225,18,98.55189058728881,1.4481094127111827
3404,4052,141,2026-03-28,2674,2581,93,96.52206432311145,3.4779356768885563
3405,4861,15,2026-04-07,14454591,14032796,421795,97.08193057831937,2.9180694216806273
3406,1855,88,2026-01-25,2255,2144,111,95.07760532150776,4.92239467849224
3407,3858,179,2026-04-18,2765,2757,8,99.71066907775769,0.28933092224231466
3408,1069,91,2026-01-18,2992,2908,84,97.19251336898395,2.807486631016043
3409,1036,194,2026-03-17,0,0,0,0.0,0.0
3410,3453,211,2026-04-15,20212155,19724344,487811,97.58654631334461,2.413453686655381
3411,1867,144,2026-02-21,3802,3661,141,96.29142556549185,3.7085744345081535
3412,4564,237,2026-01-03,3909,3765,144,96.31619339984651,3.683806600153492
3413,3007,68,2026-04-21,1080,1059,21,98.05555555555556,1.9444444444444444
3414,4368,101,2026-02-15,1820,1813,7,99.61538461538461,0.38461538461538464
3415,4660,84,2026-01-07,3463,3391,72,97.92087785157378,2.07912214842622
3416,4837,172,2026-04-18,1045,1020,25,97.60765550239235,2.3923444976076556
3417,3105,17,2026-03-19,2573,2510,63,97.55149630781189,2.4485036921881074
3418,2973,77,2026-01-28,878,763,115,86.90205011389521,13.097949886104784
3419,4751,100,2026-03-04,266,117,149,43.984962406015036,56.015037593984964
3420,680,140,2026-03-14,100,100,0,100.0,0.0
3421,2360,110,2026-03-31,3394,3354,40,98.82144961697112,1.1785503830288746
3422,2083,92,2026-04-02,76,74,2,97.36842105263158,2.631578947368421
3423,3372,37,2026-02-04,0,0,0,0.0,0.0
3424,4097,79,2026-01-21,4454,4255,199,95.53210597215985,4.467894027840144
3425,3252,204,2026-02-23,1845,1804,41,97.77777777777777,2.2222222222222223
3426,2459,15,2026-02-13,2635,2554,81,96.92599620493358,3.0740037950664134
3427,2236,179,2026-04-27,4039,3975,64,98.4154493686556,1.5845506313443922
3428,3176,197,2026-01-23,3469,3462,7,99.79821274142404,0.2017872585759585
3429,3652,193,2026-03-15,350,334,16,95.42857142857143,4.571428571428571
3431,9993,9247,2026-03-09,4,0,4,0.0,100.0
3432,3312,226,2026-04-05,4913,4702,211,95.70527172806838,4.294728271931611
3433,315,1,2026-02-14,1550,1488,62,96.0,4.0
3434,982,130,2026-04-26,4808,4688,120,97.50415973377704,2.4958402662229617
3435,177,43,2026-03-20,4000,3967,33,99.175,0.8250000000000001
3436,3096,122,2026-03-08,4379,4283,96,97.80771865722768,2.1922813427723224
3437,3635,91,2026-04-25,1666,1622,44,97.35894357743096,2.6410564225690276
3438,3609,116,2026-03-12,3121,2970,151,95.16180711310479,4.838192886895226
3439,841,164,2026-02-17,449,436,13,97.10467706013362,2.89532293986637
3440,4297,30,2026-03-11,2999,2972,27,99.09969989996665,0.9003001000333445
3441,4196,48,2026-01-19,0,0,0,0.0,0.0
3442,1690,155,2026-03-14,802,573,229,71.44638403990025,28.553615960099748
3443,827,168,2026-04-07,4557,4432,125,97.25696730305026,2.7430326969497476
3444,3622,30,2026-04-12,14,0,14,0.0,100.0
3445,2342,203,2026-04-10,4332,4189,143,96.69898430286243,3.3010156971375806
3446,3301,211,2026-01-30,0,0,0,0.0,0.0
3447,2823,74,2026-03-08,908,900,8,99.11894273127754,0.881057268722467
3448,4876,33,2026-01-05,4044,3939,105,97.40356083086054,2.596439169139466
3449,589,70,2026-01-15,4803,4656,147,96.93941286695815,3.0605871330418486
3450,1234,53,2026-04-22,3287,3226,61,98.14420444174019,1.8557955582598114
3451,2578,177,2026-01-02,4,0,4,0.0,100.0
3452,3967,27,2026-03-04,1128,1088,40,96.45390070921985,3.546099290780142
3453,866,104,2026-03-02,2377,2317,60,97.47580984434161,2.5241901556583928
3454,9789,9015,2026-01-19,0,0,0,0.0,0.0
3455,530,150,2026-02-24,915,913,2,99.78142076502732,0.2185792349726776
3456,2565,7,2026-01-02,625,561,64,89.75999999999999,10.24
3458,3921,138,2026-01-20,788,751,37,95.30456852791879,4.695431472081219
3459,1416,239,2026-04-02,3787,3777,10,99.73593873778717,0.2640612622128334
3460,4627,121,2026-04-03,894,859,35,96.08501118568232,3.9149888143176734
3461,4517,127,2026-04-07,2473,2369,104,95.79458147998382,4.205418520016175
3462,4610,199,2026-01-12,1947,1928,19,99.02413970210581,0.9758602978941963
3463,424,247,2026-04-13,717,703,14,98.04741980474198,1.9525801952580195
3465,523,133,2026-01-31,900,883,17,98.11111111111111,1.8888888888888888
3466,524,148,2026-02-23,1511,1343,168,88.88153540701522,11.118464592984779
3467,520,234,2026-02-28,3786,3777,9,99.76228209191758,0.2377179080824089
3468,4859,27,2026-03-31,1800,1499,301,83.27777777777777,16.72222222222222
3469,4355,232,2026-01-08,4451,4261,190,95.7312963379016,4.268703662098405
3470,4669,81,2026-03-17,2488,2386,102,95.90032154340837,4.09967845659164
3471,3787,84,2026-04-30,3762,3752,10,99.73418394471027,0.2658160552897395
3472,3577,78,2026-01-03,3313,3241,72,97.82674313311198,2.1732568668880172
3473,4785,127,2026-02-07,1396,1392,4,99.7134670487106,0.28653295128939826
3474,286,201,2026-03-12,2452,2388,64,97.38988580750407,2.6101141924959217
3475,1174,23,2026-01-17,975,968,7,99.28205128205128,0.717948717948718
3476,2435,221,2026-01-27,3784,3754,30,99.20718816067652,0.7928118393234672
3477,4441,76,2026-01-07,0,0,0,0.0,0.0
3478,4729,170,2026-02-23,3279,3142,137,95.82189691979262,4.17810308020738
3479,1710,155,2026-03-27,4038,3847,191,95.26993561168895,4.730064388311045
3480,2524,25,2026-03-18,433,317,116,73.21016166281755,26.78983833718245
3481,3958,99,2026-04-21,926,916,10,98.92008639308855,1.079913606911447
3482,1728,148,2026-04-27,4217,4020,197,95.32843253497747,4.6715674650225285
3483,3896,223,2026-02-12,3014,2879,135,95.52090245520903,4.479097544790975
3484,51,8,2026-03-24,126,125,1,99.20634920634922,0.7936507936507936
3485,3125,112,2026-02-08,321,185,136,57.63239875389408,42.36760124610592
3486,4100,219,2026-02-14,1,0,1,0.0,100.0
3487,2986,63,2026-04-21,3968,3829,139,96.49697580645162,3.5030241935483866
3488,1637,247,2026-02-04,6,0,6,0.0,100.0
3489,681,125,2026-01-06,3727,3545,182,95.11671585725784,4.883284142742152
3490,3261,51,2026-03-22,552,543,9,98.36956521739131,1.6304347826086956
3491,1098,31,2026-02-24,1427,1382,45,96.84653118430273,3.153468815697267
3492,4840,218,2026-03-21,1135,1079,56,95.06607929515418,4.933920704845815
3493,3591,113,2026-04-30,403,397,6,98.51116625310173,1.488833746898263
3494,1863,137,2026-02-23,0,0,0,0.0,0.0
3495,686,159,2026-02-23,0,0,0,0.0,0.0
3496,1627,74,2026-03-05,46,44,2,95.65217391304348,4.3478260869565215
3497,2583,92,2026-03-12,413,409,4,99.0314769975787,0.9685230024213075
3498,2220,59,2026-01-24,1123,1114,9,99.19857524487978,0.8014247551202136
3499,4268,204,2026-02-04,0,0,0,0.0,0.0
3500,4862,68,2026-02-20,4687,4510,177,96.2235971836996,3.776402816300405
3501,3292,242,2026-03-31,1935,1894,41,97.88113695090439,2.1188630490956073
3502,4597,242,2026-02-08,3514,3354,160,95.4467842914058,4.553215708594195
3503,818,232,2026-03-07,10549534,10075176,474358,95.50351702738719,4.496482972612819
3504,2992,193,2026-04-18,3472,3303,169,95.13248847926268,4.8675115207373265
3505,1284,94,2026-04-13,2606,2549,57,97.81273983115886,2.187260168841136
3506,757,18,2026-02-05,1746,1710,36,97.9381443298969,2.0618556701030926
3507,4134,158,2026-03-23,1026,622,404,60.62378167641326,39.37621832358674
3508,1413,13,2026-03-12,1772,1723,49,97.23476297968398,2.765237020316027
3509,2694,227,2026-03-27,3995,3936,59,98.52315394242804,1.476846057571965
3510,4178,105,2026-02-07,3855,3731,124,96.78339818417639,3.2166018158236054
3511,446,132,2026-02-11,3893,3869,24,99.38350886206011,0.6164911379398922
3512,492,76,2026-01-28,3752,3667,85,97.73454157782517,2.2654584221748397
3513,2011,223,2026-03-16,3030,3020,10,99.66996699669967,0.33003300330033003
3514,1214,152,2026-02-08,51,51,0,100.0,0.0
3516,1186,169,2026-01-13,706,500,206,70.82152974504248,29.178470254957507
3517,3395,124,2026-03-01,848,827,21,97.52358490566037,2.4764150943396226
3518,76,180,2026-04-10,501,315,186,62.874251497005986,37.12574850299401
3520,4415,15,2026-04-13,1053,1006,47,95.53656220322887,4.46343779677113
3521,3278,92,2026-04-09,1248,999,249,80.04807692307693,19.951923076923077
3523,4034,92,2026-02-06,2628,2621,7,99.73363774733637,0.2663622526636225
3524,2966,64,2026-01-04,1527,1167,360,76.42436149312377,23.575638506876228
3525,202,96,2026-02-10,415,395,20,95.18072289156626,4.819277108433735
3526,1353,85,2026-04-02,3071,3045,26,99.15337023770758,0.8466297622924128
3527,3392,236,2026-04-15,676,652,24,96.44970414201184,3.5502958579881656
3528,1881,93,2026-02-09,2410,2334,76,96.84647302904564,3.1535269709543567
3529,1326,83,2026-01-30,1759,1673,86,95.11085844229676,4.88914155770324
3530,4029,168,2026-04-25,1518,1455,63,95.8498023715415,4.150197628458498
3531,3276,175,2026-03-07,3778,3693,85,97.75013234515617,2.249867654843833
3532,4905,206,2026-04-28,2088,2042,46,97.79693486590038,2.203065134099617
3533,4687,173,2026-01-10,833,414,419,49.69987995198079,50.3001200480192
3534,2687,59,2026-03-16,19,0,19,0.0,100.0
3535,4923,23,2026-03-14,3060,3000,60,98.0392156862745,1.9607843137254901
3536,9898,9213,2026-01-20,13,0,13,0.0,100.0
3537,81,223,2026-02-18,1793,1720,73,95.92861126603458,4.071388733965422
3538,1744,97,2026-02-17,163,157,6,96.31901840490798,3.6809815950920246
3539,395,90,2026-04-05,921,500,421,54.28881650380022,45.71118349619978
3540,3317,243,2026-02-15,2076,2044,32,98.45857418111753,1.5414258188824663
3541,3003,10,2026-02-04,0,0,0,0.0,0.0
3542,105,110,2026-04-16,2437,2423,14,99.42552318424292,0.5744768157570783
3543,844,82,2026-01-02,3602,3486,116,96.77956690727373,3.220433092726263
3544,1422,112,2026-03-12,122,86,36,70.49180327868852,29.508196721311474
3545,3990,225,2026-01-04,616,590,26,95.77922077922078,4.220779220779221
3546,4102,30,2026-12-01,55,55,0,100.0,0.0
3547,4790,196,2026-02-13,4268,4161,107,97.49297094657919,2.5070290534208057
3548,2174,138,2026-04-26,2522,2402,120,95.24187153053131,4.758128469468676
3549,1179,153,2026-03-23,1061,1046,15,98.58623939679548,1.413760603204524
3550,2323,154,2026-03-18,424,421,3,99.29245283018868,0.7075471698113208
3551,3293,121,2026-02-05,273,267,6,97.8021978021978,2.197802197802198
3552,1221,25,2026-03-29,89,73,16,82.02247191011236,17.97752808988764
3553,2083,105,2026-03-14,963,944,19,98.0269989615784,1.9730010384215992
3554,2372,218,2026-04-21,527,512,15,97.15370018975332,2.846299810246679
3555,2672,244,2026-03-10,0,0,0,0.0,0.0
3556,2956,161,2026-01-18,2473,2393,80,96.76506267691065,3.2349373230893654
3558,4384,143,2026-02-19,0,0,0,0.0,0.0
3559,694,40,2026-03-18,4745,4528,217,95.42676501580611,4.573234984193888
3561,225,175,2026-04-21,126,122,4,96.82539682539682,3.1746031746031744
3562,4163,32,2026-03-10,399,396,3,99.24812030075188,0.7518796992481203
3564,2725,58,2026-01-29,967,929,38,96.07032057911064,3.9296794208893484
3565,575,98,2026-02-22,856,553,303,64.60280373831776,35.39719626168225
3566,2999,137,2026-01-23,4278,4099,179,95.81580177653109,4.184198223468911
3567,3054,124,2026-02-08,1605,1542,63,96.07476635514018,3.925233644859813
3569,1889,128,2026-04-10,1264,1226,38,96.99367088607595,3.0063291139240507
3570,2698,236,2026-01-17,813,797,16,98.0319803198032,1.968019680196802
3571,9623,9894,2026-02-28,95,95,0,100.0,0.0
3572,3125,129,2026-04-30,3931,3817,114,97.09997456118036,2.9000254388196387
3573,23,178,2026-02-04,3626,3569,57,98.42801985659129,1.5719801434087146
3574,1449,63,2026-01-18,3427,3276,151,95.59381383133938,4.4061861686606365
3575,1398,5,2026-02-02,4343,4291,52,98.8026709647709,1.1973290352291044
3576,4837,29,2026-03-17,2736,2720,16,99.41520467836257,0.5847953216374269
3577,3457,18,2026-01-23,2196,2188,8,99.63570127504553,0.36429872495446264
3578,1013,188,2026-03-14,2518,2461,57,97.736298649722,2.2637013502779983
3579,321,236,2026-03-24,4339,4178,161,96.28946761926711,3.710532380732888
3580,3333,157,2026-03-07,874,874,0,100.0,0.0
3581,1560,210,2026-03-29,3546,3379,167,95.29046813310774,4.709531866892273
3582,926,95,2026-01-16,4805,4754,51,98.93860561914673,1.0613943808532778
3583,2893,180,2026-02-04,24,24,0,100.0,0.0
3584,3590,214,2026-01-13,4,0,4,0.0,100.0
3585,1711,48,2026-03-09,0,0,0,0.0,0.0
3586,2371,3,2026-04-04,16805417,16655144,150273,99.10580618142353,0.8941938185764745
3587,420,139,2026-02-05,2605,2574,31,98.80998080614204,1.1900191938579654
3589,3877,223,2026-04-01,4518,4377,141,96.87915006640107,3.1208499335989375
3590,1377,224,2026-03-15,3562,3423,139,96.09769792251545,3.902302077484559
3591,1801,29,2026-02-20,647,634,13,97.99072642967542,2.009273570324575
3592,1004,106,2026-04-30,1405,1404,1,99.92882562277579,0.0711743772241993
3593,2915,110,2026-03-28,133,128,5,96.2406015037594,3.7593984962406015
3594,4919,63,2026-01-17,2171,2095,76,96.49930907415938,3.5006909258406265
3595,9659,9325,2026-03-19,52,39,13,75.0,25.0
3596,3646,22,2026-01-23,3767,3631,136,96.38970002654632,3.6102999734536767
3597,3431,184,2026-02-18,69,69,0,100.0,0.0
3598,2081,185,2026-03-14,4994,4852,142,97.15658790548657,2.843412094513416
3599,2594,148,2026-01-28,1291,1262,29,97.75367931835787,2.2463206816421377
3600,2163,128,2026-04-06,1798,1725,73,95.93993325917687,4.060066740823136
3601,1610,40,2026-02-04,94,82,12,87.2340425531915,12.76595744680851
3602,3788,203,2026-02-05,2674,2653,21,99.21465968586386,0.7853403141361256
3603,18,50,2026-02-25,4882,4814,68,98.60712822613684,1.3928717738631708
3604,3209,167,2026-02-04,1339,1310,29,97.83420463032112,2.165795369678865
3605,3034,210,2026-01-08,804,791,13,98.38308457711443,1.616915422885572
3606,20,84,2026-03-20,1881,1832,49,97.39500265816055,2.6049973418394474
3607,72,145,2026-02-12,1995,1965,30,98.49624060150376,1.5037593984962405
3608,2486,203,2026-03-16,17,0,17,0.0,100.0
3609,4408,144,2026-03-17,1550,1077,473,69.48387096774194,30.516129032258064
3611,363,20,2026-04-05,3356,3247,109,96.75208581644816,3.2479141835518477
3612,3076,232,2026-01-10,3198,3086,112,96.49781113195748,3.5021888680425266
3615,1398,139,2026-04-02,4767,4538,229,95.19614013006084,4.803859869939165
3616,4282,143,2026-04-08,801,795,6,99.25093632958801,0.7490636704119851
3617,2502,25,2026-04-11,3956,3817,139,96.48634984833164,3.513650151668352
3618,3269,4,2026-01-14,4770,4637,133,97.21174004192872,2.788259958071279
3619,457,90,2026-02-04,269,266,3,98.88475836431226,1.1152416356877324
3620,2057,135,2026-03-28,3567,3390,177,95.03784693019344,4.96215306980656
3621,298,247,2026-02-19,2763,2627,136,95.07781397032211,4.922186029677887
3623,2434,141,2026-05-01,2880,2796,84,97.08333333333333,2.9166666666666665
3624,1015,131,2026-02-13,2862,2761,101,96.47099930118797,3.5290006988120197
3625,489,82,2026-01-01,1926,1916,10,99.48078920041536,0.5192107995846313
3626,230,172,2026-04-26,4442,4430,12,99.72985141828006,0.27014858171994593
3627,3337,169,2026-04-30,2751,2731,20,99.27299163940386,0.7270083605961468
3628,2307,134,2026-01-13,3378,3219,159,95.29307282415631,4.706927175843695
3629,3725,213,2026-03-25,1553,1526,27,98.26142949130715,1.7385705086928525
3630,4173,182,2026-01-11,1140,1089,51,95.52631578947368,4.473684210526316
3631,1268,53,2026-03-27,4024,3954,70,98.26043737574552,1.7395626242544733
3632,4079,117,2026-04-03,3030,2927,103,96.60066006600661,3.399339933993399
3633,461,169,2026-04-08,17221803,16935605,286198,98.33816470900288,1.6618352909971157
3634,165,237,2026-02-27,1621,1598,23,98.58112276372609,1.418877236273905
3635,1683,46,2026-04-26,1168,1160,8,99.31506849315068,0.684931506849315
3636,2028,250,2026-01-04,841,656,185,78.00237812128418,21.997621878715815
3637,4084,110,2026-02-17,2911,2896,15,99.48471315699072,0.5152868430092752
3638,9222,9740,2026-01-09,65,65,0,100.0,0.0
3639,1329,110,2026-01-13,0,0,0,0.0,0.0
3640,2695,133,2026-01-15,3488,3397,91,97.39105504587155,2.6089449541284404
3641,2819,11,2026-02-08,195,192,3,98.46153846153847,1.5384615384615385
3642,160,242,2026-03-16,2655,2586,69,97.40112994350282,2.598870056497175
3643,4398,200,2026-03-17,4506,4344,162,96.40479360852197,3.5952063914780292
3644,1908,89,2026-03-19,347,341,6,98.27089337175792,1.729106628242075
3645,24,245,2026-03-16,4286,4174,112,97.38684087727485,2.6131591227251514
3646,3036,177,2026-02-19,21569468,21220069,349399,98.38012230992437,1.6198776900756198
3647,3601,188,2026-04-15,1804,1380,424,76.49667405764967,23.503325942350333
3648,535,163,2026-03-22,636,464,172,72.95597484276729,27.044025157232703
3649,2794,156,2026-02-21,1164,1122,42,96.3917525773196,3.608247422680412
3650,2203,31,2026-01-24,2394,2359,35,98.53801169590643,1.461988304093567
3652,1990,29,2026-03-04,1440,1432,8,99.44444444444444,0.5555555555555556
3654,4437,92,2026-04-13,6261387,6118485,142902,97.71772612042668,2.2822738795733275
3655,3678,247,2026-01-24,4584,4578,6,99.86910994764398,0.13089005235602094
3656,1028,171,2026-02-24,0,0,0,0.0,0.0
3657,2359,213,2026-02-15,2684,2661,23,99.14307004470939,0.856929955290611
3658,4754,24,2026-01-03,1747,1354,393,77.50429307384087,22.49570692615913
3659,4331,158,2026-02-26,3523,3483,40,98.86460403065568,1.1353959693443088
3660,965,24,2026-03-22,302,291,11,96.35761589403974,3.642384105960265
3661,4524,15,2026-03-04,538,520,18,96.6542750929368,3.3457249070631967
3662,2318,68,2026-04-24,1091,1068,23,97.89184234647112,2.1081576535288726
3663,4608,91,2026-03-11,3732,3562,170,95.44480171489818,4.555198285101822
3664,919,109,2026-02-04,78,78,0,100.0,0.0
3665,2778,142,2026-01-05,3749,3568,181,95.17204587890103,4.827954121098959
3666,429,139,2026-03-27,7,0,7,0.0,100.0
3667,1457,45,2026-03-04,3061,2949,112,96.34106501143417,3.658934988565828
3668,3887,214,2026-03-09,4089,3967,122,97.01638542430912,2.983614575690878
3669,1383,42,2026-04-05,535,308,227,57.570093457943926,42.429906542056074
3670,2550,2,2026-03-25,4199,4080,119,97.16599190283401,2.834008097165992
3671,3290,37,2026-04-01,2847,2805,42,98.52476290832455,1.4752370916754478
3672,195,197,2026-01-02,2814,2718,96,96.58848614072495,3.411513859275053
3673,4339,213,2026-03-01,2575,2448,127,95.06796116504854,4.932038834951456
3674,2447,171,2026-04-29,1604,1535,69,95.69825436408978,4.301745635910224
3675,497,218,2026-03-11,1937,1852,85,95.61177077955601,4.388229220443986
3676,2775,250,2026-01-27,1292,946,346,73.21981424148606,26.78018575851393
3677,3460,2,2026-04-03,13,0,13,0.0,100.0
3678,3922,59,2026-03-07,4970,4806,164,96.70020120724347,3.299798792756539
3680,4111,169,2026-01-03,917,649,268,70.7742639040349,29.225736095965104
3681,4322,48,2026-04-30,1972,1920,52,97.3630831643002,2.636916835699797
3682,4437,236,2026-03-15,3566,3468,98,97.25182277061133,2.748177229388671
3683,4341,28,2026-02-11,1233,800,433,64.882400648824,35.11759935117599
3684,4146,230,2026-02-03,1545,1258,287,81.42394822006473,18.576051779935277
3685,236,83,2026-01-17,435,416,19,95.63218390804597,4.3678160919540225
3686,4407,14,2026-02-15,1044,1043,1,99.90421455938697,0.09578544061302681
3687,4529,147,2026-03-19,3638,3506,132,96.37163276525563,3.628367234744365
3688,1983,144,2026-03-09,4706,4664,42,99.1075223119422,0.8924776880577986
3689,410,105,2026-03-17,2054,1981,73,96.44595910418695,3.554040895813048
3690,2772,37,2026-03-01,1758,1745,13,99.26052332195677,0.7394766780432309
3691,2797,120,2026-02-25,0,0,0,0.0,0.0
3693,3883,42,2026-04-28,87,81,6,93.10344827586206,6.896551724137931
3694,2123,166,2026-04-04,820,780,40,95.1219512195122,4.878048780487805
3695,3494,191,2026-02-04,13,0,13,0.0,100.0
3696,9968,9590,2026-03-11,59,59,0,100.0,0.0
3697,3282,86,2026-01-18,1696,1627,69,95.93160377358491,4.068396226415095
3698,1374,194,2026-02-27,4983,4947,36,99.27754364840457,0.7224563515954244
3699,4143,135,2026-01-16,3615,3541,74,97.95297372060857,2.0470262793914245
3700,992,181,2026-03-26,4776,4734,42,99.12060301507537,0.8793969849246231
3701,998,35,2026-04-10,649,629,20,96.91833590138675,3.0816640986132513
3702,2231,239,2026-04-07,806,785,21,97.39454094292805,2.6054590570719602
3703,528,68,2026-02-19,0,0,0,0.0,0.0
3704,3331,36,2026-03-19,3351,3304,47,98.59743360190988,1.4025663980901224
3705,9497,9420,2026-03-28,33,33,0,100.0,0.0
3706,2716,92,2026-04-03,4974,4831,143,97.12505026135906,2.874949738640933
3707,4455,16,2026-04-13,4084,4006,78,98.09010773751224,1.909892262487757
3708,3216,207,2026-01-14,760,723,37,95.13157894736842,4.868421052631579
3709,154,190,2026-03-08,4279,4191,88,97.94344473007712,2.056555269922879
3710,3094,172,2026-03-30,375,357,18,95.19999999999999,4.8
3711,1306,223,2026-01-22,3477,3379,98,97.18147828587863,2.8185217141213688
3712,830,9,2026-03-01,4220,4181,39,99.07582938388626,0.9241706161137441
3713,1954,243,2026-04-17,1993,1977,16,99.19719016557953,0.8028098344204716
3714,4100,27,2026-02-04,0,0,0,0.0,0.0
3715,2380,201,2026-04-13,220,217,3,98.63636363636363,1.3636363636363635
3716,366,47,2026-02-17,140,136,4,97.14285714285714,2.857142857142857
3717,3873,107,2026-01-10,4590,4431,159,96.5359477124183,3.4640522875816995
3718,2787,247,2026-01-02,3045,2922,123,95.96059113300493,4.039408866995074
3719,4313,222,2026-01-30,505,493,12,97.62376237623762,2.376237623762376
3720,1324,212,2026-04-30,0,0,0,0.0,0.0
3721,1783,135,2026-01-03,3201,3179,22,99.3127147766323,0.6872852233676976
3722,4394,150,2026-04-19,4862,4848,14,99.71205265322912,0.2879473467708762
3723,1989,248,2026-04-23,1211,1165,46,96.20148637489679,3.7985136251032205
3724,727,21,2026-01-06,3553,3430,123,96.53813678581481,3.461863214185196
3725,4015,227,2026-04-08,78,66,12,84.61538461538461,15.384615384615385
3726,1710,26,2026-04-25,2148,2074,74,96.55493482309124,3.445065176908752
3727,3898,2,2026-03-02,154,149,5,96.75324675324676,3.2467532467532463
3729,2404,192,2026-04-19,2038,1954,84,95.87831207065751,4.121687929342492
3730,3408,226,2026-03-20,321,314,7,97.81931464174455,2.1806853582554515
3731,979,68,2026-01-23,41,41,0,100.0,0.0
3732,385,138,2026-01-20,3596,3445,151,95.80088987764182,4.199110122358176
3733,2673,244,2026-04-20,3795,3613,182,95.20421607378128,4.795783926218709
3734,612,46,2026-04-28,2269,2246,23,98.9863375936536,1.0136624063464081
3735,1299,208,2026-03-26,2971,2936,35,98.82194547290474,1.178054527095254
3736,4938,112,2026-03-14,4078,4016,62,98.4796468857283,1.5203531142717017
3737,2021,136,2026-04-14,2646,2629,17,99.35752078609221,0.6424792139077854
3738,92,135,2026-01-14,0,0,0,0.0,0.0
3739,2848,80,2026-05-01,1664,1639,25,98.49759615384616,1.5024038461538463
3740,676,30,2026-02-15,1957,1950,7,99.64230965763925,0.35769034236075625
3741,3929,50,2026-01-06,948,486,462,51.26582278481012,48.734177215189874
3742,1204,87,2026-01-24,2615,2603,12,99.54110898661568,0.45889101338432126
3743,3652,241,2026-01-27,0,0,0,0.0,0.0
3744,3344,220,2026-02-05,0,0,0,0.0,0.0
3745,2395,185,2026-02-14,1447,1443,4,99.72356599861783,0.27643400138217
3746,1168,121,2026-02-25,277,274,3,98.91696750902527,1.083032490974729
3747,3224,78,2026-04-18,4346,4242,104,97.6069949378739,2.3930050621260928
3748,927,133,2026-03-25,3778,3647,131,96.53255690841715,3.4674430915828482
3750,3182,198,2026-04-03,3835,3735,100,97.39243807040417,2.607561929595828
3753,2198,136,2026-01-10,1301,1285,16,98.77017678708685,1.2298232129131437
3755,4067,102,2026-01-21,2863,2782,81,97.17079986028642,2.829200139713587
3756,4187,118,2026-03-19,2869,2756,113,96.06134541652143,3.938654583478564
3757,3248,84,2026-01-16,1102,1096,6,99.45553539019963,0.5444646098003629
3758,3060,218,2026-04-15,4113,4016,97,97.64162411864818,2.358375881351811
3760,3112,41,2026-04-18,10193086,9958099,234987,97.69464321207533,2.3053567879246777
3761,2347,128,2026-03-11,2816,2810,6,99.78693181818183,0.2130681818181818
3762,1606,98,2026-03-21,1821,1732,89,95.11257550796266,4.887424492037342
3763,4175,234,2026-04-02,32,32,0,100.0,0.0
3764,2315,36,2026-01-13,2423,2315,108,95.5427156417664,4.457284358233594
3765,396,159,2026-04-08,2828,2718,110,96.11032531824611,3.889674681753889
3766,4653,135,2026-05-01,4588,4404,184,95.98953792502179,4.0104620749782045
3767,724,5,2026-03-25,741,265,476,35.76248313090418,64.23751686909581
3768,1789,142,2026-01-30,977,728,249,74.51381780962129,25.48618219037871
3769,2803,78,2026-02-05,3950,3850,100,97.46835443037975,2.5316455696202533
3771,105,5,2026-01-02,4886,4657,229,95.31313958248056,4.686860417519443
3772,4834,187,2026-04-30,1486,1464,22,98.51951547779272,1.4804845222072678
3773,3563,31,2026-02-19,1748,1707,41,97.65446224256293,2.345537757437071
3774,4617,221,2026-03-21,2236,2179,57,97.45080500894454,2.5491949910554563
3775,3832,59,2026-01-10,2648,2585,63,97.62084592145015,2.379154078549849
3776,3624,49,2026-04-14,1563,1500,63,95.96928982725528,4.030710172744722
3777,447,142,2026-04-03,4562,4444,118,97.41341516878562,2.5865848312143798
3778,4154,215,2026-04-18,119,117,2,98.31932773109243,1.680672268907563
3779,1590,140,2026-04-12,1192,1173,19,98.40604026845638,1.5939597315436242
3780,2183,123,2026-04-04,277,149,128,53.79061371841155,46.20938628158845
3781,4710,100,2026-01-19,4801,4616,185,96.14663611747552,3.8533638825244743
3782,2523,42,2026-01-31,1069,1049,20,98.12909260991582,1.8709073900841908
3783,2602,64,2026-04-20,0,0,0,0.0,0.0
3784,3968,222,2026-04-26,3008,2909,99,96.70877659574468,3.291223404255319
3785,3203,37,2026-01-28,1745,1336,409,76.56160458452722,23.43839541547278
3786,554,34,2026-01-29,2442,2333,109,95.53644553644554,4.4635544635544635
3787,1286,140,2026-01-19,3215,3186,29,99.09797822706065,0.9020217729393468
3788,696,111,2026-03-22,1,0,1,0.0,100.0
3789,3244,88,2026-04-06,2616,2517,99,96.21559633027523,3.784403669724771
3790,2016,105,2026-04-25,2108,2072,36,98.292220113852,1.7077798861480076
3791,2734,232,2026-03-31,766,323,443,42.16710182767624,57.83289817232375
3793,4913,8,2026-02-27,4852,4811,41,99.15498763396538,0.8450123660346248
3794,9806,9322,2026-02-26,9,0,9,0.0,100.0
3795,1534,29,2026-02-01,2082,1987,95,95.43707973102786,4.5629202689721415
3796,3609,175,2026-02-22,2683,2583,100,96.27282892284757,3.727171077152441
3797,4184,214,2026-04-01,2098,2009,89,95.7578646329838,4.242135367016206
3798,4384,191,2026-04-13,4727,4693,34,99.28072773429236,0.7192722657076369
3800,2377,96,2026-03-06,3031,3020,11,99.63708347080171,0.3629165291982844
3801,540,90,2026-04-16,1503,1483,20,98.66932801064537,1.330671989354624
3802,4784,48,2026-04-22,4925,4923,2,99.95939086294416,0.04060913705583756
3803,572,72,2026-01-15,12,0,12,0.0,100.0
3804,4861,79,2026-02-23,17015074,16911798,103276,99.39303231945979,0.606967680540208
3805,3553,7,2026-02-15,2631,2626,5,99.80995819080198,0.19004180919802355
3806,4183,82,2026-04-03,4520,4449,71,98.429203539823,1.5707964601769913
3807,4690,121,2026-02-26,3077,2969,108,96.49008774780631,3.5099122521936947
3808,3503,62,2026-02-05,4439,4351,88,98.01757152511827,1.98242847488173
3809,4732,177,2026-04-01,1177,1058,119,89.88954970263381,10.110450297366185
3810,4051,1,2026-04-17,717,703,14,98.04741980474198,1.9525801952580195
3811,2828,55,2026-01-06,430,250,180,58.139534883720934,41.86046511627907
3812,2799,151,2026-03-19,0,0,0,0.0,0.0
3813,3355,196,2026-03-17,4267,4227,40,99.0625732364659,0.9374267635340988
3814,3774,30,2026-01-02,939,917,22,97.65708200212993,2.3429179978700745
3815,4333,22,2026-01-15,3099,3053,46,98.51565020974508,1.484349790254921
3816,2476,30,2026-04-08,4467,4380,87,98.05238415043654,1.9476158495634655
3817,1587,202,2026-01-24,4114,4094,20,99.51385512882838,0.48614487117160915
3818,1466,17,2026-01-13,3637,3625,12,99.67005773989553,0.3299422601044817
3819,2811,37,2026-04-29,1848,1766,82,95.56277056277057,4.437229437229438
3820,164,48,2026-02-04,99,88,11,88.88888888888889,11.11111111111111
3821,1099,228,2026-01-15,3941,3819,122,96.90433900025374,3.0956609997462574
3822,794,26,2026-01-26,4,0,4,0.0,100.0
3823,3219,177,2026-03-12,1011,973,38,96.24134520276954,3.758654797230465
3824,1985,61,2026-01-27,2182,2128,54,97.52520623281393,2.474793767186068
3825,1088,158,2026-03-05,806,799,7,99.13151364764268,0.8684863523573202
3826,1152,213,2026-04-05,3347,3307,40,98.8048999103675,1.1951000896325068
3828,4942,135,2026-01-21,4755,4604,151,96.82439537329127,3.175604626708728
3829,2113,156,2026-04-20,2945,2876,69,97.65704584040748,2.3429541595925296
3830,543,130,2026-03-20,920,887,33,96.41304347826087,3.5869565217391304
3831,4282,196,2026-03-02,2931,2817,114,96.11054247697032,3.8894575230296824
3832,1715,157,2026-02-28,538,537,1,99.81412639405205,0.18587360594795538
3833,3094,220,2026-03-20,23193622,23084201,109421,99.52822806200774,0.4717719379922635
3834,3380,211,2026-03-02,4438,4427,11,99.75214060387562,0.24785939612438035
3835,9385,9947,2026-02-16,58,58,0,100.0,0.0
3836,4927,60,2026-03-01,6,0,6,0.0,100.0
3837,2505,32,2026-03-26,1825,1506,319,82.52054794520548,17.47945205479452
3838,1219,194,2026-03-21,4507,4348,159,96.47215442644774,3.527845573552252
3839,2963,112,2026-01-23,622,286,336,45.98070739549839,54.019292604501615
3840,3411,82,2026-01-11,949,906,43,95.46891464699684,4.531085353003162
3841,4899,178,2026-02-06,3463,3332,131,96.2171527577245,3.782847242275484
3842,3210,174,2026-04-17,7,0,7,0.0,100.0
3843,4545,38,2026-02-26,0,0,0,0.0,0.0
3844,3283,126,2026-03-04,2402,2345,57,97.62697751873439,2.373022481265612
3845,2601,11,2026-02-01,347,191,156,55.04322766570605,44.95677233429395
3846,3110,177,2026-02-02,22714694,22398566,316128,98.60826652562433,1.391733474375662
3847,72,51,2026-04-04,2842,2762,80,97.1850809289233,2.8149190710767065
3848,2651,215,2026-01-11,15090065,14866157,223908,98.5161892940819,1.4838107059180992
3849,2822,153,2026-05-02,14,14,0,100.0,0.0
3850,189,68,2026-04-19,0,0,0,0.0,0.0
3851,3816,100,2026-03-19,2305,2203,102,95.57483731019522,4.425162689804772
3852,2709,219,2026-01-20,320,163,157,50.9375,49.0625
3853,1539,59,2026-02-23,289,285,4,98.6159169550173,1.384083044982699
3854,1520,133,2026-02-26,3882,3738,144,96.29057187017001,3.7094281298299845
3855,1676,180,2026-01-15,1710,1664,46,97.30994152046783,2.690058479532164
3856,1176,175,2026-04-18,0,0,0,0.0,0.0
3857,3337,52,2026-03-23,4073,3986,87,97.86398232261232,2.1360176773876747
3859,1798,120,2026-02-23,4290,4094,196,95.43123543123542,4.568764568764569
3861,3732,56,2026-02-25,4541,4431,110,97.57762607355208,2.422373926447919
3862,2511,99,2026-01-07,4557,4412,145,96.81808207153829,3.1819179284617074
3864,3022,79,2026-04-04,1193,930,263,77.9547359597653,22.045264040234702
3865,4520,49,2026-03-13,662,652,10,98.48942598187311,1.5105740181268883
3866,2187,114,2026-03-27,3509,3429,80,97.72014819036762,2.279851809632374
3867,3245,94,2026-03-24,2125,2123,2,99.90588235294118,0.09411764705882353
3868,283,78,2026-01-11,0,0,0,0.0,0.0
3869,616,228,2026-01-01,7148794,6672877,475917,93.3426952853866,6.657304714613402
3870,2798,151,2026-02-16,1869,1840,29,98.44836811128947,1.5516318887105405
3871,78,240,2026-03-25,2028,1951,77,96.20315581854044,3.796844181459566
3872,3200,160,2026-01-18,3883,3744,139,96.4202935874324,3.579706412567602
3873,1228,130,2026-03-22,0,0,0,0.0,0.0
3874,4287,153,2026-04-26,3219,3150,69,97.856477166822,2.1435228331780056
3875,2182,47,2026-01-15,4541,4464,77,98.30433825148646,1.6956617485135432
3876,2211,216,2026-03-25,1880,1828,52,97.23404255319149,2.7659574468085104
3877,881,7,2026-03-01,871,856,15,98.27784156142366,1.7221584385763489
3878,1336,146,2026-03-23,405,399,6,98.51851851851852,1.4814814814814816
3879,9161,9179,2026-02-15,0,0,0,0.0,0.0
3880,3826,151,2026-01-06,74,71,3,95.94594594594594,4.054054054054054
3881,2554,204,2026-02-24,3716,3666,50,98.65446716899893,1.3455328310010763
3883,4871,138,2026-04-04,1652,1580,72,95.64164648910412,4.358353510895883
3884,2114,250,2026-03-31,303,302,1,99.66996699669967,0.33003300330033003
3885,3019,194,2026-04-12,3102,3057,45,98.54932301740811,1.4506769825918762
3886,3058,35,2026-01-25,4504,4442,62,98.6234458259325,1.3765541740674956
3887,2067,183,2026-02-15,928,922,6,99.35344827586206,0.646551724137931
3888,233,195,2026-03-10,1225,1197,28,97.71428571428571,2.2857142857142856
3889,1101,102,2026-04-02,4127,4084,43,98.95808093045795,1.0419190695420402
3890,785,248,2026-01-19,3554,3414,140,96.06077658975802,3.9392234102419805
3891,4864,172,2026-02-20,523,283,240,54.11089866156787,45.88910133843212
3892,2487,215,2026-02-15,4301,4270,31,99.27923738665426,0.7207626133457335
3893,4490,237,2026-01-03,25,22,3,88.0,12.0
3894,2986,232,2026-02-04,682,679,3,99.56011730205279,0.43988269794721413
3895,859,56,2026-04-02,3884,3824,60,98.4552008238929,1.544799176107106
3896,3568,88,2026-02-19,5,0,5,0.0,100.0
3897,2162,92,2026-02-22,2126,2089,37,98.25964252116651,1.7403574788334901
3898,3397,162,2026-03-17,1362,1332,30,97.79735682819384,2.2026431718061676
3900,3210,8,2026-01-13,2970,2967,3,99.8989898989899,0.10101010101010101
3901,2721,219,2026-04-01,130,130,0,100.0,0.0
3902,3048,13,2026-02-06,0,0,0,0.0,0.0
3903,2098,15,2026-02-20,4193,4147,46,98.90293346052945,1.097066539470546
3904,946,175,2026-02-28,9,0,9,0.0,100.0
3905,2505,6,2026-02-04,0,0,0,0.0,0.0
3906,306,232,2026-03-31,4445,4307,138,96.89538807649043,3.1046119235095615
3907,3762,69,2026-02-19,1299,1235,64,95.07313317936874,4.926866820631255
3908,1418,64,2026-01-05,2262,2230,32,98.58532272325375,1.414677276746242
3909,4819,121,2026-02-04,39,39,0,100.0,0.0
3910,9898,9685,2026-01-08,34,30,4,88.23529411764706,11.76470588235294
3911,419,109,2026-04-30,3919,3866,53,98.64761418729267,1.3523858127073234
3912,4584,36,2026-03-25,1255,1240,15,98.80478087649402,1.1952191235059761
3913,3671,226,2026-02-27,773,757,16,97.93014230271669,2.069857697283312
3914,3015,6,2026-02-18,4526,4446,80,98.23243482103402,1.7675651789659745
3915,1597,75,2026-02-05,853,441,412,51.69988276670574,48.30011723329425
3916,4590,232,2026-01-24,3018,2930,88,97.08416169648774,2.9158383035122597
3918,2846,25,2026-01-21,2648,2522,126,95.2416918429003,4.758308157099698
3919,2011,136,2026-04-25,2574,2516,58,97.74669774669775,2.253302253302253
3920,3579,114,2026-04-16,2126,2114,12,99.43555973659454,0.5644402634054563
3921,2976,224,2026-01-30,1889,1810,79,95.81789306511381,4.182106934886183
3922,4540,83,2026-02-16,4838,4727,111,97.70566349731294,2.294336502687061
3923,3300,217,2026-03-03,2639,2630,9,99.65896172792725,0.34103827207275483
3924,1144,66,2026-01-14,1847,1789,58,96.85977260422305,3.140227395776936
3925,569,30,2026-01-21,2479,2414,65,97.37797498991529,2.6220250100847116
3926,4377,162,2026-04-01,2542,2445,97,96.18410700236034,3.8158929976396543
3927,1658,44,2026-03-19,12653651,12486193,167458,98.6766032981311,1.3233967018688915
3928,2750,84,2026-01-04,2601,2489,112,95.69396386005383,4.306036139946174
3929,4111,59,2026-04-30,2130,2087,43,97.98122065727699,2.0187793427230045
3930,1168,170,2026-01-22,830,471,359,56.74698795180723,43.25301204819277
3931,2102,93,2026-03-19,4354,4348,6,99.86219568213137,0.13780431786862654
3932,4101,107,2026-04-26,2504,2476,28,98.8817891373802,1.1182108626198082
3933,466,240,2026-01-25,3790,3724,66,98.25857519788919,1.7414248021108178
3934,3439,185,2026-04-12,5722395,5369040,353355,93.82505052517345,6.174949474826537
3935,2231,139,2026-03-16,3161,3082,79,97.50079088895919,2.49920911104081
3936,3185,95,2026-03-06,413,411,2,99.51573849878935,0.48426150121065376
3937,859,151,2026-03-14,684,665,19,97.22222222222221,2.7777777777777777
3938,2044,69,2026-02-08,925,909,16,98.27027027027026,1.7297297297297298
3939,3754,104,2026-04-09,2270,2160,110,95.15418502202643,4.845814977973569
3940,3462,103,2026-01-11,4289,4132,157,96.33947307064584,3.6605269293541616
3941,3752,12,2026-04-28,3868,3811,57,98.52637021716649,1.4736297828335057
3942,954,173,2026-02-01,3380,3341,39,98.84615384615385,1.153846153846154
3943,2954,51,2026-02-03,2058,2056,2,99.9028182701652,0.09718172983479105
3944,2948,188,2026-04-13,4492,4461,31,99.30988423864649,0.6901157613535174
3945,3525,121,2026-01-06,104,100,4,96.15384615384616,3.8461538461538463
3946,4134,228,2026-02-10,1390,1388,2,99.85611510791367,0.14388489208633093
3948,4436,81,2026-04-28,1234,1205,29,97.64991896272285,2.3500810372771475
3949,3551,138,2026-01-10,296,256,40,86.48648648648648,13.513513513513514
3950,964,100,2026-04-21,1715,1711,4,99.7667638483965,0.23323615160349853
3952,1941,46,2026-02-10,1753,1719,34,98.06046776953794,1.939532230462065
3953,2546,58,2026-04-26,786,786,0,100.0,0.0
3954,3073,59,2026-04-06,1844,1780,64,96.52928416485899,3.470715835140998
3956,651,10,2026-04-14,1241,836,405,67.36502820306205,32.634971796937954
3957,9724,9611,2026-04-17,12,0,12,0.0,100.0
3958,82,212,2026-03-21,1,0,1,0.0,100.0
3959,3536,51,2026-02-01,4791,4632,159,96.68127739511584,3.3187226048841576
3960,2771,137,2026-04-06,1844,1815,29,98.42733188720173,1.572668112798265
3961,3986,230,2026-01-31,2444,2433,11,99.54991816693945,0.4500818330605565
3963,968,146,2026-03-25,4080,4022,58,98.57843137254902,1.4215686274509804
3964,2827,43,2026-02-23,2555,2512,43,98.31702544031312,1.6829745596868884
3965,665,250,2026-03-25,139,139,0,100.0,0.0
3966,4562,142,2026-03-13,3778,3730,48,98.72948650079407,1.270513499205929
3968,3966,69,2026-02-18,2666,2553,113,95.76144036009002,4.238559639909977
3969,3984,95,2026-03-08,994,565,429,56.841046277665995,43.158953722334005
3970,9651,9460,2026-02-18,0,0,0,0.0,0.0
3971,1938,19,2026-01-25,2197,2183,14,99.3627674101047,0.6372325898953117
3972,956,220,2026-03-10,1582,1505,77,95.13274336283186,4.867256637168142
3973,4944,155,2026-02-19,24239582,23819197,420385,98.26570854233377,1.7342914576662254
3974,4396,182,2026-01-14,995,971,24,97.58793969849246,2.4120603015075375
3975,833,185,2026-01-11,3013,2928,85,97.1788914702954,2.8211085297046132
3976,1476,15,2026-02-05,882,853,29,96.71201814058958,3.2879818594104306
3977,3477,179,2026-01-12,2643,2604,39,98.5244040862656,1.4755959137343928
3979,1807,173,2026-01-08,3309,3162,147,95.55757026291931,4.4424297370806896
3980,1646,113,2026-03-11,260,259,1,99.61538461538461,0.38461538461538464
3981,1178,18,2026-02-25,136,136,0,100.0,0.0
3982,3692,196,2026-04-18,4714,4528,186,96.05430632159525,3.945693678404752
3983,2763,223,2026-02-01,1029,991,38,96.30709426627794,3.69290573372206
3984,2932,19,2026-01-16,1857,1828,29,98.43834141087775,1.56165858912224
3985,4525,116,2026-02-27,2991,2877,114,96.18856569709128,3.8114343029087263
3986,2548,240,2026-03-25,23241686,22919335,322351,98.6130481239614,1.3869518760385973
3987,1858,134,2026-04-06,2049,2049,0,100.0,0.0
3988,4535,197,2026-01-05,1664,1588,76,95.4326923076923,4.567307692307692
3989,1030,240,2026-01-30,4453,4335,118,97.35010105546822,2.649898944531776
3990,320,167,2026-01-06,1,0,1,0.0,100.0
3991,2168,248,2026-02-06,3718,3702,16,99.56966110812265,0.43033889187735336
3992,4416,27,2026-02-04,62,62,0,100.0,0.0
3993,2552,12,2026-03-01,17037190,16590391,446799,97.377507675855,2.6224923241450027
3994,2344,196,2026-04-24,1117,1114,3,99.73142345568488,0.26857654431512984
3995,9896,9191,2026-04-18,0,0,0,0.0,0.0
3996,3461,64,2026-04-23,4131,4110,21,99.49164851125636,0.5083514887436456
3997,3905,213,2026-01-24,649,277,372,42.68104776579353,57.31895223420646
3998,9719,9060,2026-02-13,0,0,0,0.0,0.0
3999,947,169,2026-03-26,1060,1039,21,98.0188679245283,1.9811320754716981
4000,4814,139,2026-04-26,1876,1835,41,97.81449893390192,2.185501066098081
4001,3960,116,2026-01-21,710,702,8,98.87323943661971,1.1267605633802817
4002,2101,122,2026-02-26,4669,4518,151,96.76590276290426,3.234097237095738
4003,2681,246,2026-02-02,682,665,17,97.50733137829913,2.4926686217008798
4004,3985,211,2026-03-08,1016,970,46,95.47244094488188,4.52755905511811
4005,1973,187,2026-01-11,393,382,11,97.20101781170484,2.7989821882951653
4006,18,97,2026-01-20,513,252,261,49.122807017543856,50.877192982456144
4007,9380,9371,2026-01-22,0,0,0,0.0,0.0
4009,9533,9179,2026-03-16,0,0,0,0.0,0.0
4010,879,156,2026-02-23,2,0,2,0.0,100.0
4011,3007,79,2026-01-13,1806,1739,67,96.29014396456257,3.709856035437431
4012,2296,172,2026-04-09,2705,2687,18,99.33456561922365,0.6654343807763401
4013,3297,15,2026-03-06,3928,3739,189,95.18839103869654,4.811608961303462
4014,841,219,2026-04-25,63,63,0,100.0,0.0
4015,1450,68,2026-02-03,996,960,36,96.3855421686747,3.614457831325301
4016,2618,103,2026-04-02,274,261,13,95.25547445255475,4.744525547445255
4017,3342,78,2026-04-14,5,0,5,0.0,100.0
4018,2477,16,2026-03-18,1306,1299,7,99.46401225114855,0.5359877488514548
4019,2089,222,2026-02-13,4143,3990,153,96.30702389572772,3.692976104272266
4020,2196,201,2026-01-09,848,379,469,44.693396226415096,55.306603773584904
4021,372,50,2026-02-12,4824,4791,33,99.31592039800995,0.6840796019900498
4022,4074,156,2026-04-07,1937,1858,79,95.92152813629323,4.078471863706763
4023,101,159,2026-01-14,3234,3131,103,96.81508967223253,3.1849103277674704
4024,1448,58,2026-04-21,967,925,42,95.65667011375389,4.3433298862461225
4025,1099,213,2026-02-08,3237,3161,76,97.65214704973741,2.3478529502625887
4026,4869,193,2026-03-18,0,0,0,0.0,0.0
4027,2474,185,2026-04-01,1147,1108,39,96.5998256320837,3.4001743679163035
4029,39,72,2026-03-16,4971,4902,69,98.61194930597466,1.388050694025347
4030,3243,124,2026-03-24,2866,2732,134,95.324494068388,4.675505931612003
4031,4617,248,2026-04-08,3845,3721,124,96.77503250975292,3.2249674902470744
4032,487,176,2026-04-21,3827,3757,70,98.17089103736608,1.8291089626339168
4033,67,155,2026-04-29,2784,2743,41,98.52729885057471,1.4727011494252873
4034,1618,247,2026-02-19,4676,4485,191,95.91531223267751,4.084687767322498
4036,3520,111,2026-01-18,531,509,22,95.85687382297552,4.143126177024483
4037,961,52,2026-04-22,3033,2967,66,97.82393669634025,2.1760633036597428
4038,929,20,2026-04-04,3006,2993,13,99.56753160345974,0.4324683965402528
4039,1573,134,2026-01-06,3402,3309,93,97.2663139329806,2.7336860670194003
4040,4236,11,2026-01-08,3719,3550,169,95.45576767948373,4.544232320516268
4041,4785,12,2026-03-28,4909,4745,164,96.6591973925443,3.340802607455694
4042,1760,95,2026-01-30,0,0,0,0.0,0.0
4043,3748,21,2026-03-18,2140,2118,22,98.97196261682242,1.0280373831775702
4044,3842,77,2026-01-21,1192,1175,17,98.5738255033557,1.4261744966442953
4045,3450,158,2026-03-07,783,781,2,99.74457215836526,0.2554278416347382
4046,1131,96,2026-01-17,3637,3563,74,97.96535606268903,2.0346439373109706
4047,4337,60,2026-03-22,237,236,1,99.57805907172997,0.42194092827004215
4048,4091,146,2026-02-24,405,401,4,99.01234567901234,0.9876543209876543
4049,2435,187,2026-02-02,752,721,31,95.87765957446808,4.122340425531915
4050,2929,61,2026-02-06,898,858,40,95.54565701559021,4.4543429844097995
4051,1258,241,2026-03-05,3541,3414,127,96.41344253035865,3.5865574696413445
4052,2356,106,2026-04-20,1509,1504,5,99.66865473823724,0.33134526176275675
4053,4047,142,2026-04-04,1815,1729,86,95.26170798898072,4.738292011019284
4054,4836,173,2026-02-23,1056,1021,35,96.68560606060606,3.3143939393939394
4055,539,152,2026-03-16,1145,1133,12,98.95196506550218,1.0480349344978166
4056,972,116,2026-04-27,3295,3218,77,97.66312594840669,2.3368740515933233
4057,1429,197,2026-01-16,3805,3728,77,97.97634691195795,2.02365308804205
4058,4263,49,2026-02-26,745,745,0,100.0,0.0
4059,1048,192,2026-03-10,2886,2779,107,96.29244629244629,3.7075537075537075
4060,872,85,2026-03-05,0,0,0,0.0,0.0
4061,1716,170,2026-03-12,4470,4250,220,95.07829977628636,4.921700223713646
4062,386,235,2026-02-12,1024,1000,24,97.65625,2.34375
4063,2146,237,2026-01-15,2878,2773,105,96.35163307852676,3.648366921473245
4064,2061,65,2026-02-09,4183,4028,155,96.29452546019604,3.7054745398039683
4065,3971,146,2026-02-10,2169,2087,82,96.21945597049331,3.780544029506685
4066,4243,118,2026-01-21,7929468,7798725,130743,98.35117564003033,1.6488243599696726
4067,4320,199,2026-04-16,96,92,4,95.83333333333334,4.166666666666666
4068,4011,136,2026-02-02,0,0,0,0.0,0.0
4069,1598,67,2026-04-25,1182,1147,35,97.0389170896785,2.961082910321489
4070,3693,189,2026-04-10,3354,3237,117,96.51162790697676,3.488372093023256
4072,647,82,2026-02-20,2164,2116,48,97.78188539741221,2.2181146025878005
4073,3953,212,2026-03-19,2867,2798,69,97.5933031042902,2.406696895709801
4074,1661,35,2026-01-07,4093,3935,158,96.1397507940386,3.8602492059613978
4075,2548,153,2026-01-09,501,203,298,40.5189620758483,59.48103792415169
4076,686,231,2026-03-28,0,0,0,0.0,0.0
4078,2702,181,2026-02-15,4299,4207,92,97.85996743428704,2.140032565712956
4079,4171,151,2026-04-04,1160,1119,41,96.4655172413793,3.53448275862069
4080,3635,128,2026-03-14,834,812,22,97.3621103117506,2.6378896882494005
4081,700,139,2026-02-15,0,0,0,0.0,0.0
4082,1563,233,2026-04-21,8594696,8473194,121502,98.58631416399137,1.4136858360086266
4083,1969,144,2026-02-22,52,50,2,96.15384615384616,3.8461538461538463
4084,3538,111,2026-02-23,4261,4218,43,98.99084721896268,1.009152781037315
4085,4300,194,2026-01-27,871,847,24,97.24454649827784,2.755453501722158
4086,2437,20,2026-04-20,842,822,20,97.62470308788599,2.375296912114014
4087,4521,235,2026-04-20,3257,3193,64,98.03500153515505,1.9649984648449494
4088,2351,40,2026-02-02,2737,2682,55,97.9905005480453,2.009499451954695
4089,2099,246,2026-02-14,963,514,449,53.374870197300105,46.625129802699895
4090,3907,236,2026-04-11,90,89,1,98.88888888888889,1.1111111111111112
4091,269,226,2026-02-04,94,76,18,80.85106382978722,19.148936170212767
4092,2665,63,2026-01-12,78,77,1,98.71794871794873,1.282051282051282
4093,1799,58,2026-04-12,2529,2437,92,96.36219849742982,3.6378015025701855
4094,1362,181,2026-04-11,323,323,0,100.0,0.0
4095,2594,201,2026-02-04,1,0,1,0.0,100.0
4096,2723,230,2026-02-25,197,196,1,99.49238578680203,0.5076142131979695
4097,3586,40,2026-03-24,1919,1852,67,96.50859822824388,3.491401771756123
4098,4468,52,2026-02-15,15564690,15277118,287572,98.15240778968293,1.8475922103170703
4100,408,225,2026-01-06,3767,3603,164,95.64640297318822,4.353597026811787
4102,1111,11,2026-03-20,1449,1448,1,99.93098688750862,0.06901311249137336
4103,3790,89,2026-01-16,3407,3352,55,98.38567654828296,1.614323451717053
4104,2793,164,2026-04-10,132,126,6,95.45454545454545,4.545454545454546
4105,2119,63,2026-01-07,2587,2476,111,95.70931580981832,4.290684190181677
4106,2093,32,2026-01-11,1538,1104,434,71.78153446033811,28.218465539661896
4107,2156,90,2026-04-04,3279,3233,46,98.59713327233914,1.4028667276608722
4108,4737,23,2026-04-30,472,466,6,98.72881355932203,1.2711864406779663
4110,2491,206,2026-04-14,3671,3510,161,95.61427403977117,4.385725960228821
4111,355,210,2026-01-25,1802,1790,12,99.33407325194229,0.6659267480577136
4112,648,85,2026-04-10,0,0,0,0.0,0.0
4113,3495,107,2026-01-18,1895,1868,27,98.57519788918205,1.424802110817942
4114,3976,130,2026-02-09,928,892,36,96.12068965517241,3.8793103448275863
4115,4455,131,2026-01-18,5289568,5056527,233041,95.59432830809624,4.405671691903762
4116,2021,249,2026-03-23,362,341,21,94.1988950276243,5.801104972375691
4117,1059,45,2026-03-30,4275,4103,172,95.9766081871345,4.023391812865497
4118,906,65,2026-02-20,1520,1486,34,97.76315789473684,2.236842105263158
4120,1060,127,2026-03-26,4584,4475,109,97.62216404886563,2.3778359511343803
4121,890,59,2026-02-26,508,344,164,67.71653543307087,32.28346456692913
4122,1158,195,2026-01-20,1489,1432,57,96.1719274680994,3.8280725319006046
4123,1809,90,2026-01-21,1089,1063,26,97.61248852157944,2.3875114784205693
4124,2659,217,2026-04-22,4623,4418,205,95.56565001081549,4.434349989184512
4125,2610,47,2026-04-27,3621,3579,42,98.84009942004971,1.15990057995029
4126,4344,109,2026-03-19,3071,2970,101,96.71116900032563,3.2888309996743734
4127,1353,189,2026-03-18,180,172,8,95.55555555555556,4.444444444444445
4128,3733,50,2026-02-15,4789,4708,81,98.30862392983921,1.6913760701607852
4129,3767,59,2026-02-28,71,71,0,100.0,0.0
4130,4975,32,2026-02-17,146,142,4,97.26027397260275,2.73972602739726
4131,4590,1,2026-03-06,1653,1607,46,97.21718088324259,2.782819116757411
4132,1640,25,2026-03-31,4714,4497,217,95.39669070852779,4.60330929147221
4133,1445,1,2026-04-26,24649650,24226479,423171,98.28325757160852,1.716742428391478
4134,2649,170,2026-02-12,3116,3109,7,99.77535301668806,0.2246469833119384
4135,4340,190,2026-03-06,2538,2440,98,96.13869188337274,3.8613081166272654
4136,4269,134,2026-02-18,1970,1965,5,99.74619289340102,0.25380710659898476
4137,1283,63,2026-03-29,429,414,15,96.5034965034965,3.4965034965034967
4138,510,104,2026-01-05,2770,2638,132,95.2346570397112,4.765342960288808
4139,3586,121,2026-01-18,2115,2107,8,99.62174940898345,0.37825059101654845
4140,1924,137,2026-04-02,1012,874,138,86.36363636363636,13.636363636363635
4141,1799,153,2026-02-11,2732,2625,107,96.08345534407027,3.916544655929722
4142,2818,61,2026-02-09,1675,1675,0,100.0,0.0
4144,2901,48,2026-02-22,0,0,0,0.0,0.0
4145,761,231,2026-04-10,1840,1782,58,96.84782608695653,3.152173913043478
4146,2778,169,2026-02-12,2346,2268,78,96.67519181585678,3.324808184143223
4147,4363,34,2026-04-01,4625,4609,16,99.65405405405406,0.34594594594594597
4148,4465,157,2026-02-22,6,0,6,0.0,100.0
4149,4836,65,2026-03-10,1663,1235,428,74.26337943475646,25.736620565243534
4150,3566,77,2026-01-23,2094,2017,77,96.32282712511939,3.677172874880611
4151,2150,193,2026-03-16,3391,3295,96,97.16897670303746,2.831023296962548
4152,4679,96,2026-01-16,2355,2265,90,96.17834394904459,3.821656050955414
4153,3522,173,2026-04-03,3307,3268,39,98.82068339885092,1.1793166011490779
4154,9611,9168,2026-01-20,0,0,0,0.0,0.0
4155,4730,193,2026-01-20,688,491,197,71.36627906976744,28.63372093023256
4156,347,186,2026-03-28,2014,1997,17,99.15590863952333,0.8440913604766633
4157,506,189,2026-03-02,549,543,6,98.90710382513662,1.092896174863388
4158,9968,9604,2026-03-18,0,0,0,0.0,0.0
4159,2557,248,2026-03-12,2050,1991,59,97.1219512195122,2.878048780487805
4160,1032,198,2026-03-20,2592,2471,121,95.3317901234568,4.66820987654321
4161,1751,6,2026-04-28,3282,3175,107,96.73979280926265,3.2602071907373555
4162,2195,64,2026-01-30,4958,4728,230,95.3610326744655,4.63896732553449
4163,4932,108,2026-04-07,4198,4043,155,96.30776560266794,3.692234397332063
4164,4611,155,2026-03-05,132,130,2,98.48484848484848,1.5151515151515151
4165,3486,180,2026-03-21,2818,2753,65,97.69339957416608,2.3066004258339246
4166,3723,71,2026-02-04,6,0,6,0.0,100.0
4167,726,100,2026-02-25,4254,4066,188,95.58062999529854,4.419370004701458
4168,2677,24,2026-02-14,11666498,11270992,395506,96.6098995602622,3.3901004397377856
4169,3768,13,2026-01-13,3103,2975,128,95.87495971640348,4.12504028359652
4170,3680,42,2026-03-24,1073,1023,50,95.34016775396086,4.659832246039143
4171,3797,107,2026-01-30,124,124,0,100.0,0.0
4172,1726,175,2026-02-25,3861,3735,126,96.73659673659674,3.263403263403263
4173,1389,78,2026-02-14,263,259,4,98.47908745247148,1.520912547528517
4174,1072,156,2026-01-18,1583,1517,66,95.83070120025269,4.169298799747315
4175,3765,71,2026-02-21,857,530,327,61.84364060676779,38.1563593932322
4176,396,81,2026-03-25,1056,1027,29,97.25378787878788,2.746212121212121
4177,652,109,2026-02-04,795,783,12,98.49056603773585,1.509433962264151
4178,4946,199,2026-01-01,4456,4424,32,99.2818671454219,0.718132854578097
4179,2518,128,2026-03-15,2593,2590,3,99.8843038951022,0.11569610489780179
4180,1425,56,2026-04-02,3450,3393,57,98.34782608695653,1.652173913043478
4181,1928,185,2026-02-02,1779,1743,36,97.97639123102867,2.0236087689713322
4182,2052,137,2026-02-27,2518,2516,2,99.92057188244638,0.07942811755361398
4183,3300,198,2026-03-19,1398,1346,52,96.28040057224607,3.719599427753934
4184,4557,219,2026-01-29,2308,2270,38,98.35355285961872,1.6464471403812824
4185,1280,132,2026-04-10,4694,4562,132,97.18789944610141,2.812100553898594
4186,3142,236,2026-02-04,82,82,0,100.0,0.0
4187,393,94,2026-02-14,1877,1838,39,97.92221630261055,2.0777836973894512
4188,3046,169,2026-05-01,2328,2278,50,97.85223367697594,2.147766323024055
4189,3727,57,2026-03-22,1373,1357,16,98.83466860888565,1.1653313911143481
4190,645,89,2026-03-14,3917,3865,52,98.67245340822058,1.327546591779423
4191,3353,23,2026-01-10,2952,2855,97,96.71409214092141,3.2859078590785904
4192,2449,34,2026-03-30,2537,2504,33,98.69925108395744,1.30074891604257
4193,4555,192,2026-03-10,4504,4465,39,99.13410301953819,0.8658969804618117
4194,938,116,2026-01-16,801,776,25,96.8789013732834,3.1210986267166043
4195,1760,231,2026-02-27,401,401,0,100.0,0.0
4196,3564,200,2026-02-28,18937994,18828485,109509,99.421749737591,0.5782502624089965
4197,2134,167,2026-01-22,0,0,0,0.0,0.0
4198,3219,99,2026-01-05,338,85,253,25.14792899408284,74.85207100591717
4199,9862,9086,2026-03-10,0,0,0,0.0,0.0
4200,1967,77,2026-01-12,0,0,0,0.0,0.0
4201,3791,173,2026-04-10,2635,2632,3,99.88614800759014,0.11385199240986717
4202,2213,4,2026-02-01,2944,2911,33,98.87907608695652,1.1209239130434783
4203,3936,105,2026-03-18,1355,1305,50,96.30996309963099,3.6900369003690034
4204,2476,48,2026-02-24,1410,1362,48,96.59574468085106,3.404255319148936
4205,3396,249,2026-02-11,876,868,8,99.08675799086758,0.91324200913242
4206,2892,1,2026-04-27,159,158,1,99.37106918238993,0.628930817610063
4207,4109,180,2026-04-06,1176,1162,14,98.80952380952381,1.1904761904761905
4208,4314,197,2026-02-04,2713,2701,12,99.55768521931441,0.44231478068558794
4209,4666,238,2026-02-09,4043,3982,61,98.49121939154092,1.5087806084590651
4210,1141,151,2026-01-01,1788,1725,63,96.47651006711409,3.523489932885906
4211,424,125,2026-02-05,1674,1188,486,70.96774193548387,29.03225806451613
4213,4627,25,2026-04-04,2080,2011,69,96.6826923076923,3.3173076923076925
4214,2645,248,2026-02-10,2,0,2,0.0,100.0
4215,4229,103,2026-03-08,2312,2228,84,96.36678200692042,3.633217993079585
4217,3267,96,2026-04-26,4392,4305,87,98.01912568306011,1.9808743169398908
4218,2904,222,2026-02-27,4838,4637,201,95.8453906572964,4.154609342703597
4219,1076,227,2026-01-02,4772,4637,135,97.1709974853311,2.8290025146689017
4220,2996,86,2026-03-23,3783,3756,27,99.2862807295797,0.7137192704203014
4221,4642,60,2026-04-09,1074,1047,27,97.48603351955308,2.5139664804469275
4222,3872,65,2026-02-24,646,644,2,99.69040247678018,0.30959752321981426
4223,1934,60,2026-01-06,419,181,238,43.198090692124104,56.801909307875896
4224,2906,247,2026-03-09,2806,2706,100,96.43620812544548,3.5637918745545263
4225,9397,9691,2026-02-25,67,53,14,79.1044776119403,20.8955223880597
4227,22,176,2026-03-21,12517236,12192985,324251,97.40956390052884,2.5904360994711615
4228,465,143,2026-02-04,0,0,0,0.0,0.0
4229,1220,239,2026-01-28,4180,4033,147,96.48325358851675,3.5167464114832536
4230,2635,25,2026-05-01,0,0,0,0.0,0.0
4231,1571,112,2026-02-09,1721,1706,15,99.12841371295758,0.8715862870424171
4232,127,173,2026-04-01,774,544,230,70.28423772609818,29.71576227390181
4233,2058,149,2026-02-08,939,534,405,56.86900958466453,43.13099041533546
4234,4491,21,2026-04-03,301,166,135,55.14950166112956,44.85049833887043
4235,4571,107,2026-03-04,2019,1957,62,96.92917285785042,3.0708271421495787
4238,1038,124,2026-03-11,4496,4407,89,98.02046263345196,1.9795373665480427
4239,4913,92,2026-03-13,1467,1455,12,99.18200408997954,0.81799591002045
4240,2281,182,2026-04-12,4871,4694,177,96.36624923013754,3.633750769862451
4241,105,92,2026-01-26,787,753,34,95.67979669631512,4.320203303684879
4242,882,236,2026-01-26,2870,2809,61,97.87456445993031,2.1254355400696863
4243,4904,112,2026-01-22,7,0,7,0.0,100.0
4244,4802,116,2026-02-28,2540,2494,46,98.18897637795276,1.811023622047244
4245,2666,233,2026-02-03,864,855,9,98.95833333333334,1.0416666666666665
4246,4355,84,2026-03-06,4063,4054,9,99.7784888013783,0.22151119862170812
4247,3266,113,2026-03-26,4592,4546,46,98.99825783972126,1.0017421602787455
4248,4955,176,2026-03-16,4398,4202,196,95.54342883128695,4.456571168713051
4249,4561,53,2026-04-02,2706,2667,39,98.55875831485588,1.441241685144124
4250,3825,183,2026-02-03,3,1,2,33.33333333333333,66.66666666666666
4251,140,214,2026-03-26,4974,4803,171,96.562123039807,3.4378769601930035
4252,3361,69,2026-04-17,4061,3919,142,96.50332430435853,3.4966756956414677
4253,3640,59,2026-01-31,11449681,11162864,286817,97.49497824437205,2.5050217556279515
4254,1364,89,2026-03-07,4320,4255,65,98.49537037037037,1.5046296296296295
4256,3750,32,2026-03-01,1806,1801,5,99.72314507198227,0.2768549280177187
4257,2627,115,2026-03-15,2318,2281,37,98.40379637618636,1.5962036238136326
4258,4848,187,2026-01-15,0,0,0,0.0,0.0
4259,1711,52,2026-01-17,990,963,27,97.27272727272728,2.727272727272727
4260,3215,43,2026-03-18,1187,1160,27,97.72535804549284,2.274641954507161
4261,3538,36,2026-04-14,1660,1633,27,98.37349397590361,1.6265060240963853
4262,4123,210,2026-04-29,3439,3433,6,99.82553067752254,0.17446932247746438
4263,2501,73,2026-04-04,4289,4281,8,99.81347633480998,0.18652366519002098
4264,221,148,2026-03-18,3815,3754,61,98.4010484927916,1.598951507208388
4265,2277,40,2026-01-12,10,0,10,0.0,100.0
4266,563,198,2026-03-29,1277,927,350,72.5920125293657,27.4079874706343
4267,1636,162,2026-04-03,2690,2567,123,95.4275092936803,4.5724907063197024
4268,3285,196,2026-04-11,1045,1019,26,97.51196172248804,2.488038277511962
4269,2013,124,2026-03-29,4103,4016,87,97.87960029246892,2.120399707531075
4270,2136,54,2026-01-07,213,108,105,50.70422535211267,49.29577464788733
4271,100,202,2026-02-19,54,54,0,100.0,0.0
4272,3842,35,2026-02-05,3483,3465,18,99.48320413436691,0.516795865633075
4273,4127,242,2026-02-19,3076,2972,104,96.61898569570872,3.3810143042912877
4274,1304,127,2026-01-04,2013,1955,58,97.11872826626924,2.8812717337307503
4275,1933,104,2026-01-04,0,0,0,0.0,0.0
4276,4993,79,2026-02-04,0,0,0,0.0,0.0
4277,3685,206,2026-03-11,18520251,18171074,349177,98.11462058478581,1.885379415214189
4278,1417,23,2026-01-25,213,210,3,98.59154929577466,1.4084507042253522
4279,4973,112,2026-01-16,3831,3754,77,97.99008091882015,2.0099190811798486
4280,9701,9570,2026-01-23,65,45,20,69.23076923076923,30.76923076923077
4282,1438,111,2026-01-15,1206,1078,128,89.38640132669984,10.613598673300165
4284,3704,155,2026-01-13,53,53,0,100.0,0.0
4285,245,19,2026-04-19,0,0,0,0.0,0.0
4286,2169,232,2026-02-13,8,0,8,0.0,100.0
4288,3634,140,2026-02-04,11,0,11,0.0,100.0
4289,3258,209,2026-04-04,1,0,1,0.0,100.0
4290,1046,33,2026-04-17,4468,4330,138,96.911369740376,3.088630259623993
4291,1952,55,2026-04-21,4311,4128,183,95.75504523312458,4.244954766875435
4292,2085,242,2026-03-17,930,683,247,73.44086021505376,26.559139784946233
4293,2154,102,2026-04-12,1516,1510,6,99.6042216358839,0.395778364116095
4294,2859,61,2026-01-02,832,378,454,45.43269230769231,54.567307692307686
4295,2542,174,2026-02-19,4285,4117,168,96.07934655775962,3.920653442240373
4296,3554,63,2026-03-03,13976643,13625180,351463,97.4853546735078,2.5146453264922055
4297,822,99,2026-02-03,1083,1041,42,96.1218836565097,3.8781163434903045
4298,1148,120,2026-02-23,3010,2979,31,98.9700996677741,1.0299003322259137
4299,3675,234,2026-01-30,906,874,32,96.46799116997794,3.532008830022075
4300,1332,75,2026-04-16,4117,4102,15,99.63565703181929,0.3643429681807141
4301,167,19,2026-04-17,3525,3518,7,99.80141843971631,0.19858156028368795
4302,2041,246,2026-04-12,1409,1383,26,98.15471965933286,1.8452803406671399
4303,2697,158,2026-02-16,690,587,103,85.07246376811595,14.927536231884059
4304,2641,38,2026-01-01,21694189,21241277,452912,97.91228886223864,2.0877111377613606
4305,1401,215,2026-01-09,4774,4556,218,95.4335986594051,4.566401340594889
4306,1344,133,2026-02-22,0,0,0,0.0,0.0
4307,784,166,2026-04-18,3619,3510,109,96.988118264714,3.0118817352859906
4308,368,120,2026-04-28,988,942,46,95.34412955465586,4.65587044534413
4309,2354,11,2026-03-27,4591,4401,190,95.8614680897408,4.138531910259203
4310,2879,65,2026-02-04,0,0,0,0.0,0.0
4311,2492,242,2026-04-29,3448,3297,151,95.62064965197216,4.379350348027843
4312,2103,189,2026-03-22,416,413,3,99.27884615384616,0.7211538461538461
4313,1754,187,2026-03-01,4937,4910,27,99.45310917561272,0.5468908243872798
4314,2568,128,2026-01-26,1818,1737,81,95.54455445544554,4.455445544554455
4315,3691,131,2026-01-06,1395,1366,29,97.92114695340501,2.078853046594982
4316,1358,139,2026-02-12,3702,3634,68,98.16315505132361,1.8368449486763911
4317,942,31,2026-04-09,654,649,5,99.2354740061162,0.764525993883792
4318,4274,31,2026-02-04,21503423,21017447,485976,97.74000632364438,2.25999367635562
4319,1272,101,2026-04-24,19214853,18826059,388794,97.97659654226864,2.0234034577313706
4320,2977,211,2026-03-24,0,0,0,0.0,0.0
4321,3391,194,2026-04-02,0,0,0,0.0,0.0
4322,2030,154,2026-04-19,4645,4441,204,95.60818083961249,4.391819160387513
4323,2762,1,2026-02-25,0,0,0,0.0,0.0
4324,343,175,2026-03-21,7552780,7449148,103632,98.62789595354293,1.3721040464570662
4325,633,137,2026-04-11,19718919,19599768,119151,99.39575288077404,0.6042471192259576
4326,2093,66,2026-03-16,4002,3948,54,98.65067466266866,1.3493253373313343
4327,2757,41,2026-01-12,223,220,3,98.65470852017937,1.345291479820628
4328,1238,234,2026-04-10,2773,2648,125,95.49224666426254,4.507753335737468
4329,4319,237,2026-03-07,0,0,0,0.0,0.0
4330,3626,202,2026-03-01,4465,4464,1,99.97760358342666,0.022396416573348267
4331,3533,77,2026-02-07,0,0,0,0.0,0.0
4332,1272,122,2026-03-09,870,853,17,98.04597701149426,1.9540229885057472
4333,2535,70,2026-04-16,4393,4391,2,99.95447302526748,0.04552697473252903
4334,2624,14,2026-02-01,1829,1825,4,99.78130125751777,0.2186987424822307
4335,1535,244,2026-02-21,2908,2770,138,95.2544704264099,4.745529573590096
4336,985,118,2026-02-04,31,31,0,100.0,0.0
4337,4013,54,2026-02-18,1940,1921,19,99.02061855670104,0.979381443298969
4338,4383,122,2026-01-10,373,78,295,20.91152815013405,79.08847184986595
4339,675,140,2026-03-08,2437,2331,106,95.65038982355355,4.3496101764464505
4340,2077,232,2026-02-22,7,0,7,0.0,100.0
4341,1740,83,2026-01-02,19090380,18603102,487278,97.44752068843052,2.552479311569492
4342,4122,83,2026-04-20,1811,1774,37,97.95692987299834,2.043070127001657
4343,2575,114,2026-01-06,1397,1358,39,97.2083035075161,2.791696492483894
4344,3810,53,2026-03-13,2737,2707,30,98.9039093898429,1.0960906101571064
4345,2333,234,2026-02-11,3352,3345,7,99.791169451074,0.20883054892601433
4346,4647,72,2026-04-24,4484,4337,147,96.72167707404104,3.2783229259589652
4347,3763,229,2026-04-28,4250,4221,29,99.31764705882354,0.6823529411764706
4348,4210,131,2026-03-10,685,260,425,37.95620437956204,62.04379562043796
4349,9998,9778,2026-02-02,48,48,0,100.0,0.0
4350,1513,111,2026-03-10,3057,2907,150,95.09322865554465,4.906771344455349
4351,1322,47,2026-04-07,2063,2050,13,99.36984973339797,0.6301502666020359
4352,2727,161,2026-04-19,2557,2450,107,95.81540868204928,4.184591317950724
4353,2142,158,2026-01-21,1516,1452,64,95.77836411609498,4.221635883905013
4354,2736,116,2026-02-04,0,0,0,0.0,0.0
4355,3790,11,2026-03-06,1027,1008,19,98.14995131450827,1.8500486854917235
4357,923,13,2026-03-16,3005,2951,54,98.20299500831948,1.7970049916805324
4358,4435,64,2026-02-15,3314,3187,127,96.16777308388654,3.8322269161134583
4359,607,70,2026-01-29,1769,1703,66,96.26907857546637,3.730921424533635
4360,4354,41,2026-04-13,3876,3772,104,97.31682146542828,2.683178534571723
4361,4575,103,2026-01-24,4963,4920,43,99.13358855530929,0.8664114446907113
4362,4558,221,2026-03-18,152,146,6,96.05263157894737,3.9473684210526314
4363,3799,67,2026-03-19,3397,3286,111,96.73241095083898,3.2675890491610247
4364,2737,103,2026-03-24,2225,2177,48,97.84269662921349,2.157303370786517
4365,1174,223,2026-03-12,1242,1230,12,99.03381642512076,0.966183574879227
4366,2214,101,2026-04-19,2660,2627,33,98.7593984962406,1.2406015037593985
4367,210,62,2026-04-03,1522,1228,294,80.6833114323259,19.316688567674113
4368,2423,82,2026-02-01,4691,4624,67,98.57173310594756,1.4282668940524408
4369,2337,164,2026-02-06,1946,1902,44,97.73895169578623,2.2610483042137717
4370,4669,107,2026-04-25,3224,3213,11,99.65880893300249,0.3411910669975186
4371,2449,36,2026-04-10,2843,2732,111,96.09567358424201,3.904326415758002
4372,2455,165,2026-01-30,3438,3397,41,98.80744618964515,1.1925538103548576
4373,4590,173,2026-03-09,1300,1261,39,97.0,3.0
4374,2319,135,2026-02-04,0,0,0,0.0,0.0
4375,2125,237,2026-02-14,1867,1851,16,99.14301017675416,0.8569898232458489
4376,2063,162,2026-01-28,1991,1951,40,97.99095931692617,2.0090406830738323
4377,4079,42,2026-02-12,882,735,147,83.33333333333334,16.666666666666664
4378,94,233,2026-03-27,1496,1452,44,97.05882352941177,2.941176470588235
4379,2719,97,2026-03-11,15750202,15473483,276719,98.24307650149503,1.7569234985049715
4380,2029,20,2026-02-23,4744,4693,51,98.92495784148399,1.0750421585160204
4381,2778,40,2026-03-23,3067,2950,117,96.18519726116726,3.8148027388327357
4382,3173,223,2026-02-21,2159,2081,78,96.38721630384437,3.6127836961556277
4383,2581,240,2026-01-14,530,528,2,99.62264150943396,0.37735849056603776
4384,2757,74,2026-02-01,1256,1214,42,96.656050955414,3.343949044585987
4385,4333,39,2026-03-05,3889,3779,110,97.17150938544613,2.82849061455387
4386,1842,70,2026-04-01,10,0,10,0.0,100.0
4387,4116,158,2026-03-11,5,0,5,0.0,100.0
4388,3523,93,2026-01-09,4019,3893,126,96.86489176412043,3.1351082358795717
4389,1304,162,2026-01-28,1808,1759,49,97.28982300884957,2.7101769911504423
4390,563,218,2026-03-18,3090,3035,55,98.2200647249191,1.779935275080906
4391,303,12,2026-01-19,19619655,19366850,252805,98.71147071648303,1.2885292835169628
4392,949,140,2026-01-10,0,0,0,0.0,0.0
4393,4272,242,2026-01-18,1389,1352,37,97.33621310295176,2.663786897048236
4394,3696,18,2026-03-05,4919,4893,26,99.47143728400081,0.5285627159991868
4396,4026,45,2026-04-17,1175,1166,9,99.23404255319149,0.7659574468085106
4397,9405,9251,2026-03-23,22,22,0,100.0,0.0
4398,4662,173,2026-03-20,0,0,0,0.0,0.0
4399,3462,161,2026-03-17,0,0,0,0.0,0.0
4400,3699,50,2026-10-01,0,0,0,0.0,0.0
4401,2282,204,2026-04-18,4148,3959,189,95.44358727097396,4.556412729026037
4402,2010,197,2026-02-11,3614,3603,11,99.6956281128943,0.3043718871057
4403,1756,102,2026-01-21,3373,3317,56,98.33975689297361,1.6602431070263861
4404,2747,13,2026-02-06,2912,2842,70,97.59615384615384,2.403846153846154
4405,1947,137,2026-02-04,5,1,4,20.0,80.0
4406,4680,151,2026-04-07,896,892,4,99.55357142857143,0.4464285714285714
4408,3550,177,2026-04-30,4565,4535,30,99.34282584884994,0.6571741511500547
4409,2236,229,2026-04-02,6,0,6,0.0,100.0
4410,2589,187,2026-02-04,8,0,8,0.0,100.0
4411,2676,244,2026-01-04,4874,4775,99,97.96881411571604,2.0311858842839556
4412,1611,85,2026-02-28,627,175,452,27.91068580542265,72.08931419457734
4413,4970,7,2026-02-05,647,380,267,58.73261205564142,41.26738794435858
4414,825,231,2026-02-04,0,0,0,0.0,0.0
4415,3110,60,2026-04-20,581,559,22,96.21342512908778,3.7865748709122204
4416,932,220,2026-02-21,4005,3836,169,95.78027465667915,4.219725343320849
4417,1052,235,2026-01-24,0,0,0,0.0,0.0
4418,971,146,2026-02-16,565,539,26,95.39823008849557,4.601769911504425
4419,3055,70,2026-01-06,3988,3879,109,97.26680040120361,2.7331995987963893
4420,3462,74,2026-04-03,423,142,281,33.56973995271868,66.43026004728132
4421,3096,19,2026-03-11,3128,3125,3,99.90409207161125,0.0959079283887468
4422,4634,116,2026-03-07,703,352,351,50.07112375533428,49.92887624466572
4423,1283,123,2026-01-28,1653,1617,36,97.82214156079854,2.1778584392014517
4425,909,206,2026-01-14,441,241,200,54.6485260770975,45.3514739229025
4426,3386,12,2026-04-07,1373,1366,7,99.49016751638747,0.5098324836125273
4427,2313,48,2026-01-02,2742,2618,124,95.47775346462436,4.522246535375638
4428,811,250,2026-03-11,1334,1294,40,97.0014992503748,2.998500749625187
4429,4313,213,2026-01-10,364,354,10,97.25274725274726,2.7472527472527473
4430,3096,7,2026-03-21,717,712,5,99.30264993026499,0.697350069735007
4431,4676,6,2026-01-01,3172,3118,54,98.29760403530895,1.7023959646910467
4432,2061,130,2026-02-04,10,0,10,0.0,100.0
4433,1315,40,2026-03-19,488,480,8,98.36065573770492,1.639344262295082
4434,4174,8,2026-04-24,1879,1878,1,99.94678020223523,0.05321979776476849
4435,1144,161,2026-04-07,155,116,39,74.83870967741936,25.161290322580644
4436,2318,59,2026-03-18,14,14,0,100.0,0.0
4437,4790,135,2026-03-04,2426,2359,67,97.23825226710635,2.761747732893652
4438,334,62,2026-01-02,111,107,4,96.3963963963964,3.6036036036036037
4439,2319,20,2026-03-16,2301,2197,104,95.48022598870057,4.519774011299435
4440,519,103,2026-02-04,12,0,12,0.0,100.0
4441,3506,164,2026-03-05,479,426,53,88.93528183716074,11.064718162839249
4442,3345,230,2026-02-04,1952,1877,75,96.1577868852459,3.8422131147540983
4443,1760,111,2026-01-02,2361,2294,67,97.16221939855994,2.8377806014400675
4444,2176,1,2026-01-19,3619,3507,112,96.90522243713733,3.0947775628626695
4445,2828,74,2026-02-04,16,0,16,0.0,100.0
4446,2388,228,2026-02-01,1802,1715,87,95.17203107658158,4.827968923418425
4447,3493,203,2026-01-05,2375,2343,32,98.65263157894736,1.3473684210526315
4448,491,95,2026-04-15,1492,1458,34,97.72117962466488,2.278820375335121
4449,3030,60,2026-01-30,3645,3477,168,95.39094650205762,4.609053497942387
4450,3255,93,2026-03-02,2704,2578,126,95.34023668639054,4.659763313609468
4451,2464,239,2026-02-04,20,20,0,100.0,0.0
4452,2887,11,2026-03-25,1253,1238,15,98.80287310454908,1.1971268954509178
4453,1283,136,2026-02-18,600,468,132,78.0,22.0
4455,691,54,2026-03-06,3969,3790,179,95.49004787100024,4.509952128999748
4456,4557,107,2026-04-18,3715,3648,67,98.19650067294751,1.80349932705249
4457,2141,106,2026-01-15,2647,2607,40,98.48885530789573,1.511144692104269
4458,2789,17,2026-03-25,1333,1104,229,82.82070517629407,17.179294823705927
4459,1765,102,2026-04-11,1318,1287,31,97.64795144157816,2.3520485584218513
4460,4812,154,2026-03-25,13130395,12726735,403660,96.92575889758076,3.0742411024192338
4461,4667,196,2026-01-15,894,864,30,96.64429530201343,3.3557046979865772
4462,3919,120,2026-01-21,1134,1097,37,96.73721340388008,3.262786596119929
4463,3911,33,2026-03-01,2618,2605,13,99.50343773873186,0.4965622612681436
4464,4413,179,2026-03-22,1006,997,9,99.10536779324056,0.8946322067594433
4465,1906,96,2026-01-23,895,605,290,67.59776536312849,32.402234636871505
4466,4784,27,2026-01-27,852,826,26,96.94835680751174,3.051643192488263
4467,472,115,2026-03-01,4017,3961,56,98.60592481951706,1.3940751804829474
4468,660,39,2026-04-26,1734,1733,1,99.94232987312573,0.05767012687427912
4469,133,53,2026-02-19,529,526,3,99.4328922495274,0.5671077504725899
4471,3846,19,2026-01-05,3906,3867,39,99.0015360983103,0.9984639016897081
4472,4166,17,2026-03-17,3098,2998,100,96.77211103938025,3.227888960619755
4473,39,175,2026-04-05,18403475,18012464,391011,97.87534147762854,2.1246585223714543
4474,2864,26,2026-01-10,1169,1153,16,98.63130881094952,1.3686911890504705
4475,354,47,2026-04-05,1366,1358,8,99.41434846266472,0.5856515373352855
4476,4635,99,2026-01-15,1187,1138,49,95.87194608256108,4.128053917438922
4477,1456,74,2026-02-19,4526,4416,110,97.56959787892178,2.4304021210782145
4479,2468,13,2026-02-20,4404,4372,32,99.27338782924615,0.7266121707538601
4480,4203,9,2026-02-15,4243,4039,204,95.19208107471128,4.8079189252887105
4481,4839,157,2026-03-17,1685,1680,5,99.70326409495549,0.2967359050445104
4482,4708,193,2026-03-31,2529,2518,11,99.56504547251879,0.4349545274812179
4483,2156,40,2026-02-23,3963,3936,27,99.31869795609387,0.6813020439061317
4484,3720,165,2026-03-03,2604,2494,110,95.7757296466974,4.224270353302612
4485,3130,161,2026-01-13,4045,4007,38,99.06056860321384,0.9394313967861558
4486,1299,143,2026-01-08,3900,3864,36,99.07692307692308,0.9230769230769231
4487,3618,15,2026-02-11,555,312,243,56.21621621621622,43.78378378378379
4488,3914,72,2026-04-26,2950,2854,96,96.7457627118644,3.2542372881355934
4489,4167,157,2026-02-06,4907,4866,41,99.16445893621358,0.8355410637864276
4490,4831,76,2026-04-10,619,600,19,96.93053311793214,3.0694668820678515
4491,1042,185,2026-03-02,3608,3445,163,95.48226164079823,4.517738359201774
4492,727,136,2026-01-04,3958,3946,12,99.6968165740273,0.30318342597271347
4493,3319,175,2026-01-31,0,0,0,0.0,0.0
4494,1283,209,2026-01-06,3054,3000,54,98.23182711198429,1.768172888015717
4495,2018,169,2026-02-26,377,362,15,96.02122015915118,3.978779840848806
4496,955,134,2026-03-23,4,0,4,0.0,100.0
4497,1219,153,2026-04-05,2109,2077,32,98.48269321953532,1.5173067804646752
4498,2611,44,2026-03-10,3468,3332,136,96.07843137254902,3.9215686274509802
4499,1880,4,2026-02-06,4635,4584,51,98.89967637540454,1.1003236245954693
4500,653,131,2026-03-17,3960,3916,44,98.88888888888889,1.1111111111111112
4501,3428,1,2026-03-28,3382,3376,6,99.82259018332348,0.17740981667652278
4502,2569,90,2026-04-14,626,171,455,27.316293929712458,72.68370607028754
4503,9752,9726,2026-02-24,0,0,0,0.0,0.0
4504,2072,232,2026-03-11,3305,3162,143,95.6732223903177,4.326777609682299
4505,3227,229,2026-04-05,15483576,15327400,156176,98.99134411843879,1.0086558815612106
4506,3502,235,2026-02-04,3,0,3,0.0,100.0
4507,3870,222,2026-01-26,1393,1227,166,88.08327351040919,11.916726489590811
4508,2697,221,2026-03-18,2086,1984,102,95.11025886864813,4.88974113135187
4509,4762,217,2026-01-09,1694,1661,33,98.05194805194806,1.948051948051948
4510,2865,44,2026-04-12,568,565,3,99.47183098591549,0.528169014084507
4511,3747,12,2026-03-27,4313,4146,167,96.12798516114074,3.8720148388592626
4512,693,141,2026-01-31,2126,2057,69,96.75446848541863,3.2455315145813737
4513,3974,171,2026-03-09,968,509,459,52.582644628099175,47.417355371900825
4514,4373,117,2026-02-19,4461,4258,203,95.4494507957857,4.550549204214302
4515,3175,101,2026-04-20,91,91,0,100.0,0.0
4516,745,211,2026-02-01,160,155,5,96.875,3.125
4517,1666,33,2026-02-04,0,0,0,0.0,0.0
4518,1638,192,2026-02-04,0,0,0,0.0,0.0
4519,4222,238,2026-03-04,0,0,0,0.0,0.0
4520,3037,184,2026-03-03,1891,1813,78,95.87519830777367,4.1248016922263355
4521,1530,8,2026-04-22,3493,3489,4,99.88548525622673,0.11451474377326079
4522,1275,21,2026-02-24,24924761,24429912,494849,98.01462890657207,1.985371093427937
4523,575,24,2026-05-01,4224,4086,138,96.73295454545455,3.2670454545454546
4524,2570,186,2026-01-03,3421,3320,101,97.04764688687519,2.9523531131248175
4525,52,100,2026-03-26,1563,1549,14,99.10428662827894,0.8957133717210494
4526,4745,170,2026-03-02,2231,2224,7,99.68623935454953,0.3137606454504706
4527,2683,121,2026-03-07,662,631,31,95.31722054380664,4.682779456193353
4528,9531,9523,2026-04-08,19,0,19,0.0,100.0
4529,668,3,2026-03-24,1907,1894,13,99.31830099632931,0.6816990036706869
4530,9907,9849,2026-03-18,14,14,0,100.0,0.0
4531,3992,236,2026-03-04,0,0,0,0.0,0.0
4532,3988,55,2026-01-23,1242,1183,59,95.24959742351047,4.750402576489534
4533,119,57,2026-03-26,3891,3840,51,98.6892829606785,1.310717039321511
4534,940,49,2026-02-12,3248,3241,7,99.78448275862068,0.21551724137931033
4535,3556,49,2026-03-17,1896,1889,7,99.63080168776372,0.3691983122362869
4536,3788,107,2026-02-15,3337,3311,26,99.22085705723704,0.7791429427629608
4537,1799,199,2026-04-21,3115,3063,52,98.33065810593901,1.6693418940609952
4538,2028,110,2026-02-10,756,518,238,68.51851851851852,31.48148148148148
4539,2392,139,2026-03-25,2728,2720,8,99.70674486803519,0.2932551319648094
4540,1842,171,2026-04-10,123,122,1,99.1869918699187,0.8130081300813009
4541,2308,62,2026-04-30,0,0,0,0.0,0.0
4542,836,233,2026-03-15,3357,3269,88,97.37861185582365,2.621388144176348
4543,2842,26,2026-02-03,4663,4603,60,98.71327471584817,1.2867252841518335
4544,2994,152,2026-01-10,329,328,1,99.69604863221885,0.303951367781155
4545,3622,203,2026-02-15,346,331,15,95.66473988439307,4.335260115606936
4546,4523,85,2026-04-26,2623,2600,23,99.12314144109799,0.8768585589020207
4547,2048,34,2026-04-09,66,66,0,100.0,0.0
4549,2833,248,2026-04-28,1421,1403,18,98.73328641801548,1.266713581984518
4550,2302,250,2026-03-18,823,818,5,99.3924665856622,0.6075334143377886
4551,2924,222,2026-01-29,1707,1640,67,96.07498535442296,3.925014645577036
4552,1149,102,2026-02-16,3203,3168,35,98.90727443022168,1.0927255697783327
4553,1979,146,2026-02-14,4990,4889,101,97.97595190380761,2.024048096192385
4554,616,137,2026-04-22,2543,2542,1,99.96067636649626,0.039323633503735744
4555,796,30,2026-04-01,1921,1911,10,99.47943779281624,0.5205622071837585
4556,2401,19,2026-03-11,688,657,31,95.49418604651163,4.505813953488372
4557,1647,29,2026-02-27,393,393,0,100.0,0.0
4558,1714,18,2026-03-16,3563,3532,31,99.12994667415099,0.8700533258490036
4559,3222,116,2026-02-12,2896,2818,78,97.30662983425414,2.6933701657458564
4560,972,237,2026-01-21,4146,4003,143,96.55089242643513,3.4491075735648815
4561,4879,174,2026-01-26,868,833,35,95.96774193548387,4.032258064516129
4562,1694,235,2026-01-22,1380,1365,15,98.91304347826086,1.0869565217391304
4563,4225,131,2026-01-12,1010,651,359,64.45544554455445,35.54455445544554
4565,1400,138,2026-04-21,42,42,0,100.0,0.0
4566,1385,23,2026-01-09,0,0,0,0.0,0.0
4567,3733,192,2026-05-01,9581858,9091697,490161,94.88448899994135,5.115511000058652
4568,2884,197,2026-04-12,230,54,176,23.47826086956522,76.52173913043478
4569,223,173,2026-03-16,514,500,14,97.27626459143968,2.7237354085603114
4570,3651,209,2026-02-11,1638,1626,12,99.26739926739927,0.7326007326007326
4571,946,57,2026-05-01,4785,4554,231,95.17241379310344,4.827586206896552
4572,4155,27,2026-03-05,43,42,1,97.67441860465115,2.3255813953488373
4573,201,241,2026-03-09,2287,2215,72,96.85177087888063,3.1482291211193703
4574,3499,201,2026-02-20,2788,2786,2,99.92826398852223,0.07173601147776185
4576,651,161,2026-03-12,1155,1144,11,99.04761904761905,0.9523809523809524
4577,1157,90,2026-02-08,7637835,7183176,454659,94.04727910461538,5.952720895384622
4578,2200,176,2026-03-19,1174,1129,45,96.16695059625214,3.8330494037478706
4579,4700,36,2026-01-28,4017,3871,146,96.36544685088374,3.634553149116256
4580,520,233,2026-01-20,4685,4544,141,96.99039487726787,3.0096051227321237
4581,4820,33,2026-04-04,440,428,12,97.27272727272728,2.727272727272727
4582,3985,210,2026-02-24,920,906,14,98.47826086956522,1.5217391304347827
4583,2127,89,2026-03-28,2549,2537,12,99.52922714790114,0.4707728520988623
4584,866,160,2026-04-05,2256,2227,29,98.7145390070922,1.2854609929078014
4585,3173,14,2026-04-03,23284455,23163256,121199,99.47948534762784,0.5205146523721513
4586,4448,127,2026-02-24,4594,4468,126,97.25729212015672,2.7427078798432736
4587,2608,144,2026-02-04,0,0,0,0.0,0.0
4589,695,8,2026-02-16,2450,2373,77,96.85714285714285,3.1428571428571432
4590,3669,134,2026-04-11,4699,4646,53,98.8721004469036,1.1278995530964036
4591,4745,112,2026-01-25,932,895,37,96.03004291845494,3.969957081545064
4592,2170,73,2026-01-23,3742,3725,17,99.54569748797435,0.4543025120256547
4593,3186,31,2026-03-21,2825,2787,38,98.65486725663717,1.3451327433628317
4594,4423,100,2026-04-16,0,0,0,0.0,0.0
4595,1645,110,2026-02-27,3894,3740,154,96.045197740113,3.954802259887006
4596,3415,204,2026-01-18,4037,3957,80,98.01833044339855,1.9816695566014366
4597,1526,158,2026-04-26,4972,4954,18,99.6379726468222,0.36202735317779566
4598,34,92,2026-01-17,830,807,23,97.2289156626506,2.7710843373493974
4599,2171,238,2026-03-27,4292,4197,95,97.78657968313141,2.213420316868593
4600,2065,197,2026-01-14,4857,4834,23,99.52645666049001,0.4735433395099856
4601,3706,15,2026-03-25,394,261,133,66.24365482233503,33.756345177664976
4602,1408,196,2026-02-28,436,419,17,96.10091743119266,3.89908256880734
4603,1063,2,2026-02-13,492,475,17,96.54471544715447,3.4552845528455287
4605,2702,66,2026-03-02,3541,3490,51,98.55972889014403,1.4402711098559728
4606,3233,179,2026-04-08,996,693,303,69.57831325301204,30.42168674698795
4607,4560,109,2026-04-17,4989,4946,43,99.13810382842253,0.8618961715774704
4609,3385,153,2026-01-27,0,0,0,0.0,0.0
4610,67,239,2026-04-12,3278,3159,119,96.36973764490543,3.63026235509457
4611,4583,64,2026-04-20,201,196,5,97.51243781094527,2.4875621890547266
4612,266,118,2026-02-17,3051,2911,140,95.41134054408391,4.588659455916093
4613,1250,7,2026-01-29,5181254,4817747,363507,92.9841887697457,7.015811230254297
4614,2806,119,2026-04-04,4532,4503,29,99.36010591350397,0.6398940864960283
4615,1708,149,2026-03-03,4291,4281,10,99.76695408995572,0.23304591004427874
4616,750,198,2026-04-06,4008,3940,68,98.30339321357286,1.6966067864271457
4617,237,149,2026-03-01,0,0,0,0.0,0.0
4618,3184,232,2026-03-09,0,0,0,0.0,0.0
4619,3177,60,2026-04-26,2,0,2,0.0,100.0
4620,2576,248,2026-01-12,4259,4141,118,97.22939657196525,2.77060342803475
4621,2633,61,2026-03-29,435,435,0,100.0,0.0
4622,4422,126,2026-03-23,1233,1197,36,97.08029197080292,2.9197080291970803
4623,2829,106,2026-02-01,3817,3653,164,95.70343201467121,4.296567985328792
4624,3085,63,2026-02-13,1199,1175,24,97.99833194328608,2.0016680567139282
4625,2191,38,2026-04-02,3078,3054,24,99.22027290448344,0.7797270955165692
4626,2637,198,2026-03-20,1679,1611,68,95.94997022036927,4.050029779630733
4627,1604,172,2026-02-18,3070,3055,15,99.51140065146579,0.4885993485342019
4628,2845,1,2026-01-28,3781,3675,106,97.19650886008992,2.8034911399100766
4629,4546,2,2026-03-27,4237,4142,95,97.75784753363229,2.242152466367713
4630,4371,117,2026-03-14,135,135,0,100.0,0.0
4631,3335,151,2026-03-03,590,590,0,100.0,0.0
4632,3364,87,2026-03-01,4294,4082,212,95.06287843502562,4.937121564974383
4633,3343,8,2026-02-15,4658,4647,11,99.7638471446973,0.23615285530270502
4634,3980,75,2026-02-18,2202,2188,14,99.36421435059037,0.6357856494096277
4635,125,6,2026-03-29,2655,2648,7,99.73634651600753,0.263653483992467
4636,3293,222,2026-02-28,2,0,2,0.0,100.0
4637,3897,62,2026-03-24,9964563,9683674,280889,97.18112073755768,2.8188792624423167
4638,4276,161,2026-02-03,21394557,21122226,272331,98.72710147725891,1.2728985227410878
4639,1293,46,2026-03-09,142,140,2,98.59154929577466,1.4084507042253522
4640,3125,220,2026-01-06,2276,2213,63,97.23198594024605,2.7680140597539546
4641,4098,221,2026-01-12,0,0,0,0.0,0.0
4642,2249,200,2026-03-11,3769,3596,173,95.40992305651366,4.590076943486336
4643,1228,163,2026-01-29,2860,2801,59,97.93706293706293,2.062937062937063
4644,2229,54,2026-04-16,2565,2451,114,95.55555555555556,4.444444444444445
4647,4734,1,2026-01-13,4277,4084,193,95.48749123217209,4.512508767827917
4650,3589,162,2026-04-15,1758,1756,2,99.88623435722411,0.11376564277588168
4651,540,203,2026-01-25,3063,3004,59,98.0737838720209,1.9262161279791055
4652,2708,60,2026-03-29,4854,4662,192,96.04449938195303,3.955500618046971
4653,4701,8,2026-02-26,2169,1736,433,80.03688335638543,19.96311664361457
4654,4964,78,2026-01-28,3455,3379,76,97.80028943560058,2.199710564399421
4655,4890,48,2026-04-08,536,256,280,47.76119402985074,52.23880597014925
4656,2592,77,2026-04-18,3263,3239,24,99.26448053938094,0.7355194606190621
4657,2104,227,2026-01-20,1201,1147,54,95.503746877602,4.496253122398001
4658,635,115,2026-01-05,3342,3311,31,99.0724117295033,0.9275882704967086
4659,3845,220,2026-04-05,14,14,0,100.0,0.0
4660,1058,152,2026-01-11,4168,4095,73,98.24856046065258,1.751439539347409
4661,4778,206,2026-03-03,3233,3076,157,95.14382926074853,4.856170739251469
4662,116,153,2026-01-03,950,946,4,99.57894736842105,0.42105263157894735
4663,1507,163,2026-03-27,815,633,182,77.66871165644172,22.33128834355828
4664,1511,29,2026-04-13,1699,1642,57,96.6450853443202,3.3549146556798117
4665,4937,2,2026-03-14,92,88,4,95.65217391304348,4.3478260869565215
4666,4401,46,2026-04-10,1991,1970,21,98.94525364138623,1.054746358613762
4668,1234,222,2026-01-02,1441,1409,32,97.77931991672449,2.220680083275503
4669,309,144,2026-04-17,1372,1337,35,97.44897959183673,2.5510204081632653
4670,1891,222,2026-03-27,2410,2364,46,98.09128630705393,1.9087136929460582
4671,3686,9,2026-03-11,280,273,7,97.5,2.5
4672,837,22,2026-03-29,3061,3056,5,99.83665468801046,0.1633453119895459
4673,2397,232,2026-02-01,3978,3790,188,95.27400703871291,4.725992961287079
4674,2587,148,2026-02-21,4646,4544,102,97.80456306500214,2.1954369349978475
4675,25,111,2026-03-20,822,453,369,55.1094890510949,44.89051094890511
4676,2510,18,2026-04-01,4679,4637,42,99.10237230177388,0.8976276982261167
4677,972,74,2026-02-01,974,943,31,96.81724845995893,3.1827515400410675
4678,3849,53,2026-04-13,2788,2678,110,96.0545193687231,3.945480631276901
4679,1762,8,2026-03-31,2,0,2,0.0,100.0
4680,3898,107,2026-02-04,4,4,0,100.0,0.0
4681,4644,244,2026-04-24,3584,3580,4,99.88839285714286,0.11160714285714285
4682,2791,161,2026-02-19,2703,2601,102,96.22641509433963,3.7735849056603774
4683,3459,51,2026-04-20,1237,1232,5,99.59579628132579,0.40420371867421184
4684,4831,243,2026-01-25,2153,2080,73,96.60938225731537,3.3906177426846265
4685,642,167,2026-04-16,568,386,182,67.95774647887323,32.04225352112676
4686,3276,187,2026-04-20,984,962,22,97.76422764227642,2.2357723577235773
4687,2395,112,2026-01-30,4142,3943,199,95.19555770159343,4.804442298406567
4688,3602,144,2026-04-13,2739,2662,77,97.18875502008032,2.8112449799196786
4689,1405,148,2026-04-12,1846,1417,429,76.76056338028168,23.239436619718308
4690,3622,2,2026-04-14,1673,1652,21,98.74476987447699,1.2552301255230125
4692,684,229,2026-03-13,811,778,33,95.93094944512947,4.069050554870531
4693,2918,127,2026-01-09,2262,2153,109,95.1812555260831,4.818744473916888
4694,3453,91,2026-01-11,1340,1328,12,99.1044776119403,0.8955223880597015
4695,3964,64,2026-01-19,2793,2671,122,95.63193698532044,4.368063014679556
4696,4921,227,2026-03-13,2044,2024,20,99.02152641878669,0.9784735812133072
4697,3540,55,2026-04-23,427,393,34,92.03747072599532,7.962529274004685
4698,2180,97,2026-01-05,1957,1944,13,99.33571793561575,0.6642820643842616
4699,2578,79,2026-02-19,2554,2495,59,97.68989819890368,2.3101018010963195
4701,9518,9778,2026-04-30,17,0,17,0.0,100.0
4702,3263,62,2026-07-03,94,86,8,91.48936170212765,8.51063829787234
4704,3533,222,2026-03-02,147,133,14,90.47619047619048,9.523809523809524
4706,1337,238,2026-03-04,2752,2648,104,96.22093023255815,3.77906976744186
4707,4816,159,2026-03-18,5997924,5542366,455558,92.40473870625904,7.595261293740968
4709,4262,166,2026-04-09,2328,2286,42,98.19587628865979,1.804123711340206
4710,1531,132,2026-02-26,1404,1375,29,97.93447293447294,2.0655270655270654
4711,3052,64,2026-03-03,1241,1197,44,96.45447219983883,3.5455278001611608
4712,52,88,2026-02-10,3487,3403,84,97.59105248064238,2.408947519357614
4713,1168,154,2026-02-15,4498,4283,215,95.22009782125389,4.779902178746109
4714,4129,65,2026-02-13,2647,2554,93,96.48658859085756,3.5134114091424253
4715,3257,200,2026-02-02,4512,4419,93,97.93882978723404,2.0611702127659575
4717,412,126,2026-03-17,2224,2200,24,98.92086330935251,1.079136690647482
4718,380,5,2026-04-12,0,0,0,0.0,0.0
4719,3729,81,2026-01-11,76,74,2,97.36842105263158,2.631578947368421
4720,817,240,2026-03-15,1831,1742,89,95.1392681594757,4.860731840524304
4721,1420,240,2026-04-13,1370,1322,48,96.4963503649635,3.5036496350364965
4722,1526,122,2026-05-01,477,459,18,96.22641509433963,3.7735849056603774
4723,2161,102,2026-02-04,3,0,3,0.0,100.0
4724,4959,192,2026-03-15,4457,4239,218,95.10881759030738,4.891182409692618
4725,811,88,2026-04-26,1425,1411,14,99.01754385964912,0.9824561403508772
4726,1812,104,2026-03-31,494,492,2,99.59514170040485,0.4048582995951417
4727,2736,218,2026-03-07,1303,1284,19,98.54182655410591,1.4581734458940905
4728,734,186,2026-03-05,2281,2178,103,95.48443665059185,4.515563349408154
4729,1211,142,2026-02-15,379,346,33,91.2928759894459,8.70712401055409
4730,4181,132,2026-02-04,3890,3779,111,97.14652956298201,2.853470437017995
4731,464,92,2026-02-27,2391,2304,87,96.36135508155583,3.638644918444166
4732,3993,207,2026-04-28,365,348,17,95.34246575342465,4.657534246575342
4733,3206,219,2026-02-28,19,0,19,0.0,100.0
4734,104,237,2026-03-24,499,485,14,97.1943887775551,2.80561122244489
4735,9932,9495,2026-02-23,12,0,12,0.0,100.0
4736,3770,86,2026-03-05,2646,2636,10,99.62207105064248,0.3779289493575208
4737,1695,95,2026-04-15,3520,3512,8,99.77272727272727,0.22727272727272727
4738,2990,141,2026-01-24,0,0,0,0.0,0.0
4739,3425,47,2026-01-22,500,487,13,97.39999999999999,2.6
4740,192,234,2026-01-24,3682,3601,81,97.80010863661055,2.199891363389462
4741,4695,121,2026-02-03,3305,3255,50,98.48714069591527,1.5128593040847202
4742,4969,28,2026-02-04,47,40,7,85.1063829787234,14.893617021276595
4743,4764,3,2026-02-04,38,38,0,100.0,0.0
4745,3568,73,2026-02-21,1489,1428,61,95.90329079919408,4.09670920080591
4746,4599,222,2026-03-06,4104,3916,188,95.41910331384015,4.580896686159844
4747,1021,65,2026-03-29,4079,3986,93,97.72002941897524,2.279970581024761
4748,2958,239,2026-01-10,4327,4291,36,99.16801479084816,0.8319852091518374
4749,4925,126,2026-03-07,4540,4519,21,99.53744493392071,0.46255506607929514
4750,2432,44,2026-02-21,1991,1988,3,99.84932194876947,0.15067805123053743
4751,2771,6,2026-02-27,4913,4790,123,97.49643802157541,2.503561978424588
4752,2804,75,2026-03-19,2009,1923,86,95.71926331508213,4.28073668491787
4753,1747,108,2026-01-06,4880,4772,108,97.78688524590164,2.2131147540983607
4754,4157,135,2026-04-01,4365,4365,0,100.0,0.0
4756,1095,116,2026-05-01,154,148,6,96.1038961038961,3.896103896103896
4757,1850,8,2026-03-17,2340,2315,25,98.93162393162393,1.0683760683760684
4758,595,182,2026-01-16,309,170,139,55.016181229773466,44.983818770226534
4759,429,187,2026-01-26,3442,3390,52,98.48925043579314,1.5107495642068565
4760,38,210,2026-04-17,2288,2258,30,98.68881118881119,1.3111888111888113
4761,1980,84,2026-03-28,1997,1967,30,98.4977466199299,1.5022533800701052
4762,1640,28,2026-04-28,5449166,5273339,175827,96.77332274333357,3.2266772566664335
4763,3071,75,2026-01-06,1580,1546,34,97.84810126582279,2.151898734177215
4765,1986,57,2026-01-06,1923,1899,24,98.75195007800312,1.24804992199688
4766,688,190,2026-04-05,67,65,2,97.01492537313433,2.9850746268656714
4767,351,150,2026-02-28,4072,3981,91,97.76522593320236,2.2347740667976423
4769,523,246,2026-01-21,0,0,0,0.0,0.0
4770,3544,177,2026-02-09,1055,1010,45,95.73459715639811,4.265402843601896
4771,1613,30,2026-01-15,4792,4674,118,97.53756260434056,2.4624373956594323
4772,2202,117,2026-03-26,1369,1349,20,98.53907962016069,1.460920379839299
4773,3993,1,2026-01-06,17323556,16929237,394319,97.72379873970448,2.2762012602955193
4774,1009,3,2026-03-15,1648,1619,29,98.24029126213593,1.7597087378640777
4775,224,139,2026-01-17,4836,4775,61,98.73862696443342,1.261373035566584
4776,2560,123,2026-03-22,3225,3092,133,95.87596899224806,4.124031007751938
4777,2123,14,2026-01-03,12255611,12084583,171028,98.60449226072858,1.3955077392714244
4779,238,74,2026-03-17,4006,3961,45,98.87668497254118,1.123315027458812
4780,105,55,2026-04-07,1479,1442,37,97.49830966869506,2.501690331304936
4781,1332,197,2026-03-03,1614,1577,37,97.70755885997522,2.292441140024783
4782,879,133,2026-02-02,4117,4103,14,99.65994656303133,0.3400534369686665
4783,744,42,2026-03-05,2852,2829,23,99.19354838709677,0.8064516129032258
4784,3877,187,2026-03-12,696,690,6,99.13793103448276,0.8620689655172413
4785,2764,90,2026-03-30,3005,2913,92,96.93843594009984,3.0615640599001663
4786,4260,52,2026-04-25,1782,1710,72,95.95959595959596,4.040404040404041
4787,3717,146,2026-01-04,1102,1065,37,96.64246823956442,3.3575317604355717
4788,3805,81,2026-03-20,958,531,427,55.42797494780793,44.57202505219207
4789,499,193,2026-04-17,3842,3766,76,98.02186361270172,1.978136387298282
4790,3243,48,2026-01-06,2369,2340,29,98.77585479105107,1.2241452089489235
4791,3841,49,2026-03-22,1,0,1,0.0,100.0
4792,660,143,2026-01-03,1327,1062,265,80.03014318010551,19.9698568198945
4793,4498,72,2026-04-04,1844,1831,13,99.29501084598698,0.7049891540130151
4794,13,31,2026-04-18,1057,1024,33,96.87795648060549,3.122043519394513
4795,2328,221,2026-01-29,1643,1571,72,95.6177723676202,4.382227632379793
4796,3266,151,2026-01-24,4798,4568,230,95.20633597332223,4.793664026677782
4797,4638,85,2026-03-05,19729642,19330184,399458,97.97534086021429,2.0246591397857094
4798,3914,51,2026-03-12,2742,2690,52,98.10357403355215,1.8964259664478482
4800,3436,72,2026-02-16,3971,3823,148,96.27297909846386,3.727020901536137
4801,2469,108,2026-01-14,3948,3800,148,96.25126646403243,3.7487335359675784
4802,2595,14,2026-03-25,4348,4230,118,97.28610855565776,2.7138914443422264
4803,2056,85,2026-03-03,1132,1111,21,98.14487632508833,1.8551236749116609
4804,4384,183,2026-01-13,4469,4320,149,96.66592078764825,3.3340792123517566
4805,2531,118,2026-01-01,156,155,1,99.35897435897436,0.641025641025641
4806,393,99,2026-03-29,4213,4133,80,98.10111559458818,1.8988844054118204
4807,3987,37,2026-03-21,422,112,310,26.540284360189574,73.45971563981043
4808,1918,9,2026-03-13,14651867,14400482,251385,98.28428008526149,1.715719914738511
4809,4293,149,2026-01-31,1435,1416,19,98.67595818815332,1.32404181184669
4810,4848,63,2026-02-16,3509,3453,56,98.40410373325734,1.5958962667426617
4811,444,215,2026-03-03,387,286,101,73.90180878552972,26.098191214470283
4812,3934,35,2026-02-25,504,125,379,24.801587301587304,75.1984126984127
4813,3044,42,2026-03-17,4727,4572,155,96.72096467103871,3.279035328961286
4814,1554,163,2026-04-12,1544,1499,45,97.08549222797927,2.9145077720207255
4815,3015,114,2026-04-05,777,760,17,97.8120978120978,2.187902187902188
4816,1391,189,2026-01-04,4183,4040,143,96.58140090843892,3.418599091561081
4817,657,191,2026-02-20,4832,4695,137,97.16473509933775,2.8352649006622515
4818,2022,29,2026-04-12,383,383,0,100.0,0.0
4819,1989,86,2026-02-03,3978,3848,130,96.73202614379085,3.2679738562091507
4820,44,203,2026-03-01,296,200,96,67.56756756756756,32.432432432432435
4821,4074,77,2026-04-15,3938,3859,79,97.99390553580498,2.006094464195023
4822,4299,91,2026-02-23,4172,4013,159,96.1888782358581,3.811121764141898
4823,907,48,2026-03-20,349,345,4,98.8538681948424,1.146131805157593
4824,2233,127,2026-04-14,14001317,13785643,215674,98.45961633466338,1.540383665336625
4825,3696,117,2026-01-10,3882,3732,150,96.13601236476043,3.863987635239567
4826,1472,186,2026-01-28,0,0,0,0.0,0.0
4827,4227,134,2026-01-14,3400,3239,161,95.26470588235294,4.735294117647059
4828,4475,133,2026-02-10,4005,3829,176,95.60549313358302,4.394506866416979
4829,2256,54,2026-04-24,3123,3099,24,99.23150816522575,0.7684918347742555
4830,833,82,2026-03-02,4910,4842,68,98.61507128309572,1.384928716904277
4831,2120,221,2026-04-28,545,541,4,99.26605504587155,0.7339449541284404
4832,4485,167,2026-02-04,2273,2221,52,97.71227452705675,2.287725472943247
4833,2611,118,2026-02-28,644,160,484,24.84472049689441,75.15527950310559
4834,2051,230,2026-01-12,5338094,4840889,497205,90.68572040882007,9.314279591179924
4835,4926,224,2026-02-26,1766,1757,9,99.4903737259343,0.5096262740656852
4836,4362,165,2026-03-11,3628,3535,93,97.43660418963617,2.563395810363837
4837,4926,103,2026-01-11,466,327,139,70.17167381974248,29.82832618025751
4838,3920,37,2026-01-07,4409,4367,42,99.04740303923792,0.9525969607620776
4839,3705,73,2026-03-26,2062,2038,24,98.8360814742968,1.1639185257032008
4841,4269,29,2026-03-21,2454,2380,74,96.98451507742462,3.015484922575387
4842,2648,181,2026-03-20,4225,4088,137,96.75739644970415,3.2426035502958577
4843,2900,24,2026-02-27,4417,4287,130,97.05682589993208,2.9431741000679192
4844,2986,188,2026-04-11,3496,3454,42,98.79862700228833,1.2013729977116705
4845,784,61,2026-01-26,187,181,6,96.79144385026738,3.2085561497326207
4846,412,230,2026-01-12,3925,3856,69,98.24203821656052,1.7579617834394905
4847,4217,148,2026-03-02,895,676,219,75.53072625698324,24.46927374301676
4848,323,4,2026-03-12,2866,2826,40,98.60432658757851,1.3956734124214933
4849,2054,127,2026-03-11,1332,1329,3,99.77477477477478,0.22522522522522523
4850,2924,149,2026-04-02,1743,1738,5,99.71313826735513,0.2868617326448652
4851,3988,116,2026-04-17,3955,3759,196,95.04424778761062,4.95575221238938
4852,4247,200,2026-02-14,0,0,0,0.0,0.0
4854,1984,117,2026-03-20,2153,2130,23,98.93172317696238,1.0682768230376218
4855,1148,65,2026-01-19,2917,2775,142,95.1319849160096,4.868015083990401
4856,1086,148,2026-04-26,431,428,3,99.30394431554525,0.6960556844547563
4857,965,99,2026-02-22,4007,3969,38,99.0516595957075,0.9483404042924881
4858,1543,159,2026-04-06,745,735,10,98.65771812080537,1.342281879194631
4859,48,151,2026-04-05,1062,731,331,68.83239171374764,31.167608286252353
4860,1748,217,2026-01-26,3564,3545,19,99.4668911335578,0.5331088664421998
4861,1836,55,2026-01-10,19,0,19,0.0,100.0
4862,3699,119,2026-04-10,454,81,373,17.841409691629956,82.15859030837004
4863,963,238,2026-02-15,2705,2610,95,96.48798521256931,3.512014787430684
4864,9522,9867,2026-04-20,46,39,7,84.78260869565217,15.217391304347828
4865,522,67,2026-03-01,4681,4510,171,96.34693441572314,3.653065584276864
4866,413,99,2026-04-13,3535,3441,94,97.34087694483733,2.659123055162659
4867,1687,160,2026-02-04,3560,3428,132,96.29213483146067,3.707865168539326
4868,1758,214,2026-02-01,1281,1217,64,95.0039032006245,4.996096799375488
4870,2209,190,2026-01-06,2757,2663,94,96.5904969169387,3.4095030830612987
4872,3122,214,2026-03-09,4032,3944,88,97.81746031746032,2.1825396825396823
4873,704,50,2026-04-20,0,0,0,0.0,0.0
4874,2021,212,2026-03-19,5,0,5,0.0,100.0
4875,897,81,2026-01-09,913,913,0,100.0,0.0
4876,2878,82,2026-02-24,3216,3179,37,98.84950248756219,1.150497512437811
4877,4109,230,2026-01-12,1000,994,6,99.4,0.6
4878,1802,105,2026-04-27,4071,4062,9,99.7789240972734,0.2210759027266028
4879,9300,9189,2026-02-27,84,84,0,100.0,0.0
4880,1122,194,2026-02-01,314,302,12,96.17834394904459,3.821656050955414
4881,3198,241,2026-02-09,4294,4206,88,97.95062878435026,2.0493712156497437
4882,1650,219,2026-02-11,4166,4140,26,99.37590014402305,0.6240998559769564
4883,570,128,2026-05-01,2119,2074,45,97.8763567720623,2.1236432279377064
4884,3279,16,2026-03-14,126,125,1,99.20634920634922,0.7936507936507936
4885,2358,33,2026-04-21,4091,3969,122,97.01784404791005,2.9821559520899537
4886,2218,53,2026-02-15,11917617,11485566,432051,96.3746863152256,3.625313684774398
4887,4425,161,2026-01-28,2533,2434,99,96.09159099881563,3.9084090011843666
4888,9161,9669,2026-03-02,31,31,0,100.0,0.0
4889,1570,148,2026-01-30,798,778,20,97.4937343358396,2.506265664160401
4891,4032,72,2026-04-19,2053,1961,92,95.51875304432538,4.481246955674623
4892,1514,102,2026-04-28,656,539,117,82.16463414634147,17.835365853658537
4893,435,102,2026-01-28,2364,2256,108,95.43147208121827,4.568527918781726
4894,3397,23,2026-01-10,0,0,0,0.0,0.0
4895,3811,156,2026-04-11,1840,1792,48,97.3913043478261,2.608695652173913
4896,2465,52,2026-04-17,1375,1358,17,98.76363636363637,1.2363636363636363
4897,236,239,2026-04-26,1136,1057,79,93.04577464788733,6.954225352112677
4898,3691,168,2026-03-13,4297,4235,62,98.55713288340702,1.4428671165929718
4899,521,122,2026-04-15,3775,3720,55,98.54304635761589,1.456953642384106
4900,3520,239,2026-03-09,1040,578,462,55.57692307692308,44.42307692307692
4901,3032,166,2026-04-01,18032105,17680069,352036,98.04772654107771,1.9522734589222945
4902,621,187,2026-04-13,0,0,0,0.0,0.0
4903,286,45,2026-04-10,2371,2362,9,99.62041332770983,0.3795866722901729
4904,1438,83,2026-03-11,4889,4732,157,96.78870934751484,3.2112906524851708
4905,4206,45,2026-01-14,4851,4709,142,97.07276850133994,2.92723149866007
4906,4710,5,2026-01-21,3027,2911,116,96.16782292699043,3.8321770730095803
4907,2676,61,2026-02-19,4318,4113,205,95.25243168133395,4.747568318666049
4908,2433,235,2026-01-23,4444,4306,138,96.8946894689469,3.1053105310531053
4909,1119,55,2026-04-10,2771,2726,45,98.37603753157704,1.623962468422952
4910,3166,167,2026-01-10,627,587,40,93.62041467304624,6.379585326953747
4911,2979,222,2026-02-18,2656,2643,13,99.5105421686747,0.48945783132530124
4912,2759,125,2026-02-04,20,0,20,0.0,100.0
4913,9905,9747,2026-04-15,0,0,0,0.0,0.0
4914,3181,58,2026-03-12,2158,2058,100,95.3660797034291,4.633920296570899
4916,354,117,2026-02-07,4314,4202,112,97.40380157626333,2.5961984237366713
4917,4246,133,2026-05-01,4385,4321,64,98.54047890535918,1.459521094640821
4918,2932,188,2026-01-14,630,132,498,20.952380952380953,79.04761904761905
4919,3724,30,2026-03-06,3782,3740,42,98.88947646747752,1.110523532522475
4921,3435,180,2026-03-03,771,746,25,96.75745784695201,3.24254215304799
4922,2011,218,2026-01-11,4457,4407,50,98.87816917208885,1.121830827911151
4923,3323,147,2026-01-07,4446,4427,19,99.57264957264957,0.4273504273504274
4924,1395,216,2026-03-05,10952833,10645147,307686,97.19080898978373,2.809191010216261
4925,4726,72,2026-02-26,2669,2659,10,99.62532783814163,0.37467216185837393
4926,1435,54,2026-01-01,18585092,18250319,334773,98.19870141078667,1.8012985892133329
4927,109,222,2026-04-27,3534,3528,6,99.830220713073,0.1697792869269949
4928,2579,104,2026-02-16,3265,3157,108,96.69218989280245,3.30781010719755
4929,4051,5,2026-02-28,82,80,2,97.5609756097561,2.4390243902439024
4930,2675,185,2026-01-20,473,454,19,95.9830866807611,4.0169133192389
4931,3902,92,2026-01-13,65,65,0,100.0,0.0
4932,2702,234,2026-02-04,19,0,19,0.0,100.0
4933,4991,60,2026-02-09,1859,1814,45,97.57934373318989,2.4206562668101133
4934,4870,187,2026-01-16,16177106,15689264,487842,96.98436790857401,3.0156320914259944
4935,645,102,2026-03-01,3291,3225,66,97.99453053783044,2.0054694621695535
4938,3643,11,2026-03-30,3424,3330,94,97.25467289719626,2.7453271028037385
4939,1877,20,2026-01-01,4040,4016,24,99.4059405940594,0.594059405940594
4940,1186,45,2026-04-10,3499,3349,150,95.71306087453559,4.286939125464419
4941,3955,110,2026-02-20,4093,3942,151,96.31077449303689,3.689225506963108
4942,2516,223,2026-02-24,1784,1724,60,96.63677130044843,3.3632286995515694
4943,4325,233,2026-03-06,1486,1429,57,96.16419919246299,3.835800807537012
4944,2294,20,2026-01-31,4195,4073,122,97.09177592371871,2.908224076281287
4945,2030,188,2026-01-14,0,0,0,0.0,0.0
4946,232,91,2026-02-18,1046,1013,33,96.84512428298278,3.154875717017208
4948,221,34,2026-01-06,3696,3582,114,96.9155844155844,3.0844155844155843
4949,2746,37,2026-04-10,501,493,8,98.40319361277446,1.5968063872255487
4950,3672,101,2026-03-03,1734,1673,61,96.48212226066897,3.517877739331027
4951,3474,226,2026-04-24,2112,2057,55,97.39583333333334,2.604166666666667
4952,2824,102,2026-01-13,1283,980,303,76.38347622759159,23.616523772408417
4953,1742,46,2026-01-11,2051,1953,98,95.22184300341297,4.778156996587031
4954,2604,13,2026-01-18,23570962,23447137,123825,99.47467141985975,0.525328580140259
4955,2311,151,2026-04-01,618,608,10,98.38187702265373,1.6181229773462782
4956,2812,167,2026-02-18,2599,2599,0,100.0,0.0
4957,2195,101,2026-03-29,3994,3930,64,98.39759639459189,1.6024036054081119
4959,3559,58,2026-03-04,1521,1461,60,96.05522682445759,3.9447731755424065
4960,3114,194,2026-01-25,2589,2524,65,97.48937813827733,2.5106218617226728
4961,245,160,2026-03-06,1019,903,116,88.6162904808636,11.383709519136408
4962,4811,148,2026-04-12,2858,2805,53,98.14555633310007,1.8544436668999302
4963,170,16,2026-01-15,3674,3631,43,98.82961350027219,1.170386499727817
4964,998,222,2026-05-01,4443,4271,172,96.12874184109835,3.871258158901643
4965,1578,175,2026-01-06,1470,1457,13,99.1156462585034,0.8843537414965987
4966,621,101,2026-01-26,222,135,87,60.810810810810814,39.189189189189186
4967,474,185,2026-03-18,21318943,21046099,272844,98.72018045172315,1.279819548276854
4968,1273,42,2026-01-30,9,0,9,0.0,100.0
4969,3644,169,2026-04-07,781,767,14,98.20742637644047,1.792573623559539
4970,3277,122,2026-03-23,4034,3967,67,98.33911750123946,1.6608824987605353
4971,1962,21,2026-01-21,24272906,23949320,323586,98.66688397343111,1.333116026568883
4972,1239,35,2026-02-07,561,534,27,95.18716577540107,4.81283422459893
4973,461,15,2026-01-31,3176,3104,72,97.73299748110831,2.2670025188916876
4974,3203,70,2026-04-30,971,954,17,98.24922760041194,1.7507723995880538
4975,389,216,2026-02-20,1597,1518,79,95.05322479649342,4.946775203506575
4976,967,187,2026-04-02,243,239,4,98.35390946502058,1.646090534979424
4977,4041,61,2026-02-26,2896,2800,96,96.68508287292818,3.314917127071823
4978,1854,232,2026-01-06,143,139,4,97.2027972027972,2.797202797202797
4979,2453,190,2026-03-19,23108956,22625621,483335,97.90845159772688,2.091548402273127
4980,799,87,2026-01-17,4687,4659,28,99.40260294431405,0.5973970556859398
4982,475,10,2026-02-01,1414,968,446,68.45827439886845,31.541725601131542
4983,918,81,2026-02-26,0,0,0,0.0,0.0
4984,2421,106,2026-01-03,1391,1386,5,99.64054636951833,0.35945363048166784
4986,4373,153,2026-03-24,389,374,15,96.1439588688946,3.8560411311053984
4987,832,76,2026-03-08,3584,3572,12,99.66517857142857,0.33482142857142855
4988,1138,49,2026-04-19,3401,3261,140,95.88356365774771,4.116436342252279
4989,1932,83,2026-04-01,12,11,1,91.66666666666666,8.333333333333332
4990,3023,211,2026-03-25,3027,2918,109,96.399074991741,3.6009250082590025
4991,3668,55,2026-03-21,3969,3950,19,99.52128999748048,0.47871000251952633
4992,4967,173,2026-02-13,4214,4005,209,95.04034171808257,4.959658281917418
4993,4079,49,2026-03-16,4855,4806,49,98.99073120494336,1.0092687950566428
4994,4898,14,2026-01-17,9908705,9530763,377942,96.18575787653381,3.814242123466185
4995,3439,179,2026-02-23,4012,3986,26,99.3519441674975,0.6480558325024925
4996,3119,20,2026-02-09,3657,3586,71,98.0585179108559,1.9414820891441074
4997,4327,203,2026-04-18,4,0,4,0.0,100.0
4998,3080,152,2026-04-19,3140,3021,119,96.21019108280254,3.789808917197452
4999,2166,139,2026-04-10,538,525,13,97.58364312267658,2.41635687732342
5000,2167,97,2026-02-24,3118,3094,24,99.23027581783195,0.7697241821680565
