log_id,api_id,request_time,response_time_ms,status_code,request_method,payload_size_kb,cpu_usage,memory_usage,request_count,error_message,server_region,is_error,performance_category
1,21,2026-05-24 19:32:20,16.11,404,GET,8.105,9.7,15.34,2,Resource Not Found: Endpoint entity collection does not exist,Eu-West-1,True,Fast
2,250,2026-05-13 07:35:15,397.88,204,DELETE,1.028,37.95,21.14,1,No Error,Us-East-1,False,Moderate
3,165,2026-05-25 06:49:45,21.03,200,GET,6.942,8.23,12.05,5,No Error,Sa-East-1,False,Fast
4,191,2026-05-25 06:08:52,18.83,204,POST,1656.302,2.88,51.9,1,No Error,Ap-Southeast-1,False,Fast
5,92,2026-05-08 23:26:23,25401.85,503,POST,860.113,94.26,95.29,1,Service Unavailable: Downstream database connection pool timeout,Us-East-1,True,Slow
6,54,2026-05-14 16:19:03,26.44,401,GET,12.432,7.23,26.98,1,Unauthorized: Signature mismatch or expired bearer token,Us-East-1,True,Fast
7,22,2026-05-05 14:11:55,134.08,200,DELETE,0.734,20.55,47.16,1,No Error,Sa-East-1,False,Fast
8,120,2026-05-23 06:43:05,63.71,400,GET,7.073,3.19,10.19,1,Bad Request: Invalid JSON payload structure,Ap-Southeast-1,True,Fast
9,207,2026-05-09 02:57:49,247.86,204,PATCH,438.525,19.73,24.1,1,No Error,Ap-Southeast-1,False,Moderate
10,13,2026-05-24 19:03:41,29.36,500,PUT,140.23,9.48,25.1,12,    CRITICAL_TELEMETRY_DROP_OUT,Us-West-2,True,Fast
11,107,2026-05-17 19:01:55,165.33,200,PUT,993.063,30.58,29.95,1,No Error,Sa-East-1,False,Fast
12,237,2026-05-24 22:06:45,71.21,400,GET,4.27,3.53,17.09,1,Bad Request: Invalid JSON payload structure,Us-East-1,True,Fast
13,101,2026-05-16 15:46:33,80.43,401,GET,10.937,8.25,23.1,1,Unauthorized: Signature mismatch or expired bearer token,Sa-East-1,True,Fast
14,103,2026-05-25 18:15:47,331.73,204,PUT,3545.251,7.18,41.13,1,No Error,Sa-East-1,False,Moderate
15,69,2026-05-01 04:16:21,361.31,204,PUT,1921.416,28.84,20.68,1,No Error,Sa-East-1,False,Moderate
16,198,2026-05-20 15:57:02,36.5,200,DELETE,2.069,37.27,39.17,1,No Error,Us-West-2,False,Fast
17,72,2026-05-06 19:13:53,318.08,200,PATCH,2241.522,28.85,39.4,1,No Error,Us-East-1,False,Moderate
18,221,2026-05-03 08:42:19,206.58,201,GET,11.28,31.49,48.37,1,No Error,Eu-West-1,False,Moderate
19,7,2026-05-03 20:09:25,133.48,204,DELETE,9.966,20.38,43.21,1,No Error,Us-East-1,False,Fast
20,57,2026-05-25 13:55:51,323.74,201,DELETE,2.135,18.95,52.08,1,No Error,Us-East-1,False,Moderate
21,109,2026-05-01 18:55:30,231.01,200,GET,3.884,12.5,37.01,1,No Error,Us-West-2,False,Moderate
22,229,2026-05-15 14:16:29,58.91,201,POST,2648.387,11.52,23.73,1,No Error,Us-West-2,False,Fast
23,67,2026-05-12 23:28:00,19.63,403,POST,2010.713,2.25,21.83,1,Forbidden: Client lacks required read/write scopes,Us-East-1,True,Fast
24,20,2026-05-05 07:50:07,118.94,200,PUT,911.34,1.18,49.46,1,No Error,Ap-Southeast-1,False,Fast
25,182,2026-05-18 23:55:03,270.89,200,PUT,1275.483,29.07,23.28,1,No Error,Ap-Southeast-1,False,Moderate
26,27,2026-05-17 04:02:13,75.89,429,DELETE,6.655,6.83,16.43,1,Rate Limit Exceeded: Threshold of 100 req/sec breached,Eu-West-1,True,Fast
27,197,2026-05-06 08:27:03,60.29,400,GET,6.438,8.77,26.39,1,No Error,Sa-East-1,True,Fast
28,152,2026-05-10 16:17:33,154.21,200,POST,3582.513,24.49,45.2,1,No Error,Ap-Southeast-1,False,Fast
29,59,2026-05-16 22:25:58,134.51,200,PATCH,129.761,21.87,17.85,1,No Error,Us-East-1,False,Fast
30,19,2026-05-10 18:48:22,21.06,429,DELETE,9.763,9.85,12.01,1,Rate Limit Exceeded: Threshold of 100 req/sec breached,Us-West-2,True,Fast
31,66,2026-05-18 23:14:36,165.0,200,PUT,1942.227,37.94,31.59,2,No Error,Us-East-1,False,Fast
32,124,2026-05-20 07:26:30,379.69,200,PATCH,1617.49,4.34,32.93,1,No Error,Us-East-1,False,Moderate
33,92,2026-05-16 02:34:52,35.35,200,PUT,1624.908,16.34,44.85,1,No Error,Eu-West-1,False,Fast
34,216,2026-05-07 03:39:55,7.02,400,GET,5.637,3.51,16.01,1,Bad Request: Invalid JSON payload structure,Ap-Southeast-1,True,Fast
35,122,2026-05-17 01:06:20,238.09,200,PUT,3286.238,34.93,41.49,2,No Error,Eu-West-1,False,Moderate
36,224,2026-05-18 17:35:55,435.51,204,PATCH,1629.337,32.08,12.86,1,No Error,Us-East-1,False,Moderate
37,245,2026-05-11 06:25:40,84.57,200,GET,8.909,31.26,14.25,1,No Error,Us-East-1,False,Fast
38,48,2026-05-11 19:46:45,-1.0,200,PUT,2781.16,-99.0,0.0,1,No Error,Us-East-1,False,Fast
39,146,2026-05-09 21:32:01,219.62,200,DELETE,2.657,25.18,50.1,1,No Error,Us-East-1,False,Moderate
40,114,2026-05-16 19:14:13,209.76,204,GET,9.729,37.99,48.97,2,No Error,Us-East-1,False,Moderate
41,74,2026-05-07 10:55:12,78.35,204,PATCH,685.69,15.77,21.98,1,No Error,Us-West-2,False,Fast
42,136,2026-05-20 15:46:12,374.83,200,POST,3844.883,7.57,15.0,1,No Error,Sa-East-1,False,Moderate
43,151,2026-05-20 13:09:02,385.06,204,POST,1871.66,29.62,12.15,1,No Error,Us-East-1,False,Moderate
44,13,2026-05-03 07:55:26,62.27,200,PUT,1380.53,2.37,21.68,2,No Error,Us-East-1,False,Fast
45,128,2026-05-05 18:10:18,117.94,201,POST,1656.831,3.83,31.11,1,No Error,Us-West-2,False,Fast
46,235,2026-05-19 19:31:35,134.94,200,PATCH,2758.939,38.32,51.58,1,No Error,Eu-West-1,False,Fast
47,143,2026-05-09 11:12:13,71.07,201,PATCH,1197.251,4.21,15.99,1,No Error,Us-West-2,False,Fast
48,7,2026-05-03 18:52:08,46.33,403,DELETE,12.118,7.84,22.68,1,Forbidden: Client lacks required read/write scopes,Us-West-2,True,Fast
49,114,2026-05-16 23:48:04,41.77,200,POST,3623.151,32.8,41.38,1,No Error,Sa-East-1,False,Fast
50,143,2026-05-09 21:41:57,413.08,200,DELETE,1.581,34.32,45.0,1,No Error,Us-West-2,False,Moderate
51,55,2026-05-09 23:12:41,377.18,200,GET,11.187,22.01,48.23,1,No Error,Eu-West-1,False,Moderate
52,38,2026-05-16 19:36:59,262.16,204,DELETE,7.652,7.51,12.83,2,No Error,Us-West-2,False,Moderate
53,79,2026-05-22 17:20:50,25.08,500,PATCH,2560.57,11.79,12.09,1,    CRITICAL_TELEMETRY_DROP_OUT,Sa-East-1,True,Fast
54,81,2026-05-17 02:39:17,221.69,200,GET,3.792,8.71,12.9,1,No Error,Ap-Southeast-1,False,Moderate
55,29,2026-05-06 03:06:05,125.66,200,GET,5.196,5.78,38.77,1,No Error,Us-East-1,False,Fast
56,22,2026-05-03 18:47:07,17061.2,503,POST,3267.3,93.15,96.76,1,Service Unavailable: Downstream database connection pool timeout,Us-West-2,True,Slow
57,40,2026-05-02 03:12:56,99999.99,400,GET,1.326,-99.0,0.0,1,No Error,Us-East-1,True,Slow
58,155,2026-05-15 02:09:28,95.21,200,POST,3681.886,33.49,16.47,2,No Error,Us-East-1,False,Fast
59,60,2026-05-24 05:51:30,12.33,401,GET,6.539,8.56,14.07,1,Unauthorized: Signature mismatch or expired bearer token,Us-West-2,True,Fast
60,19,2026-05-04 13:41:41,42.14,204,GET,1.696,14.87,28.37,1,No Error,Us-East-1,False,Fast
61,220,2026-05-06 18:21:03,42.5,404,POST,2050.329,5.58,16.91,2,Resource Not Found: Endpoint entity collection does not exist,Sa-East-1,True,Fast
62,156,2026-05-08 05:32:32,120.92,204,PATCH,3343.877,30.37,40.81,1,No Error,Ap-Southeast-1,False,Fast
63,153,2026-05-21 06:35:00,327.69,200,GET,5.696,30.35,47.21,1,No Error,Sa-East-1,False,Moderate
64,150,2026-05-13 04:05:10,157.81,200,POST,418.469,34.35,12.62,2,No Error,Us-West-2,False,Fast
65,175,2026-05-19 21:23:11,275.24,201,POST,74.097,17.06,25.1,1,No Error,Ap-Southeast-1,False,Moderate
66,204,2026-05-06 20:44:50,52.18,204,DELETE,4.125,2.94,42.64,1,No Error,Eu-West-1,False,Fast
67,97,2026-05-07 03:10:15,50.15,429,GET,5.781,11.66,12.84,1,Rate Limit Exceeded: Threshold of 100 req/sec breached,Ap-Southeast-1,True,Fast
68,217,2026-05-07 21:14:23,148.45,200,GET,2.544,16.03,23.02,1,No Error,Sa-East-1,False,Fast
69,221,2026-05-17 06:32:31,26242.1,500,DELETE,4.869,99.52,96.18,1,Internal Server Error: NullPointerException in controller execution layer,Eu-West-1,True,Slow
70,69,2026-05-12 02:57:28,133.16,201,GET,1.457,7.97,49.66,1,No Error,Ap-Southeast-1,False,Fast
71,76,2026-05-05 19:03:10,448.44,204,PATCH,2784.464,10.12,51.04,1,No Error,Sa-East-1,False,Moderate
72,170,2026-05-22 22:00:40,33.21,200,PUT,2759.099,27.99,27.86,1,No Error,Ap-Southeast-1,False,Fast
73,141,2026-05-10 07:31:12,53.46,201,PATCH,714.147,19.69,15.46,1,No Error,Eu-West-1,False,Fast
74,64,2026-05-20 15:46:00,377.52,204,PATCH,437.713,8.56,45.05,1,No Error,Eu-West-1,False,Moderate
75,3,2026-05-13 15:17:11,224.33,204,PATCH,584.985,11.1,44.61,1,No Error,Ap-Southeast-1,False,Moderate
76,199,2026-05-10 23:34:23,209.9,200,POST,2296.477,35.48,22.97,1,No Error,Ap-Southeast-1,False,Moderate
77,190,2026-05-18 02:43:44,412.25,200,DELETE,12.471,33.0,31.13,1,No Error,Eu-West-1,False,Moderate
78,35,2026-05-25 22:04:36,16554.43,503,PATCH,822.892,98.78,95.95,1,Service Unavailable: Downstream database connection pool timeout,Us-West-2,True,Slow
79,54,2026-05-20 05:42:10,125.2,200,POST,784.724,33.63,28.95,1,No Error,Us-East-1,False,Fast
80,191,2026-05-02 06:37:56,74.33,200,PUT,111.176,1.25,31.61,1,No Error,Us-East-1,False,Fast
81,188,2026-05-09 07:03:39,249.56,200,PATCH,1010.553,34.42,40.52,1,No Error,Sa-East-1,False,Moderate
82,203,2026-05-04 19:02:05,-1.0,500,PATCH,3112.162,-99.0,0.0,2,CRITICAL_TELEMETRY_DROP_OUT,Us-East-1,True,Fast
83,237,2026-05-20 20:12:06,125.84,200,DELETE,1.358,15.84,23.63,1,No Error,Us-East-1,False,Fast
84,213,2026-05-17 15:02:59,10.3,404,POST,3860.335,5.82,15.5,1,Resource Not Found: Endpoint entity collection does not exist,Us-West-2,True,Fast
85,161,2026-05-18 10:03:51,14656.94,500,PATCH,2235.349,92.54,98.25,1,Internal Server Error: NullPointerException in controller execution layer,Us-East-1,True,Slow
86,27,2026-05-10 12:51:26,103.51,200,POST,2326.175,11.38,38.15,1,No Error,Ap-Southeast-1,False,Fast
87,102,2026-05-10 02:48:10,-1.0,500,PUT,1369.459,165.4,0.0,1,CRITICAL_TELEMETRY_DROP_OUT,Sa-East-1,True,Fast
88,126,2026-05-01 03:31:21,333.52,201,PATCH,696.652,3.22,21.05,1,No Error,Ap-Southeast-1,False,Moderate
89,122,2026-05-24 20:25:48,28.76,200,DELETE,4.403,26.09,45.53,1,No Error,Ap-Southeast-1,False,Fast
90,181,2026-05-02 09:06:05,445.21,201,DELETE,1.059,20.15,38.31,1,No Error,Sa-East-1,False,Moderate
91,120,2026-05-25 22:44:05,227.1,201,PATCH,3751.418,20.3,17.55,2,No Error,Us-East-1,False,Moderate
92,100,2026-05-06 17:17:19,27444.15,503,PATCH,916.117,99.58,97.25,1,Service Unavailable: Downstream database connection pool timeout,Sa-East-1,True,Slow
93,53,2026-05-08 23:46:21,180.48,204,GET,3.453,11.3,39.33,1,No Error,Ap-Southeast-1,False,Fast
94,18,2026-05-21 09:53:31,244.9,200,DELETE,12.416,22.48,36.47,1,No Error,Ap-Southeast-1,False,Moderate
95,56,2026-05-19 12:53:49,327.26,201,GET,9.858,23.48,14.62,1,No Error,Sa-East-1,False,Moderate
96,229,2026-05-07 07:30:39,93.82,201,POST,1093.325,34.8,40.99,12,No Error,Sa-East-1,False,Fast
97,158,2026-05-03 04:17:46,384.0,200,PUT,945.241,21.58,15.68,1,No Error,Ap-Southeast-1,False,Moderate
98,39,2026-05-08 19:51:54,332.74,201,PUT,3750.159,20.9,27.74,1,No Error,Us-West-2,False,Moderate
99,20,2026-05-08 21:57:39,447.7,200,DELETE,4.423,4.07,39.19,2,No Error,Ap-Southeast-1,False,Moderate
100,80,2026-05-04 00:37:04,90.76,400,DELETE,5.437,8.55,15.81,1,Bad Request: Invalid JSON payload structure,Ap-Southeast-1,True,Fast
101,167,2026-05-20 13:23:20,399.7,200,PATCH,3960.724,37.43,47.58,5,No Error,Us-East-1,False,Moderate
102,71,2026-05-05 01:37:52,382.27,204,DELETE,1.902,26.54,26.85,1,No Error,Sa-East-1,False,Moderate
103,245,2026-05-11 19:22:13,80.38,401,GET,0.751,4.24,21.18,1,Unauthorized: Signature mismatch or expired bearer token,Eu-West-1,True,Fast
104,181,2026-05-02 07:51:55,393.84,204,GET,12.26,9.41,40.61,1,No Error,Ap-Southeast-1,False,Moderate
105,26,2026-05-16 09:19:51,116.57,200,POST,3072.289,37.22,37.97,1,No Error,Ap-Southeast-1,False,Fast
106,41,2026-05-21 07:43:32,26.4,201,PUT,3066.362,11.82,25.5,1,No Error,Us-East-1,False,Fast
107,96,2026-05-22 14:19:18,121.12,204,DELETE,11.876,22.75,24.66,5,No Error,Us-West-2,False,Fast
108,234,2026-05-03 00:12:06,204.28,200,DELETE,8.334,7.88,27.6,1,No Error,Us-East-1,False,Moderate
109,159,2026-05-03 22:01:02,75.53,404,GET,1.459,7.25,12.74,2,Resource Not Found: Endpoint entity collection does not exist,Ap-Southeast-1,True,Fast
110,137,2026-05-03 23:40:01,21.9,204,DELETE,11.912,16.57,16.11,1,No Error,Sa-East-1,False,Fast
111,74,2026-05-21 01:54:23,120.46,200,PUT,1181.15,3.11,21.77,1,No Error,Us-East-1,False,Fast
112,80,2026-05-23 08:28:55,162.34,201,PATCH,917.874,7.15,47.66,1,No Error,Sa-East-1,False,Fast
113,108,2026-05-05 15:23:32,40.41,200,DELETE,8.746,18.37,34.47,1,No Error,Sa-East-1,False,Fast
114,14,2026-05-14 21:32:53,397.79,204,POST,2703.55,27.08,13.35,1,No Error,Eu-West-1,False,Moderate
115,47,2026-05-05 05:54:14,47.22,429,GET,11.086,10.24,14.07,1,Rate Limit Exceeded: Threshold of 100 req/sec breached,Ap-Southeast-1,True,Fast
116,103,2026-05-22 01:07:52,42.59,200,PUT,4072.576,34.54,18.2,1,No Error,Us-West-2,False,Fast
117,149,2026-05-13 10:59:12,274.42,201,GET,3.302,18.77,28.12,1,No Error,Ap-Southeast-1,False,Moderate
118,25,2026-05-08 17:26:03,371.54,201,PUT,1392.181,3.76,34.83,1,No Error,Sa-East-1,False,Moderate
119,189,2026-05-12 11:46:56,99999.99,200,PATCH,1037.881,17.42,-1.0,1,No Error,Us-West-2,False,Slow
120,45,2026-05-11 00:23:33,333.34,201,PATCH,2038.62,31.64,42.61,1,No Error,Us-West-2,False,Moderate
121,12,2026-05-03 08:26:45,33.88,200,PATCH,110.024,10.26,42.38,1,No Error,Us-East-1,False,Fast
122,13,2026-05-20 04:36:11,72.37,404,DELETE,3.197,8.31,27.66,1,Resource Not Found: Endpoint entity collection does not exist,Ap-Southeast-1,True,Fast
123,137,2026-05-07 15:43:02,291.76,204,PATCH,3851.121,29.79,45.07,1,No Error,Sa-East-1,False,Moderate
124,140,2026-05-11 20:40:12,25.8,201,POST,2841.67,26.56,47.41,1,No Error,Sa-East-1,False,Fast
125,74,2026-05-06 17:28:50,423.89,200,GET,1.174,24.92,41.79,1,No Error,Ap-Southeast-1,False,Moderate
126,145,2026-05-14 16:26:42,20.73,401,PATCH,245.627,4.97,20.72,1,Unauthorized: Signature mismatch or expired bearer token,Ap-Southeast-1,True,Fast
127,217,2026-05-04 14:14:28,165.31,204,POST,3171.298,33.76,35.78,1,No Error,Sa-East-1,False,Fast
128,188,2026-05-01 03:25:17,45.31,404,GET,8.757,10.04,20.0,1,Resource Not Found: Endpoint entity collection does not exist,Sa-East-1,True,Fast
129,28,2026-05-23 12:11:46,70.84,401,PUT,1794.856,0.43,25.75,1,Unauthorized: Signature mismatch or expired bearer token,Us-West-2,True,Fast
130,23,2026-05-18 00:13:41,329.74,200,DELETE,9.138,34.0,15.84,1,No Error,Us-East-1,False,Moderate
131,193,2026-05-21 08:43:18,22779.92,504,PATCH,97.433,97.93,91.28,1,Gateway Timeout: Upstream microservice failed to respond within 15000ms,Us-East-1,True,Slow
132,85,2026-05-17 17:58:23,38.27,201,GET,6.625,17.31,17.37,1,No Error,Us-East-1,False,Fast
133,185,2026-05-09 04:41:53,215.8,200,DELETE,10.3,1.34,14.24,1,No Error,Us-East-1,False,Moderate
134,248,2026-05-03 15:27:33,264.83,200,DELETE,3.56,5.41,41.06,1,No Error,Eu-West-1,False,Moderate
135,64,2026-05-01 03:08:17,166.11,200,POST,2853.997,35.6,48.05,1,No Error,Ap-Southeast-1,False,Fast
136,142,2026-05-16 05:11:10,103.2,200,PATCH,1625.97,17.39,51.88,1,No Error,Us-East-1,False,Fast
137,129,2026-05-17 11:27:35,-1.0,500,POST,3207.552,-99.0,29.34,1,CRITICAL_TELEMETRY_DROP_OUT,Ap-Southeast-1,True,Fast
138,140,2026-05-17 03:24:53,29.41,400,POST,812.94,2.61,19.11,1,No Error,Eu-West-1,True,Fast
139,135,2026-05-24 12:52:23,93.24,403,GET,2.367,9.9,29.35,2,Forbidden: Client lacks required read/write scopes,Us-East-1,True,Fast
140,29,2026-05-24 12:20:42,365.91,200,GET,9.866,5.97,28.22,1,No Error,Us-East-1,False,Moderate
141,164,2026-05-18 21:26:21,167.88,204,GET,10.103,12.72,25.52,1,No Error,Us-East-1,False,Fast
142,65,2026-05-17 13:28:36,187.52,204,GET,0.738,36.77,26.55,1,No Error,Eu-West-1,False,Fast
143,70,2026-05-19 03:34:59,275.43,200,PUT,1497.137,27.93,35.03,1,No Error,Ap-Southeast-1,False,Moderate
144,95,2026-05-19 11:31:11,335.47,204,PATCH,2823.387,28.24,36.38,1,No Error,Ap-Southeast-1,False,Moderate
145,47,2026-05-13 05:30:25,221.31,204,PATCH,2428.267,26.75,46.95,1,No Error,Eu-West-1,False,Moderate
146,77,2026-05-01 01:17:59,5674.58,500,DELETE,8.4,98.42,99.22,2,Internal Server Error: NullPointerException in controller execution layer,Sa-East-1,True,Slow
147,163,2026-05-23 14:36:01,311.99,200,GET,5.269,1.35,16.4,1,No Error,Ap-Southeast-1,False,Moderate
148,218,2026-05-23 16:02:53,226.79,204,PATCH,715.317,35.59,43.42,1,No Error,Eu-West-1,False,Moderate
149,185,2026-05-24 17:10:54,261.99,200,PUT,3110.24,1.29,29.33,5,No Error,Eu-West-1,False,Moderate
150,183,2026-05-04 08:35:31,349.11,201,DELETE,5.748,14.57,21.01,2,No Error,Us-East-1,False,Moderate
151,222,2026-05-06 22:23:35,409.49,200,DELETE,4.719,34.35,49.45,1,No Error,Us-West-2,False,Moderate
152,243,2026-05-05 14:54:06,100.63,200,GET,4.488,7.39,40.99,1,No Error,Us-West-2,False,Fast
153,223,2026-05-13 05:20:08,218.39,201,PATCH,2015.773,30.65,26.05,1,No Error,Us-East-1,False,Moderate
154,32,2026-05-25 03:34:09,52.32,201,PATCH,3801.993,1.95,29.84,1,No Error,Us-East-1,False,Fast
155,231,2026-05-03 00:15:01,188.01,200,GET,5.047,11.21,38.77,1,No Error,Us-West-2,False,Fast
156,217,2026-05-06 01:19:59,38.11,404,DELETE,10.178,6.67,25.15,1,Resource Not Found: Endpoint entity collection does not exist,Sa-East-1,True,Fast
157,202,2026-05-25 08:09:24,107.48,204,PUT,904.601,6.0,46.05,1,No Error,Us-West-2,False,Fast
158,205,2026-05-25 22:15:08,47.43,403,POST,1670.551,12.0,29.41,1,Forbidden: Client lacks required read/write scopes,Us-East-1,True,Fast
159,69,2026-05-22 09:24:30,104.92,201,PUT,334.957,24.94,50.84,1,No Error,Eu-West-1,False,Fast
160,71,2026-05-02 14:56:51,24.1,403,DELETE,3.755,2.56,18.22,1,Forbidden: Client lacks required read/write scopes,Us-East-1,True,Fast
161,237,2026-05-17 15:45:15,125.53,200,PUT,2932.864,5.97,51.15,1,No Error,Eu-West-1,False,Fast
162,122,2026-05-25 17:22:28,15.91,404,PUT,1706.738,10.08,24.62,1,Resource Not Found: Endpoint entity collection does not exist,Eu-West-1,True,Fast
163,108,2026-05-05 03:20:57,109.85,204,POST,1684.91,2.38,28.27,1,No Error,Ap-Southeast-1,False,Fast
164,85,2026-05-21 17:11:24,426.74,200,PUT,3601.212,29.5,22.81,1,No Error,Ap-Southeast-1,False,Moderate
165,33,2026-05-15 23:10:03,447.11,201,PATCH,2510.399,33.89,46.07,1,No Error,Us-West-2,False,Moderate
166,211,2026-05-09 10:03:46,98.7,201,PUT,353.469,18.18,19.75,1,No Error,Us-East-1,False,Fast
167,135,2026-05-25 08:10:12,21.03,400,GET,2.893,9.27,13.67,1,No Error,Eu-West-1,True,Fast
168,187,2026-05-18 19:14:26,205.88,204,DELETE,4.849,37.75,51.89,1,No Error,Sa-East-1,False,Moderate
169,225,2026-05-07 22:05:26,202.73,200,PUT,3014.336,9.74,28.23,1,No Error,Ap-Southeast-1,False,Moderate
170,79,2026-05-24 23:20:28,32.04,204,POST,269.223,15.5,20.35,1,No Error,Us-West-2,False,Fast
171,190,2026-05-23 14:44:21,406.63,204,DELETE,8.334,8.77,31.97,1,No Error,Sa-East-1,False,Moderate
172,166,2026-05-17 06:09:07,202.58,201,POST,1473.427,22.95,48.51,2,No Error,Us-East-1,False,Moderate
173,106,2026-05-07 01:35:25,20132.05,500,DELETE,3.311,97.3,89.26,1,Internal Server Error: NullPointerException in controller execution layer,Sa-East-1,True,Slow
174,201,2026-05-01 16:01:39,204.01,200,DELETE,1.942,11.54,12.65,1,No Error,Eu-West-1,False,Moderate
175,88,2026-05-16 05:06:38,11.12,400,PUT,3018.397,10.47,18.2,2,Bad Request: Invalid JSON payload structure,Us-East-1,True,Fast
176,127,2026-05-23 02:12:14,245.64,201,PUT,432.139,29.84,33.58,1,No Error,Ap-Southeast-1,False,Moderate
177,207,2026-05-25 17:30:25,326.19,204,PATCH,105.045,22.75,41.74,1,No Error,Ap-Southeast-1,False,Moderate
178,219,2026-05-12 07:48:20,81.1,400,PATCH,2107.501,5.26,8.91,1,Bad Request: Invalid JSON payload structure,Sa-East-1,True,Fast
179,231,2026-05-20 23:34:33,340.33,204,POST,703.899,22.45,39.5,1,No Error,Us-East-1,False,Moderate
180,195,2026-05-06 09:45:54,172.42,200,PUT,701.223,23.9,51.88,1,No Error,Ap-Southeast-1,False,Fast
181,236,2026-05-07 16:19:19,13.87,403,DELETE,5.793,5.15,9.13,1,Forbidden: Client lacks required read/write scopes,Ap-Southeast-1,True,Fast
182,89,2026-05-05 20:47:34,49.36,200,POST,1656.631,7.92,27.1,1,No Error,Ap-Southeast-1,False,Fast
183,179,2026-05-18 13:15:44,263.85,204,POST,1856.947,36.88,23.02,1,No Error,Sa-East-1,False,Moderate
184,40,2026-05-21 03:54:10,252.6,201,POST,1405.285,27.52,39.64,1,No Error,Eu-West-1,False,Moderate
185,199,2026-05-14 17:09:27,162.1,200,DELETE,6.014,22.15,43.23,1,No Error,Us-West-2,False,Fast
186,195,2026-05-21 06:52:30,293.27,201,POST,2420.291,1.69,12.22,2,No Error,Sa-East-1,False,Moderate
187,98,2026-05-12 19:48:19,22.63,200,DELETE,10.051,5.03,35.84,1,No Error,Ap-Southeast-1,False,Fast
188,19,2026-05-24 15:49:00,4.6,400,GET,3.41,3.2,23.24,1,Bad Request: Invalid JSON payload structure,Sa-East-1,True,Fast
189,131,2026-05-23 04:50:02,92.45,429,GET,2.878,6.13,29.83,1,Rate Limit Exceeded: Threshold of 100 req/sec breached,Eu-West-1,True,Fast
190,10,2026-05-23 17:25:36,21.56,200,GET,7.863,6.23,42.62,1,No Error,Ap-Southeast-1,False,Fast
191,143,2026-05-21 19:53:28,232.55,201,PUT,864.814,32.1,15.98,1,No Error,Ap-Southeast-1,False,Moderate
192,238,2026-05-01 21:22:12,182.35,201,PATCH,575.297,30.93,32.65,1,No Error,Us-East-1,False,Fast
193,41,2026-05-04 21:05:33,117.32,201,POST,3382.442,4.35,44.59,1,No Error,Ap-Southeast-1,False,Fast
194,130,2026-05-18 02:53:03,28.73,404,DELETE,7.094,2.23,27.83,1,Resource Not Found: Endpoint entity collection does not exist,Ap-Southeast-1,True,Fast
195,70,2026-05-22 16:03:41,67.37,200,PATCH,1653.437,31.01,38.15,1,No Error,Ap-Southeast-1,False,Fast
196,120,2026-05-04 04:28:04,126.59,201,POST,227.112,2.86,48.06,1,No Error,Us-East-1,False,Fast
197,129,2026-05-08 06:07:55,58.24,429,PATCH,470.255,0.28,22.59,1,Rate Limit Exceeded: Threshold of 100 req/sec breached,Us-West-2,True,Fast
198,213,2026-05-12 21:42:20,77.89,201,DELETE,1.494,29.49,50.0,1,No Error,Sa-East-1,False,Fast
199,22,2026-05-23 20:38:21,98.4,204,PATCH,3918.244,5.66,27.79,1,No Error,Us-West-2,False,Fast
200,29,2026-05-12 18:10:18,436.31,200,PUT,2515.068,18.33,46.23,2,No Error,Us-West-2,False,Moderate
201,44,2026-05-20 01:33:35,128.85,200,DELETE,3.278,24.33,50.48,1,No Error,Us-East-1,False,Fast
202,89,2026-05-25 23:49:52,-1.0,200,PATCH,2151.623,17.42,0.0,5,No Error,Sa-East-1,False,Fast
203,156,2026-05-02 15:46:00,196.44,201,POST,2421.954,8.85,35.91,1,No Error,Us-West-2,False,Fast
204,26,2026-05-08 07:19:59,44.46,200,PATCH,463.937,28.61,37.53,2,No Error,Us-East-1,False,Fast
205,3,2026-05-01 22:53:08,413.07,204,GET,6.053,26.58,34.41,1,No Error,Eu-West-1,False,Moderate
206,76,2026-05-03 13:57:44,40.0,401,POST,1650.036,2.35,16.02,1,Unauthorized: Signature mismatch or expired bearer token,Us-East-1,True,Fast
207,100,2026-05-20 05:43:01,50.52,200,GET,4.473,22.56,47.53,2,No Error,Ap-Southeast-1,False,Fast
208,21,2026-05-05 16:21:08,169.33,201,GET,8.997,33.77,50.44,1,No Error,Eu-West-1,False,Fast
209,139,2026-05-22 14:20:24,17.32,200,POST,2825.115,5.21,47.84,1,No Error,Us-West-2,False,Fast
210,185,2026-05-03 15:39:49,424.21,200,GET,10.438,23.17,30.77,1,No Error,Us-East-1,False,Moderate
211,101,2026-05-12 15:55:41,22.63,200,GET,1.657,28.32,25.6,1,No Error,Sa-East-1,False,Fast
212,3,2026-05-01 03:12:32,192.33,204,POST,974.697,37.47,21.88,5,No Error,Us-West-2,False,Fast
213,17,2026-05-01 16:00:04,217.71,200,GET,6.257,21.24,33.27,1,No Error,Us-East-1,False,Moderate
214,74,2026-05-25 00:25:59,63.14,200,POST,1388.29,1.65,46.13,1,No Error,Us-East-1,False,Fast
215,36,2026-05-23 05:55:02,227.19,204,PATCH,863.644,13.53,21.14,1,No Error,Eu-West-1,False,Moderate
216,207,2026-05-18 15:05:28,159.62,200,PATCH,472.788,11.78,24.95,12,No Error,Ap-Southeast-1,False,Fast
217,216,2026-05-20 05:58:20,320.48,200,PATCH,2290.985,25.57,21.01,1,No Error,Ap-Southeast-1,False,Moderate
218,181,2026-05-17 07:01:04,5307.52,503,PATCH,2420.257,96.37,98.47,1,Service Unavailable: Downstream database connection pool timeout,Us-West-2,True,Slow
219,38,2026-05-04 09:45:20,400.91,200,GET,12.104,7.91,27.1,1,No Error,Ap-Southeast-1,False,Moderate
220,211,2026-05-01 19:02:22,33.2,400,GET,6.836,11.94,29.87,1,Bad Request: Invalid JSON payload structure,Eu-West-1,True,Fast
221,158,2026-05-10 19:43:45,428.75,204,DELETE,12.344,15.0,27.36,1,No Error,Eu-West-1,False,Moderate
222,153,2026-05-03 03:13:57,152.72,200,PATCH,2749.176,7.61,23.6,1,No Error,Us-West-2,False,Fast
223,189,2026-05-14 13:44:19,40.42,400,GET,9.972,11.29,21.59,1,Bad Request: Invalid JSON payload structure,Eu-West-1,True,Fast
224,64,2026-05-14 09:01:12,335.63,201,DELETE,1.84,19.89,13.55,1,No Error,Ap-Southeast-1,False,Moderate
225,11,2026-05-13 05:56:44,47.02,429,POST,3691.691,6.62,14.5,1,Rate Limit Exceeded: Threshold of 100 req/sec breached,Us-West-2,True,Fast
226,166,2026-05-02 05:54:16,389.16,200,PUT,1800.449,23.14,19.11,1,No Error,Sa-East-1,False,Moderate
227,89,2026-05-09 22:50:00,387.99,201,PATCH,2757.724,22.27,16.57,1,No Error,Us-East-1,False,Moderate
228,181,2026-05-14 00:40:00,22383.61,504,DELETE,9.481,92.92,92.43,1,Gateway Timeout: Upstream microservice failed to respond within 15000ms,Us-East-1,True,Slow
229,224,2026-05-05 00:05:21,176.58,200,DELETE,6.441,33.94,44.2,1,No Error,Us-West-2,False,Fast
230,93,2026-05-21 05:11:49,319.1,200,PUT,765.99,33.29,45.11,1,No Error,Ap-Southeast-1,False,Moderate
231,54,2026-05-06 07:58:31,66.81,429,POST,3463.515,8.9,13.41,1,Rate Limit Exceeded: Threshold of 100 req/sec breached,Ap-Southeast-1,True,Fast
232,27,2026-05-01 03:08:17,433.26,400,POST,1233.983,34.97,64.19,1,No Error,Us-East-1,True,Moderate
233,130,2026-05-10 07:28:53,375.47,200,PUT,676.461,12.84,13.22,1,No Error,Eu-West-1,False,Moderate
234,151,2026-05-11 05:40:28,-1.0,200,POST,2264.979,17.42,-1.0,1,No Error,Sa-East-1,False,Fast
235,126,2026-05-14 07:19:58,21726.32,504,POST,2422.611,97.36,94.72,1,Gateway Timeout: Upstream microservice failed to respond within 15000ms,Sa-East-1,True,Slow
236,249,2026-05-21 10:49:01,223.68,200,PUT,2575.518,4.05,28.73,2,No Error,Us-East-1,False,Moderate
237,33,2026-05-13 09:18:25,402.56,200,PUT,1010.926,8.29,13.75,1,No Error,Eu-West-1,False,Moderate
238,118,2026-05-12 16:32:13,169.46,200,GET,2.803,12.16,21.09,5,No Error,Ap-Southeast-1,False,Fast
239,226,2026-05-02 00:49:20,30.49,201,POST,936.455,8.92,42.77,1,No Error,Sa-East-1,False,Fast
240,77,2026-05-25 23:20:48,409.96,201,DELETE,8.934,33.84,30.66,1,No Error,Us-West-2,False,Moderate
241,232,2026-05-12 10:44:22,153.27,204,POST,3362.111,9.92,42.36,1,No Error,Us-West-2,False,Fast
242,169,2026-05-08 22:42:18,99999.99,400,PATCH,820.103,165.4,0.0,1,No Error,Us-West-2,True,Slow
243,33,2026-05-20 11:28:41,172.47,204,PATCH,3383.775,5.06,44.74,2,No Error,Sa-East-1,False,Fast
244,228,2026-05-25 21:20:04,243.38,201,PATCH,3151.639,37.14,39.59,5,No Error,Ap-Southeast-1,False,Moderate
245,35,2026-05-12 05:53:03,34.29,404,POST,2908.368,9.32,19.03,1,Resource Not Found: Endpoint entity collection does not exist,Eu-West-1,True,Fast
246,39,2026-05-09 06:22:30,408.3,204,DELETE,7.622,18.18,30.98,1,No Error,Eu-West-1,False,Moderate
247,126,2026-05-19 04:58:11,151.03,200,GET,12.128,17.58,17.16,1,No Error,Eu-West-1,False,Fast
248,166,2026-05-19 06:00:49,39.67,200,PUT,2554.328,17.32,23.36,1,No Error,Us-East-1,False,Fast
249,190,2026-05-13 20:29:42,216.43,204,GET,2.565,8.4,41.93,2,No Error,Us-West-2,False,Moderate
250,95,2026-05-02 08:55:15,219.09,201,POST,1617.499,34.91,20.29,1,No Error,Sa-East-1,False,Moderate
251,135,2026-05-22 04:30:02,369.05,200,GET,4.441,22.34,26.66,1,No Error,Us-West-2,False,Moderate
252,148,2026-05-04 16:21:11,397.2,204,GET,0.576,11.2,34.02,1,No Error,Us-West-2,False,Moderate
253,242,2026-05-10 02:14:20,290.31,200,DELETE,7.236,29.61,51.51,1,No Error,Ap-Southeast-1,False,Moderate
254,130,2026-05-18 01:32:40,140.54,200,DELETE,1.058,26.79,14.55,1,No Error,Ap-Southeast-1,False,Fast
255,41,2026-05-17 02:44:40,10.56,404,PUT,2101.572,4.88,29.46,1,Resource Not Found: Endpoint entity collection does not exist,Eu-West-1,True,Fast
256,163,2026-05-20 14:36:13,15.55,429,PUT,1374.035,1.85,12.61,1,Rate Limit Exceeded: Threshold of 100 req/sec breached,Us-West-2,True,Fast
257,147,2026-05-17 01:45:40,60.86,429,PUT,1070.501,5.92,14.61,1,Rate Limit Exceeded: Threshold of 100 req/sec breached,Us-West-2,True,Fast
258,158,2026-05-18 17:53:45,105.76,201,PUT,168.932,29.43,49.63,2,No Error,Ap-Southeast-1,False,Fast
259,9,2026-05-24 13:13:00,231.69,200,DELETE,4.784,25.92,25.24,1,No Error,Ap-Southeast-1,False,Moderate
260,85,2026-05-25 09:56:50,23.2,200,DELETE,5.952,13.39,31.51,1,No Error,Eu-West-1,False,Fast
261,7,2026-05-04 16:57:17,209.6,200,GET,1.836,23.86,52.06,1,No Error,Eu-West-1,False,Moderate
262,155,2026-05-23 00:26:00,39.08,204,POST,798.314,7.34,13.04,1,No Error,Eu-West-1,False,Fast
263,181,2026-05-13 04:46:59,-1.0,200,DELETE,5.339,17.42,0.0,1,No Error,Ap-Southeast-1,False,Fast
264,10,2026-05-05 13:33:07,320.83,201,POST,3171.173,32.57,24.51,1,No Error,Eu-West-1,False,Moderate
265,26,2026-05-25 02:12:33,-1.0,400,GET,12.228,17.42,29.34,1,No Error,Eu-West-1,True,Fast
266,247,2026-05-24 08:22:35,425.24,200,PATCH,1543.567,2.96,40.79,1,No Error,Us-East-1,False,Moderate
267,28,2026-05-12 17:00:06,66.72,204,GET,11.422,10.0,46.89,1,No Error,Eu-West-1,False,Fast
268,225,2026-05-16 02:19:27,168.2,200,GET,2.46,12.13,50.59,1,No Error,Us-East-1,False,Fast
269,66,2026-05-11 12:56:23,398.67,200,POST,3319.558,29.41,14.91,1,No Error,Us-West-2,False,Moderate
270,239,2026-05-05 12:27:38,138.07,200,PUT,1070.47,8.11,41.25,1,No Error,Eu-West-1,False,Fast
271,231,2026-05-19 00:14:59,49.47,500,DELETE,6.643,2.07,18.63,1,    CRITICAL_TELEMETRY_DROP_OUT,Eu-West-1,True,Fast
272,28,2026-05-24 02:24:31,162.06,200,GET,1.554,15.04,16.87,1,No Error,Ap-Southeast-1,False,Fast
273,65,2026-05-16 08:55:07,5240.82,504,PATCH,76.629,95.03,96.75,1,Gateway Timeout: Upstream microservice failed to respond within 15000ms,Ap-Southeast-1,True,Slow
274,218,2026-05-19 12:35:50,431.96,204,POST,2698.987,4.2,21.17,5,No Error,Sa-East-1,False,Moderate
275,228,2026-05-09 18:48:02,260.43,201,DELETE,0.162,33.61,50.47,1,No Error,Us-East-1,False,Moderate
276,215,2026-05-22 17:34:03,399.7,200,PUT,207.343,36.58,31.43,1,No Error,Sa-East-1,False,Moderate
277,137,2026-05-06 11:51:43,448.0,200,DELETE,7.968,11.61,25.03,1,No Error,Sa-East-1,False,Moderate
278,135,2026-05-17 00:52:22,97.08,204,GET,8.006,28.32,24.22,1,No Error,Us-West-2,False,Fast
279,42,2026-05-14 17:47:55,50.34,404,POST,980.87,4.73,26.52,1,Resource Not Found: Endpoint entity collection does not exist,Ap-Southeast-1,True,Fast
280,96,2026-05-11 04:29:45,76.37,200,POST,2967.112,21.63,41.56,1,No Error,Eu-West-1,False,Fast
281,154,2026-05-19 04:15:11,245.85,204,POST,3008.032,25.38,47.73,1,No Error,Eu-West-1,False,Moderate
282,205,2026-05-06 15:48:52,60.93,401,DELETE,5.062,4.77,20.6,2,Unauthorized: Signature mismatch or expired bearer token,Ap-Southeast-1,True,Fast
283,130,2026-05-25 04:42:10,120.83,201,PUT,1254.452,9.57,45.33,1,No Error,Ap-Southeast-1,False,Fast
284,70,2026-05-16 04:26:41,360.08,200,PUT,1112.775,23.87,26.79,1,No Error,Eu-West-1,False,Moderate
285,79,2026-05-23 10:29:20,33.24,400,POST,1379.75,6.35,16.54,1,Bad Request: Invalid JSON payload structure,Sa-East-1,True,Fast
286,15,2026-05-05 04:25:07,417.93,204,GET,1.832,36.72,17.03,2,No Error,Ap-Southeast-1,False,Moderate
287,9,2026-05-16 19:11:47,300.91,204,GET,4.175,10.91,42.84,1,No Error,Us-East-1,False,Moderate
288,185,2026-05-21 00:44:56,49.63,201,PATCH,3131.764,35.09,14.53,1,No Error,Ap-Southeast-1,False,Fast
289,231,2026-05-03 22:26:39,186.0,200,PUT,922.939,13.43,35.39,1,No Error,Ap-Southeast-1,False,Fast
290,58,2026-05-20 08:47:03,474.08,400,POST,3832.414,18.14,67.49,1,No Error,Us-East-1,True,Moderate
291,110,2026-05-08 05:53:37,52.79,400,GET,3.477,11.34,15.04,1,Bad Request: Invalid JSON payload structure,Us-East-1,True,Fast
292,226,2026-05-03 18:59:33,160.81,201,GET,9.455,18.6,35.39,1,No Error,Us-East-1,False,Fast
293,80,2026-05-15 11:20:11,238.89,200,DELETE,7.107,19.73,16.23,1,No Error,Ap-Southeast-1,False,Moderate
294,116,2026-05-11 15:23:30,315.92,204,POST,4081.72,6.88,14.02,2,No Error,Sa-East-1,False,Moderate
295,48,2026-05-07 23:13:52,272.53,200,DELETE,1.795,23.82,40.97,1,No Error,Us-East-1,False,Moderate
296,131,2026-05-05 09:31:01,342.87,200,DELETE,4.226,31.47,32.65,1,No Error,Us-West-2,False,Moderate
297,70,2026-05-04 18:04:18,11684.93,503,PATCH,2325.421,93.18,93.35,2,Service Unavailable: Downstream database connection pool timeout,Ap-Southeast-1,True,Slow
298,10,2026-05-04 04:45:38,4.89,403,DELETE,8.112,0.83,23.17,1,Forbidden: Client lacks required read/write scopes,Sa-East-1,True,Fast
299,209,2026-05-10 23:17:14,76.4,200,POST,3318.584,5.02,26.09,1,No Error,Us-West-2,False,Fast
300,22,2026-05-01 13:53:45,263.9,200,PUT,2392.549,9.35,26.19,1,No Error,Eu-West-1,False,Moderate
301,209,2026-05-20 19:23:58,31.48,200,PUT,658.435,9.47,28.76,1,No Error,Sa-East-1,False,Fast
302,149,2026-05-19 14:24:02,14.28,400,DELETE,2.99,1.54,11.2,1,No Error,Us-East-1,True,Fast
303,23,2026-05-21 11:15:05,348.46,200,PATCH,3417.535,19.89,49.22,1,No Error,Ap-Southeast-1,False,Moderate
304,113,2026-05-12 03:51:47,156.45,204,GET,5.884,30.93,31.44,1,No Error,Sa-East-1,False,Fast
305,170,2026-05-24 00:29:27,29963.57,503,DELETE,6.088,91.02,88.5,2,Service Unavailable: Downstream database connection pool timeout,Eu-West-1,True,Slow
306,120,2026-05-13 21:47:38,420.24,204,POST,746.589,7.93,38.85,5,No Error,Us-West-2,False,Moderate
307,23,2026-05-18 16:37:06,395.9,204,PUT,2319.805,32.47,18.65,1,No Error,Eu-West-1,False,Moderate
308,242,2026-05-21 06:54:38,337.51,201,POST,2742.653,17.82,51.4,1,No Error,Eu-West-1,False,Moderate
309,233,2026-05-04 06:55:39,25.27,401,PATCH,1604.518,8.58,27.34,12,Unauthorized: Signature mismatch or expired bearer token,Us-East-1,True,Fast
310,132,2026-05-23 03:42:19,219.63,201,GET,1.637,27.79,15.68,1,No Error,Us-West-2,False,Moderate
311,198,2026-05-10 10:48:49,39.68,403,DELETE,12.496,11.56,29.51,1,Forbidden: Client lacks required read/write scopes,Us-East-1,True,Fast
312,151,2026-05-15 19:02:06,12.15,400,POST,132.926,9.7,16.71,1,Bad Request: Invalid JSON payload structure,Us-West-2,True,Fast
313,228,2026-05-22 01:14:52,99999.99,200,POST,3737.075,165.4,0.0,2,No Error,Sa-East-1,False,Slow
314,155,2026-05-22 09:33:03,68.68,400,DELETE,6.425,2.72,12.89,1,Bad Request: Invalid JSON payload structure,Eu-West-1,True,Fast
315,6,2026-05-10 10:53:39,298.29,200,GET,5.593,20.78,35.61,1,No Error,Us-East-1,False,Moderate
316,231,2026-05-19 04:00:36,194.88,204,PUT,954.665,13.94,50.11,1,No Error,Us-East-1,False,Fast
317,18,2026-05-16 13:22:14,371.21,204,POST,3767.374,29.81,44.8,1,No Error,Ap-Southeast-1,False,Moderate
318,37,2026-05-10 13:16:17,228.94,200,POST,1016.075,23.43,16.94,1,No Error,Us-West-2,False,Moderate
319,183,2026-05-02 02:46:41,358.96,201,GET,7.539,33.39,32.15,1,No Error,Sa-East-1,False,Moderate
320,213,2026-05-09 06:03:15,353.17,200,DELETE,10.379,18.96,36.55,1,No Error,Sa-East-1,False,Moderate
321,102,2026-05-25 17:39:48,21.01,403,POST,3074.963,4.6,9.54,1,Forbidden: Client lacks required read/write scopes,Us-West-2,True,Fast
322,126,2026-05-16 14:24:26,168.42,201,PATCH,711.174,38.41,29.81,5,No Error,Us-West-2,False,Fast
323,101,2026-05-25 12:10:41,15.51,200,POST,1440.025,25.11,46.19,1,No Error,Us-West-2,False,Fast
324,86,2026-05-09 10:47:07,75.74,400,GET,10.969,11.46,21.23,1,Bad Request: Invalid JSON payload structure,Eu-West-1,True,Fast
325,140,2026-05-23 19:39:06,76.58,429,DELETE,0.349,0.37,19.05,1,Rate Limit Exceeded: Threshold of 100 req/sec breached,Us-East-1,True,Fast
326,65,2026-05-10 01:43:10,50.32,401,PATCH,1531.229,4.6,9.1,1,Unauthorized: Signature mismatch or expired bearer token,Sa-East-1,True,Fast
327,243,2026-05-20 19:47:31,19860.94,504,PATCH,1046.544,95.83,90.78,1,Gateway Timeout: Upstream microservice failed to respond within 15000ms,Ap-Southeast-1,True,Slow
328,234,2026-05-25 13:36:32,101.78,201,PATCH,2652.143,35.58,47.03,1,No Error,Us-East-1,False,Fast
329,98,2026-05-08 05:42:43,236.79,200,DELETE,3.338,7.19,28.77,1,No Error,Sa-East-1,False,Moderate
330,152,2026-05-11 17:12:58,400.83,200,PUT,2185.188,15.02,51.21,1,No Error,Sa-East-1,False,Moderate
331,123,2026-05-07 21:53:57,80.79,400,PUT,2099.248,10.96,15.81,2,Bad Request: Invalid JSON payload structure,Us-East-1,True,Fast
332,143,2026-05-04 05:55:13,28382.77,503,POST,236.795,95.07,91.81,1,Service Unavailable: Downstream database connection pool timeout,Eu-West-1,True,Slow
333,114,2026-05-22 14:35:53,281.39,201,DELETE,5.016,2.25,46.25,1,No Error,Ap-Southeast-1,False,Moderate
334,35,2026-05-25 05:07:13,83.79,400,PATCH,3391.669,6.17,23.51,1,No Error,Sa-East-1,True,Fast
335,3,2026-05-09 04:10:01,116.92,204,PATCH,431.132,28.0,21.29,1,No Error,Sa-East-1,False,Fast
336,11,2026-05-21 09:31:40,442.47,200,PATCH,2750.654,19.59,35.25,1,No Error,Us-East-1,False,Moderate
337,198,2026-05-04 17:54:28,377.13,204,DELETE,11.961,31.15,45.13,1,No Error,Us-East-1,False,Moderate
338,181,2026-05-05 04:16:29,28368.93,500,DELETE,5.516,94.1,94.42,1,Internal Server Error: NullPointerException in controller execution layer,Ap-Southeast-1,True,Slow
339,200,2026-05-11 12:50:54,16636.28,503,DELETE,4.725,95.53,97.5,1,Service Unavailable: Downstream database connection pool timeout,Us-East-1,True,Slow
340,115,2026-05-13 14:39:45,363.72,200,GET,12.227,26.46,18.01,1,No Error,Ap-Southeast-1,False,Moderate
341,209,2026-05-10 13:03:06,234.71,201,DELETE,1.464,35.86,41.13,1,No Error,Us-East-1,False,Moderate
342,228,2026-05-21 01:06:32,79.01,200,PATCH,359.204,4.31,51.59,1,No Error,Us-East-1,False,Fast
343,119,2026-05-19 11:23:15,338.99,201,PATCH,1238.851,28.46,35.61,1,No Error,Sa-East-1,False,Moderate
344,141,2026-05-25 20:25:19,11997.24,504,PUT,3079.804,91.68,96.01,1,Gateway Timeout: Upstream microservice failed to respond within 15000ms,Us-West-2,True,Slow
345,16,2026-05-06 02:04:53,386.25,200,PATCH,3406.74,15.57,38.36,1,No Error,Us-East-1,False,Moderate
346,47,2026-05-08 11:58:43,421.6,200,GET,0.753,34.59,16.62,1,No Error,Ap-Southeast-1,False,Moderate
347,41,2026-05-24 07:11:37,344.17,200,POST,3179.717,7.26,27.95,1,No Error,Us-East-1,False,Moderate
348,101,2026-05-18 09:26:43,252.66,204,PUT,2640.079,33.51,16.05,1,No Error,Us-West-2,False,Moderate
349,93,2026-05-19 19:19:47,55.84,201,PATCH,2187.461,18.8,49.31,1,No Error,Eu-West-1,False,Fast
350,195,2026-05-07 15:25:55,50.83,401,GET,3.025,6.43,9.0,1,Unauthorized: Signature mismatch or expired bearer token,Eu-West-1,True,Fast
351,246,2026-05-23 02:39:40,278.01,201,PUT,3754.728,18.6,30.26,1,No Error,Eu-West-1,False,Moderate
352,199,2026-05-05 16:30:23,223.02,204,PUT,1358.467,33.13,30.18,1,No Error,Us-East-1,False,Moderate
353,129,2026-05-08 19:24:01,269.4,201,POST,2143.588,18.53,21.33,1,No Error,Us-East-1,False,Moderate
354,210,2026-05-03 20:16:44,328.95,204,GET,8.096,4.41,45.87,1,No Error,Sa-East-1,False,Moderate
355,203,2026-05-14 16:56:08,203.17,201,POST,670.079,26.23,51.36,1,No Error,Eu-West-1,False,Moderate
356,197,2026-05-07 16:50:50,84.43,403,DELETE,10.215,5.78,21.38,1,Forbidden: Client lacks required read/write scopes,Ap-Southeast-1,True,Fast
357,94,2026-05-07 03:37:16,16.37,429,DELETE,0.494,2.4,14.86,2,Rate Limit Exceeded: Threshold of 100 req/sec breached,Ap-Southeast-1,True,Fast
358,150,2026-05-21 01:05:41,349.45,204,PATCH,2326.116,26.79,36.5,2,No Error,Ap-Southeast-1,False,Moderate
359,131,2026-05-04 10:40:04,10151.88,504,GET,4.568,96.33,96.71,2,Gateway Timeout: Upstream microservice failed to respond within 15000ms,Us-West-2,True,Slow
360,162,2026-05-14 08:33:00,15758.67,503,POST,2657.588,91.68,88.52,1,Service Unavailable: Downstream database connection pool timeout,Us-West-2,True,Slow
361,244,2026-05-23 16:14:25,149.19,200,GET,1.76,16.81,31.03,2,No Error,Eu-West-1,False,Fast
362,196,2026-05-17 09:10:56,369.38,204,POST,2958.865,28.59,51.3,2,No Error,Ap-Southeast-1,False,Moderate
363,103,2026-05-18 17:30:09,66.19,201,DELETE,5.751,2.14,47.38,1,No Error,Sa-East-1,False,Fast
364,164,2026-05-06 03:08:46,39.27,404,GET,4.823,7.99,29.17,1,Resource Not Found: Endpoint entity collection does not exist,Us-West-2,True,Fast
365,176,2026-05-08 20:36:50,17.81,200,PATCH,3439.215,19.64,31.9,1,No Error,Us-East-1,False,Fast
366,108,2026-05-14 19:35:07,89.3,400,PATCH,709.48,5.14,19.1,1,No Error,Eu-West-1,True,Fast
367,121,2026-05-11 07:19:34,104.62,201,PATCH,3823.941,29.73,23.99,1,No Error,Sa-East-1,False,Fast
368,114,2026-05-10 08:12:31,330.62,200,PUT,1567.344,18.84,28.06,1,No Error,Us-East-1,False,Moderate
369,139,2026-05-13 04:04:47,97.48,201,POST,2706.977,5.97,14.77,1,No Error,Sa-East-1,False,Fast
370,227,2026-05-04 13:47:21,47.45,403,POST,1103.907,8.51,13.47,2,Forbidden: Client lacks required read/write scopes,Ap-Southeast-1,True,Fast
371,1,2026-05-23 23:51:10,91.14,204,DELETE,6.962,11.08,15.37,1,No Error,Ap-Southeast-1,False,Fast
372,141,2026-05-25 06:33:26,190.29,201,GET,4.101,15.49,47.49,1,No Error,Us-West-2,False,Fast
373,60,2026-05-01 03:08:17,213.15,400,PUT,424.593,63.92,63.39,1,No Error,Us-West-2,True,Moderate
374,20,2026-05-11 10:51:05,13.8,429,POST,3809.474,4.96,25.51,1,Rate Limit Exceeded: Threshold of 100 req/sec breached,Us-West-2,True,Fast
375,70,2026-05-18 06:49:21,28.79,404,GET,3.157,10.96,19.44,1,Resource Not Found: Endpoint entity collection does not exist,Us-West-2,True,Fast
376,58,2026-05-17 03:40:08,57.67,400,GET,4.344,10.23,22.27,1,Bad Request: Invalid JSON payload structure,Eu-West-1,True,Fast
377,239,2026-05-01 07:32:38,126.92,200,GET,6.743,11.39,44.14,1,No Error,Ap-Southeast-1,False,Fast
378,206,2026-05-06 10:13:59,238.18,200,POST,1144.964,22.37,41.22,1,No Error,Us-West-2,False,Moderate
379,187,2026-05-25 09:21:21,444.37,201,DELETE,6.675,3.12,46.67,1,No Error,Us-West-2,False,Moderate
380,73,2026-05-12 04:26:04,9541.01,504,PUT,2023.668,98.1,92.2,1,Gateway Timeout: Upstream microservice failed to respond within 15000ms,Us-East-1,True,Slow
381,213,2026-05-05 16:50:44,411.6,204,GET,2.905,8.31,12.21,1,No Error,Eu-West-1,False,Moderate
382,195,2026-05-08 01:56:13,130.1,201,PATCH,3219.104,6.96,45.96,2,No Error,Ap-Southeast-1,False,Fast
383,61,2026-05-19 16:23:00,-1.0,400,PUT,1806.213,165.4,-1.0,1,No Error,Us-West-2,True,Fast
384,145,2026-05-18 04:16:49,82.98,400,GET,1.184,5.01,24.39,2,Bad Request: Invalid JSON payload structure,Ap-Southeast-1,True,Fast
385,187,2026-05-16 02:35:45,339.88,201,DELETE,8.069,1.27,15.77,1,No Error,Us-East-1,False,Moderate
386,49,2026-05-08 02:57:50,439.58,200,POST,2597.003,18.94,47.47,1,No Error,Us-East-1,False,Moderate
387,60,2026-05-06 09:09:14,222.46,201,PUT,900.916,24.91,43.53,1,No Error,Ap-Southeast-1,False,Moderate
388,243,2026-05-17 19:25:41,45.48,500,DELETE,11.038,1.08,10.61,1,    CRITICAL_TELEMETRY_DROP_OUT,Eu-West-1,True,Fast
389,236,2026-05-02 16:59:46,-1.0,200,PATCH,3924.954,-99.0,0.0,1,No Error,Ap-Southeast-1,False,Fast
390,250,2026-05-19 14:27:38,55.22,400,PATCH,1409.629,10.52,29.56,1,Bad Request: Invalid JSON payload structure,Eu-West-1,True,Fast
391,103,2026-05-23 00:51:11,31.3,201,PATCH,3259.448,7.26,38.51,1,No Error,Us-West-2,False,Fast
392,1,2026-05-14 08:05:47,370.12,204,PATCH,3272.956,2.19,13.1,1,No Error,Eu-West-1,False,Moderate
393,184,2026-05-03 23:36:39,197.19,200,POST,3892.189,15.38,30.1,1,No Error,Us-East-1,False,Fast
394,116,2026-05-14 12:19:01,58.48,500,POST,3954.272,1.26,28.77,1,    CRITICAL_TELEMETRY_DROP_OUT,Us-West-2,True,Fast
395,116,2026-05-24 09:13:18,28.78,204,GET,2.796,35.03,37.35,1,No Error,Eu-West-1,False,Fast
396,140,2026-05-16 04:56:07,347.61,200,PATCH,1344.266,16.76,19.35,1,No Error,Eu-West-1,False,Moderate
397,214,2026-05-24 21:31:05,302.77,201,PATCH,3754.362,4.66,41.72,1,No Error,Eu-West-1,False,Moderate
398,103,2026-05-09 11:34:36,99999.99,200,DELETE,8.746,-99.0,-1.0,1,No Error,Ap-Southeast-1,False,Slow
399,29,2026-05-23 09:02:03,65.79,500,PUT,393.595,10.47,18.09,1,    CRITICAL_TELEMETRY_DROP_OUT,Ap-Southeast-1,True,Fast
400,81,2026-05-10 04:51:54,319.97,200,PUT,1633.019,18.95,30.79,1,No Error,Sa-East-1,False,Moderate
401,20,2026-05-25 01:33:06,85.95,200,PUT,2022.246,9.28,37.89,1,No Error,Us-West-2,False,Fast
402,112,2026-05-11 08:40:02,67.58,200,PATCH,2644.474,15.54,24.71,1,No Error,Us-East-1,False,Fast
403,186,2026-05-16 23:04:14,75.68,200,DELETE,6.277,20.9,37.58,1,No Error,Sa-East-1,False,Fast
404,138,2026-05-14 09:23:03,447.94,204,GET,9.835,31.06,51.4,1,No Error,Ap-Southeast-1,False,Moderate
405,95,2026-05-10 23:01:16,162.61,201,DELETE,6.357,15.48,30.74,1,No Error,Us-East-1,False,Fast
406,14,2026-05-21 21:25:30,150.3,204,GET,2.912,8.9,51.55,2,No Error,Ap-Southeast-1,False,Fast
407,121,2026-05-04 17:07:32,118.93,204,DELETE,3.743,22.21,39.87,1,No Error,Sa-East-1,False,Fast
408,90,2026-05-19 11:35:21,318.1,204,PUT,2761.689,14.54,45.45,1,No Error,Ap-Southeast-1,False,Moderate
409,140,2026-05-01 18:43:53,83.43,204,GET,0.819,33.46,51.91,1,No Error,Us-West-2,False,Fast
410,44,2026-05-11 10:57:25,441.65,201,GET,6.839,33.25,26.25,1,No Error,Us-East-1,False,Moderate
411,15,2026-05-25 12:31:34,335.8,204,DELETE,10.648,22.21,22.12,1,No Error,Ap-Southeast-1,False,Moderate
412,107,2026-05-17 06:53:30,65.39,404,PUT,58.067,6.9,18.35,1,Resource Not Found: Endpoint entity collection does not exist,Us-East-1,True,Fast
413,215,2026-05-20 23:01:28,15.29,201,GET,3.882,10.1,22.18,1,No Error,Sa-East-1,False,Fast
414,93,2026-05-06 10:35:15,142.92,200,GET,8.642,3.47,39.05,1,No Error,Sa-East-1,False,Fast
415,174,2026-05-22 17:37:21,10.4,400,DELETE,3.01,6.99,20.14,1,Bad Request: Invalid JSON payload structure,Ap-Southeast-1,True,Fast
416,193,2026-05-24 19:26:31,305.65,204,PUT,2078.913,20.75,16.77,1,No Error,Ap-Southeast-1,False,Moderate
417,237,2026-05-06 06:52:31,19.66,204,DELETE,2.685,35.34,14.56,1,No Error,Us-East-1,False,Fast
418,124,2026-05-04 13:59:52,181.38,200,DELETE,4.097,7.92,43.61,1,No Error,Us-East-1,False,Fast
419,96,2026-05-03 20:05:58,314.39,201,PATCH,3849.315,15.33,37.81,1,No Error,Us-West-2,False,Moderate
420,244,2026-05-16 07:08:43,406.17,200,POST,437.711,31.23,34.2,1,No Error,Us-East-1,False,Moderate
421,93,2026-05-13 09:47:52,105.92,200,PATCH,719.629,22.31,13.7,1,No Error,Us-East-1,False,Fast
422,22,2026-05-15 06:52:27,200.385,500,PUT,3337.082,165.4,29.34,5,CRITICAL_TELEMETRY_DROP_OUT,Us-East-1,True,Moderate
423,104,2026-05-01 06:16:21,41.81,403,PATCH,3516.769,6.52,16.88,1,Forbidden: Client lacks required read/write scopes,Eu-West-1,True,Fast
424,79,2026-05-08 02:32:24,84.37,500,POST,1565.218,7.34,22.94,1,    CRITICAL_TELEMETRY_DROP_OUT,Eu-West-1,True,Fast
425,63,2026-05-13 05:33:26,134.94,200,PUT,3384.841,29.68,25.95,2,No Error,Sa-East-1,False,Fast
426,23,2026-08-05 04:14:08,406.4,400,POST,936.838,23.04,52.49,1,No Error,Sa-East-1,True,Moderate
427,72,2026-05-15 02:26:23,166.56,201,PATCH,1098.61,13.27,18.54,1,No Error,Eu-West-1,False,Fast
428,233,2026-05-03 10:28:22,5.85,404,PUT,3768.986,6.69,20.29,1,Resource Not Found: Endpoint entity collection does not exist,Us-East-1,True,Fast
429,69,2026-05-14 04:28:18,346.18,201,GET,11.194,10.14,14.69,1,No Error,Us-East-1,False,Moderate
430,189,2026-05-22 05:53:26,289.01,200,PUT,3654.837,19.66,30.59,2,No Error,Sa-East-1,False,Moderate
431,14,2026-05-23 13:11:46,14.22,401,PUT,1525.01,4.22,21.63,1,Unauthorized: Signature mismatch or expired bearer token,Sa-East-1,True,Fast
432,206,2026-05-25 21:40:02,-1.0,200,POST,3079.751,165.4,29.34,1,No Error,Sa-East-1,False,Fast
433,79,2026-05-16 20:17:56,356.4,204,GET,10.011,7.68,14.72,1,No Error,Sa-East-1,False,Moderate
434,159,2026-05-15 22:19:23,68.76,200,DELETE,0.128,3.68,18.54,2,No Error,Sa-East-1,False,Fast
435,129,2026-05-08 18:42:51,386.71,204,POST,873.13,37.7,47.07,1,No Error,Us-East-1,False,Moderate
436,155,2026-05-14 03:23:58,45.3,404,PUT,1771.045,10.88,25.01,1,Resource Not Found: Endpoint entity collection does not exist,Ap-Southeast-1,True,Fast
437,25,2026-05-17 02:05:09,68.5,201,GET,2.928,8.34,50.73,2,No Error,Eu-West-1,False,Fast
438,169,2026-05-25 13:00:05,166.83,204,GET,6.424,38.13,13.19,1,No Error,Us-West-2,False,Fast
439,176,2026-05-10 13:42:40,71.96,429,PUT,233.567,10.43,15.35,1,Rate Limit Exceeded: Threshold of 100 req/sec breached,Us-West-2,True,Fast
440,168,2026-05-20 07:52:26,13.67,200,GET,11.941,5.79,23.04,1,No Error,Sa-East-1,False,Fast
441,149,2026-05-09 13:00:02,50.92,200,DELETE,0.345,11.04,39.33,2,No Error,Us-West-2,False,Fast
442,187,2026-05-03 14:07:22,13.08,204,POST,1171.555,36.09,34.81,1,No Error,Us-East-1,False,Fast
443,20,2026-05-17 15:19:44,37.41,204,GET,7.525,24.72,50.56,1,No Error,Us-West-2,False,Fast
444,30,2026-05-25 01:10:29,230.01,200,PATCH,3258.876,20.42,34.27,1,No Error,Eu-West-1,False,Moderate
445,146,2026-05-08 08:01:42,316.58,204,PUT,4046.227,25.36,20.84,1,No Error,Us-West-2,False,Moderate
446,30,2026-05-08 15:45:21,40.03,429,PUT,3514.738,11.95,14.74,1,Rate Limit Exceeded: Threshold of 100 req/sec breached,Us-East-1,True,Fast
447,240,2026-05-10 17:00:01,153.86,200,POST,2802.103,26.61,52.29,1,No Error,Us-West-2,False,Fast
448,228,2026-05-24 03:47:27,444.31,200,DELETE,0.317,15.07,16.4,2,No Error,Ap-Southeast-1,False,Moderate
449,140,2026-05-16 08:24:31,74.87,400,GET,2.267,4.63,17.28,5,No Error,Us-East-1,True,Fast
450,157,2026-05-04 11:22:43,261.39,200,PATCH,2592.065,37.15,36.41,1,No Error,Us-West-2,False,Moderate
451,8,2026-05-19 15:16:52,196.45,204,DELETE,5.888,11.92,21.76,1,No Error,Ap-Southeast-1,False,Fast
452,96,2026-05-16 17:32:13,113.81,204,PUT,20.637,3.89,37.64,1,No Error,Sa-East-1,False,Fast
453,131,2026-05-03 11:14:26,438.24,204,POST,1789.885,35.62,12.11,1,No Error,Us-East-1,False,Moderate
454,216,2026-05-08 09:59:06,82.9,201,PUT,2724.953,5.93,41.43,1,No Error,Sa-East-1,False,Fast
455,233,2026-05-03 11:18:46,414.08,200,PATCH,871.486,22.92,46.85,1,No Error,Sa-East-1,False,Moderate
456,24,2026-05-19 12:24:23,39.01,204,DELETE,7.554,5.23,31.41,1,No Error,Us-West-2,False,Fast
457,80,2026-05-17 04:42:37,6.19,401,PUT,2793.743,2.03,9.27,5,Unauthorized: Signature mismatch or expired bearer token,Eu-West-1,True,Fast
458,73,2026-05-18 15:12:16,21.53,200,GET,6.406,19.01,29.25,1,No Error,Us-East-1,False,Fast
459,129,2026-05-18 03:30:35,23.59,400,PATCH,2807.971,3.2,28.6,1,No Error,Ap-Southeast-1,True,Fast
460,11,2026-05-10 12:33:45,274.35,200,DELETE,11.255,13.8,40.21,1,No Error,Sa-East-1,False,Moderate
461,50,2026-05-17 12:37:48,411.92,201,PATCH,947.12,2.45,29.23,1,No Error,Sa-East-1,False,Moderate
462,246,2026-05-19 19:19:33,165.2,201,DELETE,0.743,29.19,32.19,1,No Error,Eu-West-1,False,Fast
463,207,2026-05-18 05:03:52,27.22,204,GET,3.828,3.34,23.8,1,No Error,Us-West-2,False,Fast
464,74,2026-05-13 12:20:46,404.51,200,POST,3506.552,24.2,27.71,1,No Error,Sa-East-1,False,Moderate
465,23,2026-05-01 03:08:17,332.45,500,PUT,145.137,39.12,64.62,1,CRITICAL_TELEMETRY_DROP_OUT,Eu-West-1,True,Moderate
466,35,2026-05-02 04:19:59,391.49,200,PATCH,17.839,29.88,30.16,1,No Error,Sa-East-1,False,Moderate
467,140,2026-05-20 01:10:59,38.58,200,DELETE,3.013,8.25,28.46,1,No Error,Eu-West-1,False,Fast
468,75,2026-05-21 08:43:03,204.68,201,GET,1.554,28.23,37.65,1,No Error,Us-East-1,False,Moderate
469,38,2026-05-16 23:40:34,197.0,201,GET,10.276,16.02,12.04,1,No Error,Us-East-1,False,Fast
470,245,2026-05-21 07:06:56,206.35,201,POST,1354.276,34.05,16.74,12,No Error,Us-West-2,False,Moderate
471,221,2026-05-03 21:45:46,166.87,204,DELETE,10.077,17.01,33.08,1,No Error,Sa-East-1,False,Fast
472,31,2026-05-01 03:08:17,88.02,500,POST,2439.865,40.89,60.58,2,CRITICAL_TELEMETRY_DROP_OUT,Us-West-2,True,Fast
473,238,2026-05-13 05:50:21,34.03,200,PATCH,1131.626,37.21,29.76,1,No Error,Sa-East-1,False,Fast
474,86,2026-05-08 21:13:00,340.14,204,POST,1158.363,11.13,34.56,1,No Error,Us-East-1,False,Moderate
475,60,2026-05-20 09:33:45,79.95,200,GET,1.175,10.32,14.45,1,No Error,Sa-East-1,False,Fast
476,178,2026-05-09 03:08:41,405.13,201,PUT,505.277,21.24,31.45,1,No Error,Us-East-1,False,Moderate
477,111,2026-05-24 06:45:43,53.92,429,GET,11.287,9.27,18.82,2,Rate Limit Exceeded: Threshold of 100 req/sec breached,Us-West-2,True,Fast
478,140,2026-05-04 02:42:54,96.58,200,POST,1255.044,33.58,32.08,1,No Error,Us-East-1,False,Fast
479,83,2026-05-13 22:26:47,54.79,200,POST,163.345,14.09,43.74,1,No Error,Us-West-2,False,Fast
480,30,2026-05-01 09:46:52,273.46,200,DELETE,5.909,24.58,23.13,2,No Error,Eu-West-1,False,Moderate
481,46,2026-05-25 02:57:58,371.15,201,DELETE,8.397,28.69,50.63,1,No Error,Sa-East-1,False,Moderate
482,45,2026-05-08 18:57:52,8539.99,503,GET,5.905,97.42,95.34,1,Service Unavailable: Downstream database connection pool timeout,Ap-Southeast-1,True,Slow
483,216,2026-05-25 01:54:53,174.03,204,PUT,751.079,29.76,25.73,1,No Error,Us-West-2,False,Fast
484,9,2026-05-13 22:49:55,61.85,201,PUT,1792.499,26.71,47.72,1,No Error,Us-West-2,False,Fast
485,97,2026-05-24 14:40:52,118.87,204,DELETE,0.838,4.59,20.68,1,No Error,Us-West-2,False,Fast
486,10,2026-05-22 18:29:10,179.34,201,DELETE,10.103,2.75,29.45,1,No Error,Sa-East-1,False,Fast
487,245,2026-05-09 23:13:43,441.58,201,DELETE,6.087,28.16,15.05,1,No Error,Sa-East-1,False,Moderate
488,32,2026-05-10 07:11:34,44.01,200,GET,9.359,14.96,51.09,1,No Error,Ap-Southeast-1,False,Fast
489,231,2026-05-08 11:23:29,59.67,201,GET,3.964,13.62,16.13,1,No Error,Ap-Southeast-1,False,Fast
490,125,2026-05-22 21:22:45,147.69,204,PATCH,1356.529,17.3,18.84,1,No Error,Us-West-2,False,Fast
491,118,2026-05-07 08:35:41,147.86,200,GET,12.149,20.19,13.48,1,No Error,Ap-Southeast-1,False,Fast
492,153,2026-05-09 14:20:05,444.84,201,POST,3390.352,34.73,31.18,1,No Error,Us-West-2,False,Moderate
493,42,2026-05-12 08:52:44,351.7,204,POST,956.478,5.5,14.64,1,No Error,Us-West-2,False,Moderate
494,37,2026-05-07 00:26:24,-1.0,500,GET,8.394,-99.0,29.34,1,CRITICAL_TELEMETRY_DROP_OUT,Us-East-1,True,Fast
495,176,2026-05-19 10:54:10,60.91,400,GET,9.804,10.75,21.4,2,Bad Request: Invalid JSON payload structure,Us-East-1,True,Fast
496,6,2026-05-21 02:48:51,336.55,201,DELETE,3.414,26.34,18.87,1,No Error,Eu-West-1,False,Moderate
497,217,2026-05-04 21:46:48,39.34,400,GET,0.522,7.24,29.36,1,Bad Request: Invalid JSON payload structure,Ap-Southeast-1,True,Fast
498,16,2026-05-19 06:39:09,200.385,400,PATCH,3236.141,-99.0,-1.0,1,No Error,Sa-East-1,True,Moderate
499,18,2026-05-02 05:16:21,20.59,404,PATCH,3768.561,9.73,26.62,2,Resource Not Found: Endpoint entity collection does not exist,Us-West-2,True,Fast
500,141,2026-05-20 12:53:22,20.98,401,PUT,1709.694,3.1,8.74,1,Unauthorized: Signature mismatch or expired bearer token,Us-East-1,True,Fast
501,63,2026-05-25 15:55:22,57.55,401,POST,3551.645,10.36,24.42,1,Unauthorized: Signature mismatch or expired bearer token,Ap-Southeast-1,True,Fast
502,193,2026-05-17 00:47:14,119.65,204,POST,984.547,7.06,19.45,1,No Error,Sa-East-1,False,Fast
503,14,2026-05-14 00:43:04,254.93,200,PUT,359.19,23.26,34.72,1,No Error,Us-East-1,False,Moderate
504,2,2026-05-24 19:21:56,76.86,500,POST,501.346,4.68,10.06,1,    CRITICAL_TELEMETRY_DROP_OUT,Us-West-2,True,Fast
505,130,2026-05-23 23:50:00,380.64,200,PATCH,3142.313,20.14,39.8,1,No Error,Sa-East-1,False,Moderate
506,56,2026-05-16 11:42:22,67.16,403,DELETE,11.257,10.65,13.14,1,Forbidden: Client lacks required read/write scopes,Sa-East-1,True,Fast
507,120,2026-05-24 08:51:33,6911.44,500,PUT,1518.03,96.8,95.12,1,Internal Server Error: NullPointerException in controller execution layer,Us-East-1,True,Slow
508,57,2026-05-04 15:07:58,14.3,403,POST,3246.17,0.4,14.21,1,Forbidden: Client lacks required read/write scopes,Us-East-1,True,Fast
509,235,2026-05-24 11:47:16,424.74,204,GET,10.249,29.04,19.23,1,No Error,Ap-Southeast-1,False,Moderate
510,210,2026-05-07 00:37:14,80.73,429,POST,837.358,8.15,26.91,1,Rate Limit Exceeded: Threshold of 100 req/sec breached,Sa-East-1,True,Fast
511,217,2026-05-24 05:23:24,274.38,204,DELETE,1.904,21.79,35.47,1,No Error,Ap-Southeast-1,False,Moderate
512,11,2026-05-23 00:02:42,125.15,201,GET,9.563,28.76,28.96,1,No Error,Us-West-2,False,Fast
513,111,2026-05-16 13:19:21,60.22,204,DELETE,11.424,21.36,38.21,1,No Error,Us-East-1,False,Fast
514,78,2026-05-08 10:55:58,168.26,201,PUT,823.579,22.43,42.48,2,No Error,Us-East-1,False,Fast
515,33,2026-05-22 23:02:23,425.77,201,PUT,775.83,1.08,32.97,1,No Error,Us-West-2,False,Moderate
516,118,2026-05-24 20:07:40,70.8,200,PATCH,2760.631,36.8,24.93,5,No Error,Sa-East-1,False,Fast
517,197,2026-05-21 22:54:14,24.96,400,GET,1.709,1.38,10.29,1,Bad Request: Invalid JSON payload structure,Ap-Southeast-1,True,Fast
518,192,2026-05-11 16:00:41,384.3,200,GET,8.201,37.09,16.86,1,No Error,Us-West-2,False,Moderate
519,87,2026-05-08 10:46:13,407.34,204,PUT,1966.333,16.65,40.85,1,No Error,Us-West-2,False,Moderate
520,184,2026-05-12 00:18:11,153.5,200,POST,1223.728,18.85,46.12,1,No Error,Us-East-1,False,Fast
521,167,2026-05-21 23:57:45,344.21,200,PUT,3259.213,5.58,50.06,2,No Error,Us-West-2,False,Moderate
522,97,2026-05-01 05:51:45,48.44,429,DELETE,10.517,5.56,22.6,1,Rate Limit Exceeded: Threshold of 100 req/sec breached,Ap-Southeast-1,True,Fast
523,2,2026-05-09 10:55:35,421.32,200,PATCH,1453.646,14.39,16.29,2,No Error,Us-West-2,False,Moderate
524,153,2026-05-20 09:04:06,11002.59,500,POST,2247.228,99.14,96.07,1,Internal Server Error: NullPointerException in controller execution layer,Us-East-1,True,Slow
525,242,2026-05-14 17:10:08,262.79,200,POST,3285.215,30.23,49.99,2,No Error,Eu-West-1,False,Moderate
526,157,2026-05-10 13:51:03,256.67,200,PUT,1596.273,35.49,23.55,1,No Error,Ap-Southeast-1,False,Moderate
527,21,2026-05-20 13:18:17,247.36,200,POST,1650.215,1.5,26.1,1,No Error,Sa-East-1,False,Moderate
528,82,2026-05-16 12:30:03,427.55,200,PATCH,3480.904,7.99,49.19,1,No Error,Us-East-1,False,Moderate
529,45,2026-05-06 18:56:07,41.16,404,DELETE,1.521,7.89,23.93,1,Resource Not Found: Endpoint entity collection does not exist,Us-East-1,True,Fast
530,237,2026-05-01 10:35:03,433.81,201,POST,3539.385,3.75,25.6,2,No Error,Us-West-2,False,Moderate
531,32,2026-05-06 15:22:31,183.71,204,GET,9.294,1.3,25.48,1,No Error,Sa-East-1,False,Fast
532,91,2026-05-22 02:16:24,87.82,400,DELETE,6.651,46.78,65.07,2,No Error,Sa-East-1,True,Fast
533,139,2026-05-23 09:31:14,356.34,200,DELETE,4.396,3.31,18.48,1,No Error,Us-West-2,False,Moderate
534,159,2026-05-21 06:51:42,201.65,200,DELETE,6.239,10.94,26.87,1,No Error,Us-East-1,False,Moderate
535,142,2026-05-11 13:59:58,25789.92,504,PATCH,3447.237,91.88,88.75,2,Gateway Timeout: Upstream microservice failed to respond within 15000ms,Us-East-1,True,Slow
536,37,2026-05-01 02:32:43,359.58,201,DELETE,0.178,12.16,15.16,2,No Error,Sa-East-1,False,Moderate
537,33,2026-05-11 02:49:50,10069.45,503,PUT,40.828,92.29,90.47,2,Service Unavailable: Downstream database connection pool timeout,Us-East-1,True,Slow
538,201,2026-05-03 05:46:35,411.73,200,GET,3.386,18.24,50.0,1,No Error,Us-East-1,False,Moderate
539,41,2026-05-22 04:05:38,99.68,204,DELETE,12.362,11.14,33.93,1,No Error,Us-West-2,False,Fast
540,92,2026-05-24 00:50:48,182.27,200,POST,453.58,27.15,15.04,2,No Error,Eu-West-1,False,Fast
541,47,2026-05-25 23:15:55,159.29,204,PATCH,1784.492,27.52,22.05,1,No Error,Sa-East-1,False,Fast
542,242,2026-05-15 14:41:27,245.65,201,PUT,3287.46,16.54,47.08,1,No Error,Sa-East-1,False,Moderate
543,155,2026-05-21 01:58:02,99999.99,500,GET,6.165,17.42,29.34,1,CRITICAL_TELEMETRY_DROP_OUT,Ap-Southeast-1,True,Slow
544,42,2026-05-07 21:01:42,181.81,200,PATCH,3290.615,8.67,16.04,1,No Error,Sa-East-1,False,Fast
545,152,2026-05-18 07:28:56,64.79,429,DELETE,10.983,10.36,15.74,1,Rate Limit Exceeded: Threshold of 100 req/sec breached,Eu-West-1,True,Fast
546,88,2026-05-25 11:27:25,201.04,200,GET,9.855,8.54,25.41,1,No Error,Us-West-2,False,Moderate
547,68,2026-05-04 11:18:46,418.58,200,GET,11.706,29.82,40.24,1,No Error,Sa-East-1,False,Moderate
548,61,2026-05-04 09:50:26,384.39,200,PUT,29.043,12.2,36.04,1,No Error,Us-East-1,False,Moderate
549,173,2026-05-16 17:22:46,297.02,200,GET,1.241,9.99,26.06,1,No Error,Us-West-2,False,Moderate
550,142,2026-05-07 07:46:35,400.88,200,PUT,1195.56,16.91,17.42,1,No Error,Eu-West-1,False,Moderate
551,201,2026-05-11 17:21:48,62.42,429,PATCH,2146.638,4.4,11.46,1,Rate Limit Exceeded: Threshold of 100 req/sec breached,Us-West-2,True,Fast
552,113,2026-05-04 05:03:11,255.28,200,POST,3399.216,5.62,15.35,2,No Error,Sa-East-1,False,Moderate
553,28,2026-05-14 12:05:51,27533.63,503,PUT,260.667,90.55,88.23,5,Service Unavailable: Downstream database connection pool timeout,Ap-Southeast-1,True,Slow
554,83,2026-05-19 14:47:56,25.16,429,POST,1320.343,8.17,20.06,1,Rate Limit Exceeded: Threshold of 100 req/sec breached,Eu-West-1,True,Fast
555,31,2026-05-11 14:12:56,266.85,200,PUT,104.384,4.88,34.53,1,No Error,Sa-East-1,False,Moderate
556,84,2026-05-09 09:17:00,-1.0,500,POST,3687.504,17.42,-1.0,1,CRITICAL_TELEMETRY_DROP_OUT,Us-West-2,True,Fast
557,47,2026-05-23 22:23:48,114.42,200,PATCH,98.294,4.14,44.54,1,No Error,Us-West-2,False,Fast
558,158,2026-05-02 06:38:30,189.23,204,DELETE,11.692,10.62,19.17,1,No Error,Sa-East-1,False,Fast
559,34,2026-05-14 03:23:30,270.76,200,PUT,3237.982,6.93,33.72,1,No Error,Ap-Southeast-1,False,Moderate
560,142,2026-05-13 14:23:57,20229.84,500,PUT,3331.342,97.05,96.83,1,Internal Server Error: NullPointerException in controller execution layer,Ap-Southeast-1,True,Slow
561,165,2026-05-20 00:31:15,13.45,429,DELETE,7.873,4.67,15.31,1,Rate Limit Exceeded: Threshold of 100 req/sec breached,Us-West-2,True,Fast
562,147,2026-05-05 18:44:16,66.25,400,PATCH,2511.153,8.08,24.62,1,Bad Request: Invalid JSON payload structure,Us-East-1,True,Fast
563,208,2026-05-09 19:27:40,124.07,200,POST,3832.789,7.21,14.17,1,No Error,Us-West-2,False,Fast
564,216,2026-05-08 21:33:48,134.89,200,PUT,1218.838,21.46,37.22,5,No Error,Sa-East-1,False,Fast
565,62,2026-05-19 06:17:17,393.51,200,PUT,1792.884,26.0,35.45,1,No Error,Sa-East-1,False,Moderate
566,249,2026-05-20 07:24:31,410.8,200,DELETE,8.628,1.42,25.64,5,No Error,Sa-East-1,False,Moderate
567,12,2026-05-24 04:54:01,217.29,200,PATCH,1944.144,36.14,40.28,2,No Error,Eu-West-1,False,Moderate
568,245,2026-05-06 09:43:22,195.33,200,DELETE,7.443,18.81,32.45,1,No Error,Eu-West-1,False,Fast
569,10,2026-05-20 07:33:03,128.09,201,DELETE,4.887,10.42,40.72,1,No Error,Ap-Southeast-1,False,Fast
570,82,2026-05-08 04:32:36,92.01,200,POST,4066.589,21.41,46.35,2,No Error,Ap-Southeast-1,False,Fast
571,218,2026-05-23 15:40:01,24886.22,500,POST,1809.414,97.76,98.91,1,Internal Server Error: NullPointerException in controller execution layer,Ap-Southeast-1,True,Slow
572,28,2026-05-11 16:21:48,6310.38,503,PATCH,935.162,90.28,88.97,1,Service Unavailable: Downstream database connection pool timeout,Ap-Southeast-1,True,Slow
573,245,2026-05-01 03:08:17,577.98,200,PATCH,503.278,49.43,60.52,2,No Error,Eu-West-1,False,Slow
574,129,2026-05-18 10:01:53,337.33,201,DELETE,1.126,27.71,33.88,1,No Error,Ap-Southeast-1,False,Moderate
575,18,2026-05-02 09:48:41,291.84,200,PUT,1200.457,20.43,24.1,2,No Error,Us-East-1,False,Moderate
576,48,2026-05-20 20:11:14,93.02,400,GET,11.519,7.69,17.15,1,Bad Request: Invalid JSON payload structure,Us-West-2,True,Fast
577,93,2026-05-05 18:46:30,318.18,204,PUT,49.24,8.48,52.18,1,No Error,Us-East-1,False,Moderate
578,63,2026-05-13 15:12:20,18.05,204,DELETE,1.582,33.78,18.54,1,No Error,Ap-Southeast-1,False,Fast
579,119,2026-05-09 17:52:13,279.33,201,POST,673.1,32.59,21.66,1,No Error,Eu-West-1,False,Moderate
580,165,2026-05-15 15:43:46,411.15,200,PATCH,3027.429,25.93,38.07,1,No Error,Eu-West-1,False,Moderate
581,196,2026-05-14 22:53:41,447.01,204,POST,1404.685,20.09,24.9,1,No Error,Eu-West-1,False,Moderate
582,157,2026-05-09 17:24:04,358.12,204,POST,1557.301,32.72,43.68,1,No Error,Ap-Southeast-1,False,Moderate
583,149,2026-05-20 18:37:43,296.9,201,PATCH,239.757,35.63,35.83,1,No Error,Sa-East-1,False,Moderate
584,70,2026-05-18 12:20:29,169.51,201,DELETE,9.708,7.72,30.71,1,No Error,Us-East-1,False,Fast
585,236,2026-05-04 23:25:52,161.22,201,POST,1297.117,25.3,32.65,1,No Error,Sa-East-1,False,Fast
586,207,2026-05-23 08:33:51,169.76,204,PUT,2147.504,26.65,47.34,1,No Error,Us-West-2,False,Fast
587,142,2026-05-11 04:25:16,238.75,200,PUT,3493.429,37.07,23.91,1,No Error,Sa-East-1,False,Moderate
588,161,2026-05-19 16:25:02,184.09,200,PUT,3169.008,22.62,44.36,1,No Error,Eu-West-1,False,Fast
589,120,2026-05-05 12:55:56,57.77,201,GET,6.95,4.13,35.28,1,No Error,Eu-West-1,False,Fast
590,22,2026-05-07 10:39:50,267.44,200,DELETE,7.992,33.11,25.02,1,No Error,Us-East-1,False,Moderate
591,113,2026-05-08 11:36:33,68.82,404,PATCH,1188.59,11.5,19.34,1,Resource Not Found: Endpoint entity collection does not exist,Eu-West-1,True,Fast
592,82,2026-05-09 07:19:45,80.47,429,DELETE,8.162,10.02,28.25,1,Rate Limit Exceeded: Threshold of 100 req/sec breached,Us-West-2,True,Fast
593,162,2026-05-20 05:05:09,287.89,204,GET,8.136,22.22,32.0,1,No Error,Us-East-1,False,Moderate
594,27,2026-05-14 19:13:38,298.13,200,POST,829.485,27.4,22.14,1,No Error,Us-West-2,False,Moderate
595,169,2026-05-01 03:08:17,579.44,200,PATCH,1348.091,59.77,56.7,1,No Error,Ap-Southeast-1,False,Slow
596,107,2026-05-06 08:56:01,434.62,201,POST,1526.168,2.16,33.38,1,No Error,Ap-Southeast-1,False,Moderate
597,11,2026-05-18 07:15:44,13.27,200,POST,3821.22,27.65,16.59,1,No Error,Sa-East-1,False,Fast
598,96,2026-05-03 08:30:56,274.1,204,PATCH,356.655,33.47,36.37,1,No Error,Sa-East-1,False,Moderate
599,233,2026-05-04 13:27:14,363.51,204,PUT,3080.964,38.49,20.11,1,No Error,Ap-Southeast-1,False,Moderate
600,43,2026-05-04 10:39:19,229.36,201,PUT,2629.874,33.12,36.84,1,No Error,Sa-East-1,False,Moderate
601,230,2026-05-16 19:16:04,5413.36,504,DELETE,3.526,91.51,88.47,2,Gateway Timeout: Upstream microservice failed to respond within 15000ms,Eu-West-1,True,Slow
602,160,2026-05-12 04:03:07,20.94,429,GET,11.762,5.63,11.83,1,Rate Limit Exceeded: Threshold of 100 req/sec breached,Ap-Southeast-1,True,Fast
603,124,2026-05-21 22:50:50,94.54,403,PUT,2143.553,11.55,25.27,1,Forbidden: Client lacks required read/write scopes,Ap-Southeast-1,True,Fast
604,98,2026-05-13 13:33:44,71.99,403,POST,4.519,9.0,26.09,1,Forbidden: Client lacks required read/write scopes,Us-East-1,True,Fast
605,157,2026-05-07 19:02:35,375.97,200,GET,12.156,30.04,33.84,1,No Error,Us-West-2,False,Moderate
606,86,2026-05-20 18:57:13,78.03,401,DELETE,6.122,10.37,23.78,2,Unauthorized: Signature mismatch or expired bearer token,Eu-West-1,True,Fast
607,244,2026-05-24 06:55:29,154.83,200,DELETE,6.447,8.84,35.45,1,No Error,Ap-Southeast-1,False,Fast
608,99,2026-05-16 16:16:49,439.94,200,PUT,1002.004,29.06,15.25,2,No Error,Us-East-1,False,Moderate
609,182,2026-05-16 13:26:40,56.96,401,POST,1373.954,8.83,17.26,1,Unauthorized: Signature mismatch or expired bearer token,Sa-East-1,True,Fast
610,205,2026-05-13 17:00:03,193.53,201,POST,285.75,12.76,25.55,1,No Error,Ap-Southeast-1,False,Fast
611,172,2026-05-16 20:09:54,213.78,204,DELETE,12.402,25.47,44.51,1,No Error,Ap-Southeast-1,False,Moderate
612,161,2026-05-13 17:42:54,531.5,400,GET,3.076,23.28,46.41,1,No Error,Ap-Southeast-1,True,Slow
613,20,2026-05-05 19:43:01,56.45,200,GET,2.473,37.38,15.46,1,No Error,Eu-West-1,False,Fast
614,146,2026-05-15 06:11:15,91.35,200,POST,3070.35,27.52,29.46,1,No Error,Sa-East-1,False,Fast
615,10,2026-05-04 16:50:45,42.72,400,PATCH,3818.536,8.52,22.17,2,No Error,Eu-West-1,True,Fast
616,134,2026-05-10 03:35:03,139.05,201,DELETE,2.9,22.86,27.82,1,No Error,Us-East-1,False,Fast
617,188,2026-05-16 04:22:06,93.71,200,GET,8.292,22.01,15.98,1,No Error,Ap-Southeast-1,False,Fast
618,106,2026-05-01 03:08:17,383.0,500,PUT,1340.217,35.03,54.94,1,CRITICAL_TELEMETRY_DROP_OUT,Us-West-2,True,Moderate
619,10,2026-05-23 11:20:03,274.8,204,DELETE,4.184,18.15,19.38,1,No Error,Ap-Southeast-1,False,Moderate
620,62,2026-05-11 01:01:46,374.97,201,PATCH,2444.184,17.46,14.94,1,No Error,Sa-East-1,False,Moderate
621,48,2026-05-20 17:39:44,345.1,200,POST,221.048,29.04,43.08,1,No Error,Us-West-2,False,Moderate
622,175,2026-05-10 20:05:06,260.78,201,PUT,954.725,11.7,22.88,2,No Error,Eu-West-1,False,Moderate
623,140,2026-05-25 15:46:51,226.46,200,GET,12.164,33.21,33.18,1,No Error,Us-East-1,False,Moderate
624,83,2026-05-08 16:22:08,62.78,429,PATCH,2898.776,6.34,14.42,1,Rate Limit Exceeded: Threshold of 100 req/sec breached,Us-West-2,True,Fast
625,83,2026-05-21 03:10:35,81.49,200,PUT,70.783,1.35,16.27,1,No Error,Sa-East-1,False,Fast
626,249,2026-05-02 20:24:37,200.385,400,PUT,4042.283,165.4,29.34,1,No Error,Us-East-1,True,Moderate
627,191,2026-05-15 17:01:46,20951.72,503,PUT,1643.164,95.85,88.53,1,Service Unavailable: Downstream database connection pool timeout,Us-East-1,True,Slow
628,231,2026-05-03 05:39:15,70.98,400,POST,2297.059,5.5,9.54,1,No Error,Ap-Southeast-1,True,Fast
629,216,2026-05-10 15:33:55,24573.57,504,PUT,540.928,90.4,96.58,1,Gateway Timeout: Upstream microservice failed to respond within 15000ms,Sa-East-1,True,Slow
630,53,2026-05-16 07:36:21,118.91,200,POST,646.034,19.18,32.43,1,No Error,Eu-West-1,False,Fast
631,83,2026-05-12 07:27:32,212.37,200,POST,1653.371,6.8,31.08,1,No Error,Sa-East-1,False,Moderate
632,191,2026-05-21 14:46:20,341.6,204,PUT,674.73,35.39,46.04,1,No Error,Us-East-1,False,Moderate
633,51,2026-05-17 17:54:19,198.2,201,PATCH,919.503,23.9,19.89,1,No Error,Us-West-2,False,Fast
634,10,2026-05-21 15:49:59,29330.48,503,PUT,1498.401,98.86,94.18,1,Service Unavailable: Downstream database connection pool timeout,Ap-Southeast-1,True,Slow
635,205,2026-05-01 03:08:17,557.86,200,POST,741.356,18.86,74.75,1,No Error,Sa-East-1,False,Slow
636,57,2026-05-21 02:24:15,382.65,200,POST,914.194,21.56,49.39,1,No Error,Ap-Southeast-1,False,Moderate
637,204,2026-05-01 00:19:31,128.97,204,PUT,125.697,29.53,25.3,1,No Error,Ap-Southeast-1,False,Fast
638,226,2026-05-01 03:00:35,60.65,401,POST,1064.861,9.38,29.54,2,Unauthorized: Signature mismatch or expired bearer token,Sa-East-1,True,Fast
639,99,2026-05-08 01:43:20,141.5,201,PUT,2863.81,14.1,14.38,1,No Error,Sa-East-1,False,Fast
640,16,2026-05-04 16:31:15,368.97,200,PATCH,898.239,8.24,50.3,1,No Error,Sa-East-1,False,Moderate
641,241,2026-05-03 03:36:43,290.27,200,POST,1814.21,4.81,36.0,2,No Error,Eu-West-1,False,Moderate
642,148,2026-05-25 10:36:59,443.18,204,PATCH,1943.925,35.48,32.34,1,No Error,Sa-East-1,False,Moderate
643,60,2026-05-02 08:30:40,423.91,200,PATCH,23.125,10.43,29.81,2,No Error,Us-East-1,False,Moderate
644,227,2026-05-18 12:09:13,99999.99,400,DELETE,6.806,-99.0,0.0,2,No Error,Us-East-1,True,Slow
645,46,2026-05-02 22:18:10,312.23,204,PATCH,1753.84,11.64,49.87,1,No Error,Us-West-2,False,Moderate
646,241,2026-05-18 02:34:38,347.53,200,GET,6.75,6.54,36.68,1,No Error,Sa-East-1,False,Moderate
647,48,2026-05-21 03:10:48,334.25,201,DELETE,7.609,8.59,15.84,1,No Error,Us-East-1,False,Moderate
648,207,2026-05-03 21:21:44,24856.51,500,DELETE,11.56,99.1,89.3,1,Internal Server Error: NullPointerException in controller execution layer,Eu-West-1,True,Slow
649,112,2026-05-01 21:14:26,396.02,200,POST,907.06,34.8,34.01,1,No Error,Eu-West-1,False,Moderate
650,154,2026-05-20 09:25:54,86.01,201,PUT,2335.763,11.84,46.52,2,No Error,Ap-Southeast-1,False,Fast
651,24,2026-05-21 15:56:25,369.71,204,DELETE,9.502,26.12,31.98,1,No Error,Eu-West-1,False,Moderate
652,249,2026-05-09 12:37:56,72.16,200,PUT,3833.299,38.08,23.22,1,No Error,Eu-West-1,False,Fast
653,1,2026-05-13 03:45:28,307.4,204,DELETE,3.703,20.2,44.67,1,No Error,Sa-East-1,False,Moderate
654,244,2026-02-05 09:26:32,475.79,200,PATCH,757.591,29.1,64.22,1,No Error,Ap-Southeast-1,False,Moderate
655,97,2026-05-21 08:05:29,138.14,201,PUT,2919.057,1.25,32.11,1,No Error,Sa-East-1,False,Fast
656,151,2026-07-05 20:07:19,478.33,400,GET,10.245,23.7,70.44,2,No Error,Us-West-2,True,Moderate
657,250,2026-05-02 05:26:51,113.3,201,PUT,3159.274,16.9,40.05,1,No Error,Sa-East-1,False,Fast
658,212,2026-05-16 04:09:05,200.385,500,DELETE,11.72,17.42,-1.0,1,CRITICAL_TELEMETRY_DROP_OUT,Sa-East-1,True,Moderate
659,104,2026-05-11 00:52:55,9346.03,503,PUT,563.658,90.4,96.86,1,Service Unavailable: Downstream database connection pool timeout,Sa-East-1,True,Slow
660,245,2026-05-22 18:16:52,25.23,500,PUT,3554.424,2.49,24.35,1,    CRITICAL_TELEMETRY_DROP_OUT,Eu-West-1,True,Fast
661,63,2026-05-16 04:26:47,43.92,200,PATCH,3512.646,9.66,42.79,1,No Error,Eu-West-1,False,Fast
662,36,2026-05-13 08:19:55,79.86,429,POST,1195.368,4.82,19.41,1,Rate Limit Exceeded: Threshold of 100 req/sec breached,Ap-Southeast-1,True,Fast
663,13,2026-05-16 04:40:59,49.0,401,POST,481.34,10.72,25.99,1,Unauthorized: Signature mismatch or expired bearer token,Sa-East-1,True,Fast
664,183,2026-05-14 05:28:48,370.26,200,PATCH,1257.146,33.4,28.32,1,No Error,Ap-Southeast-1,False,Moderate
665,91,2026-05-20 20:21:46,211.76,201,GET,3.146,3.92,34.36,1,No Error,Ap-Southeast-1,False,Moderate
666,69,2026-05-13 10:50:46,293.76,200,POST,2973.867,7.59,21.06,1,No Error,Sa-East-1,False,Moderate
667,8,2026-05-12 23:04:32,396.58,204,POST,2709.6,17.58,27.98,1,No Error,Us-West-2,False,Moderate
668,55,2026-05-25 13:42:47,341.44,204,PATCH,3225.025,33.17,28.07,1,No Error,Us-West-2,False,Moderate
669,125,2026-05-21 00:05:12,49.85,200,PUT,2633.131,31.32,35.86,1,No Error,Ap-Southeast-1,False,Fast
670,141,2026-05-08 07:02:39,274.78,200,POST,1371.638,3.82,35.91,1,No Error,Us-East-1,False,Moderate
671,230,2026-05-09 12:48:45,34.75,400,GET,3.068,2.22,11.92,1,Bad Request: Invalid JSON payload structure,Eu-West-1,True,Fast
672,62,2026-05-13 12:57:04,25.03,204,POST,1654.532,35.48,43.64,1,No Error,Sa-East-1,False,Fast
673,219,2026-05-22 04:59:07,295.49,200,POST,2734.576,0.99,38.55,1,No Error,Ap-Southeast-1,False,Moderate
674,100,2026-05-11 12:10:50,354.18,204,PATCH,3657.74,26.49,17.41,1,No Error,Us-East-1,False,Moderate
675,28,2026-05-08 10:10:03,57.13,201,DELETE,0.318,18.7,45.49,1,No Error,Sa-East-1,False,Fast
676,51,2026-05-18 15:39:22,58.45,400,POST,533.995,10.11,14.6,1,Bad Request: Invalid JSON payload structure,Us-East-1,True,Fast
677,39,2026-05-06 05:19:47,208.35,204,GET,1.518,19.26,33.2,2,No Error,Sa-East-1,False,Moderate
678,169,2026-05-02 13:18:22,143.66,201,PUT,1077.626,6.55,33.92,1,No Error,Sa-East-1,False,Fast
679,88,2026-05-12 19:14:14,58.73,200,POST,121.414,25.38,27.71,2,No Error,Eu-West-1,False,Fast
680,172,2026-05-14 17:09:48,261.03,200,DELETE,8.71,11.09,16.2,1,No Error,Us-East-1,False,Moderate
681,3,2026-05-18 22:04:40,88.31,429,PUT,1568.125,8.25,9.19,1,Rate Limit Exceeded: Threshold of 100 req/sec breached,Eu-West-1,True,Fast
682,234,2026-05-20 07:48:06,7.44,404,GET,2.452,10.62,14.61,1,Resource Not Found: Endpoint entity collection does not exist,Sa-East-1,True,Fast
683,212,2026-05-01 03:08:17,574.43,400,PATCH,1163.387,22.02,71.8,1,No Error,Ap-Southeast-1,True,Slow
684,61,2026-05-10 08:48:24,27.99,200,PATCH,994.473,6.89,13.3,1,No Error,Us-West-2,False,Fast
685,137,2026-05-06 04:26:18,52.57,401,PATCH,1570.618,5.7,13.2,1,Unauthorized: Signature mismatch or expired bearer token,Sa-East-1,True,Fast
686,12,2026-05-18 21:39:44,6.3,400,PATCH,1440.624,4.66,25.8,1,Bad Request: Invalid JSON payload structure,Sa-East-1,True,Fast
687,142,2026-05-08 08:14:07,65.93,200,POST,2045.738,30.47,40.1,1,No Error,Eu-West-1,False,Fast
688,52,2026-05-24 04:48:12,38.6,429,PATCH,250.799,1.09,27.51,1,Rate Limit Exceeded: Threshold of 100 req/sec breached,Us-East-1,True,Fast
689,113,2026-05-02 15:02:45,-1.0,200,PUT,1730.419,17.42,0.0,1,No Error,Eu-West-1,False,Fast
690,124,2026-05-07 15:13:52,271.95,201,GET,0.237,16.73,42.16,5,No Error,Ap-Southeast-1,False,Moderate
691,1,2026-05-23 11:35:59,73.52,400,GET,11.489,4.69,24.4,1,No Error,Us-West-2,True,Fast
692,39,2026-05-21 12:22:26,200.385,400,DELETE,2.267,165.4,0.0,1,No Error,Us-West-2,True,Moderate
693,109,2026-05-15 19:18:09,274.45,200,PUT,1934.364,15.82,30.37,12,No Error,Us-West-2,False,Moderate
694,29,2026-05-18 00:00:44,226.59,201,POST,2141.41,5.09,20.71,1,No Error,Eu-West-1,False,Moderate
695,85,2026-05-09 10:53:54,236.23,204,POST,2565.767,9.5,36.05,1,No Error,Sa-East-1,False,Moderate
696,80,2026-05-22 10:10:57,6739.06,503,DELETE,11.185,93.83,97.05,1,Service Unavailable: Downstream database connection pool timeout,Us-East-1,True,Slow
697,26,2026-05-11 03:43:48,46.41,201,GET,10.128,36.95,38.1,1,No Error,Us-West-2,False,Fast
698,188,2026-05-13 23:10:59,289.9,200,GET,11.581,48.95,53.42,1,No Error,Us-East-1,False,Moderate
699,18,2026-05-09 11:57:34,58.94,200,PATCH,2420.738,26.83,36.62,1,No Error,Us-West-2,False,Fast
700,118,2026-05-03 08:35:52,72.9,200,GET,9.471,30.72,41.45,1,No Error,Eu-West-1,False,Fast
701,82,2026-05-08 08:10:38,117.36,200,POST,3602.954,36.93,22.3,5,No Error,Us-East-1,False,Fast
702,126,2026-05-04 00:34:30,63.18,400,POST,883.301,0.22,8.54,2,No Error,Ap-Southeast-1,True,Fast
703,108,2026-05-20 04:48:21,224.98,204,PUT,1048.888,25.28,17.31,1,No Error,Us-East-1,False,Moderate
704,143,2026-05-18 09:11:57,11567.91,500,PUT,1283.874,90.93,92.33,1,Internal Server Error: NullPointerException in controller execution layer,Us-East-1,True,Slow
705,206,2026-05-20 16:18:25,325.34,204,DELETE,10.491,1.95,23.31,1,No Error,Eu-West-1,False,Moderate
706,14,2026-05-07 02:47:43,357.86,200,POST,2528.715,14.33,42.49,1,No Error,Eu-West-1,False,Moderate
707,172,2026-05-11 21:14:56,257.65,204,GET,12.372,2.04,21.41,1,No Error,Us-East-1,False,Moderate
708,136,2026-05-20 17:33:19,208.2,201,GET,8.051,38.32,25.5,1,No Error,Eu-West-1,False,Moderate
709,89,2026-05-16 18:37:06,102.43,201,PUT,2384.218,9.85,45.77,1,No Error,Us-East-1,False,Fast
710,116,2026-05-12 21:17:23,21.45,200,PUT,1783.135,23.12,19.41,1,No Error,Us-West-2,False,Fast
711,170,2026-05-01 07:48:37,336.04,200,DELETE,2.329,35.39,26.73,1,No Error,Us-East-1,False,Moderate
712,240,2026-05-20 19:22:52,21.53,429,PUT,225.389,11.41,22.89,1,Rate Limit Exceeded: Threshold of 100 req/sec breached,Us-West-2,True,Fast
713,106,2026-05-22 17:58:55,200.385,500,DELETE,9.449,17.42,0.0,1,CRITICAL_TELEMETRY_DROP_OUT,Us-East-1,True,Moderate
714,133,2026-05-16 03:01:14,175.29,204,POST,2955.93,1.76,20.62,1,No Error,Sa-East-1,False,Fast
715,155,2026-05-09 00:02:35,14316.85,500,PUT,1198.07,94.45,98.31,1,Internal Server Error: NullPointerException in controller execution layer,Us-East-1,True,Slow
716,31,2026-05-24 08:59:23,51.53,200,GET,2.11,1.54,24.29,2,No Error,Ap-Southeast-1,False,Fast
717,27,2026-05-04 11:28:39,374.95,200,PATCH,3894.852,27.46,38.17,1,No Error,Us-East-1,False,Moderate
718,41,2026-05-21 14:01:38,218.99,201,PUT,158.977,28.77,14.36,1,No Error,Sa-East-1,False,Moderate
719,186,2026-05-16 20:50:51,200.385,200,GET,6.792,17.42,0.0,1,No Error,Us-West-2,False,Moderate
720,160,2026-05-24 07:23:06,305.49,201,POST,2563.462,26.24,15.63,5,No Error,Us-West-2,False,Moderate
721,105,2026-05-20 20:04:08,28.85,401,PUT,3810.378,4.41,10.52,1,Unauthorized: Signature mismatch or expired bearer token,Us-West-2,True,Fast
722,86,2026-05-05 05:34:17,74.26,200,POST,2882.932,7.98,43.18,2,No Error,Us-East-1,False,Fast
723,227,2026-05-21 21:46:12,29.96,204,PATCH,2413.658,19.46,20.4,2,No Error,Eu-West-1,False,Fast
724,73,2026-05-18 15:03:49,67.67,204,GET,3.588,10.08,25.08,1,No Error,Eu-West-1,False,Fast
725,202,2026-05-24 08:31:08,227.59,201,POST,337.331,20.37,34.35,5,No Error,Ap-Southeast-1,False,Moderate
726,79,2026-05-03 08:30:11,257.52,204,PATCH,2723.715,29.46,14.23,1,No Error,Sa-East-1,False,Moderate
727,96,2026-05-05 08:14:38,314.11,200,POST,2790.539,2.56,29.42,1,No Error,Sa-East-1,False,Moderate
728,89,2026-05-25 07:06:12,200.385,400,DELETE,8.087,17.42,29.34,1,No Error,Eu-West-1,True,Moderate
729,128,2026-05-08 23:32:28,205.26,200,GET,0.827,14.18,35.24,1,No Error,Us-East-1,False,Moderate
730,80,2026-05-04 17:24:08,87.35,400,GET,3.162,4.6,13.52,1,No Error,Sa-East-1,True,Fast
731,59,2026-05-20 21:36:10,426.51,204,POST,1576.577,29.71,42.75,1,No Error,Us-East-1,False,Moderate
732,105,2026-05-04 06:31:33,270.95,201,PUT,3732.385,19.93,22.52,1,No Error,Sa-East-1,False,Moderate
733,188,2026-05-06 23:15:12,98.76,201,GET,5.532,24.6,47.26,1,No Error,Us-East-1,False,Fast
734,205,2026-05-02 11:34:08,354.78,400,PUT,3377.093,19.97,44.73,1,No Error,Eu-West-1,True,Moderate
735,191,2026-05-01 23:29:49,234.41,200,PATCH,2281.561,30.91,45.94,1,No Error,Ap-Southeast-1,False,Moderate
736,16,2026-05-08 00:24:09,280.58,204,PATCH,2548.967,15.64,36.8,1,No Error,Sa-East-1,False,Moderate
737,200,2026-05-01 03:08:17,156.41,400,PATCH,2012.173,26.4,57.82,1,No Error,Sa-East-1,True,Fast
738,211,2026-05-25 10:43:22,25.67,201,PATCH,2135.688,9.78,36.85,1,No Error,Us-West-2,False,Fast
739,126,2026-05-21 12:12:44,215.11,200,GET,0.852,0.84,35.35,1,No Error,Us-West-2,False,Moderate
740,63,2026-05-19 21:53:21,20427.91,503,PUT,1326.546,93.09,93.64,1,Service Unavailable: Downstream database connection pool timeout,Us-East-1,True,Slow
741,247,2026-05-16 06:29:02,412.64,200,PUT,1709.206,32.83,14.92,1,No Error,Us-East-1,False,Moderate
742,151,2026-05-14 06:48:00,44.73,200,PUT,288.103,3.07,34.78,5,No Error,Us-East-1,False,Fast
743,76,2026-05-12 07:39:34,430.05,200,PATCH,519.365,8.26,46.28,5,No Error,Us-East-1,False,Moderate
744,246,2026-05-16 11:39:17,59.4,404,DELETE,7.111,5.95,17.38,1,Resource Not Found: Endpoint entity collection does not exist,Us-East-1,True,Fast
745,13,2026-05-22 11:50:02,53.63,204,PATCH,536.405,9.72,26.19,1,No Error,Ap-Southeast-1,False,Fast
746,128,2026-05-01 03:08:17,483.27,200,DELETE,2.355,25.51,59.11,1,No Error,Ap-Southeast-1,False,Moderate
747,81,2026-05-25 00:04:55,34.76,201,PUT,3714.537,34.26,31.42,1,No Error,Ap-Southeast-1,False,Fast
748,160,2026-05-23 07:39:53,43.64,204,DELETE,2.674,13.27,51.31,1,No Error,Us-East-1,False,Fast
749,23,2026-05-13 00:50:00,12706.35,500,POST,368.431,91.23,95.78,2,Internal Server Error: NullPointerException in controller execution layer,Eu-West-1,True,Slow
750,84,2026-05-23 05:51:39,122.9,201,POST,127.765,34.46,14.22,1,No Error,Eu-West-1,False,Fast
751,48,2026-05-01 15:17:21,52.55,429,DELETE,5.048,11.22,30.0,1,Rate Limit Exceeded: Threshold of 100 req/sec breached,Eu-West-1,True,Fast
752,122,2026-05-19 23:04:35,203.02,200,POST,3724.384,17.9,23.24,1,No Error,Ap-Southeast-1,False,Moderate
753,41,2026-05-11 19:11:33,39.0,204,PATCH,338.179,19.72,38.44,1,No Error,Ap-Southeast-1,False,Fast
754,180,2026-05-10 14:57:56,173.23,201,DELETE,2.393,37.1,49.54,1,No Error,Eu-West-1,False,Fast
755,17,2026-05-19 10:03:09,57.55,204,GET,9.836,15.35,42.19,1,No Error,Ap-Southeast-1,False,Fast
756,73,2026-05-10 05:12:28,426.93,200,DELETE,0.32,18.41,48.45,1,No Error,Ap-Southeast-1,False,Moderate
757,181,2026-05-20 22:09:15,287.72,204,DELETE,1.71,10.58,33.1,1,No Error,Us-East-1,False,Moderate
758,30,2026-05-20 22:27:33,43.43,200,GET,4.135,34.21,35.85,2,No Error,Eu-West-1,False,Fast
759,115,2026-05-18 05:33:48,116.38,204,PUT,2157.709,33.82,15.86,1,No Error,Us-East-1,False,Fast
760,70,2026-05-05 09:05:43,7.23,401,PUT,646.263,4.12,29.78,12,Unauthorized: Signature mismatch or expired bearer token,Eu-West-1,True,Fast
761,39,2026-05-08 11:31:02,87.9,204,GET,3.929,22.03,32.54,1,No Error,Eu-West-1,False,Fast
762,58,2026-05-01 19:30:45,346.48,200,DELETE,8.885,21.2,51.34,1,No Error,Ap-Southeast-1,False,Moderate
763,71,2026-05-03 05:46:03,181.32,200,DELETE,4.585,5.95,45.26,1,No Error,Ap-Southeast-1,False,Fast
764,239,2026-05-01 03:08:17,547.91,200,DELETE,1.024,35.86,61.58,1,No Error,Ap-Southeast-1,False,Slow
765,93,2026-05-15 01:53:10,70.96,200,DELETE,4.457,8.05,18.75,1,No Error,Us-East-1,False,Fast
766,6,2026-05-01 11:28:33,21.76,200,PATCH,2684.548,12.3,29.59,1,No Error,Us-West-2,False,Fast
767,70,2026-05-12 22:57:31,9573.59,503,POST,1537.358,96.35,91.39,5,Service Unavailable: Downstream database connection pool timeout,Ap-Southeast-1,True,Slow
768,78,2026-05-04 16:42:32,431.96,201,PATCH,2541.462,13.66,47.06,1,No Error,Eu-West-1,False,Moderate
769,234,2026-05-04 10:19:06,200.84,200,PUT,2906.146,23.62,14.22,1,No Error,Sa-East-1,False,Moderate
770,241,2026-05-11 18:27:54,52.69,401,GET,5.098,5.02,16.05,1,Unauthorized: Signature mismatch or expired bearer token,Sa-East-1,True,Fast
771,231,2026-05-03 02:32:04,88.87,403,GET,0.858,10.52,24.33,1,Forbidden: Client lacks required read/write scopes,Us-West-2,True,Fast
772,204,2026-05-01 03:08:17,90.69,500,DELETE,5.418,46.76,60.84,1,CRITICAL_TELEMETRY_DROP_OUT,Us-West-2,True,Fast
773,206,2026-05-01 07:01:43,228.6,201,PUT,3567.811,31.55,16.46,1,No Error,Us-East-1,False,Moderate
774,181,2026-05-05 21:03:18,270.8,201,PUT,2513.306,33.65,48.11,1,No Error,Us-East-1,False,Moderate
775,16,2026-05-05 23:16:49,405.76,200,POST,1206.543,23.47,33.69,1,No Error,Eu-West-1,False,Moderate
776,176,2026-05-08 02:07:53,274.7,201,PUT,240.277,13.7,50.23,1,No Error,Eu-West-1,False,Moderate
777,13,2026-05-10 02:39:08,189.97,201,DELETE,3.574,24.83,45.88,1,No Error,Sa-East-1,False,Fast
778,220,2026-05-09 17:02:30,150.76,201,PATCH,2744.404,25.95,18.99,1,No Error,Ap-Southeast-1,False,Fast
779,109,2026-05-15 22:36:25,257.79,201,POST,518.533,13.29,46.14,1,No Error,Us-West-2,False,Moderate
780,236,2026-05-08 03:12:13,28170.26,503,DELETE,1.422,95.55,97.88,1,Service Unavailable: Downstream database connection pool timeout,Sa-East-1,True,Slow
781,126,2026-05-25 01:52:41,-1.0,500,DELETE,8.659,-99.0,-1.0,1,CRITICAL_TELEMETRY_DROP_OUT,Us-East-1,True,Fast
782,146,2026-05-24 20:06:54,442.72,200,PATCH,2768.848,17.34,23.15,1,No Error,Us-East-1,False,Moderate
783,126,2026-05-21 18:00:04,43.33,200,GET,10.286,21.62,20.34,1,No Error,Sa-East-1,False,Fast
784,250,2026-05-06 22:48:42,176.3,200,PUT,1752.559,33.71,17.99,1,No Error,Us-West-2,False,Fast
785,79,2026-05-10 14:50:25,12.14,200,PATCH,3469.256,7.77,14.71,1,No Error,Eu-West-1,False,Fast
786,30,2026-05-09 12:02:12,72.21,403,PUT,611.752,0.96,19.8,1,Forbidden: Client lacks required read/write scopes,Sa-East-1,True,Fast
787,122,2026-05-11 15:24:00,130.63,204,POST,4048.831,24.26,28.83,1,No Error,Us-West-2,False,Fast
788,34,2026-05-17 14:43:28,321.16,204,PUT,2431.12,34.6,27.49,1,No Error,Us-East-1,False,Moderate
789,130,2026-05-17 00:24:30,328.71,201,PATCH,1577.021,35.52,23.73,1,No Error,Us-East-1,False,Moderate
790,109,2026-05-08 22:39:24,42.06,400,PUT,525.635,1.07,21.98,1,Bad Request: Invalid JSON payload structure,Us-West-2,True,Fast
791,42,2026-05-02 14:22:29,6.47,429,PUT,2179.889,0.93,21.71,1,Rate Limit Exceeded: Threshold of 100 req/sec breached,Eu-West-1,True,Fast
792,33,2026-05-25 06:59:24,21.38,400,PUT,3874.362,3.42,29.16,1,Bad Request: Invalid JSON payload structure,Eu-West-1,True,Fast
793,127,2026-05-01 03:16:25,141.41,200,GET,8.709,34.64,31.28,1,No Error,Sa-East-1,False,Fast
794,160,2026-05-01 03:08:17,434.36,500,POST,2216.845,28.51,62.68,1,CRITICAL_TELEMETRY_DROP_OUT,Sa-East-1,True,Moderate
795,35,2026-05-17 06:09:25,89.5,401,DELETE,8.562,9.4,21.21,2,Unauthorized: Signature mismatch or expired bearer token,Us-West-2,True,Fast
796,14,2026-05-15 06:42:45,566.61,500,DELETE,10.837,57.82,65.59,1,CRITICAL_TELEMETRY_DROP_OUT,Eu-West-1,True,Slow
797,96,2026-05-12 02:37:38,83.76,403,PATCH,1605.484,10.72,24.95,1,Forbidden: Client lacks required read/write scopes,Us-West-2,True,Fast
798,5,2026-05-20 00:33:51,44.25,400,DELETE,3.914,7.52,15.8,2,Bad Request: Invalid JSON payload structure,Sa-East-1,True,Fast
799,219,2026-05-13 00:07:36,197.45,200,DELETE,7.392,2.03,20.3,1,No Error,Sa-East-1,False,Fast
800,199,2026-05-02 22:24:57,434.06,200,POST,378.476,23.72,44.99,1,No Error,Us-East-1,False,Moderate
801,93,2026-05-22 23:47:19,72.47,200,PATCH,686.28,11.19,29.64,1,No Error,Sa-East-1,False,Fast
802,108,2026-05-18 16:55:12,393.91,201,GET,0.586,12.35,39.18,1,No Error,Sa-East-1,False,Moderate
803,228,2026-05-11 13:06:06,59.02,204,POST,1273.471,10.15,33.83,2,No Error,Sa-East-1,False,Fast
804,235,2026-05-15 14:45:40,404.07,200,PATCH,2603.641,1.93,23.72,1,No Error,Ap-Southeast-1,False,Moderate
805,215,2026-05-12 06:39:36,414.07,201,PUT,2892.872,25.59,41.29,2,No Error,Us-East-1,False,Moderate
806,69,2026-05-10 10:49:19,4.37,400,GET,12.165,4.03,29.65,1,No Error,Us-East-1,True,Fast
807,82,2026-05-03 05:35:01,99999.99,400,POST,3607.017,165.4,-1.0,1,No Error,Us-West-2,True,Slow
808,124,2026-05-15 22:45:26,311.74,200,PATCH,2513.86,19.39,23.61,1,No Error,Eu-West-1,False,Moderate
809,69,2026-05-04 23:02:37,101.97,204,DELETE,3.947,28.97,42.27,2,No Error,Eu-West-1,False,Fast
810,181,2026-05-09 11:23:35,242.86,200,POST,2299.797,15.81,32.82,1,No Error,Us-East-1,False,Moderate
811,61,2026-05-15 00:02:01,79.14,200,POST,3710.333,4.77,33.38,1,No Error,Ap-Southeast-1,False,Fast
812,59,2026-05-25 23:47:57,-1.0,500,DELETE,0.499,17.42,-1.0,1,CRITICAL_TELEMETRY_DROP_OUT,Sa-East-1,True,Fast
813,107,2026-05-08 09:10:14,160.27,200,DELETE,4.303,24.34,39.39,1,No Error,Us-East-1,False,Fast
814,133,2026-05-08 02:59:21,399.3,200,PUT,3371.329,1.87,33.29,1,No Error,Us-West-2,False,Moderate
815,175,2026-05-04 13:12:42,378.3,200,PUT,2291.849,4.35,37.29,1,No Error,Us-West-2,False,Moderate
816,34,2026-05-10 14:18:27,228.84,200,PATCH,1162.799,23.56,46.41,1,No Error,Ap-Southeast-1,False,Moderate
817,13,2026-05-25 20:40:40,77.48,200,PUT,2777.533,22.53,39.63,1,No Error,Eu-West-1,False,Fast
818,147,2026-05-01 12:41:19,31.63,201,POST,291.292,17.57,41.79,1,No Error,Ap-Southeast-1,False,Fast
819,178,2026-05-25 23:54:12,16.86,201,POST,993.587,30.84,43.62,1,No Error,Ap-Southeast-1,False,Fast
820,187,2026-05-01 22:39:48,75.42,200,PUT,137.27,9.86,36.52,2,No Error,Ap-Southeast-1,False,Fast
821,208,2026-05-06 05:09:56,9228.65,500,PUT,2230.022,91.88,95.83,1,Internal Server Error: NullPointerException in controller execution layer,Us-East-1,True,Slow
822,56,2026-05-22 23:55:10,67.78,429,POST,3422.48,6.0,15.23,1,Rate Limit Exceeded: Threshold of 100 req/sec breached,Sa-East-1,True,Fast
823,147,2026-05-19 19:35:54,266.92,201,PUT,1916.93,2.77,38.04,1,No Error,Us-East-1,False,Moderate
824,8,2026-05-09 20:55:54,17652.39,500,GET,3.164,95.93,88.73,1,Internal Server Error: NullPointerException in controller execution layer,Us-West-2,True,Slow
825,173,2026-05-21 06:23:18,52.55,400,PUT,954.142,5.05,25.06,1,Bad Request: Invalid JSON payload structure,Ap-Southeast-1,True,Fast
826,223,2026-05-07 09:41:17,59.32,200,POST,2876.05,16.59,40.04,1,No Error,Us-East-1,False,Fast
827,18,2026-05-07 01:11:07,339.67,201,DELETE,6.826,14.56,31.42,1,No Error,Us-West-2,False,Moderate
828,97,2026-05-23 20:24:44,49.93,429,GET,1.699,6.56,20.76,1,Rate Limit Exceeded: Threshold of 100 req/sec breached,Ap-Southeast-1,True,Fast
829,82,2026-02-05 08:58:06,450.74,400,POST,2944.342,19.02,44.19,1,No Error,Us-West-2,True,Moderate
830,249,2026-05-04 22:08:49,154.13,204,PATCH,3478.665,11.4,39.06,1,No Error,Us-East-1,False,Fast
831,12,2026-05-23 11:44:18,171.26,204,PATCH,2782.043,2.24,29.76,5,No Error,Sa-East-1,False,Fast
832,219,2026-05-05 01:02:47,429.39,200,DELETE,3.397,11.59,43.49,1,No Error,Ap-Southeast-1,False,Moderate
833,190,2026-05-14 12:51:33,50.08,429,PATCH,1805.8,10.38,12.01,1,Rate Limit Exceeded: Threshold of 100 req/sec breached,Sa-East-1,True,Fast
834,181,2026-05-12 10:32:40,384.7,204,POST,2509.823,3.38,25.3,1,No Error,Ap-Southeast-1,False,Moderate
835,95,2026-05-08 04:58:51,356.47,201,DELETE,10.748,31.75,44.58,1,No Error,Eu-West-1,False,Moderate
836,141,2026-05-12 22:12:39,359.97,200,GET,4.678,13.02,21.0,2,No Error,Ap-Southeast-1,False,Moderate
837,232,2026-05-13 15:29:58,413.85,204,PUT,1176.157,28.93,48.91,1,No Error,Us-East-1,False,Moderate
838,86,2026-05-08 04:36:42,415.82,200,GET,8.372,30.37,25.27,2,No Error,Ap-Southeast-1,False,Moderate
839,31,2026-05-18 07:00:31,416.11,201,POST,3960.794,23.04,12.47,1,No Error,Sa-East-1,False,Moderate
840,43,2026-05-12 15:42:27,61.28,201,DELETE,11.066,11.11,36.05,1,No Error,Us-East-1,False,Fast
841,240,2026-05-24 21:55:06,84.37,404,PUT,3336.914,2.4,28.34,1,Resource Not Found: Endpoint entity collection does not exist,Eu-West-1,True,Fast
842,197,2026-05-25 01:50:02,91.31,200,PATCH,3116.426,7.04,14.81,1,No Error,Eu-West-1,False,Fast
843,16,2026-05-17 21:20:33,263.28,200,DELETE,4.296,7.22,20.64,1,No Error,Ap-Southeast-1,False,Moderate
844,46,2026-05-15 04:15:04,415.03,200,GET,9.272,32.01,20.23,1,No Error,Sa-East-1,False,Moderate
845,229,2026-05-21 06:36:39,87.11,404,POST,1440.492,10.48,29.26,1,Resource Not Found: Endpoint entity collection does not exist,Us-East-1,True,Fast
846,174,2026-05-15 01:01:44,15.12,200,POST,2375.533,27.32,40.28,1,No Error,Us-East-1,False,Fast
847,4,2026-05-16 23:01:08,307.04,200,PUT,536.622,9.02,34.11,1,No Error,Sa-East-1,False,Moderate
848,48,2026-05-17 00:43:19,359.35,200,POST,483.182,8.56,15.38,2,No Error,Ap-Southeast-1,False,Moderate
849,107,2026-05-09 19:41:09,20.8,200,PATCH,15.503,11.63,22.84,1,No Error,Us-West-2,False,Fast
850,180,2026-05-01 16:50:18,55.5,404,POST,1959.396,5.88,27.13,2,Resource Not Found: Endpoint entity collection does not exist,Us-East-1,True,Fast
851,148,2026-05-05 06:09:49,409.55,204,GET,4.299,31.85,17.14,1,No Error,Sa-East-1,False,Moderate
852,244,2026-05-11 13:35:50,274.08,201,GET,5.06,26.47,44.33,1,No Error,Us-East-1,False,Moderate
853,206,2026-05-06 05:50:05,199.4,201,DELETE,0.634,24.74,21.88,1,No Error,Sa-East-1,False,Fast
854,96,2026-05-01 03:08:17,286.61,200,PUT,948.74,27.54,49.0,1,No Error,Us-West-2,False,Moderate
855,182,2026-05-05 20:34:55,331.55,204,PUT,3184.311,13.43,40.08,1,No Error,Us-East-1,False,Moderate
856,213,2026-05-05 07:01:31,48.44,204,DELETE,2.259,35.32,33.47,1,No Error,Sa-East-1,False,Fast
857,214,2026-05-20 08:22:20,415.34,200,POST,742.564,36.73,51.65,1,No Error,Eu-West-1,False,Moderate
858,109,2026-05-03 20:53:40,49.58,401,POST,1994.011,7.43,19.65,1,Unauthorized: Signature mismatch or expired bearer token,Eu-West-1,True,Fast
859,94,2026-05-24 17:14:21,318.77,200,GET,8.201,27.4,32.7,1,No Error,Us-West-2,False,Moderate
860,199,2026-05-04 05:43:14,15922.47,504,PUT,3192.88,95.02,93.0,1,Gateway Timeout: Upstream microservice failed to respond within 15000ms,Us-West-2,True,Slow
861,32,2026-05-14 05:02:55,23.25,500,GET,9.817,1.69,13.08,1,    CRITICAL_TELEMETRY_DROP_OUT,Ap-Southeast-1,True,Fast
862,4,2026-05-16 16:02:25,203.5,204,PATCH,1757.565,9.16,24.53,1,No Error,Us-West-2,False,Moderate
863,83,2026-05-16 11:56:29,89.8,204,PATCH,2073.492,26.05,48.28,1,No Error,Ap-Southeast-1,False,Fast
864,249,2026-05-13 18:37:35,267.56,201,PATCH,1175.289,11.66,48.83,1,No Error,Eu-West-1,False,Moderate
865,67,2026-05-16 05:14:31,58.74,400,GET,12.026,5.6,27.43,1,Bad Request: Invalid JSON payload structure,Ap-Southeast-1,True,Fast
866,226,2026-05-25 07:18:05,373.83,200,GET,7.036,35.01,39.48,1,No Error,Sa-East-1,False,Moderate
867,89,2026-05-18 09:11:19,184.7,200,GET,3.104,21.16,15.32,1,No Error,Us-East-1,False,Fast
868,209,2026-05-03 16:21:08,411.56,200,PATCH,46.76,28.98,30.11,1,No Error,Ap-Southeast-1,False,Moderate
869,61,2026-05-12 19:15:30,64.63,401,GET,7.974,1.1,16.01,1,Unauthorized: Signature mismatch or expired bearer token,Sa-East-1,True,Fast
870,104,2026-05-22 05:30:51,352.97,204,GET,5.058,8.37,49.04,1,No Error,Sa-East-1,False,Moderate
871,176,2026-05-12 22:35:13,360.67,201,GET,6.388,1.06,15.43,1,No Error,Us-West-2,False,Moderate
872,10,2026-05-02 18:08:16,107.56,200,PUT,1443.932,13.37,43.53,1,No Error,Eu-West-1,False,Fast
873,60,2026-05-20 09:53:14,171.45,204,DELETE,7.462,28.92,20.0,1,No Error,Eu-West-1,False,Fast
874,128,2026-05-01 14:42:58,406.89,200,DELETE,2.915,8.85,50.09,1,No Error,Sa-East-1,False,Moderate
875,38,2026-05-06 21:54:51,279.63,200,DELETE,0.855,36.21,20.55,1,No Error,Ap-Southeast-1,False,Moderate
876,175,2026-05-10 04:19:01,159.04,200,DELETE,5.058,23.19,36.55,1,No Error,Us-West-2,False,Fast
877,64,2026-05-23 20:28:21,51.38,429,POST,980.627,0.27,11.83,1,Rate Limit Exceeded: Threshold of 100 req/sec breached,Ap-Southeast-1,True,Fast
878,13,2026-05-20 15:51:57,162.1,200,PATCH,4023.638,24.45,24.14,1,No Error,Eu-West-1,False,Fast
879,172,2026-05-16 09:17:57,128.29,201,GET,8.254,27.97,15.48,1,No Error,Ap-Southeast-1,False,Fast
880,51,2026-05-21 07:38:41,333.03,200,PATCH,3374.22,24.03,13.69,1,No Error,Eu-West-1,False,Moderate
881,22,2026-05-15 04:22:42,245.79,204,GET,12.409,27.93,41.0,1,No Error,Sa-East-1,False,Moderate
882,28,2026-05-19 08:15:26,355.85,204,POST,648.244,31.46,46.45,1,No Error,Ap-Southeast-1,False,Moderate
883,29,2026-05-19 02:03:01,18.98,401,POST,120.142,0.23,14.47,1,Unauthorized: Signature mismatch or expired bearer token,Sa-East-1,True,Fast
884,175,2026-05-06 18:55:51,135.99,201,DELETE,2.066,15.84,14.47,2,No Error,Sa-East-1,False,Fast
885,172,2026-05-12 22:14:01,287.26,200,GET,5.161,36.81,21.6,2,No Error,Us-West-2,False,Moderate
886,154,2026-05-17 10:26:55,237.74,201,PATCH,3201.224,29.97,27.03,1,No Error,Us-East-1,False,Moderate
887,8,2026-05-06 09:37:26,291.71,200,POST,2231.314,18.58,20.91,1,No Error,Us-East-1,False,Moderate
888,195,2026-05-14 03:11:52,5.52,403,PUT,2498.585,0.69,28.27,1,Forbidden: Client lacks required read/write scopes,Ap-Southeast-1,True,Fast
889,121,2026-05-12 10:18:25,14595.2,503,PUT,1981.067,91.95,97.69,1,Service Unavailable: Downstream database connection pool timeout,Ap-Southeast-1,True,Slow
890,225,2026-05-03 00:44:07,336.83,200,POST,568.784,12.78,16.71,1,No Error,Us-East-1,False,Moderate
891,170,2026-05-14 23:16:23,92.69,200,POST,4087.479,32.42,42.58,1,No Error,Us-East-1,False,Fast
892,216,2026-05-18 04:00:33,340.97,200,GET,2.627,8.48,51.19,2,No Error,Us-West-2,False,Moderate
893,137,2026-05-19 14:41:59,217.49,204,GET,4.395,17.21,50.61,1,No Error,Eu-West-1,False,Moderate
894,114,2026-05-21 15:59:16,147.3,201,POST,1594.067,37.03,41.59,2,No Error,Ap-Southeast-1,False,Fast
895,151,2026-05-12 22:34:15,363.54,204,POST,1739.119,31.04,17.43,1,No Error,Us-West-2,False,Moderate
896,249,2026-05-05 09:46:27,378.67,200,GET,8.181,3.7,49.69,1,No Error,Sa-East-1,False,Moderate
897,89,2026-05-03 04:34:57,223.62,200,POST,816.311,20.73,33.05,1,No Error,Us-East-1,False,Moderate
898,192,2026-05-22 11:42:19,179.18,201,GET,6.467,37.22,43.6,1,No Error,Ap-Southeast-1,False,Fast
899,222,2026-05-25 00:07:27,415.49,200,POST,3568.194,36.02,37.73,1,No Error,Us-West-2,False,Moderate
900,185,2026-05-16 08:16:17,46.37,403,PATCH,1839.368,3.82,10.76,1,Forbidden: Client lacks required read/write scopes,Sa-East-1,True,Fast
901,17,2026-05-22 21:23:23,66.55,500,GET,1.138,1.35,27.09,1,    CRITICAL_TELEMETRY_DROP_OUT,Ap-Southeast-1,True,Fast
902,239,2026-05-22 16:04:21,250.31,204,DELETE,9.395,17.57,18.16,1,No Error,Sa-East-1,False,Moderate
903,56,2026-05-17 19:44:41,235.17,204,DELETE,7.605,1.0,30.62,1,No Error,Us-East-1,False,Moderate
904,51,2026-05-08 22:19:10,353.04,201,PUT,3952.72,6.05,46.03,1,No Error,Eu-West-1,False,Moderate
905,6,2026-05-11 13:20:15,415.32,200,PUT,2313.647,26.92,31.52,1,No Error,Sa-East-1,False,Moderate
906,203,2026-05-23 20:14:39,375.9,201,PATCH,791.615,27.92,44.82,5,No Error,Us-West-2,False,Moderate
907,207,2026-05-07 03:54:54,397.33,204,PATCH,2641.444,24.86,37.42,1,No Error,Ap-Southeast-1,False,Moderate
908,159,2026-05-05 09:38:44,349.57,201,PATCH,1492.149,14.74,30.8,1,No Error,Sa-East-1,False,Moderate
909,92,2026-05-08 19:15:34,354.83,204,GET,10.858,3.78,34.03,2,No Error,Us-West-2,False,Moderate
910,105,2026-05-21 17:43:15,48.58,201,GET,11.288,21.55,18.84,2,No Error,Eu-West-1,False,Fast
911,190,2026-05-17 12:07:40,311.04,201,PUT,3101.628,9.97,45.27,1,No Error,Sa-East-1,False,Moderate
912,222,2026-05-09 12:48:31,35.71,404,PUT,1746.588,8.75,25.9,1,Resource Not Found: Endpoint entity collection does not exist,Ap-Southeast-1,True,Fast
913,28,2026-05-08 07:27:56,29.46,400,PUT,3756.36,1.29,13.64,1,Bad Request: Invalid JSON payload structure,Eu-West-1,True,Fast
914,19,2026-05-25 13:46:50,18.37,200,PATCH,475.116,29.44,13.91,1,No Error,Sa-East-1,False,Fast
915,210,2026-05-10 10:39:19,94.9,400,DELETE,11.651,2.52,11.57,1,Bad Request: Invalid JSON payload structure,Eu-West-1,True,Fast
916,56,2026-05-05 13:48:00,18.8,400,DELETE,6.358,10.38,21.49,1,Bad Request: Invalid JSON payload structure,Eu-West-1,True,Fast
917,39,2026-05-05 07:04:35,54.47,201,DELETE,2.304,38.05,37.68,1,No Error,Eu-West-1,False,Fast
918,111,2026-05-01 06:18:15,125.79,200,POST,3249.531,9.67,18.41,1,No Error,Sa-East-1,False,Fast
919,193,2026-05-12 09:31:14,32.44,500,DELETE,6.18,5.82,29.0,1,    CRITICAL_TELEMETRY_DROP_OUT,Us-East-1,True,Fast
920,40,2026-05-15 07:34:20,42.38,400,POST,1225.268,1.83,12.31,1,No Error,Us-East-1,True,Fast
921,31,2026-05-03 18:29:30,51.14,401,GET,9.084,2.91,24.69,1,Unauthorized: Signature mismatch or expired bearer token,Eu-West-1,True,Fast
922,152,2026-05-10 04:53:09,12.42,200,PATCH,1818.909,12.88,13.33,1,No Error,Eu-West-1,False,Fast
923,132,2026-05-24 16:38:06,30.46,201,GET,2.733,0.99,46.11,1,No Error,Us-East-1,False,Fast
924,239,2026-05-14 15:47:01,183.12,200,PUT,1397.391,21.25,15.15,1,No Error,Sa-East-1,False,Fast
925,37,2026-05-20 10:48:38,25.6,204,GET,11.074,34.34,37.57,1,No Error,Us-West-2,False,Fast
926,42,2026-05-14 18:29:08,23265.47,503,POST,2315.917,95.99,97.57,1,Service Unavailable: Downstream database connection pool timeout,Sa-East-1,True,Slow
927,239,2026-05-17 19:00:03,18.9,204,PATCH,1445.084,19.13,22.09,1,No Error,Us-East-1,False,Fast
928,150,2026-05-25 23:03:21,13.09,201,DELETE,8.518,8.6,22.79,1,No Error,Eu-West-1,False,Fast
929,80,2026-05-21 13:40:19,308.99,200,DELETE,4.45,31.91,47.96,1,No Error,Us-East-1,False,Moderate
930,117,2026-05-01 18:20:16,20.13,200,DELETE,8.953,17.76,44.65,1,No Error,Sa-East-1,False,Fast
931,143,2026-05-08 19:05:06,17562.09,500,PUT,3255.95,90.82,98.49,2,Internal Server Error: NullPointerException in controller execution layer,Us-East-1,True,Slow
932,204,2026-05-15 11:19:07,399.16,200,POST,550.71,17.99,29.63,1,No Error,Us-West-2,False,Moderate
933,63,2026-05-06 01:15:26,330.13,200,PATCH,1853.417,18.83,55.46,1,No Error,Sa-East-1,False,Moderate
934,159,2026-05-17 18:34:34,259.2,200,POST,2910.691,27.71,27.95,1,No Error,Us-East-1,False,Moderate
935,45,2026-05-11 03:30:15,299.56,200,PATCH,2499.001,34.37,34.52,1,No Error,Ap-Southeast-1,False,Moderate
936,231,2026-05-04 11:13:50,116.89,200,DELETE,0.377,10.21,46.35,1,No Error,Us-West-2,False,Fast
937,97,2026-05-03 20:42:31,371.41,204,PATCH,1265.341,29.6,19.86,1,No Error,Ap-Southeast-1,False,Moderate
938,184,2026-05-10 09:23:53,59.9,400,POST,3073.335,10.6,10.04,5,Bad Request: Invalid JSON payload structure,Sa-East-1,True,Fast
939,6,2026-05-14 06:41:25,200.385,400,PATCH,2783.499,165.4,29.34,1,No Error,Us-East-1,True,Moderate
940,42,2026-05-17 15:35:03,87.96,500,GET,10.233,4.03,24.39,1,    CRITICAL_TELEMETRY_DROP_OUT,Sa-East-1,True,Fast
941,9,2026-05-01 09:27:34,23788.71,504,POST,3317.045,97.46,88.82,1,Gateway Timeout: Upstream microservice failed to respond within 15000ms,Ap-Southeast-1,True,Slow
942,54,2026-05-22 21:29:54,439.49,201,POST,3760.073,33.39,16.53,1,No Error,Eu-West-1,False,Moderate
943,163,2026-05-25 01:48:56,15802.53,503,PUT,2519.41,95.75,99.87,1,Service Unavailable: Downstream database connection pool timeout,Ap-Southeast-1,True,Slow
944,237,2026-05-22 10:22:28,409.05,201,PUT,293.174,18.36,51.67,1,No Error,Us-West-2,False,Moderate
945,244,2026-05-01 01:49:35,5028.82,504,POST,3138.096,97.83,96.36,1,Gateway Timeout: Upstream microservice failed to respond within 15000ms,Sa-East-1,True,Slow
946,143,2026-05-21 10:22:48,175.27,201,POST,639.006,19.06,23.55,1,No Error,Us-West-2,False,Fast
947,197,2026-05-20 23:33:59,328.64,200,PUT,3394.034,3.69,47.75,1,No Error,Eu-West-1,False,Moderate
948,27,2026-05-15 00:35:07,448.56,200,GET,10.387,34.73,44.0,1,No Error,Eu-West-1,False,Moderate
949,2,2026-05-08 09:39:00,36.23,400,POST,3757.043,10.09,22.22,1,Bad Request: Invalid JSON payload structure,Us-West-2,True,Fast
950,33,2026-05-07 06:25:24,179.06,200,PUT,3380.812,3.85,42.96,1,No Error,Eu-West-1,False,Fast
951,247,2026-05-23 01:54:47,82.48,429,DELETE,4.548,10.49,20.54,1,Rate Limit Exceeded: Threshold of 100 req/sec breached,Ap-Southeast-1,True,Fast
952,182,2026-05-23 03:50:30,364.32,204,PATCH,1478.983,31.93,20.58,1,No Error,Eu-West-1,False,Moderate
953,97,2026-05-14 14:33:30,403.35,200,GET,1.787,11.77,27.5,1,No Error,Us-West-2,False,Moderate
954,88,2026-05-25 11:36:25,39.66,201,GET,4.677,15.57,16.22,1,No Error,Ap-Southeast-1,False,Fast
955,71,2026-05-23 14:57:48,101.45,204,DELETE,9.278,12.08,18.45,1,No Error,Eu-West-1,False,Fast
956,90,2026-05-11 13:57:29,427.57,204,PATCH,254.593,14.04,25.84,1,No Error,Us-West-2,False,Moderate
957,20,2026-05-17 19:33:22,318.97,200,PATCH,694.01,25.82,33.11,1,No Error,Us-West-2,False,Moderate
958,45,2026-05-08 06:41:22,279.35,201,GET,3.378,2.84,30.69,1,No Error,Eu-West-1,False,Moderate
959,6,2026-05-23 19:07:23,29.45,201,GET,0.217,30.29,34.48,1,No Error,Us-East-1,False,Fast
960,205,2026-05-19 10:55:15,209.61,200,DELETE,6.296,7.53,47.3,1,No Error,Eu-West-1,False,Moderate
961,76,2026-05-09 06:01:28,338.65,204,POST,3309.04,25.83,14.29,1,No Error,Us-West-2,False,Moderate
962,205,2026-05-16 13:54:23,236.21,201,DELETE,10.99,18.13,41.12,1,No Error,Us-West-2,False,Moderate
963,197,2026-05-08 04:00:10,420.15,204,PATCH,3538.432,5.14,37.14,1,No Error,Ap-Southeast-1,False,Moderate
964,11,2026-05-08 23:56:28,6998.08,503,POST,311.09,94.44,91.15,2,Service Unavailable: Downstream database connection pool timeout,Us-East-1,True,Slow
965,164,2026-05-13 05:06:57,354.89,200,POST,2626.478,1.8,36.28,1,No Error,Us-East-1,False,Moderate
966,155,2026-05-11 10:58:20,19.53,200,POST,1314.267,11.24,41.58,2,No Error,Ap-Southeast-1,False,Fast
967,73,2026-05-18 03:39:21,119.09,204,DELETE,11.568,32.3,15.28,1,No Error,Eu-West-1,False,Fast
968,110,2026-05-22 01:13:14,10052.16,504,PATCH,1439.594,94.0,91.2,1,Gateway Timeout: Upstream microservice failed to respond within 15000ms,Ap-Southeast-1,True,Slow
969,171,2026-05-05 14:10:39,233.54,200,POST,1528.229,23.68,13.63,1,No Error,Eu-West-1,False,Moderate
970,100,2026-05-25 09:35:48,338.8,200,POST,3528.834,29.51,45.6,1,No Error,Sa-East-1,False,Moderate
971,239,2026-05-02 19:04:37,5250.74,503,PUT,1483.064,98.81,92.02,1,Service Unavailable: Downstream database connection pool timeout,Us-East-1,True,Slow
972,104,2026-05-12 03:24:31,368.28,200,GET,3.535,38.27,21.76,1,No Error,Ap-Southeast-1,False,Moderate
973,194,2026-05-23 13:47:43,281.26,400,PATCH,282.779,30.57,67.51,1,No Error,Sa-East-1,True,Moderate
974,230,2026-05-10 12:51:21,99999.99,400,PATCH,1964.983,17.42,0.0,1,No Error,Sa-East-1,True,Slow
975,197,2026-05-19 01:18:46,294.51,204,GET,11.359,21.95,41.06,2,No Error,Us-East-1,False,Moderate
976,239,2026-05-01 10:59:43,99999.99,200,GET,5.129,17.42,29.34,1,No Error,Us-West-2,False,Slow
977,62,2026-05-08 06:35:41,422.58,204,POST,2330.059,31.42,21.61,1,No Error,Us-East-1,False,Moderate
978,248,2026-05-21 19:43:52,20.62,201,DELETE,1.793,15.28,15.33,1,No Error,Us-East-1,False,Fast
979,6,2026-05-20 08:55:12,337.86,200,PUT,517.31,23.15,18.48,2,No Error,Eu-West-1,False,Moderate
980,232,2026-05-13 02:55:57,260.63,200,DELETE,9.727,9.91,51.23,1,No Error,Eu-West-1,False,Moderate
981,167,2026-05-10 14:27:12,222.57,200,POST,1328.83,25.25,12.8,1,No Error,Us-East-1,False,Moderate
982,71,2026-05-22 03:34:54,53.21,404,POST,1633.59,1.82,10.98,2,Resource Not Found: Endpoint entity collection does not exist,Ap-Southeast-1,True,Fast
983,16,2026-05-21 19:02:49,301.6,204,GET,4.503,10.98,50.5,1,No Error,Ap-Southeast-1,False,Moderate
984,248,2026-05-22 06:09:03,316.26,201,PATCH,2039.463,29.84,17.16,1,No Error,Ap-Southeast-1,False,Moderate
985,57,2026-05-04 06:52:39,99999.99,200,GET,7.95,165.4,0.0,1,No Error,Eu-West-1,False,Slow
986,178,2026-05-11 20:59:13,370.24,201,GET,6.254,38.44,32.13,1,No Error,Sa-East-1,False,Moderate
987,117,2026-05-13 02:33:57,48.94,200,DELETE,10.713,1.05,13.8,1,No Error,Ap-Southeast-1,False,Fast
988,162,2026-05-24 03:59:52,164.91,200,POST,2114.462,7.68,44.46,1,No Error,Sa-East-1,False,Fast
989,216,2026-05-08 15:12:59,337.84,201,DELETE,0.55,1.98,45.72,2,No Error,Eu-West-1,False,Moderate
990,203,2026-05-12 07:55:01,58.7,200,PUT,2826.938,29.76,32.55,1,No Error,Eu-West-1,False,Fast
991,108,2026-05-04 09:36:34,79.26,400,PUT,1319.11,4.2,24.68,1,Bad Request: Invalid JSON payload structure,Us-West-2,True,Fast
992,219,2026-05-15 16:50:49,51.19,401,GET,8.234,5.34,16.54,1,Unauthorized: Signature mismatch or expired bearer token,Ap-Southeast-1,True,Fast
993,128,2026-05-18 10:07:49,99999.99,400,GET,4.245,165.4,29.34,1,No Error,Us-East-1,True,Slow
994,133,2026-05-07 05:19:34,82.37,200,POST,2228.709,8.28,30.66,2,No Error,Us-East-1,False,Fast
995,222,2026-05-17 03:43:25,202.63,204,POST,2846.393,12.97,32.61,1,No Error,Us-West-2,False,Moderate
996,65,2026-05-17 08:28:06,87.7,400,PATCH,3732.922,1.92,12.46,1,Bad Request: Invalid JSON payload structure,Us-East-1,True,Fast
997,14,2026-05-04 11:44:39,342.69,200,DELETE,11.884,28.44,16.17,1,No Error,Us-East-1,False,Moderate
998,167,2026-05-15 15:42:52,293.84,204,DELETE,0.428,3.37,31.47,2,No Error,Sa-East-1,False,Moderate
999,208,2026-05-23 21:13:36,25424.93,500,PATCH,3062.832,93.54,88.6,1,Internal Server Error: NullPointerException in controller execution layer,Us-West-2,True,Slow
1000,209,2026-05-23 21:43:21,315.07,201,GET,2.102,32.12,19.24,5,No Error,Us-West-2,False,Moderate
1001,236,2026-05-01 04:22:12,292.56,204,DELETE,7.929,10.89,13.64,1,No Error,Sa-East-1,False,Moderate
1002,234,2026-05-15 05:16:15,6.96,401,DELETE,7.25,4.18,11.21,1,Unauthorized: Signature mismatch or expired bearer token,Sa-East-1,True,Fast
1003,72,2026-05-02 11:41:17,323.9,200,DELETE,0.936,38.02,36.32,1,No Error,Us-East-1,False,Moderate
1004,115,2026-05-13 19:06:44,14235.36,500,GET,1.079,95.0,96.51,2,Internal Server Error: NullPointerException in controller execution layer,Eu-West-1,True,Slow
1005,157,2026-05-10 08:30:22,371.11,201,PUT,2189.97,31.22,29.14,1,No Error,Sa-East-1,False,Moderate
1006,232,2026-05-07 07:15:07,135.26,200,PATCH,3877.736,14.73,51.13,1,No Error,Us-West-2,False,Fast
1007,219,2026-05-02 14:55:07,387.2,201,PUT,186.79,28.19,51.52,1,No Error,Eu-West-1,False,Moderate
1008,250,2026-05-20 23:32:36,37.7,500,DELETE,7.958,9.13,20.43,1,    CRITICAL_TELEMETRY_DROP_OUT,Ap-Southeast-1,True,Fast
1009,227,2026-05-03 00:48:22,145.91,201,GET,9.979,11.58,39.41,1,No Error,Us-East-1,False,Fast
1010,54,2026-05-03 11:33:25,76.3,204,POST,783.81,25.75,16.23,1,No Error,Us-East-1,False,Fast
1011,222,2026-05-22 23:12:44,424.53,200,PUT,1037.092,26.14,42.03,1,No Error,Ap-Southeast-1,False,Moderate
1012,219,2026-05-23 00:04:32,206.87,200,DELETE,10.22,5.92,38.71,2,No Error,Us-West-2,False,Moderate
1013,192,2026-05-24 16:25:46,278.04,200,DELETE,5.313,28.57,51.61,1,No Error,Us-East-1,False,Moderate
1014,47,2026-05-24 06:30:23,63.12,200,DELETE,2.923,19.97,34.24,1,No Error,Sa-East-1,False,Fast
1015,250,2026-05-20 15:41:41,-1.0,200,PUT,3747.886,-99.0,-1.0,1,No Error,Eu-West-1,False,Fast
1016,211,2026-05-22 16:35:54,86.46,204,DELETE,8.724,25.36,15.5,1,No Error,Sa-East-1,False,Fast
1017,204,2026-05-07 10:27:34,99999.99,400,POST,2777.509,165.4,29.34,1,No Error,Eu-West-1,True,Slow
1018,50,2026-05-17 00:17:01,363.92,200,GET,0.602,6.52,22.13,1,No Error,Sa-East-1,False,Moderate
1019,37,2026-05-19 02:50:36,81.92,200,PUT,2990.666,37.92,38.88,1,No Error,Us-East-1,False,Fast
1020,245,2026-05-25 18:20:32,426.97,200,DELETE,11.267,21.61,27.43,1,No Error,Eu-West-1,False,Moderate
1021,150,2026-05-04 02:13:42,80.69,400,DELETE,6.348,11.5,22.02,1,Bad Request: Invalid JSON payload structure,Ap-Southeast-1,True,Fast
1022,221,2026-05-23 11:56:59,317.68,204,GET,5.924,10.16,25.9,1,No Error,Ap-Southeast-1,False,Moderate
1023,64,2026-05-07 08:53:19,12605.54,504,GET,1.757,92.29,91.25,1,Gateway Timeout: Upstream microservice failed to respond within 15000ms,Eu-West-1,True,Slow
1024,120,2026-05-01 03:08:17,547.37,200,POST,2554.849,35.76,47.26,1,No Error,Sa-East-1,False,Slow
1025,104,2026-05-02 22:55:39,71.63,200,PUT,3673.272,31.02,34.59,1,No Error,Us-West-2,False,Fast
1026,137,2026-05-19 09:17:32,23.36,400,DELETE,7.395,11.29,10.45,1,Bad Request: Invalid JSON payload structure,Us-East-1,True,Fast
1027,189,2026-05-22 07:46:11,200.385,500,POST,1890.105,-99.0,-1.0,1,CRITICAL_TELEMETRY_DROP_OUT,Eu-West-1,True,Moderate
1028,100,2026-05-25 20:53:24,393.87,200,PUT,2605.609,33.93,17.28,1,No Error,Eu-West-1,False,Moderate
1029,225,2026-05-23 19:01:08,343.02,204,PUT,2084.452,3.09,29.6,2,No Error,Ap-Southeast-1,False,Moderate
1030,29,2026-05-10 03:52:03,27.24,200,PATCH,1818.324,20.57,25.02,1,No Error,Sa-East-1,False,Fast
1031,102,2026-05-18 16:04:12,418.74,200,DELETE,5.529,2.53,30.06,1,No Error,Eu-West-1,False,Moderate
1032,55,2026-05-12 16:11:13,199.21,204,PUT,2608.252,24.21,23.7,1,No Error,Sa-East-1,False,Fast
1033,101,2026-05-01 03:08:17,320.2,200,GET,1.757,39.76,74.58,1,No Error,Us-East-1,False,Moderate
1034,176,2026-05-22 00:00:35,26.91,201,PUT,3823.4,9.57,22.29,1,No Error,Us-West-2,False,Fast
1035,204,2026-05-08 18:30:03,336.16,200,GET,8.272,25.08,50.91,1,No Error,Ap-Southeast-1,False,Moderate
1036,6,2026-05-11 14:46:06,380.56,201,GET,11.186,13.61,32.51,2,No Error,Eu-West-1,False,Moderate
1037,95,2026-05-12 06:13:56,394.31,201,PUT,3840.105,30.45,31.91,1,No Error,Sa-East-1,False,Moderate
1038,51,2026-05-06 06:43:40,84.53,400,PUT,448.54,7.66,29.36,1,Bad Request: Invalid JSON payload structure,Eu-West-1,True,Fast
1039,190,2026-05-12 14:57:28,362.38,204,POST,1085.439,29.79,33.49,1,No Error,Ap-Southeast-1,False,Moderate
1040,206,2026-05-24 13:46:03,60.17,401,POST,2908.597,5.58,29.17,1,Unauthorized: Signature mismatch or expired bearer token,Us-West-2,True,Fast
1041,239,2026-05-19 12:28:48,359.82,200,PATCH,3664.695,30.94,26.5,1,No Error,Us-West-2,False,Moderate
1042,75,2026-05-22 20:54:19,206.99,200,GET,1.527,12.74,16.56,1,No Error,Us-West-2,False,Moderate
1043,121,2026-05-19 04:22:12,323.43,201,PUT,77.911,12.71,29.34,1,No Error,Sa-East-1,False,Moderate
1044,133,2026-05-08 09:07:52,79.59,204,DELETE,4.737,26.17,36.33,5,No Error,Us-East-1,False,Fast
1045,2,2026-05-19 00:56:30,208.29,200,PATCH,2959.109,28.35,41.82,1,No Error,Eu-West-1,False,Moderate
1046,93,2026-05-21 06:32:15,194.34,200,PATCH,3477.785,12.73,44.03,1,No Error,Sa-East-1,False,Fast
1047,115,2026-05-24 12:25:00,73.35,204,POST,1082.793,2.7,44.04,1,No Error,Us-West-2,False,Fast
1048,113,2026-05-21 00:05:45,7836.82,500,GET,5.611,99.22,95.8,1,Internal Server Error: NullPointerException in controller execution layer,Ap-Southeast-1,True,Slow
1049,250,2026-05-04 17:56:14,373.36,204,DELETE,3.511,28.43,14.61,1,No Error,Us-West-2,False,Moderate
1050,167,2026-05-10 02:01:55,257.68,201,DELETE,8.417,24.61,25.76,1,No Error,Eu-West-1,False,Moderate
1051,75,2026-05-01 03:08:17,111.08,500,PATCH,3702.906,22.37,75.0,1,CRITICAL_TELEMETRY_DROP_OUT,Us-West-2,True,Fast
1052,220,2026-05-14 05:52:48,170.48,200,PUT,390.709,50.89,57.18,1,No Error,Eu-West-1,False,Fast
1053,232,2026-05-19 12:02:52,17.94,403,DELETE,3.608,0.26,18.77,1,Forbidden: Client lacks required read/write scopes,Us-East-1,True,Fast
1054,88,2026-05-13 07:44:44,56.24,204,DELETE,12.046,21.49,42.32,1,No Error,Sa-East-1,False,Fast
1055,38,2026-05-01 17:35:11,10.91,429,GET,1.757,8.49,14.54,1,Rate Limit Exceeded: Threshold of 100 req/sec breached,Us-West-2,True,Fast
1056,16,2026-05-09 20:41:47,44.13,404,DELETE,6.677,6.03,14.09,2,Resource Not Found: Endpoint entity collection does not exist,Us-East-1,True,Fast
1057,97,2026-05-21 08:38:17,38.24,201,PUT,961.276,27.73,50.24,1,No Error,Eu-West-1,False,Fast
1058,138,2026-05-12 23:46:03,8.31,200,PATCH,2157.728,5.95,21.03,1,No Error,Us-East-1,False,Fast
1059,203,2026-05-12 17:43:13,72.15,429,PUT,1175.532,6.72,12.3,1,Rate Limit Exceeded: Threshold of 100 req/sec breached,Sa-East-1,True,Fast
1060,132,2026-05-08 14:23:46,219.18,200,PATCH,2542.091,30.72,33.63,1,No Error,Sa-East-1,False,Moderate
1061,99,2026-05-25 01:11:03,142.62,204,POST,3273.189,32.46,44.98,1,No Error,Us-East-1,False,Fast
1062,160,2026-05-02 09:10:11,28.35,201,PATCH,1169.02,12.52,19.58,1,No Error,Eu-West-1,False,Fast
1063,11,2026-05-16 17:19:06,132.05,204,POST,2923.14,23.2,13.23,1,No Error,Us-West-2,False,Fast
1064,216,2026-05-05 12:41:00,379.06,204,DELETE,8.092,10.9,40.43,1,No Error,Ap-Southeast-1,False,Moderate
1065,194,2026-05-17 07:31:00,27.22,201,POST,840.345,37.55,33.95,1,No Error,Us-East-1,False,Fast
1066,152,2026-05-19 05:05:31,61.3,204,PUT,1262.081,14.18,21.83,5,No Error,Us-East-1,False,Fast
1067,206,2026-05-22 05:58:49,399.57,201,POST,825.922,23.2,36.2,2,No Error,Sa-East-1,False,Moderate
1068,97,2026-05-12 18:49:50,68.49,201,PATCH,3578.513,31.93,20.18,1,No Error,Eu-West-1,False,Fast
1069,145,2026-05-11 11:40:22,49.7,200,DELETE,0.171,20.67,19.77,1,No Error,Sa-East-1,False,Fast
1070,236,2026-05-10 00:17:10,40.99,204,PATCH,2383.925,11.78,14.56,1,No Error,Eu-West-1,False,Fast
1071,239,2026-05-24 04:12:49,266.06,200,DELETE,0.141,30.39,45.14,1,No Error,Sa-East-1,False,Moderate
1072,200,2026-05-03 11:31:02,40.54,200,GET,1.567,10.03,36.54,1,No Error,Ap-Southeast-1,False,Fast
1073,246,2026-05-25 13:12:35,147.34,200,PATCH,1062.599,4.4,20.18,2,No Error,Us-West-2,False,Fast
1074,192,2026-05-01 03:08:17,375.39,200,DELETE,3.841,35.91,67.42,1,No Error,Us-West-2,False,Moderate
1075,8,2026-05-03 06:53:06,101.24,200,GET,4.88,13.25,18.38,1,No Error,Sa-East-1,False,Fast
1076,136,2026-05-11 09:46:19,6392.32,503,POST,3250.036,98.08,98.96,1,Service Unavailable: Downstream database connection pool timeout,Eu-West-1,True,Slow
1077,204,2026-05-05 05:16:59,62.02,429,GET,1.774,6.5,11.56,1,Rate Limit Exceeded: Threshold of 100 req/sec breached,Eu-West-1,True,Fast
1078,36,2026-05-02 15:38:04,25.23,200,DELETE,10.265,8.03,31.74,1,No Error,Eu-West-1,False,Fast
1079,61,2026-05-17 16:46:08,66.92,429,GET,11.37,2.76,15.61,1,Rate Limit Exceeded: Threshold of 100 req/sec breached,Ap-Southeast-1,True,Fast
1080,90,2026-05-11 00:58:44,138.8,200,GET,6.677,18.25,21.86,1,No Error,Eu-West-1,False,Fast
1081,109,2026-05-10 04:52:11,-1.0,500,PATCH,3316.093,17.42,0.0,2,CRITICAL_TELEMETRY_DROP_OUT,Us-West-2,True,Fast
1082,228,2026-05-03 01:33:27,305.18,200,PUT,1610.517,2.95,25.39,1,No Error,Sa-East-1,False,Moderate
1083,168,2026-05-14 19:06:35,196.8,204,DELETE,7.156,35.6,17.07,1,No Error,Us-East-1,False,Fast
1084,206,2026-05-17 17:42:51,290.85,200,DELETE,10.298,33.12,20.52,1,No Error,Eu-West-1,False,Moderate
1085,203,2026-05-24 16:03:04,99999.99,200,DELETE,10.151,17.42,0.0,1,No Error,Sa-East-1,False,Slow
1086,200,2026-05-13 18:46:58,-1.0,200,PATCH,3433.126,165.4,0.0,1,No Error,Us-East-1,False,Fast
1087,23,2026-05-06 02:36:47,47.69,400,DELETE,1.773,0.71,19.44,12,Bad Request: Invalid JSON payload structure,Ap-Southeast-1,True,Fast
1088,119,2026-05-05 16:59:08,94.34,204,GET,11.396,13.86,44.48,1,No Error,Us-East-1,False,Fast
1089,239,2026-05-12 05:50:36,96.17,200,GET,11.368,29.81,34.16,1,No Error,Ap-Southeast-1,False,Fast
1090,30,2026-05-02 22:47:56,18664.61,504,PATCH,438.202,93.99,98.58,1,Gateway Timeout: Upstream microservice failed to respond within 15000ms,Eu-West-1,True,Slow
1091,172,2026-05-09 20:09:15,187.87,201,DELETE,3.912,2.21,51.76,2,No Error,Sa-East-1,False,Fast
1092,134,2026-05-03 13:46:30,59.07,400,GET,3.659,9.32,17.26,1,Bad Request: Invalid JSON payload structure,Sa-East-1,True,Fast
1093,84,2026-05-22 07:23:17,181.12,200,PATCH,2719.848,8.07,12.71,1,No Error,Eu-West-1,False,Fast
1094,196,2026-05-06 07:18:04,200.385,200,GET,10.641,-99.0,-1.0,1,No Error,Us-West-2,False,Moderate
1095,185,2026-05-05 04:23:27,45.22,200,POST,1813.706,10.77,36.66,1,No Error,Us-West-2,False,Fast
1096,142,2026-05-05 15:55:32,44.91,200,PATCH,137.271,23.17,36.22,2,No Error,Us-West-2,False,Fast
1097,210,2026-05-21 17:53:59,81.83,404,PUT,303.654,11.78,13.61,1,Resource Not Found: Endpoint entity collection does not exist,Sa-East-1,True,Fast
1098,182,2026-05-05 20:05:21,196.86,200,PATCH,2100.772,27.49,20.93,1,No Error,Eu-West-1,False,Fast
1099,89,2026-05-18 01:55:12,10.43,404,DELETE,1.121,3.08,23.87,12,Resource Not Found: Endpoint entity collection does not exist,Sa-East-1,True,Fast
1100,126,2026-05-20 06:03:21,200.385,400,POST,2304.938,17.42,-1.0,1,No Error,Eu-West-1,True,Moderate
1101,231,2026-05-25 02:02:12,23645.75,504,PATCH,2541.555,93.31,92.16,1,Gateway Timeout: Upstream microservice failed to respond within 15000ms,Us-East-1,True,Slow
1102,115,2026-05-18 14:27:59,351.3,201,PUT,2148.935,11.72,24.86,1,No Error,Eu-West-1,False,Moderate
1103,249,2026-05-23 22:05:12,429.67,201,PATCH,193.05,2.56,18.63,1,No Error,Sa-East-1,False,Moderate
1104,239,2026-05-21 21:38:58,19710.16,503,DELETE,4.435,93.17,96.49,1,Service Unavailable: Downstream database connection pool timeout,Eu-West-1,True,Slow
1105,244,2026-05-11 04:08:51,25.18,204,PUT,4059.107,35.67,27.94,1,No Error,Us-West-2,False,Fast
1106,242,2026-05-24 06:01:20,134.18,200,POST,829.271,4.2,21.07,1,No Error,Us-West-2,False,Fast
1107,88,2026-05-02 16:45:57,359.77,200,PUT,1571.903,35.16,47.87,1,No Error,Us-West-2,False,Moderate
1108,76,2026-05-21 02:15:43,55.43,204,PATCH,3560.019,11.14,46.69,1,No Error,Sa-East-1,False,Fast
1109,209,2026-05-06 16:03:27,200.385,200,GET,2.154,17.42,-1.0,1,No Error,Eu-West-1,False,Moderate
1110,175,2026-05-21 19:32:39,200.385,400,DELETE,5.686,165.4,-1.0,1,No Error,Ap-Southeast-1,True,Moderate
1111,52,2026-05-02 10:12:29,201.08,200,DELETE,6.104,34.62,32.22,1,No Error,Ap-Southeast-1,False,Moderate
1112,60,2026-05-23 08:46:16,222.2,400,GET,10.616,37.6,60.68,1,No Error,Us-East-1,True,Moderate
1113,202,2026-05-09 08:34:08,99999.99,400,PUT,3889.274,17.42,0.0,1,No Error,Us-East-1,True,Slow
1114,62,2026-05-08 17:44:42,72.5,201,DELETE,4.599,4.84,36.54,2,No Error,Eu-West-1,False,Fast
1115,89,2026-05-14 01:21:56,162.49,201,PUT,3028.37,30.22,40.09,1,No Error,Ap-Southeast-1,False,Fast
1116,9,2026-05-24 19:19:28,388.92,200,PATCH,977.867,26.05,43.67,1,No Error,Us-East-1,False,Moderate
1117,167,2026-05-08 05:18:43,35.01,204,POST,1097.1,1.43,29.15,1,No Error,Ap-Southeast-1,False,Fast
1118,22,2026-05-20 11:52:14,210.92,200,PUT,1854.178,17.65,14.47,1,No Error,Us-East-1,False,Moderate
1119,9,2026-05-19 08:05:22,267.26,200,PUT,624.875,30.37,43.56,1,No Error,Ap-Southeast-1,False,Moderate
1120,243,2026-05-10 06:16:43,176.96,200,POST,3997.608,8.85,43.73,12,No Error,Us-East-1,False,Fast
1121,124,2026-05-20 16:17:20,25039.75,503,PATCH,1757.345,92.0,93.36,1,Service Unavailable: Downstream database connection pool timeout,Sa-East-1,True,Slow
1122,5,2026-05-24 16:33:17,446.83,204,PATCH,331.016,4.43,42.53,1,No Error,Sa-East-1,False,Moderate
1123,57,2026-05-08 01:26:46,438.49,204,DELETE,2.395,22.17,33.79,1,No Error,Ap-Southeast-1,False,Moderate
1124,62,2026-05-19 00:11:00,336.74,201,DELETE,3.554,16.52,47.27,1,No Error,Us-East-1,False,Moderate
1125,12,2026-05-19 21:06:03,132.49,204,GET,12.038,5.98,45.47,1,No Error,Eu-West-1,False,Fast
1126,156,2026-05-19 04:40:20,78.28,200,PATCH,1426.269,19.78,15.4,1,No Error,Ap-Southeast-1,False,Fast
1127,183,2026-05-02 16:43:26,239.28,201,POST,2503.791,25.12,27.0,1,No Error,Eu-West-1,False,Moderate
1128,212,2026-05-14 23:45:32,240.39,200,POST,2023.754,32.96,17.74,1,No Error,Us-East-1,False,Moderate
1129,148,2026-05-11 01:25:39,141.28,204,PUT,1062.323,14.07,40.27,1,No Error,Sa-East-1,False,Fast
1130,206,2026-05-24 17:39:14,68.33,403,GET,6.248,0.35,20.32,1,Forbidden: Client lacks required read/write scopes,Ap-Southeast-1,True,Fast
1131,42,2026-05-12 16:01:50,311.37,200,GET,2.379,14.48,38.5,2,No Error,Sa-East-1,False,Moderate
1132,164,2026-05-14 04:53:50,446.15,200,POST,4038.848,10.62,35.24,1,No Error,Ap-Southeast-1,False,Moderate
1133,50,2026-05-08 15:21:57,399.31,204,PATCH,1411.406,10.21,17.57,1,No Error,Us-East-1,False,Moderate
1134,213,2026-05-09 00:37:37,264.38,200,DELETE,0.164,32.03,40.43,1,No Error,Us-East-1,False,Moderate
1135,23,2026-05-19 22:12:58,195.43,200,PATCH,1007.557,9.27,23.21,2,No Error,Sa-East-1,False,Fast
1136,81,2026-05-19 06:11:09,320.89,200,GET,8.274,23.99,25.38,1,No Error,Ap-Southeast-1,False,Moderate
1137,91,2026-05-14 23:15:51,348.3,204,PATCH,2772.416,16.61,16.72,1,No Error,Us-West-2,False,Moderate
1138,183,2026-05-19 19:50:54,348.38,200,PUT,2173.626,28.92,42.62,5,No Error,Eu-West-1,False,Moderate
1139,137,2026-05-15 05:34:26,96.81,200,DELETE,3.25,1.31,34.91,2,No Error,Sa-East-1,False,Fast
1140,202,2026-05-14 02:41:15,326.23,200,PUT,2924.126,32.82,43.68,1,No Error,Ap-Southeast-1,False,Moderate
1141,4,2026-05-11 08:34:02,309.91,204,GET,0.877,10.44,34.1,1,No Error,Ap-Southeast-1,False,Moderate
1142,209,2026-05-24 11:37:31,120.88,200,PUT,3077.126,36.56,18.89,1,No Error,Eu-West-1,False,Fast
1143,121,2026-05-08 17:42:34,273.89,200,PATCH,234.154,1.9,23.82,1,No Error,Sa-East-1,False,Moderate
1144,127,2026-05-04 10:29:36,268.68,201,PUT,2936.733,33.86,49.89,1,No Error,Ap-Southeast-1,False,Moderate
1145,109,2026-05-24 02:19:38,259.3,200,PATCH,170.89,37.31,33.47,1,No Error,Us-West-2,False,Moderate
1146,76,2026-05-19 11:43:52,79.89,200,GET,7.982,3.21,41.07,1,No Error,Sa-East-1,False,Fast
1147,64,2026-05-02 19:32:35,441.25,200,GET,2.851,4.77,36.27,1,No Error,Sa-East-1,False,Moderate
1148,119,2026-05-12 01:44:09,200.66,201,PATCH,3327.36,21.02,27.24,1,No Error,Ap-Southeast-1,False,Moderate
1149,45,2026-05-25 14:25:14,22624.54,504,POST,1079.977,90.28,99.34,1,Gateway Timeout: Upstream microservice failed to respond within 15000ms,Sa-East-1,True,Slow
1150,197,2026-05-22 15:20:38,447.94,201,DELETE,4.671,24.34,17.43,2,No Error,Us-West-2,False,Moderate
1151,108,2026-05-03 00:46:05,237.71,201,POST,480.361,10.2,13.97,1,No Error,Sa-East-1,False,Moderate
1152,27,2026-05-10 09:33:25,4.27,404,POST,2080.13,9.72,14.7,1,Resource Not Found: Endpoint entity collection does not exist,Us-West-2,True,Fast
1153,155,2026-05-12 23:02:39,323.58,200,PATCH,620.746,3.47,42.91,1,No Error,Us-East-1,False,Moderate
1154,138,2026-05-01 23:27:55,252.5,200,PATCH,1182.124,36.68,43.84,1,No Error,Us-West-2,False,Moderate
1155,65,2026-05-06 05:29:56,224.8,204,DELETE,3.612,18.99,20.14,1,No Error,Ap-Southeast-1,False,Moderate
1156,160,2026-05-18 00:58:16,80.25,400,PUT,1258.479,1.16,21.4,1,Bad Request: Invalid JSON payload structure,Ap-Southeast-1,True,Fast
1157,205,2026-05-10 10:24:24,182.35,200,PUT,2609.32,23.59,19.15,1,No Error,Ap-Southeast-1,False,Fast
1158,146,2026-05-22 14:20:44,228.62,200,GET,7.62,35.24,48.08,1,No Error,Ap-Southeast-1,False,Moderate
1159,128,2026-05-16 05:05:59,267.1,200,PATCH,3813.053,30.57,51.55,2,No Error,Ap-Southeast-1,False,Moderate
1160,100,2026-05-14 23:29:44,354.23,200,GET,9.486,23.28,37.37,5,No Error,Us-West-2,False,Moderate
1161,88,2026-05-04 01:23:36,54.21,204,GET,7.756,31.97,44.84,1,No Error,Sa-East-1,False,Fast
1162,47,2026-05-03 05:52:18,152.73,201,PATCH,3339.381,37.9,49.77,2,No Error,Eu-West-1,False,Fast
1163,86,2026-05-22 17:09:45,75.91,201,POST,3632.074,1.79,14.77,12,No Error,Ap-Southeast-1,False,Fast
1164,99,2026-05-10 23:32:28,-1.0,200,PATCH,3605.097,165.4,-1.0,2,No Error,Sa-East-1,False,Fast
1165,248,2026-05-08 05:51:35,83.15,429,GET,11.842,10.99,16.45,1,Rate Limit Exceeded: Threshold of 100 req/sec breached,Us-East-1,True,Fast
1166,186,2026-05-02 04:04:05,76.06,403,DELETE,0.291,8.73,26.55,1,Forbidden: Client lacks required read/write scopes,Ap-Southeast-1,True,Fast
1167,156,2026-05-07 00:24:18,22.74,200,GET,8.983,34.09,13.39,1,No Error,Us-West-2,False,Fast
1168,51,2026-05-05 08:26:37,-1.0,500,PUT,371.328,-99.0,29.34,1,CRITICAL_TELEMETRY_DROP_OUT,Ap-Southeast-1,True,Fast
1169,34,2026-05-21 22:35:42,401.01,200,DELETE,7.397,11.75,26.43,1,No Error,Sa-East-1,False,Moderate
1170,1,2026-05-05 23:28:45,15.93,401,PATCH,2419.345,8.22,17.83,1,Unauthorized: Signature mismatch or expired bearer token,Sa-East-1,True,Fast
1171,44,2026-05-19 19:57:23,24.14,401,POST,1354.712,4.81,23.05,1,Unauthorized: Signature mismatch or expired bearer token,Sa-East-1,True,Fast
1172,76,2026-05-20 00:21:30,136.6,200,GET,6.134,8.91,44.3,1,No Error,Eu-West-1,False,Fast
1173,231,2026-05-20 20:29:30,235.02,200,PATCH,3217.288,26.76,32.55,1,No Error,Eu-West-1,False,Moderate
1174,171,2026-05-16 17:45:45,589.47,400,GET,12.202,17.62,40.3,5,No Error,Us-East-1,True,Slow
1175,173,2026-05-03 16:47:35,196.03,204,DELETE,6.445,16.51,14.97,1,No Error,Ap-Southeast-1,False,Fast
1176,208,2026-05-10 11:25:15,9111.93,503,PUT,1072.252,90.37,89.96,1,Service Unavailable: Downstream database connection pool timeout,Eu-West-1,True,Slow
1177,36,2026-05-06 07:46:15,44.32,404,PUT,688.374,1.04,9.56,1,Resource Not Found: Endpoint entity collection does not exist,Eu-West-1,True,Fast
1178,124,2026-05-09 19:12:50,176.39,200,PATCH,2513.158,10.92,25.88,1,No Error,Us-West-2,False,Fast
1179,105,2026-05-09 15:50:37,25924.94,500,PATCH,3062.325,95.17,98.84,2,Internal Server Error: NullPointerException in controller execution layer,Eu-West-1,True,Slow
1180,13,2026-05-21 04:42:19,296.52,200,POST,2617.984,9.62,16.59,2,No Error,Sa-East-1,False,Moderate
1181,172,2026-05-23 23:51:21,62.68,201,PATCH,1197.634,8.66,12.36,1,No Error,Ap-Southeast-1,False,Fast
1182,34,2026-05-18 06:21:50,13.38,201,PATCH,1518.937,13.79,21.47,1,No Error,Sa-East-1,False,Fast
1183,70,2026-05-08 21:48:28,379.31,204,GET,1.639,25.48,36.18,1,No Error,Ap-Southeast-1,False,Moderate
1184,250,2026-05-16 07:03:39,136.6,204,GET,3.367,36.88,29.78,1,No Error,Sa-East-1,False,Fast
1185,233,2026-05-23 08:28:37,78.49,401,DELETE,4.816,7.48,9.2,1,Unauthorized: Signature mismatch or expired bearer token,Us-West-2,True,Fast
1186,127,2026-05-12 22:55:00,406.29,201,GET,10.193,23.37,24.12,1,No Error,Us-East-1,False,Moderate
1187,234,2026-05-05 07:21:51,153.99,200,POST,3595.462,22.68,37.05,1,No Error,Sa-East-1,False,Fast
1188,37,2026-05-07 06:58:38,90.66,403,DELETE,7.709,3.56,24.28,1,Forbidden: Client lacks required read/write scopes,Us-West-2,True,Fast
1189,105,2026-05-18 19:15:58,287.09,201,POST,2376.001,1.34,52.24,1,No Error,Eu-West-1,False,Moderate
1190,149,2026-05-02 12:41:58,353.72,200,GET,12.136,14.88,24.55,1,No Error,Us-West-2,False,Moderate
1191,164,2026-05-20 10:32:08,308.97,201,PATCH,2259.347,5.74,38.89,1,No Error,Us-West-2,False,Moderate
1192,18,2026-05-24 05:29:16,369.9,200,POST,2340.387,32.51,25.55,1,No Error,Eu-West-1,False,Moderate
1193,139,2026-05-13 15:36:42,444.63,200,PUT,1948.713,24.72,49.31,1,No Error,Ap-Southeast-1,False,Moderate
1194,204,2026-05-10 13:43:36,116.24,201,PATCH,2855.088,5.84,43.44,1,No Error,Eu-West-1,False,Fast
1195,42,2026-05-05 02:05:45,16427.47,504,DELETE,3.131,93.88,98.99,1,Gateway Timeout: Upstream microservice failed to respond within 15000ms,Eu-West-1,True,Slow
1196,193,2026-05-12 16:22:57,15.88,201,GET,0.909,34.99,51.42,2,No Error,Us-East-1,False,Fast
1197,139,2026-05-08 07:39:16,59.9,401,PUT,2074.532,4.9,9.59,1,Unauthorized: Signature mismatch or expired bearer token,Eu-West-1,True,Fast
1198,149,2026-05-12 12:26:39,328.59,204,DELETE,9.544,21.53,16.36,2,No Error,Ap-Southeast-1,False,Moderate
1199,152,2026-05-08 00:07:23,90.6,200,PATCH,175.074,37.72,51.19,2,No Error,Sa-East-1,False,Fast
1200,97,2026-05-06 02:15:31,314.09,200,GET,8.837,5.73,12.29,1,No Error,Sa-East-1,False,Moderate
1201,2,2026-05-03 10:07:33,397.98,204,DELETE,3.548,1.73,21.54,1,No Error,Eu-West-1,False,Moderate
1202,193,2026-05-18 22:08:28,113.2,201,POST,1899.431,29.62,49.31,1,No Error,Ap-Southeast-1,False,Fast
1203,38,2026-05-13 03:26:48,29.41,200,DELETE,5.919,8.81,14.81,1,No Error,Sa-East-1,False,Fast
1204,103,2026-05-21 16:24:36,200.385,400,DELETE,0.35,165.4,0.0,1,No Error,Us-West-2,True,Moderate
1205,103,2026-05-03 06:18:35,304.22,200,PATCH,2398.873,33.04,48.96,1,No Error,Us-East-1,False,Moderate
1206,24,2026-05-15 20:33:06,105.16,200,GET,9.224,8.38,23.35,1,No Error,Us-East-1,False,Fast
1207,59,2026-05-18 02:22:40,126.16,204,PATCH,3627.91,11.88,22.64,1,No Error,Ap-Southeast-1,False,Fast
1208,124,2026-05-13 20:27:52,53.91,204,PATCH,3255.539,9.33,22.7,1,No Error,Us-West-2,False,Fast
1209,97,2026-05-09 16:07:40,34.93,500,DELETE,0.959,8.02,19.42,1,    CRITICAL_TELEMETRY_DROP_OUT,Ap-Southeast-1,True,Fast
1210,1,2026-05-13 22:09:40,408.04,201,POST,1548.91,13.74,41.61,1,No Error,Sa-East-1,False,Moderate
1211,143,2026-05-23 22:54:15,19.65,404,GET,10.134,6.15,23.2,1,Resource Not Found: Endpoint entity collection does not exist,Eu-West-1,True,Fast
1212,82,2026-05-19 06:52:52,12919.87,503,DELETE,7.551,97.65,98.62,1,Service Unavailable: Downstream database connection pool timeout,Sa-East-1,True,Slow
1213,83,2026-05-25 00:49:28,172.68,201,DELETE,6.744,15.84,28.34,1,No Error,Sa-East-1,False,Fast
1214,122,2026-05-11 20:24:05,369.74,201,POST,3865.261,23.46,24.75,1,No Error,Eu-West-1,False,Moderate
1215,78,2026-05-21 00:27:21,21698.14,503,PATCH,515.27,95.78,88.42,2,Service Unavailable: Downstream database connection pool timeout,Ap-Southeast-1,True,Slow
1216,71,2026-05-21 19:21:13,180.18,204,DELETE,2.874,18.88,47.74,1,No Error,Eu-West-1,False,Fast
1217,72,2026-05-13 02:37:08,94.03,201,POST,849.904,21.62,42.89,1,No Error,Sa-East-1,False,Fast
1218,103,2026-05-22 20:59:32,435.92,400,PUT,2626.594,32.51,48.96,1,No Error,Us-East-1,True,Moderate
1219,84,2026-05-23 19:05:07,21.68,204,PATCH,1168.931,12.29,15.8,2,No Error,Us-West-2,False,Fast
1220,91,2026-05-12 04:15:20,12.09,401,PUT,2090.156,5.33,27.85,1,Unauthorized: Signature mismatch or expired bearer token,Ap-Southeast-1,True,Fast
1221,109,2026-05-07 13:15:30,40.79,404,POST,389.115,7.39,10.6,2,Resource Not Found: Endpoint entity collection does not exist,Us-East-1,True,Fast
1222,33,2026-05-25 09:26:11,308.13,204,PATCH,574.771,2.93,31.17,1,No Error,Us-West-2,False,Moderate
1223,114,2026-05-10 16:17:14,12.55,403,PUT,356.373,5.08,25.67,1,Forbidden: Client lacks required read/write scopes,Ap-Southeast-1,True,Fast
1224,118,2026-05-19 01:46:36,89.12,200,DELETE,11.674,14.67,30.12,1,No Error,Us-West-2,False,Fast
1225,179,2026-05-13 16:06:38,342.33,204,GET,1.182,1.94,12.96,5,No Error,Us-West-2,False,Moderate
1226,111,2026-05-07 01:09:39,86.28,403,PUT,730.195,7.74,10.69,1,Forbidden: Client lacks required read/write scopes,Us-East-1,True,Fast
1227,25,2026-05-07 08:50:46,306.39,201,DELETE,11.271,18.28,38.53,1,No Error,Eu-West-1,False,Moderate
1228,69,2026-05-06 09:14:56,73.9,404,PUT,1476.661,6.4,26.07,1,Resource Not Found: Endpoint entity collection does not exist,Us-West-2,True,Fast
1229,21,2026-05-24 16:54:37,83.86,201,PATCH,1690.467,18.44,27.93,1,No Error,Ap-Southeast-1,False,Fast
1230,36,2026-05-10 20:45:54,399.34,200,DELETE,1.178,30.09,50.4,1,No Error,Us-East-1,False,Moderate
1231,151,2026-05-18 12:58:27,89.72,204,PUT,1375.123,31.1,45.76,1,No Error,Sa-East-1,False,Fast
1232,65,2026-05-14 13:00:56,50.01,400,POST,2462.596,6.79,18.75,1,Bad Request: Invalid JSON payload structure,Sa-East-1,True,Fast
1233,191,2026-05-11 20:48:37,26516.97,504,PATCH,116.388,98.9,94.28,1,Gateway Timeout: Upstream microservice failed to respond within 15000ms,Sa-East-1,True,Slow
1234,96,2026-05-02 05:59:52,274.86,200,GET,8.835,22.38,26.34,1,No Error,Sa-East-1,False,Moderate
1235,232,2026-05-18 23:41:33,45.78,204,PATCH,2689.174,7.99,33.15,2,No Error,Us-West-2,False,Fast
1236,114,2026-05-25 22:50:03,138.36,204,GET,8.824,34.91,27.05,1,No Error,Us-West-2,False,Fast
1237,26,2026-05-04 10:49:29,25179.45,503,PUT,1698.829,97.69,88.95,1,Service Unavailable: Downstream database connection pool timeout,Us-East-1,True,Slow
1238,81,2026-05-10 16:24:50,200.385,200,DELETE,10.355,165.4,-1.0,1,No Error,Us-East-1,False,Moderate
1239,170,2026-05-02 22:14:17,-1.0,400,PUT,971.96,-99.0,29.34,1,No Error,Eu-West-1,True,Fast
1240,233,2026-05-16 08:38:39,222.72,201,PATCH,1670.844,1.83,20.14,1,No Error,Us-East-1,False,Moderate
1241,148,2026-05-01 02:29:27,235.91,200,GET,4.884,2.95,23.77,1,No Error,Sa-East-1,False,Moderate
1242,77,2026-05-18 17:30:14,278.95,200,PUT,19.739,4.09,14.17,1,No Error,Ap-Southeast-1,False,Moderate
1243,66,2026-05-11 19:46:13,48.37,401,POST,523.469,6.5,26.63,1,Unauthorized: Signature mismatch or expired bearer token,Us-West-2,True,Fast
1244,129,2026-05-16 01:04:11,112.03,200,DELETE,2.782,37.17,20.47,1,No Error,Eu-West-1,False,Fast
1245,174,2026-05-06 01:17:41,344.82,200,POST,2063.454,1.6,23.51,1,No Error,Sa-East-1,False,Moderate
1246,239,2026-05-08 20:38:47,277.18,201,PUT,4055.757,21.59,50.84,2,No Error,Us-West-2,False,Moderate
1247,56,2026-05-12 13:43:48,81.2,429,POST,1482.407,3.6,26.54,1,Rate Limit Exceeded: Threshold of 100 req/sec breached,Us-West-2,True,Fast
1248,224,2026-05-10 01:49:05,406.28,204,PUT,1046.652,15.47,17.86,1,No Error,Us-East-1,False,Moderate
1249,223,2026-05-19 15:24:01,312.16,200,POST,1670.943,8.3,38.29,1,No Error,Eu-West-1,False,Moderate
1250,185,2026-05-04 08:29:49,406.28,200,DELETE,11.861,11.48,18.07,1,No Error,Us-West-2,False,Moderate
1251,122,2026-05-19 19:54:34,38.98,400,GET,1.509,7.92,14.71,1,Bad Request: Invalid JSON payload structure,Eu-West-1,True,Fast
1252,81,2026-05-20 22:35:05,12.58,429,POST,3412.055,2.83,11.8,1,Rate Limit Exceeded: Threshold of 100 req/sec breached,Ap-Southeast-1,True,Fast
1253,159,2026-05-21 12:32:53,146.11,200,POST,108.449,14.69,14.87,1,No Error,Sa-East-1,False,Fast
1254,76,2026-05-05 21:54:45,198.91,201,PUT,2671.775,6.23,43.39,1,No Error,Ap-Southeast-1,False,Fast
1255,198,2026-05-04 22:08:51,148.78,201,DELETE,7.179,7.65,38.77,1,No Error,Us-East-1,False,Fast
1256,41,2026-05-15 15:55:08,345.62,200,GET,9.725,15.01,16.24,2,No Error,Us-East-1,False,Moderate
1257,142,2026-05-06 00:06:05,367.41,200,PATCH,335.511,4.41,23.71,1,No Error,Eu-West-1,False,Moderate
1258,195,2026-05-22 00:11:31,9576.92,500,GET,9.132,98.0,99.61,1,Internal Server Error: NullPointerException in controller execution layer,Us-East-1,True,Slow
1259,107,2026-05-16 06:10:04,345.11,204,PUT,2032.639,3.23,15.92,1,No Error,Sa-East-1,False,Moderate
1260,174,2026-05-19 03:56:50,175.38,201,GET,5.468,28.48,25.56,1,No Error,Us-East-1,False,Fast
1261,141,2026-05-15 14:53:49,409.19,201,GET,1.29,15.71,22.42,1,No Error,Us-East-1,False,Moderate
1262,70,2026-05-12 10:23:41,57.74,500,DELETE,6.025,8.4,27.41,1,    CRITICAL_TELEMETRY_DROP_OUT,Us-East-1,True,Fast
1263,33,2026-05-23 04:01:08,50.9,200,GET,5.41,30.43,36.13,1,No Error,Us-East-1,False,Fast
1264,138,2026-05-08 13:07:50,355.86,201,GET,6.194,34.58,41.14,2,No Error,Sa-East-1,False,Moderate
1265,1,2026-05-14 05:26:42,41.86,200,DELETE,7.618,19.79,20.56,1,No Error,Us-West-2,False,Fast
1266,88,2026-05-01 17:37:58,48.57,429,PUT,695.481,3.35,20.8,1,Rate Limit Exceeded: Threshold of 100 req/sec breached,Eu-West-1,True,Fast
1267,101,2026-05-05 12:15:05,181.38,204,PATCH,3108.692,30.76,40.91,1,No Error,Eu-West-1,False,Fast
1268,105,2026-05-05 23:11:25,200.385,200,PUT,2879.047,-99.0,29.34,1,No Error,Ap-Southeast-1,False,Moderate
1269,39,2026-05-23 18:25:37,87.65,201,PUT,164.324,20.33,15.81,1,No Error,Us-East-1,False,Fast
1270,232,2026-05-11 12:52:22,82.64,403,PUT,268.412,11.15,15.84,2,Forbidden: Client lacks required read/write scopes,Us-West-2,True,Fast
1271,73,2026-05-25 15:15:15,23.74,200,PATCH,1922.1,20.23,17.58,1,No Error,Sa-East-1,False,Fast
1272,207,2026-05-01 03:08:17,398.39,400,GET,11.258,17.88,43.11,1,No Error,Ap-Southeast-1,True,Moderate
1273,245,2026-05-09 09:59:33,-1.0,200,GET,7.893,17.42,0.0,1,No Error,Sa-East-1,False,Fast
1274,115,2026-05-04 15:35:29,9430.85,500,PUT,2784.422,97.35,93.58,2,Internal Server Error: NullPointerException in controller execution layer,Us-East-1,True,Slow
1275,189,2026-05-17 05:33:19,334.2,200,DELETE,12.04,61.04,54.03,5,No Error,Eu-West-1,False,Moderate
1276,179,2026-05-10 06:30:02,391.62,200,PATCH,4053.564,24.6,24.31,1,No Error,Eu-West-1,False,Moderate
1277,17,2026-05-05 18:16:50,79.18,404,PUT,3337.849,9.8,8.71,1,Resource Not Found: Endpoint entity collection does not exist,Us-East-1,True,Fast
1278,216,2026-05-21 19:19:47,399.92,204,DELETE,4.166,30.64,44.15,1,No Error,Sa-East-1,False,Moderate
1279,21,2026-05-03 19:36:29,236.59,204,GET,8.655,22.34,12.78,1,No Error,Us-East-1,False,Moderate
1280,160,2026-05-25 01:56:54,108.06,200,PATCH,2370.267,38.39,21.5,1,No Error,Us-West-2,False,Fast
1281,196,2026-05-12 20:18:36,74.27,200,PATCH,334.15,30.19,14.84,1,No Error,Us-West-2,False,Fast
1282,248,2026-05-19 18:44:10,388.57,204,DELETE,0.55,24.2,47.97,1,No Error,Sa-East-1,False,Moderate
1283,191,2026-05-07 00:06:29,425.79,201,POST,1136.339,1.74,42.28,1,No Error,Sa-East-1,False,Moderate
1284,194,2026-05-25 19:54:31,305.74,204,PATCH,3501.535,36.3,30.24,1,No Error,Ap-Southeast-1,False,Moderate
1285,200,2026-05-06 01:11:37,311.03,200,PATCH,867.348,11.17,22.76,1,No Error,Sa-East-1,False,Moderate
1286,74,2026-05-09 03:07:45,139.27,200,GET,11.741,9.87,34.73,5,No Error,Us-West-2,False,Fast
1287,131,2026-05-18 06:03:33,191.92,200,DELETE,7.851,12.24,21.76,1,No Error,Ap-Southeast-1,False,Fast
1288,28,2026-05-06 01:35:56,389.26,204,GET,6.139,14.56,41.1,1,No Error,Us-West-2,False,Moderate
1289,106,2026-01-05 06:08:58,526.46,200,POST,1476.273,60.21,73.29,2,No Error,Ap-Southeast-1,False,Slow
1290,160,2026-05-01 23:57:13,345.58,200,GET,4.164,20.05,33.42,1,No Error,Sa-East-1,False,Moderate
1291,128,2026-05-13 02:38:20,15626.3,503,PATCH,654.927,92.27,95.93,1,Service Unavailable: Downstream database connection pool timeout,Us-West-2,True,Slow
1292,23,2026-05-05 16:34:33,54.19,201,DELETE,9.632,2.44,29.3,1,No Error,Sa-East-1,False,Fast
1293,105,2026-05-06 03:04:02,25.53,200,PATCH,2371.366,2.64,30.35,1,No Error,Eu-West-1,False,Fast
1294,92,2026-05-18 17:17:58,293.12,204,POST,2909.487,29.26,50.41,2,No Error,Us-West-2,False,Moderate
1295,170,2026-05-09 19:26:27,277.96,201,POST,94.922,25.11,21.52,1,No Error,Sa-East-1,False,Moderate
1296,166,2026-05-11 03:54:09,121.17,200,PUT,2214.849,12.53,47.14,1,No Error,Us-West-2,False,Fast
1297,63,2026-05-04 19:25:44,39.58,204,PATCH,133.937,7.28,24.06,1,No Error,Ap-Southeast-1,False,Fast
1298,68,2026-05-20 05:48:00,35.14,401,PATCH,1252.249,0.77,23.28,1,Unauthorized: Signature mismatch or expired bearer token,Us-West-2,True,Fast
1299,106,2026-05-21 13:40:06,173.31,200,PUT,1485.721,32.7,48.6,1,No Error,Sa-East-1,False,Fast
1300,230,2026-05-14 02:47:13,249.85,200,PATCH,177.599,27.12,36.65,1,No Error,Sa-East-1,False,Moderate
1301,194,2026-05-04 17:06:23,372.38,200,PATCH,3404.796,7.3,18.22,1,No Error,Sa-East-1,False,Moderate
1302,31,2026-05-12 15:17:54,129.74,200,DELETE,8.339,35.26,42.41,1,No Error,Us-East-1,False,Fast
1303,192,2026-05-13 01:17:24,430.84,201,DELETE,6.165,28.58,42.98,1,No Error,Ap-Southeast-1,False,Moderate
1304,64,2026-05-17 18:54:47,159.59,204,GET,6.954,25.33,36.66,1,No Error,Sa-East-1,False,Fast
1305,146,2026-05-01 12:59:38,122.18,204,GET,6.505,31.73,20.58,1,No Error,Ap-Southeast-1,False,Fast
1306,131,2026-05-07 07:12:15,137.19,200,DELETE,3.756,31.89,35.28,1,No Error,Ap-Southeast-1,False,Fast
1307,42,2026-05-10 22:36:43,240.9,200,DELETE,9.527,7.57,23.21,1,No Error,Eu-West-1,False,Moderate
1308,101,2026-05-09 06:14:59,170.75,200,DELETE,2.01,4.47,45.68,1,No Error,Us-West-2,False,Fast
1309,220,2026-05-22 12:19:46,362.3,201,POST,2987.066,7.91,42.99,1,No Error,Ap-Southeast-1,False,Moderate
1310,101,2026-05-15 06:15:50,389.15,200,GET,0.736,9.69,16.53,1,No Error,Us-West-2,False,Moderate
1311,142,2026-05-19 15:24:59,180.92,200,PATCH,673.004,9.3,14.03,1,No Error,Ap-Southeast-1,False,Fast
1312,194,2026-05-11 10:31:33,174.52,200,POST,2196.785,35.35,14.69,2,No Error,Eu-West-1,False,Fast
1313,62,2026-05-07 00:19:28,126.19,200,DELETE,7.187,24.73,16.99,1,No Error,Eu-West-1,False,Fast
1314,121,2026-05-01 03:08:17,410.61,200,PATCH,1078.156,22.94,68.31,1,No Error,Us-East-1,False,Moderate
1315,143,2026-05-03 14:54:22,344.57,204,GET,9.884,14.59,38.19,1,No Error,Us-East-1,False,Moderate
1316,125,2026-05-09 17:49:43,91.7,429,PATCH,1625.065,10.8,14.94,1,Rate Limit Exceeded: Threshold of 100 req/sec breached,Us-East-1,True,Fast
1317,133,2026-05-24 13:02:26,389.48,201,DELETE,5.14,9.88,12.07,1,No Error,Sa-East-1,False,Moderate
1318,119,2026-05-17 19:27:28,248.37,200,PUT,599.244,16.52,24.97,1,No Error,Sa-East-1,False,Moderate
1319,222,2026-05-20 06:34:48,355.25,204,GET,11.845,18.23,29.76,1,No Error,Ap-Southeast-1,False,Moderate
1320,95,2026-05-15 01:16:20,120.61,201,GET,4.878,6.58,17.75,1,No Error,Eu-West-1,False,Fast
1321,111,2026-05-16 18:39:40,238.22,200,DELETE,6.377,22.69,43.61,1,No Error,Us-West-2,False,Moderate
1322,10,2026-05-11 22:01:05,293.94,200,PATCH,2340.682,1.53,21.59,1,No Error,Eu-West-1,False,Moderate
1323,207,2026-05-19 22:05:35,242.55,204,POST,1939.633,7.01,50.19,1,No Error,Ap-Southeast-1,False,Moderate
1324,165,2026-05-21 05:13:24,278.05,200,POST,2966.837,24.12,33.36,1,No Error,Sa-East-1,False,Moderate
1325,242,2026-05-24 10:00:58,449.97,204,POST,2783.387,24.74,37.83,1,No Error,Eu-West-1,False,Moderate
1326,140,2026-05-03 22:00:31,281.0,200,PATCH,1012.939,10.84,20.15,1,No Error,Ap-Southeast-1,False,Moderate
1327,10,2026-05-23 22:23:46,84.32,201,PATCH,3515.459,18.3,33.52,1,No Error,Eu-West-1,False,Fast
1328,74,2026-05-24 17:16:46,152.42,200,PUT,52.172,16.64,47.93,1,No Error,Eu-West-1,False,Fast
1329,92,2026-05-08 08:09:17,89.8,200,PATCH,3635.339,34.93,17.11,1,No Error,Sa-East-1,False,Fast
1330,114,2026-05-16 18:21:15,410.78,204,PUT,2035.063,7.15,41.16,1,No Error,Us-West-2,False,Moderate
1331,133,2026-05-20 15:02:13,8141.19,504,PUT,3490.555,97.54,94.76,2,Gateway Timeout: Upstream microservice failed to respond within 15000ms,Ap-Southeast-1,True,Slow
1332,56,2026-05-18 00:05:59,286.37,204,GET,7.954,29.59,43.73,1,No Error,Sa-East-1,False,Moderate
1333,162,2026-05-24 17:39:35,130.69,201,PATCH,582.871,15.86,49.48,1,No Error,Sa-East-1,False,Fast
1334,33,2026-05-05 23:41:10,5.1,403,PUT,2519.198,8.33,9.63,1,Forbidden: Client lacks required read/write scopes,Sa-East-1,True,Fast
1335,241,2026-05-07 01:22:32,200.385,400,POST,3511.345,165.4,0.0,1,No Error,Sa-East-1,True,Moderate
1336,114,2026-05-19 11:55:38,170.82,201,PATCH,805.974,10.31,26.87,1,No Error,Eu-West-1,False,Fast
1337,31,2026-05-16 15:31:57,289.23,200,PUT,2073.714,6.13,24.88,1,No Error,Us-East-1,False,Moderate
1338,105,2026-05-06 06:34:26,355.01,204,PUT,1319.712,27.6,12.1,5,No Error,Us-West-2,False,Moderate
1339,120,2026-05-09 00:47:01,10.73,403,POST,1471.533,8.71,28.35,1,Forbidden: Client lacks required read/write scopes,Eu-West-1,True,Fast
1340,130,2026-05-16 07:33:40,52.26,200,PUT,18.581,6.95,36.27,5,No Error,Us-East-1,False,Fast
1341,77,2026-05-04 09:02:10,438.27,200,POST,2839.222,2.0,21.98,2,No Error,Us-East-1,False,Moderate
1342,163,2026-05-12 07:44:49,307.84,200,POST,151.109,21.57,30.7,1,No Error,Sa-East-1,False,Moderate
1343,161,2026-05-24 11:25:30,44.04,400,POST,1170.125,2.35,20.86,2,Bad Request: Invalid JSON payload structure,Ap-Southeast-1,True,Fast
1344,12,2026-05-06 11:30:48,92.15,200,GET,8.809,27.15,17.16,5,No Error,Us-West-2,False,Fast
1345,87,2026-05-25 23:57:29,72.04,429,PUT,1862.884,9.1,21.18,1,Rate Limit Exceeded: Threshold of 100 req/sec breached,Ap-Southeast-1,True,Fast
1346,2,2026-05-18 23:33:48,246.81,200,PUT,3428.046,5.74,23.11,1,No Error,Ap-Southeast-1,False,Moderate
1347,19,2026-05-16 03:52:21,19018.97,503,POST,14.748,99.44,88.68,1,Service Unavailable: Downstream database connection pool timeout,Us-East-1,True,Slow
1348,47,2026-05-18 05:01:29,58.55,200,POST,2592.995,23.63,33.26,1,No Error,Sa-East-1,False,Fast
1349,180,2026-05-11 13:36:12,228.5,200,PUT,3453.13,35.73,14.77,1,No Error,Eu-West-1,False,Moderate
1350,148,2026-05-19 16:12:03,99999.99,400,GET,2.812,17.42,29.34,1,No Error,Us-West-2,True,Slow
1351,133,2026-05-11 18:31:06,200.385,500,DELETE,9.225,165.4,-1.0,1,CRITICAL_TELEMETRY_DROP_OUT,Sa-East-1,True,Moderate
1352,71,2026-05-01 11:13:48,368.15,200,PUT,2830.642,10.59,45.8,1,No Error,Sa-East-1,False,Moderate
1353,54,2026-05-18 09:33:37,12.52,400,GET,9.322,4.91,8.62,1,Bad Request: Invalid JSON payload structure,Eu-West-1,True,Fast
1354,243,2026-05-22 07:10:27,61.07,204,DELETE,9.808,15.09,32.72,1,No Error,Ap-Southeast-1,False,Fast
1355,37,2026-05-17 03:23:50,356.61,200,PATCH,20.249,12.32,17.02,1,No Error,Us-East-1,False,Moderate
1356,198,2026-05-21 07:33:04,22.41,400,POST,537.93,0.37,14.32,1,Bad Request: Invalid JSON payload structure,Eu-West-1,True,Fast
1357,142,2026-05-22 18:29:25,400.64,201,POST,1526.531,18.81,12.96,1,No Error,Us-West-2,False,Moderate
1358,1,2026-05-24 15:27:11,4.62,403,POST,2092.083,2.08,19.8,1,Forbidden: Client lacks required read/write scopes,Sa-East-1,True,Fast
1359,226,2026-05-25 09:55:28,304.6,204,POST,715.219,17.39,31.87,1,No Error,Us-East-1,False,Moderate
1360,118,2026-05-23 19:01:47,221.53,200,GET,9.883,27.24,29.07,1,No Error,Ap-Southeast-1,False,Moderate
1361,31,2026-05-21 23:43:29,70.19,403,POST,2548.482,3.49,22.56,1,Forbidden: Client lacks required read/write scopes,Eu-West-1,True,Fast
1362,62,2026-05-10 15:40:02,28450.39,500,POST,3401.851,96.55,92.66,1,Internal Server Error: NullPointerException in controller execution layer,Eu-West-1,True,Slow
1363,63,2026-05-18 22:23:46,15.15,429,POST,2641.558,2.71,14.76,1,Rate Limit Exceeded: Threshold of 100 req/sec breached,Sa-East-1,True,Fast
1364,109,2026-05-18 13:47:07,121.73,200,POST,3618.332,25.82,18.52,1,No Error,Sa-East-1,False,Fast
1365,229,2026-05-01 10:14:11,377.46,201,PUT,2543.508,4.01,41.77,1,No Error,Sa-East-1,False,Moderate
1366,174,2026-05-17 00:43:16,395.27,201,PATCH,3520.36,35.59,35.32,1,No Error,Eu-West-1,False,Moderate
1367,19,2026-05-05 22:22:13,357.51,200,POST,1645.342,20.03,17.13,1,No Error,Us-East-1,False,Moderate
1368,224,2026-05-24 01:39:26,16739.07,503,PUT,2739.377,99.39,96.9,1,Service Unavailable: Downstream database connection pool timeout,Eu-West-1,True,Slow
1369,171,2026-05-24 11:56:33,274.41,200,DELETE,12.256,31.99,47.24,2,No Error,Eu-West-1,False,Moderate
1370,76,2026-05-22 14:29:03,411.59,200,DELETE,7.36,30.07,19.45,1,No Error,Sa-East-1,False,Moderate
1371,123,2026-05-10 02:36:33,140.37,200,POST,3404.538,17.08,39.03,5,No Error,Us-West-2,False,Fast
1372,135,2026-05-19 23:11:46,-1.0,500,PUT,2578.719,165.4,29.34,1,CRITICAL_TELEMETRY_DROP_OUT,Us-East-1,True,Fast
1373,47,2026-05-19 18:20:45,440.28,400,PUT,2863.875,47.61,49.76,1,No Error,Us-East-1,True,Moderate
1374,145,2026-05-16 06:42:19,147.87,200,DELETE,0.166,25.61,19.37,1,No Error,Us-West-2,False,Fast
1375,148,2026-05-12 20:10:23,4.91,401,POST,877.851,0.98,29.14,1,Unauthorized: Signature mismatch or expired bearer token,Sa-East-1,True,Fast
1376,30,2026-05-10 15:08:26,366.82,200,DELETE,5.27,2.96,37.6,1,No Error,Us-East-1,False,Moderate
1377,229,2026-05-20 18:44:36,75.54,400,PUT,89.383,5.9,29.11,1,Bad Request: Invalid JSON payload structure,Sa-East-1,True,Fast
1378,23,2026-05-07 15:52:02,124.74,200,PUT,2789.194,31.14,37.05,5,No Error,Us-West-2,False,Fast
1379,142,2026-05-12 13:38:03,156.76,200,POST,748.624,24.42,51.47,5,No Error,Sa-East-1,False,Fast
1380,128,2026-05-05 17:52:25,269.71,200,PUT,1780.278,14.83,51.41,1,No Error,Us-West-2,False,Moderate
1381,213,2026-05-25 23:36:49,119.56,200,PUT,811.448,31.22,31.67,1,No Error,Eu-West-1,False,Fast
1382,191,2026-05-02 14:00:28,283.12,201,GET,3.066,23.93,32.51,1,No Error,Us-East-1,False,Moderate
1383,62,2026-05-15 22:45:14,218.33,200,GET,10.431,21.19,40.25,2,No Error,Eu-West-1,False,Moderate
1384,157,2026-05-05 15:33:19,216.57,204,PATCH,2184.675,11.4,30.7,1,No Error,Ap-Southeast-1,False,Moderate
1385,219,2026-05-18 13:53:10,201.02,204,PUT,2441.409,27.24,50.83,1,No Error,Ap-Southeast-1,False,Moderate
1386,149,2026-05-18 08:09:43,34.58,200,PATCH,2214.886,28.87,41.48,1,No Error,Us-East-1,False,Fast
1387,104,2026-05-04 04:13:15,112.83,200,DELETE,5.912,22.87,47.9,2,No Error,Us-East-1,False,Fast
1388,73,2026-05-21 04:50:54,391.2,200,GET,7.909,10.33,28.2,1,No Error,Eu-West-1,False,Moderate
1389,32,2026-05-08 08:58:58,200.385,400,PATCH,3228.155,17.42,0.0,1,No Error,Eu-West-1,True,Moderate
1390,55,2026-05-05 02:21:31,157.09,200,POST,437.051,9.31,51.3,1,No Error,Sa-East-1,False,Fast
1391,224,2026-05-25 17:59:00,66.6,200,POST,2505.46,6.94,18.85,2,No Error,Us-East-1,False,Fast
1392,109,2026-05-09 18:04:19,95.99,204,PATCH,2234.616,9.57,47.17,2,No Error,Sa-East-1,False,Fast
1393,121,2026-05-05 04:35:59,152.04,200,PATCH,3234.492,21.63,29.0,1,No Error,Ap-Southeast-1,False,Fast
1394,41,2026-05-20 13:03:20,286.15,200,GET,6.659,24.58,37.54,2,No Error,Ap-Southeast-1,False,Moderate
1395,131,2026-05-23 17:54:57,28881.84,503,GET,10.79,96.43,90.61,1,Service Unavailable: Downstream database connection pool timeout,Eu-West-1,True,Slow
1396,136,2026-05-01 14:02:37,299.16,204,POST,3018.944,9.57,28.15,1,No Error,Sa-East-1,False,Moderate
1397,95,2026-05-16 03:32:24,359.97,200,PUT,1707.885,17.16,37.45,1,No Error,Sa-East-1,False,Moderate
1398,154,2026-05-09 19:37:19,305.33,200,DELETE,2.55,33.5,13.56,1,No Error,Us-East-1,False,Moderate
1399,241,2026-05-04 14:38:24,66.17,200,PUT,903.166,15.78,18.8,1,No Error,Us-East-1,False,Fast
1400,90,2026-05-18 19:34:46,409.43,204,GET,11.113,1.88,25.63,1,No Error,Ap-Southeast-1,False,Moderate
1401,49,2026-05-21 14:29:10,26032.83,503,POST,2198.325,97.0,96.75,1,Service Unavailable: Downstream database connection pool timeout,Us-East-1,True,Slow
1402,13,2026-05-11 02:50:09,430.88,200,PUT,1343.968,27.18,36.07,1,No Error,Us-West-2,False,Moderate
1403,23,2026-05-22 05:57:57,436.76,204,PUT,3805.541,5.55,18.02,1,No Error,Us-East-1,False,Moderate
1404,185,2026-05-25 23:34:43,99.76,204,POST,2915.394,1.55,18.82,1,No Error,Us-East-1,False,Fast
1405,171,2026-05-02 07:19:36,40.79,404,PUT,3850.788,9.23,19.26,1,Resource Not Found: Endpoint entity collection does not exist,Us-East-1,True,Fast
1406,198,2026-05-15 14:02:42,432.47,204,DELETE,3.705,6.59,40.21,1,No Error,Us-West-2,False,Moderate
1407,120,2026-05-14 19:44:15,225.42,201,DELETE,1.371,30.13,21.8,1,No Error,Sa-East-1,False,Moderate
1408,175,2026-05-01 18:43:48,27.77,404,PUT,1284.173,11.14,26.44,1,Resource Not Found: Endpoint entity collection does not exist,Us-East-1,True,Fast
1409,236,2026-05-12 09:25:17,28.76,429,PUT,1000.619,1.41,20.4,5,Rate Limit Exceeded: Threshold of 100 req/sec breached,Us-East-1,True,Fast
1410,139,2026-05-23 01:27:09,438.84,200,GET,2.985,29.55,35.96,1,No Error,Eu-West-1,False,Moderate
1411,124,2026-05-21 10:15:23,25058.95,504,PUT,960.397,90.55,98.47,1,Gateway Timeout: Upstream microservice failed to respond within 15000ms,Ap-Southeast-1,True,Slow
1412,47,2026-05-01 23:21:33,150.94,201,PATCH,1689.456,12.17,42.64,1,No Error,Sa-East-1,False,Fast
1413,93,2026-05-25 23:15:29,38.51,200,PATCH,3097.292,4.91,25.31,1,No Error,Ap-Southeast-1,False,Fast
1414,106,2026-05-12 19:00:20,344.08,200,DELETE,4.664,11.04,41.7,1,No Error,Us-East-1,False,Moderate
1415,22,2026-05-01 03:08:17,201.2,500,POST,1520.265,64.66,53.42,5,CRITICAL_TELEMETRY_DROP_OUT,Us-East-1,True,Moderate
1416,52,2026-05-10 09:24:04,289.26,200,PATCH,2922.557,19.59,23.11,1,No Error,Eu-West-1,False,Moderate
1417,32,2026-05-14 08:36:55,429.04,201,POST,3410.665,32.88,31.72,1,No Error,Us-West-2,False,Moderate
1418,12,2026-05-19 06:55:23,200.385,400,GET,2.345,17.42,-1.0,1,No Error,Ap-Southeast-1,True,Moderate
1419,116,2026-05-21 11:23:45,336.22,200,DELETE,7.225,13.33,48.79,1,No Error,Ap-Southeast-1,False,Moderate
1420,148,2026-05-06 07:07:50,56.73,401,PATCH,3078.635,4.46,25.44,1,Unauthorized: Signature mismatch or expired bearer token,Sa-East-1,True,Fast
1421,187,2026-05-18 01:50:50,24969.24,500,PUT,1072.541,93.98,98.97,1,Internal Server Error: NullPointerException in controller execution layer,Sa-East-1,True,Slow
1422,175,2026-05-02 02:23:59,109.22,200,DELETE,11.057,15.74,19.73,1,No Error,Eu-West-1,False,Fast
1423,109,2026-05-08 23:32:07,-1.0,400,GET,9.869,165.4,0.0,1,No Error,Eu-West-1,True,Fast
1424,247,2026-05-13 10:43:24,39.53,403,PUT,2946.96,8.61,18.79,1,Forbidden: Client lacks required read/write scopes,Ap-Southeast-1,True,Fast
1425,71,2026-05-03 13:21:21,23293.59,504,DELETE,4.011,94.37,92.67,1,Gateway Timeout: Upstream microservice failed to respond within 15000ms,Us-East-1,True,Slow
1426,172,2026-05-15 09:36:06,197.24,201,PATCH,1323.433,22.03,17.93,2,No Error,Us-East-1,False,Fast
1427,194,2026-05-08 06:37:59,64.59,401,PUT,1017.966,0.66,28.75,1,Unauthorized: Signature mismatch or expired bearer token,Ap-Southeast-1,True,Fast
1428,78,2026-05-04 08:34:46,236.19,204,PATCH,2976.196,36.64,21.8,2,No Error,Ap-Southeast-1,False,Moderate
1429,61,2026-03-05 20:32:27,50.97,500,POST,717.162,56.24,48.61,1,CRITICAL_TELEMETRY_DROP_OUT,Sa-East-1,True,Fast
1430,19,2026-05-10 07:21:28,90.85,200,DELETE,5.001,1.93,38.32,1,No Error,Us-West-2,False,Fast
1431,239,2026-05-09 05:40:10,324.36,200,PATCH,3035.646,19.75,12.06,1,No Error,Eu-West-1,False,Moderate
1432,128,2026-05-20 03:37:02,49.4,200,GET,3.498,26.95,35.07,1,No Error,Sa-East-1,False,Fast
1433,224,2026-05-12 07:44:52,25057.8,503,PUT,639.123,98.89,99.84,1,Service Unavailable: Downstream database connection pool timeout,Us-West-2,True,Slow
1434,30,2026-05-23 10:33:14,64.59,429,DELETE,11.067,4.91,18.75,1,Rate Limit Exceeded: Threshold of 100 req/sec breached,Eu-West-1,True,Fast
1435,70,2026-05-09 11:49:13,347.45,200,PATCH,4000.405,10.1,17.66,1,No Error,Us-West-2,False,Moderate
1436,19,2026-05-21 11:01:41,149.44,200,PATCH,311.279,22.77,33.02,1,No Error,Us-West-2,False,Fast
1437,208,2026-05-13 23:52:29,308.95,200,POST,2587.717,7.45,28.23,1,No Error,Sa-East-1,False,Moderate
1438,90,2026-05-11 03:00:03,68.93,204,DELETE,5.727,19.5,43.64,5,No Error,Eu-West-1,False,Fast
1439,184,2026-05-25 16:35:30,342.19,204,GET,9.844,17.79,49.97,1,No Error,Us-West-2,False,Moderate
1440,46,2026-05-21 04:40:05,375.93,200,POST,2222.767,13.9,47.15,1,No Error,Sa-East-1,False,Moderate
1441,184,2026-05-19 02:05:20,190.62,200,GET,3.964,1.12,44.41,1,No Error,Us-East-1,False,Fast
1442,240,2026-05-18 19:10:53,365.71,200,POST,1501.942,6.88,24.61,1,No Error,Ap-Southeast-1,False,Moderate
1443,101,2026-05-17 21:12:10,28102.93,500,GET,8.002,96.96,94.03,1,Internal Server Error: NullPointerException in controller execution layer,Us-West-2,True,Slow
1444,234,2026-05-15 15:17:16,74.14,200,GET,1.67,20.44,24.45,1,No Error,Sa-East-1,False,Fast
1445,31,2026-05-17 19:28:50,19.31,404,PUT,3616.824,4.73,25.99,1,Resource Not Found: Endpoint entity collection does not exist,Sa-East-1,True,Fast
1446,96,2026-05-13 14:10:14,374.66,200,GET,8.323,23.29,20.83,1,No Error,Eu-West-1,False,Moderate
1447,126,2026-05-07 14:51:15,356.5,201,GET,1.426,34.51,36.35,1,No Error,Sa-East-1,False,Moderate
1448,158,2026-05-07 08:32:12,271.98,201,PUT,3666.004,32.19,31.21,1,No Error,Us-West-2,False,Moderate
1449,180,2026-05-05 06:05:00,51.87,401,PUT,3825.551,10.91,12.0,2,Unauthorized: Signature mismatch or expired bearer token,Ap-Southeast-1,True,Fast
1450,91,2026-05-11 02:08:35,437.32,200,DELETE,7.467,3.29,41.87,1,No Error,Ap-Southeast-1,False,Moderate
1451,33,2026-05-07 06:18:00,423.62,200,DELETE,9.632,2.9,18.24,1,No Error,Sa-East-1,False,Moderate
1452,67,2026-05-10 11:18:39,308.32,200,PUT,2587.905,29.7,24.8,1,No Error,Us-West-2,False,Moderate
1453,247,2026-05-09 13:45:14,42.68,401,PUT,869.069,8.84,17.06,1,Unauthorized: Signature mismatch or expired bearer token,Us-East-1,True,Fast
1454,32,2026-05-23 08:48:35,20734.05,503,PUT,3632.58,93.31,92.41,1,Service Unavailable: Downstream database connection pool timeout,Sa-East-1,True,Slow
1455,112,2026-05-13 14:07:44,54.85,204,DELETE,6.083,32.7,32.51,1,No Error,Eu-West-1,False,Fast
1456,78,2026-05-06 01:55:09,67.12,200,DELETE,1.057,33.21,30.59,1,No Error,Us-East-1,False,Fast
1457,244,2026-05-13 01:14:22,68.41,404,POST,843.676,10.19,25.27,1,Resource Not Found: Endpoint entity collection does not exist,Us-East-1,True,Fast
1458,157,2026-05-21 03:23:00,37.09,401,POST,1413.27,6.95,13.69,1,Unauthorized: Signature mismatch or expired bearer token,Ap-Southeast-1,True,Fast
1459,214,2026-05-25 16:56:52,15348.25,504,GET,1.269,92.44,94.4,1,Gateway Timeout: Upstream microservice failed to respond within 15000ms,Us-East-1,True,Slow
1460,240,2026-05-20 00:50:45,43.43,200,PATCH,3974.919,35.14,24.17,1,No Error,Us-West-2,False,Fast
1461,158,2026-05-14 17:02:13,49.82,401,PATCH,2291.929,3.89,23.24,1,Unauthorized: Signature mismatch or expired bearer token,Us-East-1,True,Fast
1462,33,2026-05-22 17:05:27,352.01,200,POST,3058.192,9.42,43.12,1,No Error,Ap-Southeast-1,False,Moderate
1463,16,2026-05-23 22:31:46,177.72,201,POST,1554.666,1.15,46.79,1,No Error,Us-West-2,False,Fast
1464,181,2026-05-01 09:34:53,435.17,201,GET,1.751,36.87,15.42,1,No Error,Eu-West-1,False,Moderate
1465,169,2026-05-09 06:50:08,274.43,200,PUT,2879.656,14.31,24.35,1,No Error,Ap-Southeast-1,False,Moderate
1466,18,2026-05-05 01:06:53,418.62,200,PUT,3845.457,17.25,40.53,1,No Error,Us-West-2,False,Moderate
1467,49,2026-05-07 20:14:37,239.62,204,GET,11.425,28.47,29.96,5,No Error,Sa-East-1,False,Moderate
1468,86,2026-05-20 10:02:37,39.21,429,PATCH,3476.123,7.63,29.47,1,Rate Limit Exceeded: Threshold of 100 req/sec breached,Ap-Southeast-1,True,Fast
1469,153,2026-05-15 09:16:31,410.33,200,POST,2531.004,5.7,27.15,1,No Error,Sa-East-1,False,Moderate
1470,10,2026-05-17 04:21:37,22883.75,500,POST,1742.703,94.53,93.51,1,Internal Server Error: NullPointerException in controller execution layer,Eu-West-1,True,Slow
1471,107,2026-05-10 14:11:21,231.81,200,GET,1.578,21.46,36.71,1,No Error,Us-West-2,False,Moderate
1472,1,2026-05-08 14:38:17,442.41,201,POST,2583.52,12.26,45.95,1,No Error,Us-East-1,False,Moderate
1473,175,2026-05-19 09:03:40,122.83,201,POST,3019.969,22.35,28.46,1,No Error,Sa-East-1,False,Fast
1474,138,2026-05-15 07:51:44,180.56,204,GET,2.032,32.64,17.66,1,No Error,Eu-West-1,False,Fast
1475,250,2026-05-24 13:20:03,24.05,200,PATCH,1369.603,30.6,29.32,2,No Error,Us-East-1,False,Fast
1476,22,2026-05-15 21:34:34,85.52,200,DELETE,11.974,38.28,26.04,1,No Error,Us-West-2,False,Fast
1477,237,2026-05-07 04:03:18,28264.17,500,DELETE,10.13,90.63,92.83,1,Internal Server Error: NullPointerException in controller execution layer,Us-West-2,True,Slow
1478,34,2026-05-12 11:43:36,30.94,401,DELETE,2.794,2.58,14.67,1,Unauthorized: Signature mismatch or expired bearer token,Ap-Southeast-1,True,Fast
1479,118,2026-05-21 02:25:51,153.85,200,POST,2084.041,33.09,36.95,1,No Error,Eu-West-1,False,Fast
1480,140,2026-05-13 14:15:45,35.04,200,PATCH,2649.294,2.47,18.52,1,No Error,Us-East-1,False,Fast
1481,106,2026-05-07 11:46:05,386.42,204,GET,8.692,22.25,22.89,1,No Error,Us-East-1,False,Moderate
1482,179,2026-05-02 13:43:11,80.15,403,DELETE,0.95,11.47,28.24,1,Forbidden: Client lacks required read/write scopes,Us-West-2,True,Fast
1483,249,2026-05-12 02:15:10,84.41,403,POST,278.876,11.94,16.7,1,Forbidden: Client lacks required read/write scopes,Us-East-1,True,Fast
1484,232,2026-05-18 23:58:04,420.53,204,GET,1.518,36.74,20.55,1,No Error,Us-West-2,False,Moderate
1485,194,2026-05-12 07:58:02,405.83,204,GET,3.348,35.21,41.1,1,No Error,Sa-East-1,False,Moderate
1486,202,2026-05-14 10:24:36,8.89,403,PUT,2755.179,3.38,14.9,1,Forbidden: Client lacks required read/write scopes,Sa-East-1,True,Fast
1487,202,2026-05-23 05:31:50,329.16,200,POST,1216.076,15.74,30.64,1,No Error,Eu-West-1,False,Moderate
1488,91,2026-05-12 13:34:50,203.12,201,PATCH,114.538,11.81,45.95,1,No Error,Us-East-1,False,Moderate
1489,242,2026-05-20 23:28:00,431.13,200,POST,3623.931,23.0,48.45,2,No Error,Us-East-1,False,Moderate
1490,35,2026-05-15 17:56:30,295.08,200,PUT,1453.318,13.92,18.98,1,No Error,Sa-East-1,False,Moderate
1491,181,2026-05-13 08:11:41,371.91,204,PATCH,1044.159,2.69,38.42,2,No Error,Us-West-2,False,Moderate
1492,231,2026-05-25 11:32:49,99999.99,200,GET,1.119,165.4,-1.0,1,No Error,Sa-East-1,False,Slow
1493,232,2026-05-19 13:03:02,127.14,200,PUT,2538.205,64.74,73.82,1,No Error,Ap-Southeast-1,False,Fast
1494,11,2026-05-08 06:45:00,427.19,200,PUT,106.389,8.89,15.45,1,No Error,Ap-Southeast-1,False,Moderate
1495,96,2026-05-16 21:53:06,215.6,204,DELETE,8.069,18.97,27.0,1,No Error,Us-East-1,False,Moderate
1496,5,2026-05-15 18:25:35,421.45,201,DELETE,2.408,29.38,49.95,2,No Error,Eu-West-1,False,Moderate
1497,190,2026-05-06 17:03:59,179.39,200,PUT,32.364,23.97,45.81,1,No Error,Sa-East-1,False,Fast
1498,224,2026-05-06 15:36:28,86.81,401,GET,8.473,5.06,29.57,1,Unauthorized: Signature mismatch or expired bearer token,Eu-West-1,True,Fast
1499,128,2026-05-09 02:13:18,240.24,200,PATCH,3479.697,18.29,43.1,1,No Error,Us-East-1,False,Moderate
1500,23,2026-05-04 05:04:10,38.61,403,PUT,604.404,5.48,25.21,1,Forbidden: Client lacks required read/write scopes,Sa-East-1,True,Fast
1501,172,2026-05-05 07:31:47,69.04,200,PUT,1696.165,11.62,17.88,1,No Error,Eu-West-1,False,Fast
1502,179,2026-05-13 13:29:40,75.58,403,GET,2.39,2.73,21.59,1,Forbidden: Client lacks required read/write scopes,Eu-West-1,True,Fast
1503,245,2026-05-10 00:00:37,247.26,201,GET,3.064,10.2,23.29,1,No Error,Eu-West-1,False,Moderate
1504,8,2026-05-14 15:38:53,-1.0,400,POST,3925.622,165.4,0.0,1,No Error,Us-West-2,True,Fast
1505,11,2026-05-23 12:03:14,99.7,200,PATCH,792.179,12.86,12.49,2,No Error,Sa-East-1,False,Fast
1506,104,2026-05-05 18:06:08,250.74,200,PUT,1895.556,30.09,12.98,1,No Error,Ap-Southeast-1,False,Moderate
1507,55,2026-05-13 05:46:30,40.17,429,GET,8.573,6.83,25.73,1,Rate Limit Exceeded: Threshold of 100 req/sec breached,Us-East-1,True,Fast
1508,145,2026-05-10 05:20:21,397.79,200,GET,2.043,5.27,48.31,1,No Error,Us-West-2,False,Moderate
1509,44,2026-05-19 07:11:27,15.08,400,GET,11.795,3.63,15.19,1,No Error,Eu-West-1,True,Fast
1510,15,2026-05-06 22:51:49,68.02,401,POST,2675.751,6.15,13.7,1,Unauthorized: Signature mismatch or expired bearer token,Us-West-2,True,Fast
1511,170,2026-05-16 16:28:57,45.48,400,DELETE,2.857,11.35,20.64,1,Bad Request: Invalid JSON payload structure,Sa-East-1,True,Fast
1512,18,2026-05-01 03:08:17,452.29,500,GET,10.65,26.98,73.42,1,CRITICAL_TELEMETRY_DROP_OUT,Ap-Southeast-1,True,Moderate
1513,131,2026-05-22 20:41:17,125.56,204,PATCH,3488.106,4.45,20.68,1,No Error,Us-West-2,False,Fast
1514,150,2026-05-12 08:25:59,62.02,404,PUT,3018.395,4.38,17.5,1,Resource Not Found: Endpoint entity collection does not exist,Eu-West-1,True,Fast
1515,167,2026-05-14 10:28:28,439.31,200,POST,3963.359,38.37,26.11,1,No Error,Sa-East-1,False,Moderate
1516,91,2026-05-07 09:10:16,16.57,400,DELETE,2.471,7.62,9.28,1,Bad Request: Invalid JSON payload structure,Us-West-2,True,Fast
1517,90,2026-05-03 04:46:09,127.67,204,POST,2455.614,16.81,24.78,5,No Error,Sa-East-1,False,Fast
1518,179,2026-05-02 21:12:23,331.3,200,DELETE,9.362,6.33,16.24,1,No Error,Sa-East-1,False,Moderate
1519,43,2026-05-17 22:29:30,278.06,200,DELETE,4.81,27.32,34.64,1,No Error,Eu-West-1,False,Moderate
1520,139,2026-05-09 14:38:23,211.54,200,DELETE,3.811,3.67,17.83,1,No Error,Sa-East-1,False,Moderate
1521,43,2026-05-19 13:51:58,66.37,201,GET,6.191,36.35,51.98,1,No Error,Sa-East-1,False,Fast
1522,54,2026-05-07 16:26:41,364.65,204,DELETE,2.243,37.09,38.19,1,No Error,Us-West-2,False,Moderate
1523,222,2026-05-21 16:38:17,169.8,204,GET,4.742,27.77,31.22,1,No Error,Us-East-1,False,Fast
1524,166,2026-05-09 01:02:47,333.44,204,POST,623.147,34.27,21.07,1,No Error,Eu-West-1,False,Moderate
1525,204,2026-05-01 14:59:59,198.45,200,POST,1371.974,35.06,37.83,1,No Error,Us-West-2,False,Fast
1526,162,2026-05-14 04:50:10,53.81,204,DELETE,0.36,11.18,40.08,1,No Error,Us-East-1,False,Fast
1527,64,2026-05-25 01:31:18,344.9,200,GET,6.871,32.7,46.9,1,No Error,Ap-Southeast-1,False,Moderate
1528,76,2026-05-21 01:34:01,67.8,404,DELETE,11.864,8.37,15.73,1,Resource Not Found: Endpoint entity collection does not exist,Eu-West-1,True,Fast
1529,21,2026-05-15 13:24:02,28.38,200,GET,7.98,7.65,35.0,1,No Error,Ap-Southeast-1,False,Fast
1530,147,2026-05-20 01:23:17,161.02,200,PATCH,2150.068,1.45,45.58,1,No Error,Ap-Southeast-1,False,Fast
1531,25,2026-05-11 13:57:29,256.64,204,DELETE,6.636,38.21,52.02,1,No Error,Sa-East-1,False,Moderate
1532,130,2026-05-19 17:48:54,8.89,404,GET,0.721,3.14,19.58,2,Resource Not Found: Endpoint entity collection does not exist,Sa-East-1,True,Fast
1533,147,2026-05-21 06:55:48,130.7,201,POST,1686.024,9.31,26.58,1,No Error,Eu-West-1,False,Fast
1534,228,2026-05-14 01:22:41,99999.99,200,PATCH,1188.085,-99.0,-1.0,2,No Error,Us-East-1,False,Slow
1535,228,2026-05-19 11:00:47,335.99,200,GET,3.927,18.5,16.05,1,No Error,Us-East-1,False,Moderate
1536,154,2026-05-01 13:36:01,32.22,401,POST,3459.435,0.44,22.53,1,Unauthorized: Signature mismatch or expired bearer token,Eu-West-1,True,Fast
1537,73,2026-05-11 14:47:12,309.58,201,POST,3181.154,37.84,41.31,2,No Error,Sa-East-1,False,Moderate
1538,58,2026-05-19 03:27:14,222.99,200,GET,9.064,29.1,28.18,1,No Error,Sa-East-1,False,Moderate
1539,154,2026-05-08 01:13:44,374.66,200,PATCH,543.328,13.49,41.83,1,No Error,Eu-West-1,False,Moderate
1540,186,2026-05-17 07:18:04,195.38,204,PUT,410.438,31.4,34.34,1,No Error,Eu-West-1,False,Fast
1541,146,2026-05-12 17:06:34,365.99,200,POST,3740.315,36.31,51.8,1,No Error,Us-East-1,False,Moderate
1542,177,2026-05-21 13:52:38,350.46,200,PATCH,82.764,8.74,21.11,1,No Error,Ap-Southeast-1,False,Moderate
1543,30,2026-05-07 05:51:32,317.56,204,PUT,1622.863,24.66,34.02,1,No Error,Us-East-1,False,Moderate
1544,72,2026-05-13 09:58:19,399.65,201,PATCH,3184.065,7.5,47.85,1,No Error,Ap-Southeast-1,False,Moderate
1545,189,2026-05-17 02:14:02,76.59,401,PATCH,2663.676,10.62,20.18,1,Unauthorized: Signature mismatch or expired bearer token,Us-West-2,True,Fast
1546,89,2026-05-22 22:47:22,278.12,200,DELETE,10.195,32.34,48.34,1,No Error,Eu-West-1,False,Moderate
1547,138,2026-05-14 19:40:05,178.06,200,PATCH,1532.073,19.69,21.29,1,No Error,Ap-Southeast-1,False,Fast
1548,81,2026-05-16 16:43:30,212.72,201,PATCH,2575.696,11.2,30.09,1,No Error,Us-East-1,False,Moderate
1549,139,2026-05-19 21:46:05,422.66,201,POST,2467.914,26.25,16.71,1,No Error,Us-West-2,False,Moderate
1550,2,2026-05-02 23:15:17,381.46,200,GET,4.053,2.77,39.02,1,No Error,Us-East-1,False,Moderate
1551,228,2026-05-25 07:50:34,305.54,204,POST,3677.68,36.88,24.3,1,No Error,Sa-East-1,False,Moderate
1552,11,2026-05-10 23:33:22,54.72,429,PUT,3899.579,6.07,15.99,1,Rate Limit Exceeded: Threshold of 100 req/sec breached,Sa-East-1,True,Fast
1553,198,2026-05-04 18:02:09,83.11,201,PATCH,3257.977,12.32,35.4,1,No Error,Eu-West-1,False,Fast
1554,67,2026-05-14 00:44:26,174.74,200,GET,6.894,13.56,36.57,1,No Error,Us-East-1,False,Fast
1555,6,2026-05-16 22:29:42,109.22,201,GET,11.103,12.8,50.09,1,No Error,Eu-West-1,False,Fast
1556,140,2026-05-25 08:07:38,34.85,204,PATCH,3146.201,36.06,21.33,1,No Error,Us-West-2,False,Fast
1557,112,2026-05-17 06:31:39,251.51,201,GET,9.022,3.36,21.91,1,No Error,Eu-West-1,False,Moderate
1558,181,2026-05-02 02:02:23,218.22,200,PUT,2670.526,4.66,17.94,1,No Error,Us-West-2,False,Moderate
1559,195,2026-05-15 07:10:12,54.86,429,DELETE,2.372,4.3,17.69,5,Rate Limit Exceeded: Threshold of 100 req/sec breached,Sa-East-1,True,Fast
1560,95,2026-05-02 03:15:31,365.11,204,PUT,4090.556,3.25,18.16,1,No Error,Eu-West-1,False,Moderate
1561,140,2026-05-24 10:33:59,350.75,204,POST,3234.436,7.34,33.83,1,No Error,Us-West-2,False,Moderate
1562,201,2026-05-03 20:16:33,164.44,200,GET,11.719,12.5,18.33,1,No Error,Us-West-2,False,Fast
1563,234,2026-05-02 15:04:06,14151.66,504,GET,11.673,96.3,94.01,1,Gateway Timeout: Upstream microservice failed to respond within 15000ms,Eu-West-1,True,Slow
1564,222,2026-05-03 04:12:47,337.23,200,PUT,3339.216,22.78,14.29,1,No Error,Sa-East-1,False,Moderate
1565,184,2026-05-24 05:48:17,81.34,403,PUT,3359.536,0.56,16.03,1,Forbidden: Client lacks required read/write scopes,Sa-East-1,True,Fast
1566,137,2026-05-18 02:31:06,167.84,200,GET,8.182,23.7,40.01,1,No Error,Sa-East-1,False,Fast
1567,208,2026-05-12 00:58:56,133.06,200,POST,3814.769,35.87,38.64,1,No Error,Sa-East-1,False,Fast
1568,141,2026-05-14 04:16:54,15145.01,504,DELETE,3.704,93.37,90.04,1,Gateway Timeout: Upstream microservice failed to respond within 15000ms,Eu-West-1,True,Slow
1569,209,2026-05-05 04:53:26,172.24,200,GET,7.398,4.98,13.27,2,No Error,Us-West-2,False,Fast
1570,193,2026-05-07 05:18:22,267.01,200,PUT,457.044,37.37,35.93,1,No Error,Sa-East-1,False,Moderate
1571,198,2026-05-17 08:35:32,5361.34,504,PATCH,347.177,92.97,97.1,1,Gateway Timeout: Upstream microservice failed to respond within 15000ms,Us-East-1,True,Slow
1572,6,2026-05-18 03:59:04,7697.98,500,DELETE,11.378,93.02,95.95,1,Internal Server Error: NullPointerException in controller execution layer,Sa-East-1,True,Slow
1573,55,2026-05-08 09:02:02,153.2,200,PATCH,864.722,7.59,23.9,1,No Error,Us-West-2,False,Fast
1574,75,2026-05-17 06:43:37,239.76,200,PATCH,2334.861,27.7,36.63,1,No Error,Us-East-1,False,Moderate
1575,55,2026-05-04 10:05:16,68.02,400,PATCH,1431.858,2.7,13.79,1,Bad Request: Invalid JSON payload structure,Eu-West-1,True,Fast
1576,210,2026-05-09 17:16:40,131.27,204,PUT,593.65,21.54,38.51,5,No Error,Us-West-2,False,Fast
1577,20,2026-05-25 07:39:47,265.84,201,PATCH,2326.158,17.0,27.34,1,No Error,Us-East-1,False,Moderate
1578,63,2026-05-02 11:05:16,38.66,400,DELETE,4.455,11.43,22.26,1,Bad Request: Invalid JSON payload structure,Sa-East-1,True,Fast
1579,86,2026-05-10 12:12:47,5582.92,504,DELETE,8.713,90.3,96.86,1,Gateway Timeout: Upstream microservice failed to respond within 15000ms,Ap-Southeast-1,True,Slow
1580,2,2026-05-11 13:50:22,122.4,204,GET,12.297,3.88,19.81,1,No Error,Sa-East-1,False,Fast
1581,55,2026-05-15 14:17:24,72.34,404,PATCH,2967.634,0.88,20.99,1,Resource Not Found: Endpoint entity collection does not exist,Us-West-2,True,Fast
1582,18,2026-05-24 17:07:53,228.24,200,PATCH,1418.458,4.17,33.85,1,No Error,Us-East-1,False,Moderate
1583,214,2026-05-22 15:39:51,72.34,400,PUT,3161.681,0.48,19.26,1,No Error,Ap-Southeast-1,True,Fast
1584,88,2026-05-12 12:15:45,151.25,204,PUT,2559.204,18.66,40.47,5,No Error,Ap-Southeast-1,False,Fast
1585,227,2026-05-05 00:09:50,54.61,200,DELETE,11.569,12.57,35.53,1,No Error,Sa-East-1,False,Fast
1586,176,2026-05-06 19:09:03,20.41,204,POST,495.565,23.41,19.79,12,No Error,Ap-Southeast-1,False,Fast
1587,56,2026-05-08 14:46:43,184.75,200,POST,905.025,4.35,49.47,1,No Error,Ap-Southeast-1,False,Fast
1588,97,2026-05-12 05:31:44,304.22,200,POST,952.839,3.96,17.4,1,No Error,Eu-West-1,False,Moderate
1589,65,2026-05-22 20:30:10,16.27,201,DELETE,7.172,6.51,36.93,1,No Error,Ap-Southeast-1,False,Fast
1590,52,2026-05-25 08:12:04,108.71,200,GET,2.103,16.98,39.92,1,No Error,Ap-Southeast-1,False,Fast
1591,157,2026-05-14 18:30:19,141.46,204,PATCH,1432.182,36.91,29.34,1,No Error,Sa-East-1,False,Fast
1592,141,2026-05-06 23:42:42,66.81,204,PUT,2148.645,25.88,46.91,1,No Error,Us-East-1,False,Fast
1593,113,2026-05-14 09:55:56,200.385,200,DELETE,11.959,165.4,0.0,1,No Error,Eu-West-1,False,Moderate
1594,29,2026-05-15 08:11:37,128.42,204,GET,5.729,14.08,13.6,1,No Error,Sa-East-1,False,Fast
1595,177,2026-05-01 13:05:43,400.38,201,POST,2992.134,29.58,46.83,1,No Error,Sa-East-1,False,Moderate
1596,38,2026-05-19 06:16:47,20.25,429,PUT,3490.964,5.37,20.08,1,Rate Limit Exceeded: Threshold of 100 req/sec breached,Us-West-2,True,Fast
1597,102,2026-05-05 00:22:12,223.89,200,GET,3.971,3.8,30.92,1,No Error,Eu-West-1,False,Moderate
1598,77,2026-05-24 11:27:57,442.62,201,DELETE,2.732,20.0,20.23,1,No Error,Us-East-1,False,Moderate
1599,64,2026-05-20 06:19:00,13.07,404,PATCH,722.596,11.32,12.37,1,Resource Not Found: Endpoint entity collection does not exist,Us-East-1,True,Fast
1600,235,2026-05-23 13:46:03,344.1,200,DELETE,4.556,13.84,33.31,5,No Error,Ap-Southeast-1,False,Moderate
1601,233,2026-05-18 22:20:01,93.45,204,DELETE,7.782,29.68,38.74,1,No Error,Ap-Southeast-1,False,Fast
1602,72,2026-05-16 01:18:46,20.12,201,DELETE,4.056,7.8,27.0,1,No Error,Us-East-1,False,Fast
1603,249,2026-05-18 09:21:15,148.56,200,PATCH,3335.837,2.74,47.97,1,No Error,Ap-Southeast-1,False,Fast
1604,199,2026-05-25 12:23:11,185.23,200,DELETE,9.043,24.8,36.33,12,No Error,Us-East-1,False,Fast
1605,79,2026-05-11 02:03:08,-1.0,400,GET,1.723,17.42,29.34,1,No Error,Us-East-1,True,Fast
1606,10,2026-05-25 12:38:45,40.16,204,PUT,505.445,1.33,47.93,5,No Error,Us-East-1,False,Fast
1607,182,2026-05-04 02:42:52,99999.99,500,PUT,3584.441,-99.0,0.0,1,CRITICAL_TELEMETRY_DROP_OUT,Us-West-2,True,Slow
1608,248,2026-05-21 09:30:23,440.82,204,PUT,1129.377,14.95,22.88,5,No Error,Sa-East-1,False,Moderate
1609,65,2026-05-16 19:52:55,293.26,201,DELETE,4.678,6.83,13.77,1,No Error,Sa-East-1,False,Moderate
1610,90,2026-05-18 23:46:07,314.23,201,DELETE,1.514,18.27,40.81,1,No Error,Ap-Southeast-1,False,Moderate
1611,219,2026-05-25 22:06:54,280.31,400,POST,1865.06,32.53,62.79,1,No Error,Us-West-2,True,Moderate
1612,213,2026-05-19 21:05:28,135.31,201,PUT,687.731,18.01,32.0,1,No Error,Ap-Southeast-1,False,Fast
1613,246,2026-05-11 01:03:53,30.81,401,GET,1.631,3.84,22.44,12,Unauthorized: Signature mismatch or expired bearer token,Us-East-1,True,Fast
1614,242,2026-05-23 17:17:48,430.88,204,POST,657.732,37.84,29.46,2,No Error,Eu-West-1,False,Moderate
1615,12,2026-05-01 03:08:17,399.22,201,POST,241.132,23.24,48.66,1,No Error,Us-East-1,False,Moderate
1616,218,2026-05-25 14:20:50,63.13,201,PUT,3867.26,17.38,38.91,12,No Error,Ap-Southeast-1,False,Fast
1617,157,2026-05-18 21:56:19,274.66,204,PUT,2133.046,13.37,37.62,1,No Error,Us-East-1,False,Moderate
1618,230,2026-05-15 09:01:20,81.38,200,GET,1.202,23.62,49.99,1,No Error,Us-West-2,False,Fast
1619,54,2026-05-18 14:14:05,16663.27,503,PUT,1929.444,99.49,97.62,1,Service Unavailable: Downstream database connection pool timeout,Eu-West-1,True,Slow
1620,38,2026-05-07 23:07:08,220.56,200,PATCH,1467.364,21.93,17.77,1,No Error,Sa-East-1,False,Moderate
1621,173,2026-05-17 14:37:20,124.33,200,POST,1744.657,22.73,40.55,1,No Error,Ap-Southeast-1,False,Fast
1622,36,2026-05-23 18:23:29,116.96,200,GET,3.37,32.37,41.35,1,No Error,Eu-West-1,False,Fast
1623,46,2026-05-05 15:19:45,415.73,204,PUT,1315.348,24.36,12.52,1,No Error,Eu-West-1,False,Moderate
1624,113,2026-05-10 01:35:26,43.48,429,PUT,2373.454,11.34,24.66,1,Rate Limit Exceeded: Threshold of 100 req/sec breached,Us-East-1,True,Fast
1625,39,2026-05-04 18:20:41,193.69,200,PATCH,2928.122,34.27,36.8,1,No Error,Sa-East-1,False,Fast
1626,44,2026-05-12 21:01:23,130.45,201,PUT,2769.933,20.97,45.2,1,No Error,Sa-East-1,False,Fast
1627,247,2026-05-19 03:38:53,135.15,201,DELETE,10.305,35.92,27.14,1,No Error,Sa-East-1,False,Fast
1628,173,2026-05-01 06:59:14,41.16,400,POST,3134.153,4.87,29.7,1,Bad Request: Invalid JSON payload structure,Us-West-2,True,Fast
1629,4,2026-05-24 18:21:06,92.46,429,POST,1474.327,1.26,26.31,1,Rate Limit Exceeded: Threshold of 100 req/sec breached,Ap-Southeast-1,True,Fast
1630,4,2026-05-16 15:06:14,349.04,200,GET,2.053,3.13,36.35,1,No Error,Us-West-2,False,Moderate
1631,216,2026-05-16 18:44:56,348.71,201,DELETE,10.607,18.99,23.68,1,No Error,Ap-Southeast-1,False,Moderate
1632,58,2026-05-21 23:10:23,363.4,201,PATCH,3199.505,36.79,49.23,1,No Error,Us-West-2,False,Moderate
1633,110,2026-05-19 02:51:48,286.26,201,GET,10.081,21.19,32.5,1,No Error,Us-East-1,False,Moderate
1634,130,2026-05-18 00:25:54,57.51,200,DELETE,7.581,17.46,49.55,1,No Error,Us-East-1,False,Fast
1635,158,2026-05-23 15:59:34,140.51,200,PUT,3380.173,6.1,34.33,2,No Error,Ap-Southeast-1,False,Fast
1636,45,2026-05-06 09:01:50,396.12,201,PUT,1738.31,18.52,45.05,1,No Error,Us-East-1,False,Moderate
1637,89,2026-05-06 07:21:57,52.43,204,DELETE,6.716,26.08,28.09,1,No Error,Sa-East-1,False,Fast
1638,39,2026-05-24 18:28:03,45.03,201,GET,12.169,7.31,47.3,1,No Error,Us-East-1,False,Fast
1639,9,2026-05-20 12:01:36,229.04,201,PATCH,3070.359,37.45,43.2,2,No Error,Ap-Southeast-1,False,Moderate
1640,233,2026-05-24 22:28:45,271.4,200,GET,3.212,12.98,36.37,1,No Error,Sa-East-1,False,Moderate
1641,191,2026-05-12 05:32:19,256.61,201,PUT,3163.662,37.53,43.0,1,No Error,Us-West-2,False,Moderate
1642,120,2026-05-16 14:20:31,265.74,200,GET,11.113,7.9,35.51,5,No Error,Eu-West-1,False,Moderate
1643,206,2026-05-09 04:24:10,85.63,204,PATCH,3971.769,3.1,41.5,1,No Error,Us-West-2,False,Fast
1644,77,2026-05-06 06:16:05,155.43,200,PUT,1575.29,30.16,29.97,1,No Error,Sa-East-1,False,Fast
1645,57,2026-05-17 02:55:35,47.55,200,PATCH,1422.716,19.99,32.01,1,No Error,Us-West-2,False,Fast
1646,154,2026-05-25 12:38:44,350.63,201,GET,3.789,15.78,21.43,1,No Error,Us-West-2,False,Moderate
1647,106,2026-05-02 09:51:33,102.99,200,GET,10.623,10.83,46.57,1,No Error,Eu-West-1,False,Fast
1648,215,2026-05-12 11:02:49,94.28,200,DELETE,5.791,25.44,21.45,1,No Error,Sa-East-1,False,Fast
1649,146,2026-05-23 08:18:59,230.05,204,GET,1.26,37.87,33.06,1,No Error,Ap-Southeast-1,False,Moderate
1650,104,2026-05-08 12:59:18,414.25,204,POST,949.909,20.51,48.91,1,No Error,Ap-Southeast-1,False,Moderate
1651,183,2026-05-22 14:11:28,70.77,400,POST,3459.152,5.1,11.34,1,No Error,Us-East-1,True,Fast
1652,230,2026-05-12 03:10:16,154.15,201,GET,6.335,8.63,45.03,1,No Error,Ap-Southeast-1,False,Fast
1653,139,2026-05-21 05:10:52,71.67,429,PATCH,2061.199,5.37,11.24,1,Rate Limit Exceeded: Threshold of 100 req/sec breached,Eu-West-1,True,Fast
1654,73,2026-05-10 10:03:42,350.31,204,DELETE,2.913,35.31,26.74,2,No Error,Us-East-1,False,Moderate
1655,127,2026-05-20 07:18:44,150.67,200,PUT,4036.064,24.02,49.6,1,No Error,Us-East-1,False,Fast
1656,86,2026-05-09 20:26:30,279.52,200,PATCH,1627.847,33.98,18.33,1,No Error,Eu-West-1,False,Moderate
1657,91,2026-05-20 04:23:33,63.75,200,PUT,2727.527,11.41,28.39,1,No Error,Us-East-1,False,Fast
1658,59,2026-05-20 06:01:57,244.44,201,POST,3312.643,25.6,48.54,1,No Error,Ap-Southeast-1,False,Moderate
1659,162,2026-05-23 00:10:20,180.16,201,PUT,2718.803,37.84,51.36,1,No Error,Us-East-1,False,Fast
1660,140,2026-05-14 23:37:11,354.22,200,PUT,88.775,4.49,17.04,1,No Error,Us-East-1,False,Moderate
1661,32,2026-05-23 14:29:34,200.385,200,GET,3.733,-99.0,29.34,1,No Error,Us-East-1,False,Moderate
1662,179,2026-05-20 14:54:22,366.76,204,PUT,2179.908,4.4,38.04,1,No Error,Us-East-1,False,Moderate
1663,166,2026-05-12 23:47:59,182.34,200,PUT,2801.573,2.93,39.09,1,No Error,Us-West-2,False,Fast
1664,30,2026-05-03 20:29:30,324.33,204,PATCH,1816.507,33.01,13.98,1,No Error,Us-West-2,False,Moderate
1665,180,2026-05-24 04:57:41,102.08,200,PUT,3298.486,2.15,22.69,1,No Error,Ap-Southeast-1,False,Fast
1666,209,2026-05-10 16:57:41,51.22,404,PATCH,395.585,11.92,22.86,1,Resource Not Found: Endpoint entity collection does not exist,Eu-West-1,True,Fast
1667,70,2026-05-05 03:52:16,413.72,200,POST,2916.016,5.81,28.5,1,No Error,Eu-West-1,False,Moderate
1668,135,2026-05-20 19:53:24,255.73,204,DELETE,5.16,2.0,33.48,1,No Error,Sa-East-1,False,Moderate
1669,122,2026-05-17 14:53:50,312.23,200,DELETE,7.582,0.9,19.7,1,No Error,Sa-East-1,False,Moderate
1670,177,2026-05-20 17:21:17,58.7,400,GET,11.031,1.76,9.44,5,Bad Request: Invalid JSON payload structure,Eu-West-1,True,Fast
1671,156,2026-05-01 09:11:22,48.05,200,POST,1265.702,36.63,20.29,2,No Error,Ap-Southeast-1,False,Fast
1672,21,2026-05-01 13:02:11,303.38,201,PATCH,3006.767,28.26,14.43,1,No Error,Ap-Southeast-1,False,Moderate
1673,190,2026-05-01 04:11:17,73.63,200,POST,3111.883,22.17,27.68,1,No Error,Us-East-1,False,Fast
1674,140,2026-05-20 06:58:03,386.67,200,PATCH,1575.01,37.08,38.41,1,No Error,Sa-East-1,False,Moderate
1675,237,2026-05-24 22:24:34,350.81,201,GET,0.817,31.22,19.57,1,No Error,Us-West-2,False,Moderate
1676,66,2026-05-16 05:55:16,16.4,400,GET,2.531,6.66,14.51,1,No Error,Us-West-2,True,Fast
1677,62,2026-05-17 03:44:48,327.94,201,GET,10.218,14.03,40.98,1,No Error,Us-East-1,False,Moderate
1678,205,2026-05-20 20:17:08,372.0,200,DELETE,4.43,9.35,24.63,2,No Error,Us-East-1,False,Moderate
1679,143,2026-05-02 15:28:37,89.55,200,GET,0.531,32.87,38.93,1,No Error,Us-West-2,False,Fast
1680,218,2026-05-20 12:11:03,94.2,201,PUT,1049.12,38.34,23.04,5,No Error,Us-East-1,False,Fast
1681,54,2026-05-12 10:05:41,314.28,201,PATCH,67.238,18.24,43.98,1,No Error,Ap-Southeast-1,False,Moderate
1682,237,2026-05-13 19:35:10,208.46,201,POST,206.316,11.85,48.43,1,No Error,Ap-Southeast-1,False,Moderate
1683,30,2026-05-01 05:17:39,12.11,500,GET,5.516,7.09,24.48,1,    CRITICAL_TELEMETRY_DROP_OUT,Us-East-1,True,Fast
1684,210,2026-05-25 21:12:37,299.17,200,POST,498.419,17.37,40.43,1,No Error,Us-West-2,False,Moderate
1685,233,2026-05-14 01:57:53,213.29,204,DELETE,8.328,17.94,42.74,1,No Error,Eu-West-1,False,Moderate
1686,203,2026-05-22 10:16:29,258.08,201,GET,5.459,34.6,33.82,1,No Error,Eu-West-1,False,Moderate
1687,224,2026-05-23 01:10:05,333.13,200,PATCH,2135.215,17.66,24.44,1,No Error,Sa-East-1,False,Moderate
1688,12,2026-05-05 03:25:52,99999.99,200,PUT,2885.285,17.42,-1.0,1,No Error,Sa-East-1,False,Slow
1689,193,2026-05-08 17:39:27,18.74,400,PUT,1319.604,8.91,22.18,2,Bad Request: Invalid JSON payload structure,Us-East-1,True,Fast
1690,136,2026-05-03 17:50:33,108.4,204,PATCH,2475.568,14.27,23.76,2,No Error,Eu-West-1,False,Fast
1691,47,2026-05-03 11:53:07,209.35,200,PATCH,3903.567,30.82,45.9,2,No Error,Eu-West-1,False,Moderate
1692,59,2026-05-15 13:22:09,389.08,200,PATCH,675.952,31.3,14.41,12,No Error,Eu-West-1,False,Moderate
1693,154,2026-05-03 01:57:40,49.63,403,PATCH,3137.208,5.59,26.93,1,Forbidden: Client lacks required read/write scopes,Sa-East-1,True,Fast
1694,172,2026-05-04 08:25:42,165.24,200,POST,6.694,28.95,30.65,1,No Error,Us-East-1,False,Fast
1695,186,2026-05-11 09:57:41,316.35,204,GET,2.837,6.78,49.62,1,No Error,Us-East-1,False,Moderate
1696,177,2026-05-11 02:06:53,52.26,200,GET,7.416,3.31,19.56,1,No Error,Us-West-2,False,Fast
1697,247,2026-05-21 13:22:52,302.5,204,PUT,1826.585,33.59,12.27,1,No Error,Us-West-2,False,Moderate
1698,108,2026-05-19 09:01:53,226.67,200,DELETE,2.95,22.73,17.09,1,No Error,Us-East-1,False,Moderate
1699,13,2026-05-22 00:15:24,23.03,400,DELETE,2.345,9.44,15.41,1,No Error,Us-East-1,True,Fast
1700,173,2026-05-15 23:36:06,397.62,201,GET,6.349,23.35,29.62,1,No Error,Us-West-2,False,Moderate
1701,32,2026-05-04 21:51:23,406.17,200,GET,11.347,32.32,24.62,1,No Error,Sa-East-1,False,Moderate
1702,88,2026-05-09 02:45:30,244.06,204,PUT,2110.25,23.08,32.5,1,No Error,Sa-East-1,False,Moderate
1703,188,2026-05-07 04:58:16,242.01,204,DELETE,10.305,9.15,43.26,1,No Error,Us-West-2,False,Moderate
1704,64,2026-05-07 17:47:50,19380.68,503,POST,2633.327,98.78,89.73,1,Service Unavailable: Downstream database connection pool timeout,Us-East-1,True,Slow
1705,241,2026-05-20 04:16:28,53.1,201,POST,1310.495,3.72,41.87,1,No Error,Us-East-1,False,Fast
1706,37,2026-05-05 06:03:33,280.98,200,PATCH,717.455,38.12,41.2,1,No Error,Ap-Southeast-1,False,Moderate
1707,243,2026-05-01 15:00:58,14.61,401,DELETE,9.926,4.59,25.5,1,Unauthorized: Signature mismatch or expired bearer token,Ap-Southeast-1,True,Fast
1708,50,2026-05-19 03:12:52,21.67,201,POST,2818.229,6.56,14.17,1,No Error,Ap-Southeast-1,False,Fast
1709,42,2026-05-21 19:30:21,153.12,200,POST,131.135,9.91,48.05,1,No Error,Eu-West-1,False,Fast
1710,230,2026-05-14 19:38:21,18.48,204,DELETE,7.966,1.55,39.28,1,No Error,Eu-West-1,False,Fast
1711,171,2026-05-20 14:11:11,243.26,201,POST,1388.622,18.25,19.26,1,No Error,Sa-East-1,False,Moderate
1712,160,2026-05-17 23:29:53,92.85,200,DELETE,2.521,31.77,42.58,1,No Error,Eu-West-1,False,Fast
1713,16,2026-05-20 03:45:01,77.89,429,POST,1058.7,4.49,22.1,1,Rate Limit Exceeded: Threshold of 100 req/sec breached,Eu-West-1,True,Fast
1714,67,2026-05-08 02:44:45,68.79,401,GET,11.551,11.8,14.86,1,Unauthorized: Signature mismatch or expired bearer token,Sa-East-1,True,Fast
1715,58,2026-05-24 06:40:09,97.14,200,GET,3.23,16.78,44.14,1,No Error,Sa-East-1,False,Fast
1716,223,2026-05-15 09:19:41,65.12,400,POST,1612.717,11.5,20.65,1,Bad Request: Invalid JSON payload structure,Ap-Southeast-1,True,Fast
1717,187,2026-05-25 00:38:17,331.04,200,PATCH,2591.677,1.84,32.26,1,No Error,Eu-West-1,False,Moderate
1718,98,2026-05-22 18:11:21,362.09,200,GET,0.512,29.94,43.16,1,No Error,Ap-Southeast-1,False,Moderate
1719,219,2026-05-06 11:58:22,216.35,200,PATCH,3579.456,16.73,48.33,1,No Error,Eu-West-1,False,Moderate
1720,186,2026-05-19 22:31:11,75.52,201,PUT,1213.705,15.51,40.92,1,No Error,Eu-West-1,False,Fast
1721,173,2026-05-19 12:28:09,60.35,500,GET,10.536,7.84,19.93,1,    CRITICAL_TELEMETRY_DROP_OUT,Us-West-2,True,Fast
1722,80,2026-05-05 06:14:59,34.84,400,POST,2504.778,3.48,12.2,1,Bad Request: Invalid JSON payload structure,Us-West-2,True,Fast
1723,120,2026-05-11 12:30:14,91.51,404,PUT,429.035,5.06,27.26,1,Resource Not Found: Endpoint entity collection does not exist,Us-West-2,True,Fast
1724,237,2026-05-15 02:27:35,316.71,200,POST,3502.239,36.24,39.52,1,No Error,Eu-West-1,False,Moderate
1725,190,2026-05-04 13:12:55,31.03,403,GET,6.687,4.14,15.33,1,Forbidden: Client lacks required read/write scopes,Sa-East-1,True,Fast
1726,188,2026-05-24 20:26:12,31.85,201,POST,878.124,35.18,32.1,2,No Error,Us-West-2,False,Fast
1727,157,2026-05-11 16:17:44,34.1,200,GET,7.184,10.42,17.92,1,No Error,Ap-Southeast-1,False,Fast
1728,160,2026-05-25 06:26:05,159.26,200,POST,271.595,20.76,16.91,1,No Error,Eu-West-1,False,Fast
1729,78,2026-05-25 20:22:56,45.57,204,PUT,3560.682,22.87,43.13,1,No Error,Us-West-2,False,Fast
1730,113,2026-05-06 14:26:32,411.34,200,PUT,1800.739,33.26,36.23,1,No Error,Us-East-1,False,Moderate
1731,232,2026-05-02 11:04:04,53.13,200,DELETE,1.461,27.97,49.17,2,No Error,Us-East-1,False,Fast
1732,222,2026-05-01 06:23:10,161.05,201,DELETE,11.68,24.71,26.81,1,No Error,Sa-East-1,False,Fast
1733,202,2026-05-01 11:59:52,393.51,201,PUT,3690.948,31.41,36.55,1,No Error,Us-East-1,False,Moderate
1734,242,2026-05-05 01:21:26,434.63,200,DELETE,10.903,3.58,27.58,1,No Error,Sa-East-1,False,Moderate
1735,28,2026-05-12 15:34:24,68.99,429,PATCH,1685.007,10.5,26.35,1,Rate Limit Exceeded: Threshold of 100 req/sec breached,Ap-Southeast-1,True,Fast
1736,104,2026-05-18 16:08:31,201.83,201,DELETE,3.085,26.19,36.29,1,No Error,Eu-West-1,False,Moderate
1737,85,2026-05-12 17:13:58,386.81,201,PUT,3925.879,34.87,22.67,2,No Error,Us-West-2,False,Moderate
1738,209,2026-05-10 00:33:47,15.06,404,PUT,1607.893,10.29,28.01,1,Resource Not Found: Endpoint entity collection does not exist,Ap-Southeast-1,True,Fast
1739,197,2026-05-15 06:14:03,420.64,200,PATCH,2636.756,2.75,41.98,1,No Error,Sa-East-1,False,Moderate
1740,230,2026-05-05 11:13:46,194.57,204,PUT,1123.861,20.46,35.65,1,No Error,Us-West-2,False,Fast
1741,133,2026-05-09 21:59:03,137.63,201,GET,10.845,9.1,25.3,1,No Error,Us-West-2,False,Fast
1742,184,2026-05-09 09:04:50,176.89,201,POST,1037.465,6.73,20.99,1,No Error,Us-West-2,False,Fast
1743,91,2026-05-21 11:22:22,215.49,200,POST,985.237,18.87,13.18,1,No Error,Sa-East-1,False,Moderate
1744,101,2026-05-05 20:28:09,38.39,204,DELETE,1.188,24.19,26.03,2,No Error,Eu-West-1,False,Fast
1745,161,2026-05-09 07:38:49,38.6,401,POST,2150.026,6.38,16.27,2,Unauthorized: Signature mismatch or expired bearer token,Ap-Southeast-1,True,Fast
1746,193,2026-05-20 00:44:53,257.62,204,GET,11.689,37.87,21.44,2,No Error,Us-East-1,False,Moderate
1747,169,2026-05-22 13:11:14,288.18,200,PATCH,2030.607,27.68,24.45,1,No Error,Sa-East-1,False,Moderate
1748,239,2026-05-22 23:53:09,200.385,400,PATCH,2685.766,17.42,29.34,1,No Error,Ap-Southeast-1,True,Moderate
1749,155,2026-05-15 14:42:34,176.97,200,PATCH,339.868,27.45,20.3,1,No Error,Us-East-1,False,Fast
1750,1,2026-05-16 10:45:48,179.05,204,DELETE,1.412,29.44,24.34,1,No Error,Us-East-1,False,Fast
1751,183,2026-05-16 19:20:33,24.32,429,DELETE,10.735,1.94,25.0,1,Rate Limit Exceeded: Threshold of 100 req/sec breached,Us-East-1,True,Fast
1752,134,2026-05-18 17:40:26,152.37,200,POST,457.116,34.37,48.1,1,No Error,Us-West-2,False,Fast
1753,41,2026-05-17 01:33:19,73.79,429,PUT,1929.573,9.91,21.57,1,Rate Limit Exceeded: Threshold of 100 req/sec breached,Us-East-1,True,Fast
1754,210,2026-05-01 03:08:17,446.24,200,DELETE,8.1,45.74,51.46,5,No Error,Ap-Southeast-1,False,Moderate
1755,178,2026-05-07 11:34:11,39.33,204,DELETE,7.643,1.26,23.6,1,No Error,Eu-West-1,False,Fast
1756,83,2026-05-05 07:01:07,322.54,200,POST,714.4,17.36,43.32,1,No Error,Sa-East-1,False,Moderate
1757,4,2026-05-02 13:39:42,207.01,200,PUT,1514.301,5.17,27.97,1,No Error,Sa-East-1,False,Moderate
1758,233,2026-05-23 17:02:01,36.28,404,GET,9.545,7.5,27.33,1,Resource Not Found: Endpoint entity collection does not exist,Ap-Southeast-1,True,Fast
1759,94,2026-05-03 05:49:35,20772.26,500,PATCH,2980.382,91.59,99.7,1,Internal Server Error: NullPointerException in controller execution layer,Eu-West-1,True,Slow
1760,135,2026-05-24 17:26:09,-1.0,400,POST,2711.922,165.4,-1.0,1,No Error,Us-East-1,True,Fast
1761,120,2026-05-16 08:19:30,415.34,200,PATCH,3242.266,18.58,42.59,1,No Error,Ap-Southeast-1,False,Moderate
1762,222,2026-05-16 15:57:57,111.9,204,PUT,2607.347,19.94,30.83,1,No Error,Eu-West-1,False,Fast
1763,107,2026-05-01 18:06:36,81.87,200,GET,12.024,18.71,33.28,1,No Error,Sa-East-1,False,Fast
1764,60,2026-05-24 21:10:23,85.54,400,POST,3296.24,3.79,22.15,2,No Error,Sa-East-1,True,Fast
1765,211,2026-05-20 22:28:00,56.24,200,PUT,2225.147,1.45,27.3,2,No Error,Us-East-1,False,Fast
1766,18,2026-05-05 02:20:08,88.55,401,DELETE,3.686,7.85,24.81,1,Unauthorized: Signature mismatch or expired bearer token,Ap-Southeast-1,True,Fast
1767,1,2026-05-20 16:12:21,73.79,200,PATCH,668.265,23.95,31.87,1,No Error,Ap-Southeast-1,False,Fast
1768,199,2026-05-15 17:54:55,99999.99,500,PATCH,3256.253,165.4,29.34,1,CRITICAL_TELEMETRY_DROP_OUT,Sa-East-1,True,Slow
1769,155,2026-05-09 21:25:08,307.62,200,DELETE,10.437,21.62,28.84,1,No Error,Sa-East-1,False,Moderate
1770,179,2026-05-09 05:47:42,81.18,400,GET,0.964,6.85,24.92,1,No Error,Sa-East-1,True,Fast
1771,228,2026-05-09 19:19:26,445.52,200,GET,4.429,22.96,14.02,1,No Error,Ap-Southeast-1,False,Moderate
1772,53,2026-05-02 11:38:07,437.86,201,PUT,3210.944,25.75,39.96,1,No Error,Eu-West-1,False,Moderate
1773,226,2026-05-17 15:31:03,358.87,204,POST,34.588,30.77,41.72,1,No Error,Us-East-1,False,Moderate
1774,29,2026-05-05 14:43:41,162.83,200,PUT,1070.885,22.92,42.73,1,No Error,Ap-Southeast-1,False,Fast
1775,106,2026-05-21 21:12:26,158.45,204,PATCH,1589.221,37.68,38.91,1,No Error,Us-East-1,False,Fast
1776,84,2026-05-17 20:47:40,45.92,429,POST,835.911,10.08,20.94,1,Rate Limit Exceeded: Threshold of 100 req/sec breached,Us-West-2,True,Fast
1777,12,2026-05-20 18:04:56,146.51,200,DELETE,11.042,30.1,33.86,2,No Error,Us-West-2,False,Fast
1778,192,2026-05-21 22:18:40,75.08,400,DELETE,1.404,10.15,18.62,5,No Error,Us-East-1,True,Fast
1779,163,2026-05-08 11:10:37,71.3,200,GET,4.257,1.99,34.7,1,No Error,Sa-East-1,False,Fast
1780,86,2026-05-15 19:20:50,428.17,200,PUT,3860.134,10.6,23.91,1,No Error,Sa-East-1,False,Moderate
1781,44,2026-05-15 06:03:56,427.19,204,DELETE,7.485,19.86,42.19,1,No Error,Ap-Southeast-1,False,Moderate
1782,236,2026-05-15 22:26:18,97.16,204,PATCH,3121.504,21.21,16.23,1,No Error,Ap-Southeast-1,False,Fast
1783,120,2026-05-20 16:49:28,246.72,200,POST,351.034,17.35,41.2,1,No Error,Us-East-1,False,Moderate
1784,12,2026-05-14 20:42:50,104.26,200,PUT,2343.124,20.68,28.2,1,No Error,Us-East-1,False,Fast
1785,62,2026-05-20 05:57:10,437.82,200,POST,580.002,37.38,18.72,1,No Error,Sa-East-1,False,Moderate
1786,190,2026-05-07 14:05:40,57.74,400,GET,1.644,2.77,19.89,1,No Error,Sa-East-1,True,Fast
1787,169,2026-05-08 03:50:59,8121.39,504,PATCH,1386.756,95.87,97.47,1,Gateway Timeout: Upstream microservice failed to respond within 15000ms,Ap-Southeast-1,True,Slow
1788,68,2026-05-13 05:09:58,425.54,201,PATCH,3791.532,4.67,24.33,5,No Error,Us-West-2,False,Moderate
1789,167,2026-05-11 19:47:06,137.77,200,PATCH,3214.398,36.3,21.16,1,No Error,Us-East-1,False,Fast
1790,96,2026-05-19 11:40:08,218.16,200,PUT,3018.057,20.44,26.3,1,No Error,Sa-East-1,False,Moderate
1791,21,2026-05-04 03:10:35,290.75,200,POST,606.509,25.29,18.23,1,No Error,Us-West-2,False,Moderate
1792,234,2026-05-02 00:57:49,87.6,201,POST,2978.016,22.63,37.44,1,No Error,Us-East-1,False,Fast
1793,47,2026-05-17 02:33:32,159.2,200,PUT,2998.391,21.19,18.48,2,No Error,Us-East-1,False,Fast
1794,16,2026-05-13 22:59:43,196.26,200,PUT,1139.351,24.26,18.73,1,No Error,Eu-West-1,False,Fast
1795,100,2026-05-17 16:44:09,335.56,201,POST,3259.67,37.35,29.1,1,No Error,Us-East-1,False,Moderate
1796,241,2026-05-01 06:11:03,419.64,204,PATCH,3389.553,7.74,42.01,1,No Error,Us-East-1,False,Moderate
1797,196,2026-05-13 02:02:04,25.02,429,GET,3.141,5.5,21.71,1,Rate Limit Exceeded: Threshold of 100 req/sec breached,Ap-Southeast-1,True,Fast
1798,34,2026-05-09 15:18:32,82.27,401,POST,2251.159,9.0,18.69,1,Unauthorized: Signature mismatch or expired bearer token,Sa-East-1,True,Fast
1799,24,2026-05-23 13:16:40,319.0,200,PATCH,2935.025,13.14,49.6,1,No Error,Ap-Southeast-1,False,Moderate
1800,169,2026-05-01 06:27:50,24.9,200,POST,3097.024,16.15,39.6,1,No Error,Sa-East-1,False,Fast
1801,52,2026-05-07 20:28:16,28.91,200,PATCH,2415.532,26.19,25.87,1,No Error,Us-West-2,False,Fast
1802,81,2026-05-25 21:30:40,53.93,400,PATCH,3510.474,4.07,9.44,1,Bad Request: Invalid JSON payload structure,Us-West-2,True,Fast
1803,208,2026-05-10 05:03:19,186.58,200,PUT,1488.188,12.66,33.74,2,No Error,Eu-West-1,False,Fast
1804,67,2026-05-24 10:37:17,222.83,200,DELETE,4.363,14.77,39.99,1,No Error,Us-East-1,False,Moderate
1805,125,2026-05-21 16:09:46,336.4,204,PATCH,3308.511,33.9,43.83,1,No Error,Us-East-1,False,Moderate
1806,110,2026-05-19 07:02:31,5704.66,503,DELETE,0.807,96.34,99.21,1,Service Unavailable: Downstream database connection pool timeout,Eu-West-1,True,Slow
1807,21,2026-05-06 09:46:49,404.93,204,DELETE,10.251,14.74,33.93,1,No Error,Ap-Southeast-1,False,Moderate
1808,208,2026-05-19 00:12:16,305.19,201,DELETE,5.722,1.43,13.49,1,No Error,Sa-East-1,False,Moderate
1809,224,2026-09-05 02:43:18,509.16,200,POST,3321.824,25.94,64.71,1,No Error,Eu-West-1,False,Slow
1810,163,2026-05-10 23:16:55,40.7,429,GET,4.513,5.31,14.18,1,Rate Limit Exceeded: Threshold of 100 req/sec breached,Us-East-1,True,Fast
1811,158,2026-05-04 23:18:08,330.35,201,PATCH,3910.09,1.9,12.35,1,No Error,Sa-East-1,False,Moderate
1812,195,2026-05-22 10:54:12,404.61,204,GET,5.031,4.81,19.17,1,No Error,Ap-Southeast-1,False,Moderate
1813,205,2026-05-22 17:35:02,423.42,200,POST,1623.627,11.41,38.69,1,No Error,Ap-Southeast-1,False,Moderate
1814,13,2026-05-02 21:52:07,166.35,201,PUT,2495.864,31.94,46.37,1,No Error,Sa-East-1,False,Fast
1815,182,2026-05-12 11:52:29,21.59,400,PUT,385.913,12.04,12.57,1,Bad Request: Invalid JSON payload structure,Eu-West-1,True,Fast
1816,36,2026-05-19 22:15:09,-1.0,200,PATCH,2062.425,165.4,-1.0,1,No Error,Us-East-1,False,Fast
1817,216,2026-05-19 13:09:58,7.29,404,PATCH,658.25,6.74,23.67,1,Resource Not Found: Endpoint entity collection does not exist,Us-East-1,True,Fast
1818,199,2026-05-24 16:51:20,240.49,204,PATCH,1648.175,6.81,47.82,1,No Error,Eu-West-1,False,Moderate
1819,222,2026-05-01 20:13:10,23558.31,503,PUT,170.506,94.93,91.06,1,Service Unavailable: Downstream database connection pool timeout,Us-East-1,True,Slow
1820,78,2026-05-19 01:36:05,368.2,200,DELETE,1.346,15.71,44.95,1,No Error,Eu-West-1,False,Moderate
1821,3,2026-05-03 16:52:53,46.46,429,GET,0.315,3.62,29.68,2,Rate Limit Exceeded: Threshold of 100 req/sec breached,Ap-Southeast-1,True,Fast
1822,239,2026-05-10 13:53:56,21066.49,504,DELETE,11.171,93.19,92.22,1,Gateway Timeout: Upstream microservice failed to respond within 15000ms,Us-West-2,True,Slow
1823,45,2026-05-15 21:46:19,153.31,204,GET,10.367,29.63,21.18,1,No Error,Us-East-1,False,Fast
1824,98,2026-05-04 10:18:48,447.67,200,PATCH,2614.209,24.92,19.83,2,No Error,Us-West-2,False,Moderate
1825,22,2026-05-11 07:07:11,436.8,201,POST,30.123,4.45,22.03,1,No Error,Sa-East-1,False,Moderate
1826,135,2026-05-02 01:35:22,19.52,401,PATCH,522.798,7.36,29.68,1,Unauthorized: Signature mismatch or expired bearer token,Us-East-1,True,Fast
1827,207,2026-05-11 08:10:57,68.87,201,PATCH,4071.495,8.8,48.03,1,No Error,Us-West-2,False,Fast
1828,229,2026-05-22 12:19:01,359.43,204,DELETE,4.148,15.44,33.99,1,No Error,Us-West-2,False,Moderate
1829,154,2026-05-07 09:34:30,23.11,200,PATCH,3093.413,12.68,44.52,2,No Error,Us-West-2,False,Fast
1830,101,2026-05-18 22:12:52,6042.6,503,PATCH,3304.809,93.35,97.75,1,Service Unavailable: Downstream database connection pool timeout,Ap-Southeast-1,True,Slow
1831,132,2026-05-14 19:21:02,19614.7,504,POST,2768.075,91.83,99.7,1,Gateway Timeout: Upstream microservice failed to respond within 15000ms,Sa-East-1,True,Slow
1832,250,2026-05-17 19:09:22,315.49,200,POST,1390.396,4.44,45.09,2,No Error,Us-East-1,False,Moderate
1833,230,2026-05-02 09:15:37,354.47,200,DELETE,6.172,30.75,32.01,1,No Error,Us-East-1,False,Moderate
1834,30,2026-05-11 10:04:27,333.37,200,POST,867.497,37.09,22.81,1,No Error,Eu-West-1,False,Moderate
1835,160,2026-05-24 01:44:25,98.57,204,POST,2418.594,11.26,35.56,1,No Error,Us-East-1,False,Fast
1836,225,2026-05-17 22:06:26,288.36,200,POST,1427.018,18.15,28.96,1,No Error,Us-East-1,False,Moderate
1837,44,2026-05-21 05:57:42,381.93,201,DELETE,1.183,21.39,28.53,1,No Error,Eu-West-1,False,Moderate
1838,237,2026-05-22 23:22:27,181.01,204,POST,1615.651,5.6,48.89,1,No Error,Eu-West-1,False,Fast
1839,34,2026-05-15 16:39:37,203.71,200,PATCH,369.007,32.47,47.58,1,No Error,Eu-West-1,False,Moderate
1840,60,2026-05-22 08:22:35,59.72,403,POST,553.781,9.94,21.05,1,Forbidden: Client lacks required read/write scopes,Eu-West-1,True,Fast
1841,193,2026-05-07 18:54:34,123.12,200,GET,5.668,4.26,16.19,1,No Error,Us-East-1,False,Fast
1842,157,2026-05-07 05:04:54,66.51,200,PUT,971.925,7.8,41.73,1,No Error,Eu-West-1,False,Fast
1843,50,2026-05-18 21:54:17,23493.02,503,DELETE,7.032,93.49,95.54,1,Service Unavailable: Downstream database connection pool timeout,Us-West-2,True,Slow
1844,132,2026-05-09 01:23:47,60.33,400,POST,3684.524,11.7,8.95,1,Bad Request: Invalid JSON payload structure,Us-West-2,True,Fast
1845,236,2026-05-03 00:13:55,194.42,200,POST,3956.159,13.0,14.75,1,No Error,Ap-Southeast-1,False,Fast
1846,199,2026-05-20 16:01:23,172.87,201,POST,1213.841,28.31,26.39,1,No Error,Us-West-2,False,Fast
1847,109,2026-05-04 20:30:18,209.51,200,POST,1219.858,18.18,37.29,1,No Error,Sa-East-1,False,Moderate
1848,228,2026-05-14 07:06:00,74.28,401,DELETE,1.497,2.34,27.02,1,Unauthorized: Signature mismatch or expired bearer token,Us-West-2,True,Fast
1849,15,2026-05-08 11:00:45,223.0,201,POST,1349.871,21.08,45.67,1,No Error,Eu-West-1,False,Moderate
1850,229,2026-05-16 10:54:13,19310.19,500,DELETE,0.736,97.71,90.68,1,Internal Server Error: NullPointerException in controller execution layer,Ap-Southeast-1,True,Slow
1851,27,2026-05-05 05:31:36,73.7,404,POST,578.386,3.54,27.73,1,Resource Not Found: Endpoint entity collection does not exist,Us-East-1,True,Fast
1852,73,2026-05-11 17:11:28,187.35,200,PATCH,141.197,1.18,16.64,1,No Error,Ap-Southeast-1,False,Fast
1853,209,2026-05-08 05:39:41,161.58,201,POST,3050.78,22.54,37.67,2,No Error,Eu-West-1,False,Fast
1854,153,2026-05-08 18:30:16,28.99,200,PATCH,456.236,8.38,23.57,1,No Error,Ap-Southeast-1,False,Fast
1855,104,2026-05-05 17:38:09,191.95,204,PATCH,654.207,18.57,36.21,2,No Error,Eu-West-1,False,Fast
1856,75,2026-05-19 17:36:06,8759.03,500,PATCH,3123.563,92.39,91.27,1,Internal Server Error: NullPointerException in controller execution layer,Sa-East-1,True,Slow
1857,31,2026-05-21 19:20:58,439.13,201,POST,2809.483,10.99,40.0,1,No Error,Ap-Southeast-1,False,Moderate
1858,168,2026-05-02 03:37:27,366.08,200,PUT,333.631,37.42,41.85,1,No Error,Ap-Southeast-1,False,Moderate
1859,174,2026-05-24 06:08:22,197.28,400,PATCH,3827.004,58.37,60.56,1,No Error,Us-East-1,True,Fast
1860,250,2026-05-23 20:16:01,22.39,429,GET,4.025,0.42,13.53,1,Rate Limit Exceeded: Threshold of 100 req/sec breached,Eu-West-1,True,Fast
1861,196,2026-05-18 06:09:50,133.13,200,PUT,2295.306,9.98,40.07,2,No Error,Ap-Southeast-1,False,Fast
1862,54,2026-05-25 10:31:03,57.69,401,PATCH,81.413,7.13,17.56,1,Unauthorized: Signature mismatch or expired bearer token,Us-East-1,True,Fast
1863,244,2026-05-15 00:12:11,77.01,403,PUT,1360.456,8.92,20.59,1,Forbidden: Client lacks required read/write scopes,Us-East-1,True,Fast
1864,92,2026-05-09 12:40:20,38.47,200,DELETE,0.568,29.97,19.77,1,No Error,Us-West-2,False,Fast
1865,91,2026-05-13 22:51:52,280.75,200,PATCH,179.911,29.66,23.65,1,No Error,Ap-Southeast-1,False,Moderate
1866,146,2026-05-01 03:08:17,189.99,400,POST,658.627,24.74,45.71,1,No Error,Us-West-2,True,Fast
1867,60,2026-05-03 19:29:34,34.95,204,PATCH,3567.14,16.53,22.54,1,No Error,Us-West-2,False,Fast
1868,8,2026-05-09 09:15:53,125.49,200,DELETE,9.917,3.62,16.55,1,No Error,Us-West-2,False,Fast
1869,147,2026-05-14 19:38:31,104.76,201,POST,562.811,3.65,34.42,1,No Error,Us-West-2,False,Fast
1870,72,2026-05-23 08:02:54,376.44,200,POST,3299.059,2.9,48.37,1,No Error,Us-East-1,False,Moderate
1871,153,2026-05-25 22:09:12,349.86,200,POST,1347.574,2.1,21.04,1,No Error,Eu-West-1,False,Moderate
1872,8,2026-05-23 00:29:53,79.29,403,POST,628.905,6.5,9.57,1,Forbidden: Client lacks required read/write scopes,Us-West-2,True,Fast
1873,66,2026-05-25 19:40:47,87.5,400,GET,6.255,6.54,24.66,1,No Error,Us-East-1,True,Fast
1874,178,2026-05-07 08:44:31,402.07,201,PATCH,3285.298,1.23,16.61,1,No Error,Ap-Southeast-1,False,Moderate
1875,28,2026-05-09 14:11:24,18.83,401,POST,3366.493,10.26,16.15,1,Unauthorized: Signature mismatch or expired bearer token,Us-East-1,True,Fast
1876,62,2026-05-10 23:06:03,350.39,204,PUT,3294.203,27.8,21.01,1,No Error,Us-West-2,False,Moderate
1877,16,2026-05-02 18:59:30,93.0,201,PUT,2343.326,23.94,33.47,1,No Error,Us-West-2,False,Fast
1878,82,2026-05-13 22:29:26,258.27,200,GET,7.245,16.65,28.67,1,No Error,Us-West-2,False,Moderate
1879,98,2026-05-25 11:28:21,49.95,500,PUT,644.465,0.89,22.72,1,    CRITICAL_TELEMETRY_DROP_OUT,Us-East-1,True,Fast
1880,241,2026-05-05 13:53:03,213.36,204,GET,1.713,6.26,33.29,1,No Error,Us-East-1,False,Moderate
1881,25,2026-05-04 22:07:38,27903.23,500,POST,747.42,97.63,97.56,2,Internal Server Error: NullPointerException in controller execution layer,Us-West-2,True,Slow
1882,87,2026-05-17 01:32:20,204.15,200,PATCH,1448.957,15.51,39.4,1,No Error,Us-East-1,False,Moderate
1883,232,2026-05-16 05:34:28,18348.24,504,POST,1925.005,99.88,92.55,1,Gateway Timeout: Upstream microservice failed to respond within 15000ms,Us-East-1,True,Slow
1884,216,2026-05-10 05:58:35,47.6,200,PATCH,2512.256,33.11,13.14,1,No Error,Eu-West-1,False,Fast
1885,176,2026-05-16 13:21:22,71.49,201,GET,8.591,20.04,26.87,1,No Error,Eu-West-1,False,Fast
1886,237,2026-05-10 10:56:51,301.52,204,POST,3732.177,36.26,48.36,1,No Error,Ap-Southeast-1,False,Moderate
1887,52,2026-05-03 21:24:32,106.92,200,GET,3.542,34.05,21.14,1,No Error,Us-West-2,False,Fast
1888,185,2026-05-12 00:41:13,17101.81,504,DELETE,0.502,98.71,93.56,1,Gateway Timeout: Upstream microservice failed to respond within 15000ms,Sa-East-1,True,Slow
1889,156,2026-05-17 12:24:11,18.48,404,PUT,3812.71,6.19,16.92,1,Resource Not Found: Endpoint entity collection does not exist,Eu-West-1,True,Fast
1890,85,2026-05-06 01:19:17,12214.94,504,POST,2514.834,98.49,94.06,2,Gateway Timeout: Upstream microservice failed to respond within 15000ms,Sa-East-1,True,Slow
1891,37,2026-05-01 08:00:28,87.23,403,PUT,459.36,10.7,15.18,1,Forbidden: Client lacks required read/write scopes,Ap-Southeast-1,True,Fast
1892,75,2026-05-07 11:46:00,394.25,201,PATCH,1606.612,32.74,14.39,1,No Error,Sa-East-1,False,Moderate
1893,243,2026-05-13 07:32:16,380.89,200,POST,2766.536,21.86,18.81,1,No Error,Sa-East-1,False,Moderate
1894,179,2026-05-21 17:06:02,35.71,403,PATCH,639.608,12.09,29.16,1,Forbidden: Client lacks required read/write scopes,Ap-Southeast-1,True,Fast
1895,115,2026-05-19 23:08:37,200.385,400,POST,78.956,17.42,29.34,1,No Error,Eu-West-1,True,Moderate
1896,239,2026-05-17 10:43:46,417.84,200,GET,11.89,30.95,23.08,1,No Error,Eu-West-1,False,Moderate
1897,85,2026-05-20 18:00:03,436.11,201,PUT,3317.2,13.08,46.19,2,No Error,Sa-East-1,False,Moderate
1898,171,2026-05-09 19:54:11,6.07,429,GET,6.817,0.7,9.55,5,Rate Limit Exceeded: Threshold of 100 req/sec breached,Ap-Southeast-1,True,Fast
1899,189,2026-05-23 10:28:17,33.6,200,PUT,3806.677,37.93,35.46,1,No Error,Eu-West-1,False,Fast
1900,173,2026-05-08 10:47:19,21550.71,503,PUT,1751.69,96.09,97.16,1,Service Unavailable: Downstream database connection pool timeout,Sa-East-1,True,Slow
1901,121,2026-05-01 22:02:12,290.62,204,PATCH,3781.807,17.57,37.39,1,No Error,Us-East-1,False,Moderate
1902,15,2026-05-10 09:49:09,254.25,204,PUT,2681.542,24.46,51.24,1,No Error,Us-West-2,False,Moderate
1903,240,2026-05-07 23:20:36,282.2,204,GET,7.296,31.59,19.37,1,No Error,Sa-East-1,False,Moderate
1904,5,2026-05-15 20:20:34,280.32,200,POST,3414.594,5.47,29.11,1,No Error,Ap-Southeast-1,False,Moderate
1905,98,2026-05-24 08:19:58,25.97,200,PATCH,905.021,4.0,12.82,1,No Error,Eu-West-1,False,Fast
1906,138,2026-05-18 07:53:20,8396.46,503,PATCH,2336.55,98.74,94.91,1,Service Unavailable: Downstream database connection pool timeout,Sa-East-1,True,Slow
1907,156,2026-05-09 06:56:54,370.29,200,PATCH,1696.674,2.45,39.42,1,No Error,Us-West-2,False,Moderate
1908,55,2026-05-19 23:48:26,19927.6,504,DELETE,1.994,98.94,96.09,1,Gateway Timeout: Upstream microservice failed to respond within 15000ms,Sa-East-1,True,Slow
1909,90,2026-05-18 07:43:05,20.35,204,POST,2484.036,1.28,35.85,1,No Error,Sa-East-1,False,Fast
1910,40,2026-05-14 08:58:33,449.5,200,PATCH,879.908,28.36,44.75,1,No Error,Us-East-1,False,Moderate
1911,230,2026-05-11 07:50:18,340.02,200,GET,12.036,15.11,43.37,1,No Error,Ap-Southeast-1,False,Moderate
1912,210,2026-05-21 05:35:03,248.03,201,GET,7.462,1.14,21.3,1,No Error,Us-West-2,False,Moderate
1913,52,2026-05-14 06:02:55,80.8,200,POST,2675.073,12.13,21.72,1,No Error,Us-East-1,False,Fast
1914,179,2026-05-23 20:00:11,179.26,204,GET,12.039,38.4,40.09,2,No Error,Sa-East-1,False,Fast
1915,190,2026-05-21 10:20:01,439.67,200,PUT,3402.218,11.33,29.38,1,No Error,Eu-West-1,False,Moderate
1916,18,2026-05-01 01:44:49,229.58,204,POST,3126.601,32.97,16.85,1,No Error,Us-East-1,False,Moderate
1917,176,2026-05-13 02:07:08,60.98,404,GET,11.164,10.36,21.78,1,Resource Not Found: Endpoint entity collection does not exist,Us-West-2,True,Fast
1918,13,2026-05-08 17:27:10,105.21,200,PUT,2932.133,20.26,38.61,1,No Error,Us-East-1,False,Fast
1919,113,2026-05-15 13:20:23,53.11,200,PUT,3236.782,32.57,43.3,1,No Error,Us-East-1,False,Fast
1920,203,2026-05-01 03:08:17,340.89,500,GET,1.489,41.58,50.38,1,CRITICAL_TELEMETRY_DROP_OUT,Ap-Southeast-1,True,Moderate
1921,177,2026-05-14 13:31:57,302.64,200,POST,3677.588,35.38,18.27,1,No Error,Us-East-1,False,Moderate
1922,189,2026-05-25 02:17:02,388.49,201,DELETE,11.68,27.01,36.64,1,No Error,Sa-East-1,False,Moderate
1923,34,2026-05-08 13:31:00,227.62,200,POST,3074.128,0.91,21.57,1,No Error,Eu-West-1,False,Moderate
1924,79,2026-05-13 04:36:58,440.56,201,DELETE,11.938,38.35,40.06,1,No Error,Us-West-2,False,Moderate
1925,106,2026-05-25 02:00:18,438.71,204,PATCH,418.148,6.05,33.15,1,No Error,Us-West-2,False,Moderate
1926,36,2026-05-05 13:28:38,59.47,201,PUT,1009.457,8.8,49.91,1,No Error,Eu-West-1,False,Fast
1927,184,2026-05-23 12:39:43,144.16,200,PATCH,2815.951,34.97,50.72,1,No Error,Sa-East-1,False,Fast
1928,100,2026-05-15 23:00:15,12.99,429,GET,11.709,5.32,24.19,2,Rate Limit Exceeded: Threshold of 100 req/sec breached,Sa-East-1,True,Fast
1929,87,2026-05-22 02:54:58,432.75,204,DELETE,9.0,23.73,48.34,2,No Error,Eu-West-1,False,Moderate
1930,236,2026-05-05 20:33:26,29.0,400,PATCH,177.343,0.48,12.17,1,Bad Request: Invalid JSON payload structure,Us-East-1,True,Fast
1931,120,2026-05-02 05:06:58,74.54,201,POST,2445.505,10.32,45.35,1,No Error,Eu-West-1,False,Fast
1932,53,2026-05-18 20:07:19,419.83,201,POST,3331.011,31.0,14.5,1,No Error,Us-East-1,False,Moderate
1933,96,2026-05-15 16:27:08,439.04,200,PUT,3086.309,17.03,48.33,1,No Error,Us-East-1,False,Moderate
1934,17,2026-05-23 19:51:24,155.17,204,POST,2656.082,31.44,30.9,1,No Error,Eu-West-1,False,Fast
1935,249,2026-05-09 09:47:49,53.34,404,GET,9.533,0.28,12.82,1,Resource Not Found: Endpoint entity collection does not exist,Us-West-2,True,Fast
1936,209,2026-05-10 18:23:49,445.97,200,GET,5.795,17.6,49.27,5,No Error,Sa-East-1,False,Moderate
1937,201,2026-05-25 05:34:50,349.21,204,DELETE,4.723,19.32,42.37,1,No Error,Eu-West-1,False,Moderate
1938,102,2026-05-24 16:56:42,79.55,201,PATCH,2841.365,6.32,39.66,1,No Error,Us-West-2,False,Fast
1939,91,2026-05-19 15:02:20,69.03,403,DELETE,6.12,3.2,28.35,1,Forbidden: Client lacks required read/write scopes,Sa-East-1,True,Fast
1940,153,2026-05-23 13:03:04,292.56,201,DELETE,8.713,27.38,26.61,1,No Error,Us-East-1,False,Moderate
1941,47,2026-05-18 11:32:27,33.63,201,PATCH,1689.107,32.63,36.24,1,No Error,Ap-Southeast-1,False,Fast
1942,102,2026-05-18 20:27:18,5.67,403,PATCH,3582.269,4.14,12.42,5,Forbidden: Client lacks required read/write scopes,Ap-Southeast-1,True,Fast
1943,45,2026-05-24 17:46:46,104.17,204,POST,1443.445,26.61,48.11,1,No Error,Us-West-2,False,Fast
1944,149,2026-05-07 16:07:56,46.9,403,PUT,3708.586,1.25,8.75,1,Forbidden: Client lacks required read/write scopes,Us-West-2,True,Fast
1945,102,2026-05-21 16:42:42,65.98,404,PUT,2623.395,4.85,11.87,1,Resource Not Found: Endpoint entity collection does not exist,Ap-Southeast-1,True,Fast
1946,100,2026-05-01 07:48:40,309.0,200,DELETE,1.269,31.45,25.51,1,No Error,Us-West-2,False,Moderate
1947,219,2026-05-19 06:15:05,135.65,204,PUT,1562.956,18.78,44.35,1,No Error,Eu-West-1,False,Fast
1948,213,2026-05-18 21:01:21,201.53,200,POST,3752.159,25.83,38.76,2,No Error,Eu-West-1,False,Moderate
1949,175,2026-05-09 20:45:10,225.99,200,PATCH,4032.717,17.58,29.48,1,No Error,Sa-East-1,False,Moderate
1950,134,2026-05-05 10:27:45,258.04,200,PUT,1311.14,17.72,16.79,2,No Error,Sa-East-1,False,Moderate
1951,238,2026-05-20 11:35:04,235.61,204,PATCH,3448.906,31.24,50.62,1,No Error,Eu-West-1,False,Moderate
1952,137,2026-05-14 21:20:48,98.79,204,POST,832.687,18.42,15.3,1,No Error,Eu-West-1,False,Fast
1953,214,2026-05-15 01:21:05,73.76,400,POST,3480.748,6.53,16.96,1,No Error,Us-East-1,True,Fast
1954,189,2026-05-01 19:22:13,420.66,201,DELETE,9.41,30.9,29.88,1,No Error,Us-East-1,False,Moderate
1955,103,2026-05-24 11:08:55,25.15,403,PATCH,2830.896,12.09,20.28,1,Forbidden: Client lacks required read/write scopes,Us-East-1,True,Fast
1956,107,2026-05-23 04:33:47,19.66,429,DELETE,6.459,7.49,26.77,1,Rate Limit Exceeded: Threshold of 100 req/sec breached,Eu-West-1,True,Fast
1957,142,2026-05-06 11:26:48,82.09,201,GET,9.85,6.83,26.91,1,No Error,Sa-East-1,False,Fast
1958,224,2026-05-20 00:18:16,52.01,200,GET,9.56,18.05,49.77,2,No Error,Sa-East-1,False,Fast
1959,128,2026-05-10 20:39:14,182.74,204,GET,4.662,16.73,38.64,1,No Error,Sa-East-1,False,Fast
1960,131,2026-05-10 17:45:40,337.69,201,GET,10.009,24.63,39.88,1,No Error,Sa-East-1,False,Moderate
1961,126,2026-05-05 20:59:46,22.36,401,DELETE,0.852,8.75,11.0,2,Unauthorized: Signature mismatch or expired bearer token,Us-East-1,True,Fast
1962,211,2026-05-18 08:19:44,148.1,204,DELETE,5.934,22.14,27.18,2,No Error,Eu-West-1,False,Fast
1963,15,2026-05-15 03:34:44,62.09,404,DELETE,10.967,3.98,20.2,1,Resource Not Found: Endpoint entity collection does not exist,Us-West-2,True,Fast
1964,182,2026-05-07 01:17:10,59.44,400,PUT,754.99,6.2,11.94,1,Bad Request: Invalid JSON payload structure,Ap-Southeast-1,True,Fast
1965,205,2026-05-07 06:49:04,34.95,201,PUT,991.814,32.11,50.19,1,No Error,Us-East-1,False,Fast
1966,141,2026-05-11 10:43:53,83.5,400,PUT,3063.661,0.26,15.95,1,Bad Request: Invalid JSON payload structure,Sa-East-1,True,Fast
1967,53,2026-05-21 19:22:45,200.385,200,DELETE,11.339,17.42,0.0,1,No Error,Sa-East-1,False,Moderate
1968,46,2026-05-24 11:38:44,232.2,204,GET,8.264,25.35,24.43,1,No Error,Sa-East-1,False,Moderate
1969,207,2026-05-19 00:41:22,330.4,201,PUT,2601.659,5.13,14.17,1,No Error,Us-East-1,False,Moderate
1970,27,2026-05-11 03:03:20,222.12,200,PATCH,3929.02,12.53,40.94,1,No Error,Eu-West-1,False,Moderate
1971,5,2026-05-01 03:08:17,578.35,200,PUT,2151.13,63.55,50.76,1,No Error,Eu-West-1,False,Slow
1972,143,2026-05-04 14:05:44,313.31,200,GET,8.865,18.87,20.71,5,No Error,Sa-East-1,False,Moderate
1973,167,2026-05-06 17:29:46,18.32,400,DELETE,2.063,6.59,13.45,1,No Error,Us-East-1,True,Fast
1974,97,2026-05-15 20:38:09,200.36,204,GET,11.053,18.36,28.53,1,No Error,Ap-Southeast-1,False,Moderate
1975,56,2026-05-01 04:14:24,76.19,400,POST,2562.988,10.4,28.33,1,Bad Request: Invalid JSON payload structure,Eu-West-1,True,Fast
1976,8,2026-05-21 12:49:29,221.84,200,PATCH,2688.347,20.01,40.03,1,No Error,Us-East-1,False,Moderate
1977,238,2026-05-01 11:35:37,277.03,204,PUT,230.883,29.75,45.41,1,No Error,Eu-West-1,False,Moderate
1978,231,2026-05-22 16:48:26,5609.11,504,PATCH,3403.666,99.46,99.42,1,Gateway Timeout: Upstream microservice failed to respond within 15000ms,Us-East-1,True,Slow
1979,3,2026-05-16 12:14:06,83.38,500,PATCH,1220.783,18.06,64.4,1,CRITICAL_TELEMETRY_DROP_OUT,Eu-West-1,True,Fast
1980,169,2026-05-15 23:30:31,313.7,204,DELETE,2.068,5.5,30.26,1,No Error,Us-West-2,False,Moderate
1981,132,2026-05-02 05:37:55,99999.99,200,POST,384.512,-99.0,0.0,2,No Error,Us-West-2,False,Slow
1982,37,2026-05-03 01:35:58,190.65,201,PUT,203.562,3.88,48.51,1,No Error,Ap-Southeast-1,False,Fast
1983,234,2026-05-02 05:01:41,163.09,200,POST,14.547,8.62,47.07,1,No Error,Us-East-1,False,Fast
1984,58,2026-05-15 22:59:44,380.46,200,PUT,3007.257,29.76,28.23,1,No Error,Ap-Southeast-1,False,Moderate
1985,89,2026-05-17 13:06:44,105.84,204,PUT,438.215,1.45,25.1,1,No Error,Us-West-2,False,Fast
1986,172,2026-05-02 11:25:05,181.28,201,PATCH,1262.007,10.8,44.87,1,No Error,Sa-East-1,False,Fast
1987,29,2026-05-09 10:55:09,155.93,201,PUT,966.288,7.65,17.53,2,No Error,Eu-West-1,False,Fast
1988,17,2026-05-25 20:01:52,68.99,401,POST,1684.143,6.41,16.24,1,Unauthorized: Signature mismatch or expired bearer token,Eu-West-1,True,Fast
1989,187,2026-05-17 20:29:01,270.57,204,PUT,2751.683,26.84,12.25,1,No Error,Ap-Southeast-1,False,Moderate
1990,236,2026-05-03 21:18:00,315.55,200,GET,0.372,15.6,12.5,1,No Error,Us-West-2,False,Moderate
1991,37,2026-05-16 03:39:18,201.54,200,GET,5.699,28.31,33.74,1,No Error,Sa-East-1,False,Moderate
1992,22,2026-05-16 12:28:42,200.385,400,DELETE,5.947,17.42,29.34,1,No Error,Us-West-2,True,Moderate
1993,230,2026-05-03 06:10:52,129.46,204,DELETE,2.842,30.7,31.31,5,No Error,Sa-East-1,False,Fast
1994,106,2026-05-17 17:07:17,435.48,200,PUT,2177.565,22.39,32.9,1,No Error,Us-West-2,False,Moderate
1995,202,2026-05-05 11:54:19,190.27,200,GET,6.706,21.52,13.76,1,No Error,Us-East-1,False,Fast
1996,180,2026-05-01 00:48:50,366.47,204,DELETE,1.121,28.29,33.13,1,No Error,Sa-East-1,False,Moderate
1997,178,2026-05-20 21:48:06,405.13,200,DELETE,9.962,34.83,31.64,2,No Error,Eu-West-1,False,Moderate
1998,76,2026-05-05 11:13:58,411.86,204,DELETE,12.375,35.4,29.6,1,No Error,Us-West-2,False,Moderate
1999,56,2026-05-18 18:31:14,27.65,404,POST,2975.323,5.64,28.24,1,Resource Not Found: Endpoint entity collection does not exist,Ap-Southeast-1,True,Fast
2000,29,2026-05-04 15:03:40,102.93,201,POST,602.783,11.16,45.55,2,No Error,Us-East-1,False,Fast
2001,127,2026-05-14 20:24:30,357.8,200,GET,5.433,6.78,23.54,1,No Error,Us-West-2,False,Moderate
2002,219,2026-05-04 04:45:51,79.6,204,PUT,339.293,16.69,23.28,1,No Error,Eu-West-1,False,Fast
2003,217,2026-05-18 05:34:17,58.2,403,GET,10.151,8.71,19.93,1,Forbidden: Client lacks required read/write scopes,Eu-West-1,True,Fast
2004,18,2026-05-07 18:11:21,29.78,200,PUT,3687.779,31.45,40.2,1,No Error,Us-West-2,False,Fast
2005,27,2026-05-15 01:16:33,408.95,200,POST,1407.796,8.02,26.7,1,No Error,Us-East-1,False,Moderate
2006,167,2026-05-20 20:23:32,194.36,201,DELETE,4.528,2.08,45.08,1,No Error,Ap-Southeast-1,False,Fast
2007,244,2026-05-18 21:09:21,23.75,200,POST,3516.921,6.76,46.61,1,No Error,Ap-Southeast-1,False,Fast
2008,139,2026-05-09 06:20:27,29.27,400,PUT,3343.283,8.81,29.53,1,Bad Request: Invalid JSON payload structure,Ap-Southeast-1,True,Fast
2009,54,2026-05-10 00:29:33,256.79,200,PUT,1448.261,36.81,17.47,1,No Error,Sa-East-1,False,Moderate
2010,82,2026-05-23 07:17:32,300.4,200,POST,3926.871,32.92,42.48,2,No Error,Us-East-1,False,Moderate
2011,88,2026-05-11 11:22:45,442.15,201,DELETE,5.032,10.16,36.17,1,No Error,Us-West-2,False,Moderate
2012,37,2026-05-03 08:02:47,139.17,200,DELETE,10.426,16.62,50.07,1,No Error,Us-West-2,False,Fast
2013,25,2026-05-02 16:34:08,445.51,200,GET,4.123,23.01,50.68,1,No Error,Us-West-2,False,Moderate
2014,151,2026-05-18 20:19:39,10.64,401,PATCH,3289.008,8.72,23.51,1,Unauthorized: Signature mismatch or expired bearer token,Ap-Southeast-1,True,Fast
2015,169,2026-05-17 19:35:53,432.34,204,GET,8.522,37.76,39.8,2,No Error,Ap-Southeast-1,False,Moderate
2016,204,2026-05-14 15:10:18,85.35,201,DELETE,3.588,21.44,13.82,1,No Error,Us-West-2,False,Fast
2017,114,2026-05-12 14:15:32,30.21,200,POST,4043.63,4.11,19.19,2,No Error,Us-East-1,False,Fast
2018,186,2026-05-14 23:16:31,30.39,200,PATCH,1277.458,25.11,38.78,2,No Error,Us-East-1,False,Fast
2019,159,2026-05-14 03:05:18,476.89,400,DELETE,8.929,30.13,51.48,5,No Error,Eu-West-1,True,Moderate
2020,43,2026-05-20 20:53:06,346.46,200,DELETE,4.531,19.37,17.21,1,No Error,Sa-East-1,False,Moderate
2021,152,2026-05-09 12:23:04,240.57,200,PUT,1991.811,32.1,16.56,1,No Error,Ap-Southeast-1,False,Moderate
2022,250,2026-05-07 20:50:59,109.17,200,POST,3948.619,9.17,23.21,1,No Error,Us-East-1,False,Fast
2023,17,2026-05-12 13:30:27,86.28,404,PUT,2648.136,3.17,26.64,1,Resource Not Found: Endpoint entity collection does not exist,Eu-West-1,True,Fast
2024,219,2026-05-03 01:04:18,360.67,200,PATCH,2185.773,28.55,43.63,1,No Error,Us-West-2,False,Moderate
2025,57,2026-05-02 00:58:23,437.56,201,PUT,2086.626,11.1,40.45,1,No Error,Eu-West-1,False,Moderate
2026,19,2026-05-10 01:42:49,315.85,201,DELETE,3.798,21.06,18.69,1,No Error,Us-West-2,False,Moderate
2027,224,2026-05-23 09:34:48,111.85,200,POST,1117.481,30.64,27.66,1,No Error,Eu-West-1,False,Fast
2028,6,2026-05-13 10:08:22,200.11,204,GET,9.682,30.08,14.8,1,No Error,Us-East-1,False,Moderate
2029,165,2026-05-19 03:39:22,54.01,200,DELETE,1.35,3.4,38.16,1,No Error,Us-East-1,False,Fast
2030,199,2026-05-18 22:07:16,37.18,400,DELETE,9.582,2.66,19.8,1,Bad Request: Invalid JSON payload structure,Us-West-2,True,Fast
2031,163,2026-05-03 21:06:59,21.46,429,PATCH,2649.542,5.19,10.87,1,Rate Limit Exceeded: Threshold of 100 req/sec breached,Us-East-1,True,Fast
2032,160,2026-05-16 08:06:45,165.35,200,DELETE,1.786,37.87,23.43,1,No Error,Us-West-2,False,Fast
2033,78,2026-05-25 12:42:26,282.91,204,POST,909.193,8.78,40.14,1,No Error,Eu-West-1,False,Moderate
2034,198,2026-05-01 01:55:57,248.76,201,PATCH,3107.793,33.82,41.65,1,No Error,Ap-Southeast-1,False,Moderate
2035,88,2026-05-25 10:04:20,157.45,200,DELETE,7.579,21.85,39.45,1,No Error,Ap-Southeast-1,False,Fast
2036,172,2026-05-04 10:42:31,165.56,204,PATCH,2750.138,5.07,31.59,1,No Error,Sa-East-1,False,Fast
2037,184,2026-05-15 16:11:26,11.59,401,GET,10.212,7.48,12.33,1,Unauthorized: Signature mismatch or expired bearer token,Sa-East-1,True,Fast
2038,181,2026-05-02 16:26:18,310.07,200,POST,512.257,20.55,48.16,1,No Error,Eu-West-1,False,Moderate
2039,147,2026-05-01 23:41:40,206.59,200,PATCH,1596.127,12.13,12.78,1,No Error,Us-East-1,False,Moderate
2040,23,2026-05-09 05:53:51,138.91,201,GET,9.878,6.94,39.37,1,No Error,Ap-Southeast-1,False,Fast
2041,183,2026-05-24 06:29:12,185.85,200,PATCH,3874.618,22.21,17.16,1,No Error,Sa-East-1,False,Fast
2042,223,2026-05-03 17:17:54,181.05,200,GET,2.473,16.33,23.92,1,No Error,Us-West-2,False,Fast
2043,53,2026-05-02 02:48:05,199.2,201,POST,3143.046,22.48,44.2,1,No Error,Sa-East-1,False,Fast
2044,235,2026-05-12 11:25:32,118.83,200,PATCH,2449.018,17.17,46.07,1,No Error,Sa-East-1,False,Fast
2045,27,2026-05-14 15:18:02,343.61,200,GET,1.254,26.84,41.52,1,No Error,Us-East-1,False,Moderate
2046,236,2026-05-22 08:27:26,392.36,201,DELETE,4.619,16.65,49.75,1,No Error,Us-West-2,False,Moderate
2047,20,2026-05-01 03:36:51,192.58,200,POST,2140.001,21.77,27.25,1,No Error,Ap-Southeast-1,False,Fast
2048,31,2026-05-17 18:21:48,68.07,200,POST,3439.68,15.51,39.45,1,No Error,Sa-East-1,False,Fast
2049,174,2026-05-01 03:08:17,57.52,200,DELETE,5.743,23.01,71.35,1,No Error,Us-West-2,False,Fast
2050,192,2026-05-15 10:46:08,317.19,200,POST,807.131,15.94,25.56,1,No Error,Ap-Southeast-1,False,Moderate
2051,83,2026-05-24 03:49:40,171.16,204,PATCH,3346.745,7.08,38.71,1,No Error,Sa-East-1,False,Fast
2052,177,2026-05-23 02:28:40,15980.89,503,DELETE,2.318,94.76,90.89,1,Service Unavailable: Downstream database connection pool timeout,Us-West-2,True,Slow
2053,80,2026-05-14 01:24:28,113.3,200,DELETE,0.203,28.24,48.36,1,No Error,Ap-Southeast-1,False,Fast
2054,151,2026-05-22 19:21:32,30.54,204,PUT,1156.084,30.2,14.56,1,No Error,Us-East-1,False,Fast
2055,249,2026-05-07 18:43:58,55.43,200,GET,9.279,19.34,50.57,5,No Error,Us-East-1,False,Fast
2056,105,2026-05-02 10:17:31,430.21,201,DELETE,10.487,20.78,38.74,1,No Error,Us-West-2,False,Moderate
2057,94,2026-05-02 10:02:21,50.83,201,POST,95.981,37.18,48.57,1,No Error,Ap-Southeast-1,False,Fast
2058,97,2026-05-05 03:17:31,271.93,200,GET,10.304,15.48,20.42,1,No Error,Us-West-2,False,Moderate
2059,36,2026-05-17 16:47:04,30.78,204,PUT,524.927,14.06,16.03,1,No Error,Sa-East-1,False,Fast
2060,6,2026-05-12 12:46:43,52.05,200,POST,102.469,33.31,23.15,1,No Error,Us-East-1,False,Fast
2061,41,2026-05-02 12:03:43,130.97,200,POST,3944.396,10.26,26.01,1,No Error,Sa-East-1,False,Fast
2062,170,2026-05-18 17:16:10,325.43,200,GET,11.324,33.68,39.07,2,No Error,Us-East-1,False,Moderate
2063,247,2026-05-04 11:00:51,-1.0,200,GET,10.281,17.42,29.34,1,No Error,Us-West-2,False,Fast
2064,114,2026-05-01 23:05:03,407.74,201,DELETE,1.785,37.71,49.78,1,No Error,Us-West-2,False,Moderate
2065,42,2026-05-21 01:39:34,23.94,404,PUT,960.351,6.06,20.68,1,Resource Not Found: Endpoint entity collection does not exist,Ap-Southeast-1,True,Fast
2066,44,2026-05-03 01:43:02,172.59,200,PATCH,2066.88,38.32,30.39,1,No Error,Sa-East-1,False,Fast
2067,124,2026-05-07 21:15:14,135.48,200,PUT,3216.676,17.76,35.53,1,No Error,Us-West-2,False,Fast
2068,154,2026-05-03 03:01:35,362.6,204,POST,2879.831,2.48,35.36,1,No Error,Us-West-2,False,Moderate
2069,98,2026-05-09 05:03:51,326.13,204,POST,1049.717,33.61,26.75,1,No Error,Sa-East-1,False,Moderate
2070,95,2026-05-05 02:11:18,16162.59,500,DELETE,1.101,99.4,91.39,5,Internal Server Error: NullPointerException in controller execution layer,Sa-East-1,True,Slow
2071,159,2026-05-18 07:49:43,204.74,500,GET,8.417,25.78,63.18,1,CRITICAL_TELEMETRY_DROP_OUT,Ap-Southeast-1,True,Moderate
2072,180,2026-05-23 23:09:05,226.99,200,PATCH,1350.998,32.89,47.09,1,No Error,Ap-Southeast-1,False,Moderate
2073,131,2026-05-12 19:54:45,28702.15,500,DELETE,10.405,92.75,95.03,1,Internal Server Error: NullPointerException in controller execution layer,Ap-Southeast-1,True,Slow
2074,34,2026-05-10 17:50:28,200.385,500,PUT,2380.033,17.42,0.0,1,CRITICAL_TELEMETRY_DROP_OUT,Us-West-2,True,Moderate
2075,17,2026-05-07 15:30:59,85.73,204,GET,5.082,12.07,34.81,1,No Error,Us-West-2,False,Fast
2076,188,2026-05-13 14:10:41,401.27,200,GET,5.128,7.72,32.38,1,No Error,Eu-West-1,False,Moderate
2077,149,2026-05-21 07:25:33,11.29,403,POST,3289.283,0.53,22.98,1,Forbidden: Client lacks required read/write scopes,Ap-Southeast-1,True,Fast
2078,19,2026-05-08 22:54:32,15.4,429,PATCH,2360.586,2.72,26.8,1,Rate Limit Exceeded: Threshold of 100 req/sec breached,Us-West-2,True,Fast
2079,145,2026-05-14 00:11:59,12.57,400,DELETE,7.606,6.44,24.73,1,No Error,Us-West-2,True,Fast
2080,138,2026-05-05 07:29:12,253.97,200,PATCH,940.447,6.81,32.95,1,No Error,Us-East-1,False,Moderate
2081,161,2026-05-07 19:37:19,368.09,201,PUT,3114.875,18.84,51.63,1,No Error,Us-East-1,False,Moderate
2082,105,2026-05-13 02:15:22,414.17,200,GET,2.805,5.93,23.94,1,No Error,Us-East-1,False,Moderate
2083,126,2026-05-22 20:03:00,398.15,201,PUT,2605.636,32.82,43.76,1,No Error,Ap-Southeast-1,False,Moderate
2084,149,2026-05-02 05:11:42,141.21,201,PUT,4075.523,16.81,23.39,1,No Error,Us-East-1,False,Fast
2085,203,2026-05-15 20:25:25,349.38,201,DELETE,12.17,19.62,47.97,1,No Error,Ap-Southeast-1,False,Moderate
2086,8,2026-05-06 13:09:49,326.01,200,PUT,2221.403,23.15,26.92,1,No Error,Eu-West-1,False,Moderate
2087,112,2026-05-23 19:17:50,429.48,200,PATCH,2500.036,8.71,45.53,1,No Error,Ap-Southeast-1,False,Moderate
2088,131,2026-05-06 14:44:20,229.54,201,POST,1524.532,6.27,32.13,1,No Error,Ap-Southeast-1,False,Moderate
2089,208,2026-05-18 02:50:56,23513.98,500,GET,9.021,93.99,96.42,1,Internal Server Error: NullPointerException in controller execution layer,Us-East-1,True,Slow
2090,131,2026-05-20 20:36:16,73.92,201,GET,0.209,37.21,28.16,5,No Error,Ap-Southeast-1,False,Fast
2091,144,2026-05-23 05:09:17,141.0,200,POST,2522.567,25.25,12.49,1,No Error,Us-West-2,False,Fast
2092,136,2026-05-11 12:57:58,384.49,200,POST,1906.852,5.56,35.86,1,No Error,Ap-Southeast-1,False,Moderate
2093,189,2026-05-09 16:11:10,320.64,204,POST,1377.335,21.93,16.62,1,No Error,Us-East-1,False,Moderate
2094,209,2026-05-15 03:10:58,399.14,201,PATCH,3464.708,12.84,24.45,2,No Error,Us-East-1,False,Moderate
2095,84,2026-05-05 14:17:17,369.03,200,DELETE,6.229,14.77,49.32,1,No Error,Sa-East-1,False,Moderate
2096,130,2026-05-09 03:31:38,180.57,200,PUT,3417.508,31.02,19.64,1,No Error,Ap-Southeast-1,False,Fast
2097,153,2026-05-09 06:21:58,179.89,200,POST,167.668,36.22,12.15,1,No Error,Ap-Southeast-1,False,Fast
2098,41,2026-05-01 14:23:05,403.52,200,PATCH,3321.594,20.52,26.66,1,No Error,Eu-West-1,False,Moderate
2099,168,2026-05-17 07:22:54,130.0,200,PUT,2128.644,35.07,34.73,1,No Error,Ap-Southeast-1,False,Fast
2100,143,2026-05-24 12:56:23,78.06,400,PUT,1717.534,1.54,13.36,1,Bad Request: Invalid JSON payload structure,Eu-West-1,True,Fast
2101,96,2026-05-15 06:57:34,8.15,403,PATCH,764.832,0.48,11.41,1,Forbidden: Client lacks required read/write scopes,Us-East-1,True,Fast
2102,61,2026-05-21 16:08:20,384.85,200,DELETE,9.601,1.51,19.34,1,No Error,Us-West-2,False,Moderate
2103,217,2026-05-08 12:03:59,182.54,201,POST,3462.568,25.56,23.05,1,No Error,Ap-Southeast-1,False,Fast
2104,72,2026-05-04 20:34:16,131.89,200,PATCH,3772.478,11.12,44.32,1,No Error,Sa-East-1,False,Fast
2105,145,2026-05-08 21:57:18,348.05,200,PATCH,1825.326,14.12,29.76,5,No Error,Sa-East-1,False,Moderate
2106,28,2026-05-15 20:27:03,399.61,200,PATCH,2564.327,6.44,18.55,2,No Error,Us-East-1,False,Moderate
2107,60,2026-05-04 00:40:15,306.97,200,POST,1942.799,22.71,38.53,1,No Error,Sa-East-1,False,Moderate
2108,196,2026-05-11 10:07:48,385.88,200,POST,3345.824,27.06,34.04,2,No Error,Ap-Southeast-1,False,Moderate
2109,203,2026-05-14 09:47:39,10845.13,504,DELETE,7.123,93.39,90.57,1,Gateway Timeout: Upstream microservice failed to respond within 15000ms,Us-East-1,True,Slow
2110,216,2026-05-08 14:41:47,336.86,204,POST,1787.908,29.34,15.98,1,No Error,Sa-East-1,False,Moderate
2111,103,2026-05-01 06:37:45,88.26,403,POST,19.058,9.28,29.89,1,Forbidden: Client lacks required read/write scopes,Ap-Southeast-1,True,Fast
2112,163,2026-05-10 10:07:40,353.17,201,PUT,1580.59,19.31,39.37,1,No Error,Ap-Southeast-1,False,Moderate
2113,80,2026-05-02 17:43:59,15.0,401,PUT,1029.918,10.44,9.36,1,Unauthorized: Signature mismatch or expired bearer token,Us-West-2,True,Fast
2114,176,2026-05-25 20:27:22,65.06,200,GET,2.585,35.78,46.15,1,No Error,Eu-West-1,False,Fast
2115,163,2026-05-04 05:03:49,14513.54,503,GET,10.303,99.04,89.98,1,Service Unavailable: Downstream database connection pool timeout,Us-East-1,True,Slow
2116,55,2026-05-11 19:27:03,98.97,200,PUT,1189.452,12.59,37.63,1,No Error,Us-East-1,False,Fast
2117,120,2026-05-07 06:08:28,14.99,401,POST,1499.197,8.97,14.19,1,Unauthorized: Signature mismatch or expired bearer token,Us-East-1,True,Fast
2118,232,2026-05-15 02:46:08,400.01,204,GET,5.359,7.32,16.22,1,No Error,Eu-West-1,False,Moderate
2119,238,2026-05-01 03:08:17,181.45,500,GET,8.65,36.61,67.93,1,CRITICAL_TELEMETRY_DROP_OUT,Us-West-2,True,Fast
2120,9,2026-05-14 19:33:01,140.61,204,GET,8.059,14.77,23.23,1,No Error,Us-East-1,False,Fast
2121,155,2026-05-14 13:20:41,58.32,400,DELETE,4.774,6.35,23.46,1,No Error,Sa-East-1,True,Fast
2122,177,2026-05-22 11:44:40,405.64,200,DELETE,5.034,20.32,19.5,1,No Error,Us-East-1,False,Moderate
2123,101,2026-05-16 14:41:01,78.18,200,GET,11.467,60.54,51.64,1,No Error,Ap-Southeast-1,False,Fast
2124,249,2026-05-14 09:25:56,415.65,204,GET,0.902,12.11,37.99,1,No Error,Eu-West-1,False,Moderate
2125,206,2026-05-22 15:45:37,387.05,200,DELETE,2.945,36.86,51.18,1,No Error,Eu-West-1,False,Moderate
2126,59,2026-05-04 09:33:06,251.56,200,PATCH,1706.432,19.8,37.3,1,No Error,Us-West-2,False,Moderate
2127,234,2026-05-21 13:18:31,10.94,404,PUT,499.416,9.43,14.87,5,Resource Not Found: Endpoint entity collection does not exist,Eu-West-1,True,Fast
2128,26,2026-05-14 23:34:00,44.48,201,PUT,3742.519,31.05,39.64,1,No Error,Sa-East-1,False,Fast
2129,97,2026-05-21 20:14:01,5745.88,500,POST,3301.821,98.74,90.85,1,Internal Server Error: NullPointerException in controller execution layer,Eu-West-1,True,Slow
2130,245,2026-05-22 19:20:33,16075.95,504,PUT,2565.613,94.16,93.98,1,Gateway Timeout: Upstream microservice failed to respond within 15000ms,Us-East-1,True,Slow
2131,17,2026-05-22 10:40:01,5.63,429,DELETE,4.876,1.35,23.04,1,Rate Limit Exceeded: Threshold of 100 req/sec breached,Us-East-1,True,Fast
2132,59,2026-05-18 09:33:08,341.63,201,DELETE,7.54,36.45,32.0,1,No Error,Ap-Southeast-1,False,Moderate
2133,7,2026-05-17 04:09:53,430.34,201,PATCH,3019.68,24.71,35.08,1,No Error,Us-West-2,False,Moderate
2134,197,2026-05-07 13:05:12,263.45,200,GET,4.971,26.45,24.34,1,No Error,Eu-West-1,False,Moderate
2135,139,2026-05-10 06:04:18,383.29,200,PUT,1223.005,31.34,49.13,5,No Error,Sa-East-1,False,Moderate
2136,40,2026-05-13 18:49:57,12.97,200,GET,6.665,6.69,23.82,1,No Error,Ap-Southeast-1,False,Fast
2137,203,2026-05-20 03:00:25,274.66,200,GET,7.974,14.85,37.99,1,No Error,Ap-Southeast-1,False,Moderate
2138,68,2026-05-24 02:26:36,432.87,204,DELETE,10.18,16.05,47.21,1,No Error,Sa-East-1,False,Moderate
2139,77,2026-05-10 05:50:23,21272.78,503,PUT,1829.519,91.24,99.36,1,Service Unavailable: Downstream database connection pool timeout,Eu-West-1,True,Slow
2140,44,2026-05-07 09:35:03,320.38,200,DELETE,3.604,6.66,26.62,1,No Error,Eu-West-1,False,Moderate
2141,1,2026-05-14 15:24:02,200.385,500,DELETE,4.275,165.4,29.34,1,CRITICAL_TELEMETRY_DROP_OUT,Us-East-1,True,Moderate
2142,34,2026-05-01 23:55:58,28.76,204,PUT,452.469,37.38,48.08,1,No Error,Ap-Southeast-1,False,Fast
2143,116,2026-05-08 10:12:47,99.48,201,DELETE,3.088,19.19,44.15,1,No Error,Ap-Southeast-1,False,Fast
2144,131,2026-05-05 14:54:34,379.3,200,POST,3767.907,33.57,39.01,1,No Error,Us-East-1,False,Moderate
2145,100,2026-05-16 06:50:40,328.5,204,PUT,2472.831,31.23,46.94,1,No Error,Us-East-1,False,Moderate
2146,60,2026-05-12 03:07:53,17.61,201,PUT,2974.378,26.88,35.24,1,No Error,Sa-East-1,False,Fast
2147,229,2026-05-14 11:57:49,202.75,201,GET,9.305,28.78,46.96,1,No Error,Sa-East-1,False,Moderate
2148,240,2026-05-16 15:21:18,7.57,500,GET,1.968,5.6,23.73,1,    CRITICAL_TELEMETRY_DROP_OUT,Eu-West-1,True,Fast
2149,21,2026-05-07 18:35:03,197.66,204,PUT,2082.781,26.03,24.55,1,No Error,Sa-East-1,False,Fast
2150,98,2026-05-19 23:34:12,446.15,204,PUT,3036.181,18.78,21.23,1,No Error,Sa-East-1,False,Moderate
2151,110,2026-05-18 10:32:33,17.77,204,PATCH,1602.138,23.45,24.63,1,No Error,Us-West-2,False,Fast
2152,135,2026-05-16 08:33:28,16978.43,503,DELETE,2.596,94.14,95.11,1,Service Unavailable: Downstream database connection pool timeout,Ap-Southeast-1,True,Slow
2153,39,2026-05-10 02:37:34,356.02,200,PATCH,1313.162,21.63,30.84,1,No Error,Eu-West-1,False,Moderate
2154,183,2026-05-19 02:57:18,19.77,403,DELETE,6.984,9.13,24.15,1,Forbidden: Client lacks required read/write scopes,Us-East-1,True,Fast
2155,55,2026-05-02 03:39:20,246.25,204,PATCH,2323.139,28.01,28.88,2,No Error,Sa-East-1,False,Moderate
2156,5,2026-05-23 18:00:39,133.05,200,GET,2.986,4.88,28.63,1,No Error,Eu-West-1,False,Fast
2157,57,2026-05-08 23:37:52,203.95,204,PUT,1074.75,3.68,12.19,1,No Error,Us-West-2,False,Moderate
2158,246,2026-05-08 01:53:08,144.2,200,POST,1268.736,11.49,33.33,1,No Error,Sa-East-1,False,Fast
2159,120,2026-05-01 12:16:54,107.6,204,DELETE,7.618,31.32,36.42,1,No Error,Ap-Southeast-1,False,Fast
2160,205,2026-05-02 16:31:58,137.06,201,PATCH,2656.326,24.24,27.11,1,No Error,Us-East-1,False,Fast
2161,154,2026-05-20 21:34:00,409.85,200,GET,6.826,21.62,37.23,1,No Error,Sa-East-1,False,Moderate
2162,235,2026-05-21 18:04:27,184.26,204,POST,1296.272,15.01,29.38,1,No Error,Ap-Southeast-1,False,Fast
2163,52,2026-05-20 20:07:21,324.55,204,GET,10.959,10.02,14.08,1,No Error,Sa-East-1,False,Moderate
2164,243,2026-05-16 13:21:48,26.06,200,PUT,2483.759,27.6,35.86,1,No Error,Sa-East-1,False,Fast
2165,208,2026-05-02 17:19:15,60.99,404,PATCH,3325.059,11.73,14.14,1,Resource Not Found: Endpoint entity collection does not exist,Sa-East-1,True,Fast
2166,195,2026-05-14 06:47:02,23.02,400,DELETE,5.378,2.26,8.66,1,Bad Request: Invalid JSON payload structure,Us-West-2,True,Fast
2167,73,2026-05-24 00:35:26,91.12,401,PATCH,2430.082,10.22,25.68,1,Unauthorized: Signature mismatch or expired bearer token,Ap-Southeast-1,True,Fast
2168,238,2026-05-22 09:28:35,81.62,401,PUT,1394.425,1.13,15.48,1,Unauthorized: Signature mismatch or expired bearer token,Ap-Southeast-1,True,Fast
2169,211,2026-05-17 09:16:42,12.49,200,POST,363.548,38.0,37.32,1,No Error,Us-East-1,False,Fast
2170,90,2026-05-23 11:15:12,426.99,200,GET,3.438,36.72,32.17,5,No Error,Us-East-1,False,Moderate
2171,58,2026-05-08 05:11:37,51.06,200,PATCH,2153.991,13.59,40.68,1,No Error,Eu-West-1,False,Fast
2172,48,2026-05-03 20:44:11,8967.75,500,PUT,30.184,99.3,88.84,1,Internal Server Error: NullPointerException in controller execution layer,Us-East-1,True,Slow
2173,29,2026-05-07 02:14:05,79.63,400,PATCH,2537.267,3.61,23.5,2,Bad Request: Invalid JSON payload structure,Us-West-2,True,Fast
2174,239,2026-05-08 08:13:07,245.47,201,DELETE,0.11,8.32,15.14,1,No Error,Us-East-1,False,Moderate
2175,128,2026-05-13 06:42:41,15640.88,500,PATCH,2151.9,99.37,97.85,1,Internal Server Error: NullPointerException in controller execution layer,Ap-Southeast-1,True,Slow
2176,187,2026-05-18 19:58:09,20.39,401,DELETE,10.133,5.06,14.8,1,Unauthorized: Signature mismatch or expired bearer token,Sa-East-1,True,Fast
2177,54,2026-05-23 00:50:50,78.62,400,GET,2.002,0.66,19.37,1,Bad Request: Invalid JSON payload structure,Eu-West-1,True,Fast
2178,116,2026-05-25 00:41:12,33.97,400,DELETE,7.608,1.7,9.97,1,Bad Request: Invalid JSON payload structure,Ap-Southeast-1,True,Fast
2179,212,2026-05-21 23:19:01,29.68,400,GET,5.455,11.22,29.0,1,Bad Request: Invalid JSON payload structure,Sa-East-1,True,Fast
2180,208,2026-05-22 20:51:03,218.5,204,POST,1833.387,28.11,44.7,1,No Error,Eu-West-1,False,Moderate
2181,226,2026-05-25 08:35:01,341.18,200,PUT,3530.609,35.42,34.67,1,No Error,Eu-West-1,False,Moderate
2182,129,2026-05-04 12:10:55,43.92,200,PUT,1087.256,12.2,38.84,1,No Error,Ap-Southeast-1,False,Fast
2183,150,2026-05-05 05:11:24,230.08,204,PATCH,2330.934,6.82,19.04,1,No Error,Us-East-1,False,Moderate
2184,41,2026-05-05 10:33:02,131.85,204,GET,8.848,12.44,14.57,1,No Error,Us-West-2,False,Fast
2185,124,2026-05-15 22:50:10,65.62,200,PUT,1031.178,11.8,16.95,1,No Error,Sa-East-1,False,Fast
2186,22,2026-05-01 22:48:17,160.65,200,GET,9.05,33.44,20.55,1,No Error,Ap-Southeast-1,False,Fast
2187,210,2026-05-25 21:01:21,62.4,429,DELETE,2.527,1.22,11.21,1,Rate Limit Exceeded: Threshold of 100 req/sec breached,Us-East-1,True,Fast
2188,123,2026-05-21 09:00:57,159.91,201,POST,2268.39,31.29,37.51,1,No Error,Us-West-2,False,Fast
2189,247,2026-05-19 22:37:23,237.95,204,PUT,2843.337,36.87,34.02,1,No Error,Ap-Southeast-1,False,Moderate
2190,28,2026-05-01 15:19:37,207.31,200,DELETE,10.031,23.11,33.65,1,No Error,Sa-East-1,False,Moderate
2191,119,2026-05-13 02:34:00,163.76,200,GET,2.575,20.97,20.78,1,No Error,Ap-Southeast-1,False,Fast
2192,90,2026-05-14 07:58:27,286.52,200,POST,2244.908,11.24,23.75,2,No Error,Ap-Southeast-1,False,Moderate
2193,231,2026-05-13 06:35:45,68.24,204,POST,1393.903,26.41,15.86,1,No Error,Us-East-1,False,Fast
2194,41,2026-05-13 06:26:59,376.27,200,DELETE,7.729,1.05,46.62,1,No Error,Ap-Southeast-1,False,Moderate
2195,107,2026-05-24 16:20:15,14.57,400,GET,5.015,8.19,17.92,1,Bad Request: Invalid JSON payload structure,Ap-Southeast-1,True,Fast
2196,21,2026-05-03 05:28:44,13.0,204,POST,194.268,38.33,19.2,1,No Error,Ap-Southeast-1,False,Fast
2197,105,2026-05-23 05:07:38,23895.31,500,PATCH,3166.326,98.4,91.01,1,Internal Server Error: NullPointerException in controller execution layer,Us-East-1,True,Slow
2198,154,2026-05-14 08:39:04,20.1,401,PATCH,888.196,6.24,21.19,1,Unauthorized: Signature mismatch or expired bearer token,Ap-Southeast-1,True,Fast
2199,111,2026-05-22 03:32:37,257.5,201,POST,2744.228,30.91,27.24,1,No Error,Us-East-1,False,Moderate
2200,66,2026-05-05 22:54:35,14.82,400,POST,2946.48,4.88,18.14,1,No Error,Eu-West-1,True,Fast
2201,78,2026-05-14 05:25:47,21.96,204,DELETE,5.101,8.07,12.73,1,No Error,Sa-East-1,False,Fast
2202,193,2026-05-25 16:19:19,403.61,204,PUT,651.699,35.49,43.43,1,No Error,Ap-Southeast-1,False,Moderate
2203,108,2026-05-21 16:52:04,275.48,204,PUT,3887.736,28.69,23.89,2,No Error,Us-West-2,False,Moderate
2204,83,2026-05-03 08:29:36,24.07,201,PUT,2278.83,3.96,24.4,1,No Error,Sa-East-1,False,Fast
2205,142,2026-05-20 21:42:26,353.54,204,GET,3.255,27.45,33.08,1,No Error,Us-East-1,False,Moderate
2206,9,2026-05-20 16:21:31,91.87,200,PATCH,3727.034,18.24,28.99,1,No Error,Us-East-1,False,Fast
2207,106,2026-05-09 16:13:06,159.39,201,POST,2970.88,5.84,51.66,1,No Error,Ap-Southeast-1,False,Fast
2208,125,2026-05-18 15:59:06,70.74,400,PATCH,453.568,5.97,29.49,1,Bad Request: Invalid JSON payload structure,Eu-West-1,True,Fast
2209,237,2026-05-22 05:21:34,39.81,200,GET,4.297,35.64,51.36,1,No Error,Ap-Southeast-1,False,Fast
2210,195,2026-05-11 05:21:14,262.11,201,POST,1689.833,27.3,13.44,1,No Error,Us-West-2,False,Moderate
2211,153,2026-05-01 03:08:17,465.53,500,PUT,2615.815,27.98,48.81,1,CRITICAL_TELEMETRY_DROP_OUT,Sa-East-1,True,Moderate
2212,108,2026-05-20 06:45:15,340.98,200,PATCH,3802.949,21.19,33.72,1,No Error,Us-West-2,False,Moderate
2213,119,2026-05-11 09:31:17,99999.99,400,POST,3457.402,17.42,-1.0,1,No Error,Us-East-1,True,Slow
2214,211,2026-05-04 04:59:05,215.5,200,DELETE,10.847,17.33,29.23,1,No Error,Ap-Southeast-1,False,Moderate
2215,56,2026-05-07 07:40:22,399.83,200,GET,11.517,34.76,34.7,2,No Error,Eu-West-1,False,Moderate
2216,227,2026-05-08 04:46:21,318.55,201,PATCH,1480.912,16.29,47.1,1,No Error,Eu-West-1,False,Moderate
2217,230,2026-05-13 00:44:38,104.19,204,POST,1536.179,14.22,29.3,1,No Error,Ap-Southeast-1,False,Fast
2218,111,2026-05-08 22:17:33,115.97,201,DELETE,3.398,9.98,43.19,1,No Error,Us-West-2,False,Fast
2219,178,2026-05-19 12:44:21,9.72,401,POST,2701.53,11.92,25.15,1,Unauthorized: Signature mismatch or expired bearer token,Sa-East-1,True,Fast
2220,56,2026-05-11 01:33:23,244.58,204,DELETE,0.961,12.03,34.98,2,No Error,Us-East-1,False,Moderate
2221,190,2026-05-14 19:51:31,212.11,201,PATCH,1303.13,18.66,31.61,2,No Error,Us-East-1,False,Moderate
2222,92,2026-05-11 13:14:12,284.73,200,PATCH,1530.49,19.61,28.83,1,No Error,Sa-East-1,False,Moderate
2223,232,2026-05-24 02:04:07,99999.99,200,GET,11.571,-99.0,-1.0,1,No Error,Us-West-2,False,Slow
2224,54,2026-05-13 04:42:59,77.14,201,DELETE,3.588,13.22,37.02,1,No Error,Us-West-2,False,Fast
2225,70,2026-05-16 16:44:50,45.02,200,POST,565.399,11.88,13.89,1,No Error,Us-West-2,False,Fast
2226,53,2026-05-24 20:12:22,330.68,200,GET,10.441,6.72,48.98,1,No Error,Us-West-2,False,Moderate
2227,216,2026-05-24 14:39:14,259.39,200,GET,4.117,19.98,50.1,1,No Error,Ap-Southeast-1,False,Moderate
2228,131,2026-06-05 23:26:23,538.12,400,POST,34.115,27.74,64.92,1,No Error,Eu-West-1,True,Slow
2229,15,2026-05-15 05:38:18,46.49,404,PATCH,631.855,7.12,12.46,1,Resource Not Found: Endpoint entity collection does not exist,Us-West-2,True,Fast
2230,143,2026-05-24 13:21:16,31.23,201,GET,1.605,19.09,36.09,1,No Error,Eu-West-1,False,Fast
2231,24,2026-05-07 01:30:13,47.04,401,PATCH,3641.083,9.6,28.53,2,Unauthorized: Signature mismatch or expired bearer token,Sa-East-1,True,Fast
2232,22,2026-05-10 03:28:01,-1.0,400,PUT,142.783,165.4,-1.0,2,No Error,Ap-Southeast-1,True,Fast
2233,100,2026-05-03 02:40:33,99999.99,200,POST,1778.134,165.4,29.34,1,No Error,Eu-West-1,False,Slow
2234,85,2026-05-16 09:49:44,275.05,200,POST,1992.841,36.03,40.13,1,No Error,Eu-West-1,False,Moderate
2235,170,2026-05-05 14:00:13,316.81,201,GET,8.075,10.57,14.87,1,No Error,Sa-East-1,False,Moderate
2236,34,2026-05-24 09:43:43,235.71,201,POST,1517.045,33.42,24.13,1,No Error,Ap-Southeast-1,False,Moderate
2237,45,2026-05-20 13:06:24,62.91,401,POST,2240.424,5.32,25.95,1,Unauthorized: Signature mismatch or expired bearer token,Ap-Southeast-1,True,Fast
2238,123,2026-05-01 01:18:03,381.24,201,GET,3.945,15.41,31.81,2,No Error,Ap-Southeast-1,False,Moderate
2239,244,2026-05-18 15:13:51,297.93,200,PATCH,2131.753,20.0,21.16,2,No Error,Eu-West-1,False,Moderate
2240,184,2026-05-24 03:14:20,185.5,200,PUT,208.084,19.16,45.87,1,No Error,Us-East-1,False,Fast
2241,198,2026-05-06 18:05:58,378.47,200,DELETE,9.98,36.74,39.96,1,No Error,Us-East-1,False,Moderate
2242,82,2026-05-05 13:06:27,12298.36,503,GET,8.225,91.63,88.73,1,Service Unavailable: Downstream database connection pool timeout,Us-West-2,True,Slow
2243,234,2026-05-13 22:59:04,40.97,401,POST,1353.753,7.47,17.68,1,Unauthorized: Signature mismatch or expired bearer token,Us-East-1,True,Fast
2244,98,2026-05-11 08:14:44,181.13,200,DELETE,9.983,28.49,26.31,1,No Error,Ap-Southeast-1,False,Fast
2245,224,2026-05-13 04:37:28,383.86,200,GET,3.845,24.1,42.81,1,No Error,Sa-East-1,False,Moderate
2246,79,2026-05-15 01:33:19,14995.47,504,POST,3139.361,96.47,89.08,1,Gateway Timeout: Upstream microservice failed to respond within 15000ms,Us-East-1,True,Slow
2247,176,2026-05-17 14:14:01,86.16,400,DELETE,0.779,7.45,8.52,1,Bad Request: Invalid JSON payload structure,Ap-Southeast-1,True,Fast
2248,88,2026-05-20 14:42:32,401.55,204,DELETE,2.708,30.83,38.36,1,No Error,Us-West-2,False,Moderate
2249,32,2026-05-11 00:22:42,35.5,200,POST,1924.253,28.92,47.65,1,No Error,Ap-Southeast-1,False,Fast
2250,206,2026-05-12 08:08:58,118.88,200,POST,1955.876,37.97,26.99,1,No Error,Eu-West-1,False,Fast
2251,137,2026-05-15 06:23:15,18323.17,504,POST,435.154,99.26,91.84,1,Gateway Timeout: Upstream microservice failed to respond within 15000ms,Sa-East-1,True,Slow
2252,194,2026-05-04 13:47:36,77.44,404,PATCH,1897.399,7.37,13.64,1,Resource Not Found: Endpoint entity collection does not exist,Us-West-2,True,Fast
2253,118,2026-05-04 09:47:42,133.38,201,POST,3611.073,16.74,13.74,1,No Error,Sa-East-1,False,Fast
2254,88,2026-05-04 23:37:46,369.77,200,GET,3.191,3.23,25.98,1,No Error,Us-East-1,False,Moderate
2255,87,2026-05-09 21:15:52,132.78,200,DELETE,11.231,33.36,14.65,1,No Error,Eu-West-1,False,Fast
2256,5,2026-05-22 01:53:52,310.5,200,GET,5.644,5.05,26.64,2,No Error,Ap-Southeast-1,False,Moderate
2257,113,2026-05-12 10:04:40,116.52,204,DELETE,1.97,33.16,17.49,1,No Error,Us-East-1,False,Fast
2258,102,2026-05-16 10:52:49,230.4,204,PATCH,3723.309,29.3,26.61,2,No Error,Ap-Southeast-1,False,Moderate
2259,82,2026-05-06 12:40:11,288.62,204,PUT,709.269,32.02,15.59,1,No Error,Sa-East-1,False,Moderate
2260,109,2026-05-18 02:25:34,34.23,200,POST,283.985,22.86,36.43,1,No Error,Us-West-2,False,Fast
2261,22,2026-05-18 16:44:47,363.16,200,PUT,718.907,23.2,32.79,2,No Error,Us-West-2,False,Moderate
2262,151,2026-05-01 22:56:09,89.83,404,POST,2673.38,4.18,22.02,1,Resource Not Found: Endpoint entity collection does not exist,Us-West-2,True,Fast
2263,165,2026-05-23 16:19:57,16571.75,503,PUT,1209.324,93.36,92.68,1,Service Unavailable: Downstream database connection pool timeout,Us-East-1,True,Slow
2264,77,2026-05-05 02:19:32,382.91,200,POST,3919.628,14.08,33.88,1,No Error,Us-East-1,False,Moderate
2265,131,2026-05-05 01:43:36,271.76,201,PATCH,1639.395,27.63,48.88,2,No Error,Us-West-2,False,Moderate
2266,87,2026-05-01 02:51:38,289.45,201,DELETE,8.233,30.04,43.13,2,No Error,Us-West-2,False,Moderate
2267,109,2026-05-17 15:54:24,-1.0,500,PUT,1200.68,17.42,0.0,1,CRITICAL_TELEMETRY_DROP_OUT,Sa-East-1,True,Fast
2268,50,2026-05-02 20:46:26,447.6,204,POST,2045.32,21.14,17.96,1,No Error,Ap-Southeast-1,False,Moderate
2269,201,2026-05-08 07:29:19,84.13,429,POST,1000.703,8.56,23.4,1,Rate Limit Exceeded: Threshold of 100 req/sec breached,Sa-East-1,True,Fast
2270,9,2026-05-19 16:33:42,197.46,200,PATCH,681.855,2.1,34.6,1,No Error,Us-East-1,False,Fast
2271,39,2026-05-12 11:44:26,216.63,201,POST,2441.011,19.91,13.67,1,No Error,Ap-Southeast-1,False,Moderate
2272,6,2026-05-15 04:48:04,166.4,204,DELETE,6.923,18.36,36.14,1,No Error,Us-East-1,False,Fast
2273,122,2026-05-10 22:16:00,200.385,400,GET,9.512,17.42,29.34,1,No Error,Sa-East-1,True,Moderate
2274,68,2026-05-22 07:17:21,219.48,200,POST,913.464,23.28,27.61,1,No Error,Eu-West-1,False,Moderate
2275,43,2026-05-21 02:46:40,209.5,200,DELETE,11.898,5.36,27.81,1,No Error,Ap-Southeast-1,False,Moderate
2276,196,2026-05-16 04:18:47,75.24,429,PATCH,3439.828,5.68,24.22,5,Rate Limit Exceeded: Threshold of 100 req/sec breached,Us-West-2,True,Fast
2277,180,2026-05-02 07:26:53,302.05,200,POST,2251.849,2.57,45.35,1,No Error,Us-West-2,False,Moderate
2278,124,2026-05-09 13:17:28,249.94,200,DELETE,7.957,27.29,20.96,1,No Error,Us-West-2,False,Moderate
2279,209,2026-05-23 06:06:57,295.18,400,PUT,3473.548,63.43,62.85,1,No Error,Us-West-2,True,Moderate
2280,180,2026-05-14 07:50:14,8422.27,500,PATCH,2626.501,90.69,91.09,1,Internal Server Error: NullPointerException in controller execution layer,Sa-East-1,True,Slow
2281,209,2026-05-19 17:29:56,7961.08,500,PUT,1021.616,99.92,99.46,5,Internal Server Error: NullPointerException in controller execution layer,Ap-Southeast-1,True,Slow
2282,130,2026-05-25 17:28:39,107.93,201,POST,993.137,22.28,17.83,1,No Error,Us-East-1,False,Fast
2283,104,2026-05-09 12:24:14,405.91,200,PUT,2071.744,30.72,22.97,1,No Error,Ap-Southeast-1,False,Moderate
2284,39,2026-05-20 12:02:12,370.63,200,DELETE,10.165,22.85,36.36,1,No Error,Us-East-1,False,Moderate
2285,92,2026-05-15 07:33:09,173.34,200,PATCH,3386.093,11.59,46.49,1,No Error,Us-West-2,False,Fast
2286,52,2026-05-02 09:31:51,139.53,204,POST,1788.042,2.19,17.06,1,No Error,Ap-Southeast-1,False,Fast
2287,154,2026-05-12 17:23:24,67.79,200,POST,3201.522,4.16,15.96,5,No Error,Us-West-2,False,Fast
2288,164,2026-05-02 07:36:55,161.02,204,PUT,992.176,4.87,45.57,1,No Error,Us-West-2,False,Fast
2289,22,2026-05-02 16:21:22,416.25,200,DELETE,1.886,4.88,49.43,1,No Error,Us-West-2,False,Moderate
2290,121,2026-05-23 19:36:08,31.15,400,PUT,3210.255,9.27,20.05,2,No Error,Us-East-1,True,Fast
2291,128,2026-05-23 06:41:15,204.64,200,POST,1840.026,10.39,28.92,1,No Error,Us-West-2,False,Moderate
2292,69,2026-05-11 02:48:27,67.86,403,POST,718.657,2.78,18.19,1,Forbidden: Client lacks required read/write scopes,Sa-East-1,True,Fast
2293,198,2026-05-12 00:38:29,56.36,200,GET,12.347,23.12,26.56,1,No Error,Eu-West-1,False,Fast
2294,69,2026-05-18 10:35:59,371.71,204,PATCH,723.096,18.9,43.45,1,No Error,Ap-Southeast-1,False,Moderate
2295,217,2026-05-16 10:57:49,191.02,201,DELETE,6.101,20.95,44.69,1,No Error,Sa-East-1,False,Fast
2296,229,2026-05-09 03:42:30,336.25,200,POST,3422.776,28.89,45.41,1,No Error,Us-West-2,False,Moderate
2297,128,2026-05-10 14:46:59,172.13,204,GET,1.671,7.15,20.89,1,No Error,Sa-East-1,False,Fast
2298,191,2026-05-08 14:15:00,265.38,204,PATCH,2910.952,28.5,32.96,5,No Error,Us-East-1,False,Moderate
2299,160,2026-05-24 16:07:30,68.54,200,POST,4010.89,3.26,51.09,12,No Error,Ap-Southeast-1,False,Fast
2300,82,2026-05-02 03:38:00,277.36,200,PATCH,4066.313,31.71,49.41,2,No Error,Sa-East-1,False,Moderate
2301,153,2026-05-15 11:01:20,67.4,400,GET,5.768,9.94,20.24,1,Bad Request: Invalid JSON payload structure,Sa-East-1,True,Fast
2302,150,2026-05-07 18:44:50,263.41,200,PATCH,1985.326,23.59,41.77,1,No Error,Ap-Southeast-1,False,Moderate
2303,156,2026-05-14 12:20:28,57.6,200,PUT,1112.507,5.53,24.88,1,No Error,Ap-Southeast-1,False,Fast
2304,165,2026-05-17 15:49:50,265.01,200,PATCH,618.487,19.96,46.8,1,No Error,Ap-Southeast-1,False,Moderate
2305,147,2026-05-16 08:07:23,17.15,401,POST,468.895,0.29,23.96,1,Unauthorized: Signature mismatch or expired bearer token,Us-West-2,True,Fast
2306,166,2026-05-12 10:26:27,39.43,400,GET,2.852,3.64,21.68,1,Bad Request: Invalid JSON payload structure,Us-East-1,True,Fast
2307,177,2026-05-02 01:28:22,-1.0,400,DELETE,6.974,17.42,29.34,1,No Error,Ap-Southeast-1,True,Fast
2308,22,2026-05-16 13:42:14,87.1,400,DELETE,3.447,2.32,27.25,2,Bad Request: Invalid JSON payload structure,Eu-West-1,True,Fast
2309,99,2026-05-25 07:52:41,206.62,201,POST,1913.714,10.43,23.97,5,No Error,Ap-Southeast-1,False,Moderate
2310,115,2026-05-25 14:56:19,268.92,200,GET,5.278,28.16,30.63,1,No Error,Us-East-1,False,Moderate
2311,79,2026-05-24 16:42:48,227.32,200,POST,709.453,31.52,46.97,1,No Error,Us-East-1,False,Moderate
2312,1,2026-05-19 05:27:13,328.11,200,PATCH,3559.346,33.89,22.66,1,No Error,Sa-East-1,False,Moderate
2313,141,2026-05-14 01:22:52,28.53,200,POST,2792.068,23.24,45.04,1,No Error,Ap-Southeast-1,False,Fast
2314,135,2026-05-10 12:42:47,263.56,204,POST,3982.19,9.86,40.41,5,No Error,Eu-West-1,False,Moderate
2315,191,2026-05-06 04:38:27,365.22,201,PATCH,3647.413,16.75,48.98,1,No Error,Us-East-1,False,Moderate
2316,222,2026-05-01 04:24:09,296.32,204,PUT,286.339,10.96,32.03,1,No Error,Eu-West-1,False,Moderate
2317,236,2026-05-04 03:59:42,17.93,404,DELETE,4.678,8.93,28.14,1,Resource Not Found: Endpoint entity collection does not exist,Sa-East-1,True,Fast
2318,125,2026-05-02 19:52:54,106.63,204,PATCH,2607.66,30.6,30.24,1,No Error,Ap-Southeast-1,False,Fast
2319,32,2026-05-13 13:20:56,47.78,403,PUT,2372.025,11.3,24.91,1,Forbidden: Client lacks required read/write scopes,Sa-East-1,True,Fast
2320,37,2026-05-06 07:01:29,211.48,204,PATCH,2364.833,27.36,21.95,1,No Error,Sa-East-1,False,Moderate
2321,127,2026-05-01 03:08:17,90.33,200,PUT,1655.79,41.26,71.2,1,No Error,Ap-Southeast-1,False,Fast
2322,9,2026-05-15 13:00:52,280.55,200,DELETE,10.182,2.79,23.86,1,No Error,Us-East-1,False,Moderate
2323,11,2026-05-19 17:54:16,67.89,400,POST,3963.333,0.53,14.15,1,No Error,Sa-East-1,True,Fast
2324,176,2026-05-25 08:51:33,325.66,200,PUT,14.936,10.85,12.03,2,No Error,Us-West-2,False,Moderate
2325,6,2026-05-08 08:24:27,200.385,400,DELETE,4.534,165.4,0.0,1,No Error,Ap-Southeast-1,True,Moderate
2326,172,2026-05-25 15:27:58,422.7,200,POST,1446.701,21.47,48.29,1,No Error,Us-East-1,False,Moderate
2327,167,2026-05-11 12:53:53,414.04,201,PATCH,2933.244,19.91,19.67,1,No Error,Ap-Southeast-1,False,Moderate
2328,7,2026-05-13 18:02:04,271.43,204,GET,11.425,13.44,27.36,5,No Error,Us-East-1,False,Moderate
2329,113,2026-05-13 15:26:18,25091.84,503,POST,2764.874,97.56,94.5,1,Service Unavailable: Downstream database connection pool timeout,Eu-West-1,True,Slow
2330,40,2026-05-24 11:44:34,264.51,204,POST,1919.691,30.08,18.76,1,No Error,Us-East-1,False,Moderate
2331,62,2026-05-23 18:19:51,259.58,204,POST,3871.156,31.13,13.62,1,No Error,Ap-Southeast-1,False,Moderate
2332,212,2026-05-07 09:53:42,89.23,204,PUT,755.605,7.65,21.77,1,No Error,Ap-Southeast-1,False,Fast
2333,135,2026-05-02 14:50:15,58.1,200,GET,4.403,16.6,19.6,5,No Error,Sa-East-1,False,Fast
2334,54,2026-05-15 16:01:56,26.23,404,PATCH,47.934,10.17,18.84,1,Resource Not Found: Endpoint entity collection does not exist,Sa-East-1,True,Fast
2335,103,2026-05-11 09:47:00,83.4,401,PATCH,930.8,2.45,9.42,1,Unauthorized: Signature mismatch or expired bearer token,Ap-Southeast-1,True,Fast
2336,103,2026-05-02 07:02:33,35.11,200,DELETE,1.3,16.61,43.88,1,No Error,Us-West-2,False,Fast
2337,33,2026-05-10 09:35:01,19477.38,504,GET,1.845,92.11,89.3,2,Gateway Timeout: Upstream microservice failed to respond within 15000ms,Ap-Southeast-1,True,Slow
2338,231,2026-05-15 13:52:36,270.78,200,GET,3.291,26.6,27.2,12,No Error,Us-East-1,False,Moderate
2339,86,2026-05-19 17:19:05,54.63,200,DELETE,10.125,15.94,42.86,1,No Error,Us-West-2,False,Fast
2340,16,2026-05-09 20:31:08,194.14,200,POST,3154.269,32.73,51.26,1,No Error,Ap-Southeast-1,False,Fast
2341,206,2026-05-24 22:15:16,30.92,200,PATCH,1641.279,28.56,12.77,2,No Error,Us-West-2,False,Fast
2342,159,2026-05-04 15:34:25,61.21,500,DELETE,10.85,6.12,12.93,1,    CRITICAL_TELEMETRY_DROP_OUT,Us-East-1,True,Fast
2343,101,2026-05-01 21:17:14,431.98,204,PUT,2192.635,3.3,22.15,1,No Error,Ap-Southeast-1,False,Moderate
2344,163,2026-05-01 08:10:40,25.98,404,GET,4.893,3.05,27.96,1,Resource Not Found: Endpoint entity collection does not exist,Us-East-1,True,Fast
2345,175,2026-05-08 12:29:33,372.57,204,PUT,3158.447,26.41,39.09,1,No Error,Sa-East-1,False,Moderate
2346,230,2026-05-14 12:53:45,31.37,400,PUT,1607.155,0.21,8.91,1,Bad Request: Invalid JSON payload structure,Eu-West-1,True,Fast
2347,47,2026-05-25 07:22:59,38.59,403,DELETE,1.359,3.97,21.49,1,Forbidden: Client lacks required read/write scopes,Us-East-1,True,Fast
2348,128,2026-05-13 18:41:42,426.11,200,PATCH,377.01,27.38,51.98,1,No Error,Us-West-2,False,Moderate
2349,230,2026-05-02 17:36:19,405.57,201,POST,2313.694,30.13,18.37,1,No Error,Eu-West-1,False,Moderate
2350,20,2026-05-05 12:50:14,429.47,200,POST,1095.775,27.29,52.21,1,No Error,Us-West-2,False,Moderate
2351,67,2026-05-11 05:09:14,83.85,200,POST,2803.141,18.59,17.28,1,No Error,Us-West-2,False,Fast
2352,64,2026-05-10 17:54:13,410.01,201,DELETE,4.579,19.71,26.71,1,No Error,Sa-East-1,False,Moderate
2353,72,2026-05-05 03:24:19,216.82,204,POST,2230.875,25.18,49.01,1,No Error,Ap-Southeast-1,False,Moderate
2354,30,2026-05-25 21:46:24,146.31,200,DELETE,11.95,21.22,51.08,1,No Error,Eu-West-1,False,Fast
2355,34,2026-05-05 10:57:10,246.58,200,PUT,3052.171,23.79,24.49,1,No Error,Ap-Southeast-1,False,Moderate
2356,78,2026-05-02 03:41:07,335.59,201,PUT,2914.643,5.31,25.51,1,No Error,Us-West-2,False,Moderate
2357,156,2026-05-12 08:15:04,66.05,403,DELETE,7.688,1.09,11.11,1,Forbidden: Client lacks required read/write scopes,Ap-Southeast-1,True,Fast
2358,163,2026-05-22 11:55:19,366.78,201,POST,912.772,23.89,12.06,5,No Error,Eu-West-1,False,Moderate
2359,47,2026-05-16 11:29:52,430.77,201,GET,10.892,8.73,19.88,1,No Error,Ap-Southeast-1,False,Moderate
2360,19,2026-05-21 04:06:02,193.1,200,POST,1066.137,3.16,50.24,1,No Error,Eu-West-1,False,Fast
2361,46,2026-05-01 06:50:52,410.33,200,PUT,3947.127,8.81,15.84,1,No Error,Us-West-2,False,Moderate
2362,236,2026-05-11 13:02:19,259.9,201,PUT,1819.549,6.84,34.95,1,No Error,Us-East-1,False,Moderate
2363,135,2026-05-11 04:26:36,26.03,500,DELETE,4.061,11.15,29.28,1,    CRITICAL_TELEMETRY_DROP_OUT,Us-West-2,True,Fast
2364,122,2026-05-05 10:35:25,83.19,204,PUT,1979.338,4.1,20.76,1,No Error,Eu-West-1,False,Fast
2365,165,2026-05-16 20:10:05,86.42,201,PATCH,3981.895,4.67,19.1,1,No Error,Eu-West-1,False,Fast
2366,195,2026-05-13 13:17:17,110.74,200,PUT,4079.095,10.46,44.14,1,No Error,Sa-East-1,False,Fast
2367,170,2026-05-16 08:39:25,122.13,201,POST,205.154,5.02,13.11,2,No Error,Us-West-2,False,Fast
2368,224,2026-05-15 02:21:42,302.85,204,DELETE,1.254,2.19,44.16,2,No Error,Sa-East-1,False,Moderate
2369,62,2026-05-15 14:28:25,155.32,201,GET,2.017,9.38,14.76,12,No Error,Sa-East-1,False,Fast
2370,152,2026-05-17 18:30:44,143.61,200,PATCH,3490.533,23.66,33.67,1,No Error,Us-East-1,False,Fast
2371,145,2026-05-08 14:20:34,117.27,201,PUT,1448.644,9.08,21.43,1,No Error,Us-East-1,False,Fast
2372,105,2026-05-08 06:29:37,274.34,200,PUT,261.084,36.31,40.19,1,No Error,Us-East-1,False,Moderate
2373,45,2026-05-09 10:09:03,316.87,200,DELETE,8.66,5.38,20.73,1,No Error,Us-East-1,False,Moderate
2374,188,2026-05-22 09:09:22,296.69,204,GET,5.321,2.8,12.17,1,No Error,Sa-East-1,False,Moderate
2375,200,2026-05-12 00:58:25,180.9,204,DELETE,3.862,1.83,39.75,5,No Error,Ap-Southeast-1,False,Fast
2376,36,2026-05-18 00:27:26,15.64,204,PATCH,3157.232,13.95,33.23,1,No Error,Us-East-1,False,Fast
2377,57,2026-05-21 03:41:46,443.8,204,PUT,3159.087,28.24,37.36,2,No Error,Us-West-2,False,Moderate
2378,101,2026-05-06 20:43:53,27141.54,503,GET,10.454,99.21,95.27,2,Service Unavailable: Downstream database connection pool timeout,Ap-Southeast-1,True,Slow
2379,170,2026-05-16 02:40:33,315.7,204,PUT,2672.739,10.91,43.06,1,No Error,Us-West-2,False,Moderate
2380,194,2026-05-18 08:29:58,233.91,201,POST,34.484,9.09,16.51,1,No Error,Us-East-1,False,Moderate
2381,156,2026-05-04 12:11:00,398.65,200,GET,9.037,13.54,12.96,1,No Error,Eu-West-1,False,Moderate
2382,114,2026-05-02 00:42:56,331.47,204,POST,3111.462,30.07,38.63,1,No Error,Eu-West-1,False,Moderate
2383,225,2026-05-20 07:21:38,118.34,200,PUT,587.266,7.5,29.34,1,No Error,Us-West-2,False,Fast
2384,229,2026-05-20 11:27:09,256.1,200,PATCH,3552.606,5.96,36.11,1,No Error,Us-West-2,False,Moderate
2385,102,2026-05-15 01:40:23,97.88,204,PATCH,3228.976,32.74,45.85,1,No Error,Us-West-2,False,Fast
2386,28,2026-05-08 15:39:49,180.83,200,PATCH,93.196,15.36,14.81,1,No Error,Us-East-1,False,Fast
2387,140,2026-05-19 23:38:33,309.81,204,PUT,2305.527,7.2,16.98,1,No Error,Ap-Southeast-1,False,Moderate
2388,147,2026-05-21 13:31:06,66.81,200,PUT,3282.337,24.52,12.94,1,No Error,Eu-West-1,False,Fast
2389,25,2026-05-25 20:27:50,403.74,201,PATCH,2544.069,11.19,20.25,1,No Error,Ap-Southeast-1,False,Moderate
2390,178,2026-05-17 20:13:11,254.61,200,POST,3800.349,4.2,36.03,1,No Error,Sa-East-1,False,Moderate
2391,116,2026-05-06 21:49:56,68.49,200,POST,316.601,5.27,16.37,1,No Error,Ap-Southeast-1,False,Fast
2392,123,2026-05-03 15:13:02,24.35,401,PUT,1175.415,4.65,20.44,2,Unauthorized: Signature mismatch or expired bearer token,Ap-Southeast-1,True,Fast
2393,209,2026-05-02 08:09:02,186.21,200,POST,2610.423,21.14,40.44,1,No Error,Us-West-2,False,Fast
2394,42,2026-05-24 11:13:26,85.39,204,PUT,351.187,15.46,46.08,1,No Error,Us-West-2,False,Fast
2395,221,2026-05-07 08:04:26,174.79,200,POST,1618.885,5.97,49.88,1,No Error,Us-West-2,False,Fast
2396,102,2026-05-08 15:34:14,432.4,201,DELETE,6.75,7.01,12.24,1,No Error,Us-East-1,False,Moderate
2397,235,2026-05-24 07:45:19,270.7,200,PUT,1716.254,34.34,34.06,1,No Error,Sa-East-1,False,Moderate
2398,35,2026-05-17 13:48:52,346.59,204,GET,1.767,1.59,46.93,1,No Error,Ap-Southeast-1,False,Moderate
2399,62,2026-05-01 23:26:57,149.04,200,GET,6.356,36.91,47.87,1,No Error,Us-East-1,False,Fast
2400,163,2026-05-03 08:47:51,341.62,200,GET,4.707,23.65,45.05,2,No Error,Eu-West-1,False,Moderate
2401,154,2026-05-17 10:59:49,331.39,200,DELETE,5.316,23.16,33.02,1,No Error,Eu-West-1,False,Moderate
2402,130,2026-05-12 12:49:37,161.14,204,DELETE,10.945,30.15,24.08,1,No Error,Sa-East-1,False,Fast
2403,228,2026-05-11 07:18:22,216.84,200,PUT,1772.093,17.03,24.82,1,No Error,Eu-West-1,False,Moderate
2404,212,2026-05-11 11:40:14,412.35,200,PATCH,3882.203,3.28,36.68,1,No Error,Eu-West-1,False,Moderate
2405,161,2026-05-13 16:39:25,360.95,400,PATCH,2766.917,59.25,47.13,1,No Error,Ap-Southeast-1,True,Moderate
2406,6,2026-05-09 16:38:48,418.01,201,DELETE,8.987,28.88,27.11,1,No Error,Sa-East-1,False,Moderate
2407,69,2026-05-20 21:28:48,46.21,200,PATCH,1708.849,36.74,26.91,1,No Error,Us-West-2,False,Fast
2408,90,2026-05-18 02:20:24,307.31,200,POST,3766.06,32.74,51.9,1,No Error,Us-East-1,False,Moderate
2409,203,2026-05-01 04:45:46,23.41,401,DELETE,1.272,11.04,15.01,1,Unauthorized: Signature mismatch or expired bearer token,Us-East-1,True,Fast
2410,111,2026-05-22 11:29:40,346.17,204,GET,8.115,20.95,47.74,5,No Error,Ap-Southeast-1,False,Moderate
2411,71,2026-05-22 05:41:30,330.94,200,PATCH,3588.654,33.47,42.24,1,No Error,Ap-Southeast-1,False,Moderate
2412,192,2026-05-12 07:08:24,72.67,204,GET,5.099,14.38,34.66,1,No Error,Sa-East-1,False,Fast
2413,7,2026-05-01 03:08:17,540.28,200,PATCH,2672.741,32.58,53.72,1,No Error,Us-West-2,False,Slow
2414,81,2026-05-22 10:00:02,256.22,201,POST,2393.092,27.92,33.14,5,No Error,Us-West-2,False,Moderate
2415,224,2026-05-23 00:18:26,65.53,429,POST,3360.828,11.29,11.61,1,Rate Limit Exceeded: Threshold of 100 req/sec breached,Us-West-2,True,Fast
2416,187,2026-05-18 07:46:53,47.73,200,DELETE,7.409,7.43,13.55,1,No Error,Us-East-1,False,Fast
2417,98,2026-05-05 06:39:45,59.99,204,GET,11.008,38.27,31.36,1,No Error,Us-East-1,False,Fast
2418,65,2026-05-20 22:21:34,20796.93,500,POST,3213.602,99.16,90.31,1,Internal Server Error: NullPointerException in controller execution layer,Ap-Southeast-1,True,Slow
2419,84,2026-05-05 13:11:04,447.92,204,PUT,3425.874,9.88,45.54,1,No Error,Us-West-2,False,Moderate
2420,68,2026-05-20 13:21:12,233.61,200,PUT,3627.021,26.19,45.32,1,No Error,Us-West-2,False,Moderate
2421,18,2026-05-21 05:24:00,78.03,429,GET,4.397,10.14,9.63,1,Rate Limit Exceeded: Threshold of 100 req/sec breached,Eu-West-1,True,Fast
2422,49,2026-05-09 12:13:55,62.39,201,DELETE,10.576,38.04,18.69,1,No Error,Sa-East-1,False,Fast
2423,62,2026-05-23 10:41:31,220.5,200,PATCH,641.184,25.58,42.16,1,No Error,Ap-Southeast-1,False,Moderate
2424,173,2026-05-25 03:07:48,12.56,429,GET,9.563,1.47,13.25,2,Rate Limit Exceeded: Threshold of 100 req/sec breached,Ap-Southeast-1,True,Fast
2425,75,2026-05-10 04:08:20,108.23,204,PATCH,2685.144,24.9,16.57,1,No Error,Us-East-1,False,Fast
2426,117,2026-05-20 02:08:10,222.01,201,GET,4.965,8.23,26.13,1,No Error,Sa-East-1,False,Moderate
2427,244,2026-05-07 18:00:44,84.12,204,PATCH,1659.246,2.04,47.54,1,No Error,Ap-Southeast-1,False,Fast
2428,227,2026-05-14 20:14:27,13.13,401,POST,811.747,1.71,21.81,1,Unauthorized: Signature mismatch or expired bearer token,Us-West-2,True,Fast
2429,9,2026-05-03 05:13:38,40.06,403,POST,2463.474,3.46,23.35,1,Forbidden: Client lacks required read/write scopes,Us-East-1,True,Fast
2430,136,2026-05-03 10:39:24,387.9,200,PATCH,4071.653,4.87,28.08,2,No Error,Eu-West-1,False,Moderate
2431,211,2026-05-18 04:14:11,53.75,429,DELETE,0.952,7.67,14.98,1,Rate Limit Exceeded: Threshold of 100 req/sec breached,Eu-West-1,True,Fast
2432,45,2026-05-08 06:28:56,150.2,204,GET,10.157,4.55,38.39,1,No Error,Us-West-2,False,Fast
2433,74,2026-05-22 01:10:53,53.7,401,GET,7.201,3.45,23.34,1,Unauthorized: Signature mismatch or expired bearer token,Sa-East-1,True,Fast
2434,240,2026-05-07 01:01:37,87.59,403,PUT,2768.55,9.77,24.94,1,Forbidden: Client lacks required read/write scopes,Us-East-1,True,Fast
2435,188,2026-05-24 22:32:50,229.13,201,PUT,2100.361,0.89,36.52,1,No Error,Eu-West-1,False,Moderate
2436,15,2026-05-25 01:42:47,397.09,204,DELETE,1.276,38.33,45.35,1,No Error,Eu-West-1,False,Moderate
2437,87,2026-05-20 05:03:34,288.29,201,PUT,508.004,30.95,19.7,1,No Error,Eu-West-1,False,Moderate
2438,177,2026-05-21 02:41:09,46.25,500,DELETE,1.393,5.26,25.33,1,    CRITICAL_TELEMETRY_DROP_OUT,Us-East-1,True,Fast
2439,7,2026-05-21 05:22:19,14880.87,504,POST,3145.163,94.93,88.91,1,Gateway Timeout: Upstream microservice failed to respond within 15000ms,Us-West-2,True,Slow
2440,248,2026-05-18 11:24:52,176.93,204,DELETE,2.55,12.87,14.95,1,No Error,Us-West-2,False,Fast
2441,55,2026-05-08 04:12:47,38.1,403,GET,9.646,3.24,27.29,1,Forbidden: Client lacks required read/write scopes,Ap-Southeast-1,True,Fast
2442,111,2026-05-14 22:54:37,366.33,200,DELETE,1.976,36.0,22.24,1,No Error,Eu-West-1,False,Moderate
2443,247,2026-05-19 04:42:02,53.97,200,PUT,2095.684,18.84,48.09,1,No Error,Eu-West-1,False,Fast
2444,188,2026-05-17 22:19:50,92.82,201,PATCH,3038.207,32.69,50.56,1,No Error,Sa-East-1,False,Fast
2445,213,2026-05-03 18:58:54,161.76,204,POST,3673.825,34.69,20.09,2,No Error,Us-East-1,False,Fast
2446,96,2026-05-23 04:12:08,99999.99,500,POST,2095.937,-99.0,29.34,1,CRITICAL_TELEMETRY_DROP_OUT,Us-East-1,True,Slow
2447,206,2026-05-19 18:43:43,231.79,204,DELETE,9.168,20.93,50.01,1,No Error,Sa-East-1,False,Moderate
2448,209,2026-05-12 23:03:34,341.34,204,GET,11.473,36.16,15.99,1,No Error,Ap-Southeast-1,False,Moderate
2449,11,2026-05-21 10:57:55,68.31,204,PUT,2131.368,28.83,47.01,1,No Error,Sa-East-1,False,Fast
2450,56,2026-05-10 17:41:08,45.4,403,PATCH,2409.805,0.54,14.85,1,Forbidden: Client lacks required read/write scopes,Sa-East-1,True,Fast
2451,210,2026-05-12 13:01:01,19.12,404,PATCH,2671.226,1.95,17.38,1,Resource Not Found: Endpoint entity collection does not exist,Eu-West-1,True,Fast
2452,166,2026-05-11 17:33:15,211.14,204,POST,4016.313,34.35,21.78,1,No Error,Us-East-1,False,Moderate
2453,151,2026-05-25 00:58:55,378.71,200,DELETE,9.404,24.59,30.6,1,No Error,Us-East-1,False,Moderate
2454,69,2026-05-25 10:12:46,63.74,200,PATCH,1848.012,5.83,23.7,1,No Error,Sa-East-1,False,Fast
2455,24,2026-05-20 08:05:56,20.05,200,PUT,1324.895,26.5,32.88,1,No Error,Us-East-1,False,Fast
2456,130,2026-05-14 13:18:17,337.05,200,GET,0.998,10.68,26.58,1,No Error,Ap-Southeast-1,False,Moderate
2457,16,2026-05-20 06:04:49,30.75,403,PUT,172.376,3.9,29.01,1,Forbidden: Client lacks required read/write scopes,Us-East-1,True,Fast
2458,138,2026-05-03 20:15:16,186.65,204,PATCH,2330.05,34.03,25.73,1,No Error,Us-West-2,False,Fast
2459,29,2026-05-06 04:26:42,421.65,204,PUT,1293.784,19.97,31.19,2,No Error,Eu-West-1,False,Moderate
2460,216,2026-05-10 08:43:18,246.03,200,DELETE,10.842,17.48,40.87,5,No Error,Eu-West-1,False,Moderate
2461,92,2026-05-08 10:14:20,267.47,201,PUT,3784.088,37.13,27.3,1,No Error,Us-West-2,False,Moderate
2462,131,2026-05-16 02:17:21,14.37,200,GET,4.899,17.18,52.29,1,No Error,Sa-East-1,False,Fast
2463,30,2026-05-06 22:10:00,9.57,401,PATCH,3217.456,7.13,24.57,1,Unauthorized: Signature mismatch or expired bearer token,Us-West-2,True,Fast
2464,96,2026-05-09 06:40:38,449.34,200,POST,3725.319,21.58,28.47,5,No Error,Eu-West-1,False,Moderate
2465,160,2026-05-16 05:33:29,363.4,204,PUT,620.322,11.71,42.41,2,No Error,Us-West-2,False,Moderate
2466,115,2026-05-03 10:04:13,36.22,400,PUT,82.968,9.02,29.4,1,Bad Request: Invalid JSON payload structure,Eu-West-1,True,Fast
2467,246,2026-05-11 20:59:35,10290.59,500,POST,3278.509,99.72,90.57,1,Internal Server Error: NullPointerException in controller execution layer,Sa-East-1,True,Slow
2468,125,2026-05-04 12:07:55,339.01,201,DELETE,1.771,7.52,37.15,1,No Error,Ap-Southeast-1,False,Moderate
2469,15,2026-05-14 04:20:26,425.15,200,POST,283.106,19.83,50.31,1,No Error,Us-West-2,False,Moderate
2470,137,2026-05-02 23:51:21,45.26,403,GET,7.579,11.93,11.31,1,Forbidden: Client lacks required read/write scopes,Us-West-2,True,Fast
2471,121,2026-05-01 19:13:22,29.95,404,POST,665.096,0.62,18.71,1,Resource Not Found: Endpoint entity collection does not exist,Us-West-2,True,Fast
2472,9,2026-05-21 08:40:04,262.72,204,PUT,2099.714,24.69,50.35,2,No Error,Ap-Southeast-1,False,Moderate
2473,34,2026-05-18 10:42:01,397.29,200,PUT,480.634,33.84,24.98,1,No Error,Ap-Southeast-1,False,Moderate
2474,22,2026-05-12 10:47:40,330.06,201,PATCH,2593.713,24.22,23.33,1,No Error,Eu-West-1,False,Moderate
2475,57,2026-05-12 10:05:37,93.87,429,POST,1102.656,0.21,21.38,1,Rate Limit Exceeded: Threshold of 100 req/sec breached,Us-West-2,True,Fast
2476,92,2026-05-14 00:13:46,275.23,201,GET,10.124,7.57,24.93,1,No Error,Us-East-1,False,Moderate
2477,243,2026-05-19 11:33:07,245.42,200,GET,11.822,21.29,26.88,2,No Error,Us-West-2,False,Moderate
2478,130,2026-05-03 03:07:17,317.82,200,GET,11.689,1.72,19.01,1,No Error,Ap-Southeast-1,False,Moderate
2479,197,2026-05-05 09:45:59,78.89,204,PATCH,2557.457,30.63,20.81,1,No Error,Us-East-1,False,Fast
2480,187,2026-05-13 11:25:43,137.95,200,POST,3495.711,37.12,37.98,1,No Error,Eu-West-1,False,Fast
2481,114,2026-05-14 14:04:00,15381.93,500,PATCH,755.058,98.94,97.14,1,Internal Server Error: NullPointerException in controller execution layer,Us-West-2,True,Slow
2482,5,2026-05-20 11:21:13,434.94,200,PUT,1835.193,3.08,25.51,1,No Error,Sa-East-1,False,Moderate
2483,125,2026-05-10 12:39:23,113.61,201,GET,1.539,6.62,35.84,2,No Error,Eu-West-1,False,Fast
2484,241,2026-05-07 07:05:00,182.7,200,PATCH,3599.992,35.87,28.09,1,No Error,Sa-East-1,False,Fast
2485,131,2026-05-19 12:21:47,240.25,204,DELETE,11.967,16.0,38.59,1,No Error,Us-West-2,False,Moderate
2486,236,2026-05-08 23:29:20,56.5,201,POST,1032.188,8.17,48.07,1,No Error,Eu-West-1,False,Fast
2487,34,2026-05-10 02:43:43,27878.49,500,PATCH,625.492,99.37,97.87,1,Internal Server Error: NullPointerException in controller execution layer,Ap-Southeast-1,True,Slow
2488,198,2026-05-21 09:48:33,300.13,200,PATCH,2820.401,18.56,31.34,1,No Error,Eu-West-1,False,Moderate
2489,165,2026-05-04 10:30:36,27297.41,503,DELETE,11.535,98.4,98.08,1,Service Unavailable: Downstream database connection pool timeout,Ap-Southeast-1,True,Slow
2490,187,2026-05-07 13:06:09,16.38,200,POST,1530.305,16.79,51.27,1,No Error,Ap-Southeast-1,False,Fast
2491,219,2026-05-14 00:51:19,320.86,200,PATCH,2735.761,13.23,22.6,2,No Error,Sa-East-1,False,Moderate
2492,39,2026-05-21 02:21:29,22947.77,500,PUT,1745.846,93.03,93.63,1,Internal Server Error: NullPointerException in controller execution layer,Us-East-1,True,Slow
2493,43,2026-05-15 06:16:11,58.86,200,POST,3806.898,25.32,33.58,1,No Error,Eu-West-1,False,Fast
2494,73,2026-05-07 20:25:11,146.98,200,DELETE,11.257,2.08,40.04,1,No Error,Eu-West-1,False,Fast
2495,138,2026-05-20 06:46:55,259.37,200,POST,274.526,7.2,38.39,1,No Error,Us-West-2,False,Moderate
2496,248,2026-05-04 16:32:29,388.09,200,DELETE,8.222,0.91,44.8,1,No Error,Us-West-2,False,Moderate
2497,55,2026-05-21 04:27:37,27.04,200,PATCH,3385.199,29.31,46.62,1,No Error,Us-West-2,False,Fast
2498,124,2026-05-05 16:43:40,33.36,500,PUT,2298.041,0.51,21.03,1,    CRITICAL_TELEMETRY_DROP_OUT,Us-West-2,True,Fast
2499,94,2026-05-08 16:09:54,346.78,201,PUT,1091.046,3.97,46.32,1,No Error,Us-West-2,False,Moderate
2500,124,2026-05-18 15:32:16,446.21,204,POST,3101.117,28.44,47.19,1,No Error,Us-West-2,False,Moderate
2501,63,2026-05-20 19:00:17,99999.99,500,PUT,2822.698,165.4,29.34,2,CRITICAL_TELEMETRY_DROP_OUT,Sa-East-1,True,Slow
2502,201,2026-05-02 23:07:52,17.5,204,PATCH,3410.612,27.66,23.91,1,No Error,Ap-Southeast-1,False,Fast
2503,109,2026-05-20 03:16:55,18050.85,504,POST,447.953,97.66,90.58,1,Gateway Timeout: Upstream microservice failed to respond within 15000ms,Eu-West-1,True,Slow
2504,28,2026-05-04 21:01:08,335.96,201,PUT,1044.749,35.56,35.95,1,No Error,Us-East-1,False,Moderate
2505,149,2026-05-07 10:53:10,330.02,201,POST,2783.005,13.07,36.72,1,No Error,Us-East-1,False,Moderate
2506,88,2026-05-05 01:54:11,68.23,200,GET,3.103,4.06,48.25,1,No Error,Us-East-1,False,Fast
2507,39,2026-05-15 16:44:35,306.06,200,PATCH,736.691,22.16,21.22,2,No Error,Us-West-2,False,Moderate
2508,43,2026-05-11 07:54:42,407.06,201,PUT,1753.436,23.25,33.75,1,No Error,Sa-East-1,False,Moderate
2509,227,2026-05-14 21:29:54,283.67,204,POST,3197.659,21.14,37.34,1,No Error,Us-East-1,False,Moderate
2510,167,2026-05-05 02:30:00,296.73,204,PATCH,2042.683,5.89,13.04,1,No Error,Us-East-1,False,Moderate
2511,33,2026-05-06 07:14:14,87.13,404,PATCH,3501.842,0.74,13.73,1,Resource Not Found: Endpoint entity collection does not exist,Eu-West-1,True,Fast
2512,125,2026-05-14 23:36:29,287.89,201,GET,5.706,34.09,34.69,2,No Error,Ap-Southeast-1,False,Moderate
2513,31,2026-05-15 03:41:05,99999.99,500,POST,381.424,17.42,0.0,1,CRITICAL_TELEMETRY_DROP_OUT,Eu-West-1,True,Slow
2514,69,2026-05-25 02:39:02,287.35,200,POST,3999.43,10.14,29.54,1,No Error,Eu-West-1,False,Moderate
2515,55,2026-05-12 04:01:13,238.05,200,GET,9.352,30.74,28.2,1,No Error,Eu-West-1,False,Moderate
2516,20,2026-05-14 20:15:36,28.35,201,GET,1.449,14.77,51.11,1,No Error,Ap-Southeast-1,False,Fast
2517,217,2026-05-13 09:42:34,217.0,204,PUT,2071.797,10.43,39.96,1,No Error,Ap-Southeast-1,False,Moderate
2518,117,2026-05-17 19:01:56,66.59,201,GET,3.279,17.92,14.77,1,No Error,Us-West-2,False,Fast
2519,95,2026-05-13 12:28:40,55.6,204,PATCH,654.39,26.8,13.73,1,No Error,Eu-West-1,False,Fast
2520,37,2026-05-06 03:42:28,-1.0,500,GET,6.215,165.4,29.34,1,CRITICAL_TELEMETRY_DROP_OUT,Us-East-1,True,Fast
2521,136,2026-05-10 08:44:31,12.95,200,PUT,2241.112,9.73,21.22,1,No Error,Eu-West-1,False,Fast
2522,248,2026-05-20 15:32:20,238.71,200,POST,2767.626,14.06,19.27,5,No Error,Ap-Southeast-1,False,Moderate
2523,211,2026-05-12 11:21:26,50.95,400,DELETE,6.297,2.8,26.73,1,Bad Request: Invalid JSON payload structure,Sa-East-1,True,Fast
2524,233,2026-05-18 02:08:47,74.97,200,POST,3610.491,37.24,47.33,1,No Error,Eu-West-1,False,Fast
2525,178,2026-05-25 19:41:31,70.33,200,POST,1705.493,19.13,21.97,1,No Error,Ap-Southeast-1,False,Fast
2526,62,2026-05-19 01:16:28,115.13,200,POST,3388.623,19.26,21.77,1,No Error,Ap-Southeast-1,False,Fast
2527,203,2026-05-02 22:09:34,136.53,200,PATCH,205.522,10.59,48.03,1,No Error,Us-West-2,False,Fast
2528,140,2026-05-13 14:27:12,245.33,204,GET,8.341,22.61,34.17,1,No Error,Ap-Southeast-1,False,Moderate
2529,34,2026-05-23 02:41:10,163.96,200,POST,1443.437,12.39,12.64,1,No Error,Ap-Southeast-1,False,Fast
2530,144,2026-05-04 07:50:58,349.62,204,POST,3623.93,7.44,43.15,1,No Error,Eu-West-1,False,Moderate
2531,35,2026-05-13 19:29:23,24.38,403,DELETE,5.234,3.34,23.8,1,Forbidden: Client lacks required read/write scopes,Sa-East-1,True,Fast
2532,59,2026-05-14 01:22:17,308.62,200,PUT,378.409,16.54,50.15,5,No Error,Eu-West-1,False,Moderate
2533,92,2026-05-01 12:49:04,275.51,204,POST,110.768,1.57,33.13,1,No Error,Ap-Southeast-1,False,Moderate
2534,65,2026-05-02 02:08:51,340.04,201,POST,4083.62,3.73,27.41,1,No Error,Sa-East-1,False,Moderate
2535,84,2026-05-06 12:56:14,268.24,201,POST,4063.039,1.47,37.02,1,No Error,Eu-West-1,False,Moderate
2536,147,2026-05-15 10:29:20,199.71,204,PATCH,1583.051,18.95,14.58,1,No Error,Us-West-2,False,Fast
2537,45,2026-05-11 05:07:45,295.27,204,DELETE,4.757,30.05,40.67,1,No Error,Us-East-1,False,Moderate
2538,44,2026-05-08 05:14:08,24542.21,500,GET,11.125,98.73,96.48,1,Internal Server Error: NullPointerException in controller execution layer,Ap-Southeast-1,True,Slow
2539,135,2026-05-12 06:53:30,45.95,400,PATCH,157.005,7.85,14.34,1,No Error,Us-East-1,True,Fast
2540,42,2026-05-04 12:51:58,267.41,201,PATCH,1951.617,9.06,45.98,1,No Error,Us-East-1,False,Moderate
2541,237,2026-05-21 03:36:35,255.57,204,DELETE,6.631,18.03,25.64,1,No Error,Us-West-2,False,Moderate
2542,78,2026-05-20 12:53:56,70.94,200,POST,3257.594,23.1,42.11,1,No Error,Us-East-1,False,Fast
2543,158,2026-05-06 20:19:26,150.77,204,GET,0.255,17.33,22.42,1,No Error,Us-West-2,False,Fast
2544,6,2026-05-05 23:55:39,111.41,200,POST,1735.356,8.61,36.03,1,No Error,Us-East-1,False,Fast
2545,111,2026-05-09 03:18:12,58.81,404,POST,3456.943,0.42,19.5,1,Resource Not Found: Endpoint entity collection does not exist,Sa-East-1,True,Fast
2546,117,2026-05-16 07:42:51,252.8,201,PATCH,2813.575,11.73,39.22,1,No Error,Eu-West-1,False,Moderate
2547,2,2026-05-15 01:16:26,32.35,200,GET,4.27,31.12,48.62,1,No Error,Ap-Southeast-1,False,Fast
2548,99,2026-05-12 21:51:30,23.07,404,GET,6.832,9.68,14.91,1,Resource Not Found: Endpoint entity collection does not exist,Ap-Southeast-1,True,Fast
2549,227,2026-05-24 19:44:09,13.79,201,POST,2389.302,24.23,12.68,1,No Error,Us-East-1,False,Fast
2550,202,2026-05-17 01:27:34,27.54,200,POST,3389.366,3.11,17.54,1,No Error,Ap-Southeast-1,False,Fast
2551,5,2026-05-21 09:12:15,160.59,204,DELETE,2.882,12.72,35.12,5,No Error,Us-East-1,False,Fast
2552,154,2026-05-18 20:20:46,182.96,204,PUT,512.721,3.34,28.14,1,No Error,Sa-East-1,False,Fast
2553,61,2026-05-19 15:38:55,61.87,401,GET,11.078,5.19,25.99,1,Unauthorized: Signature mismatch or expired bearer token,Ap-Southeast-1,True,Fast
2554,141,2026-05-16 08:35:10,92.26,200,PUT,294.636,7.98,35.23,1,No Error,Us-East-1,False,Fast
2555,196,2026-05-21 18:13:54,92.81,204,POST,171.577,26.14,44.18,1,No Error,Us-West-2,False,Fast
2556,5,2026-05-22 00:11:14,222.73,200,POST,3160.532,5.86,51.74,1,No Error,Us-East-1,False,Moderate
2557,181,2026-05-21 15:15:03,428.04,200,DELETE,0.304,28.57,17.13,1,No Error,Us-West-2,False,Moderate
2558,208,2026-05-19 08:56:52,253.74,201,POST,4034.427,22.99,18.78,1,No Error,Us-East-1,False,Moderate
2559,223,2026-05-18 00:27:05,155.11,204,POST,2263.584,3.92,46.0,1,No Error,Us-West-2,False,Fast
2560,237,2026-05-07 11:44:17,430.93,200,GET,11.076,8.66,26.56,1,No Error,Ap-Southeast-1,False,Moderate
2561,66,2026-05-03 17:53:22,267.38,200,GET,12.203,20.42,40.29,2,No Error,Ap-Southeast-1,False,Moderate
2562,25,2026-05-07 09:27:15,179.71,204,GET,0.471,36.51,28.9,1,No Error,Us-West-2,False,Fast
2563,210,2026-05-08 16:12:30,-1.0,500,GET,4.687,17.42,29.34,1,CRITICAL_TELEMETRY_DROP_OUT,Ap-Southeast-1,True,Fast
2564,72,2026-05-01 09:20:13,15.72,404,DELETE,9.925,4.57,22.09,1,Resource Not Found: Endpoint entity collection does not exist,Us-East-1,True,Fast
2565,201,2026-05-10 02:29:57,208.33,204,PUT,1812.433,18.69,30.4,1,No Error,Us-East-1,False,Moderate
2566,30,2026-05-06 18:31:02,443.69,204,POST,2108.037,29.07,38.35,1,No Error,Eu-West-1,False,Moderate
2567,246,2026-05-03 09:23:23,236.29,200,PUT,2510.216,7.13,52.16,1,No Error,Eu-West-1,False,Moderate
2568,172,2026-05-16 11:28:56,159.55,200,PATCH,3575.0,31.75,26.03,1,No Error,Eu-West-1,False,Fast
2569,71,2026-05-01 03:08:17,536.63,400,PATCH,2633.497,53.0,71.73,1,No Error,Us-East-1,True,Slow
2570,221,2026-05-09 06:19:17,353.83,200,PUT,3343.597,13.31,41.42,1,No Error,Us-East-1,False,Moderate
2571,170,2026-05-19 17:28:52,10393.3,503,POST,3274.354,91.85,89.41,1,Service Unavailable: Downstream database connection pool timeout,Us-East-1,True,Slow
2572,215,2026-05-08 16:54:43,87.37,429,GET,0.761,0.83,29.45,1,Rate Limit Exceeded: Threshold of 100 req/sec breached,Sa-East-1,True,Fast
2573,191,2026-05-17 05:15:20,82.97,404,POST,2834.458,2.47,12.7,1,Resource Not Found: Endpoint entity collection does not exist,Us-West-2,True,Fast
2574,122,2026-05-16 21:38:28,167.97,201,POST,276.74,16.59,19.57,1,No Error,Us-West-2,False,Fast
2575,226,2026-05-10 11:11:59,178.48,200,POST,1612.321,35.36,48.6,1,No Error,Us-West-2,False,Fast
2576,102,2026-05-22 07:02:34,63.71,201,PATCH,464.916,16.6,25.0,1,No Error,Us-West-2,False,Fast
2577,121,2026-05-19 00:52:21,-1.0,400,PUT,3875.326,17.42,29.34,1,No Error,Eu-West-1,True,Fast
2578,229,2026-05-09 10:02:36,275.66,204,PUT,1022.174,15.42,12.02,1,No Error,Sa-East-1,False,Moderate
2579,25,2026-05-20 23:17:56,9995.48,500,PUT,3120.083,90.18,90.23,1,Internal Server Error: NullPointerException in controller execution layer,Ap-Southeast-1,True,Slow
2580,224,2026-05-21 05:40:43,265.41,204,GET,8.067,20.56,23.35,1,No Error,Ap-Southeast-1,False,Moderate
2581,85,2026-05-02 12:14:21,92.92,200,POST,1060.398,33.11,30.55,5,No Error,Us-East-1,False,Fast
2582,18,2026-05-10 11:14:56,5406.59,503,POST,340.648,92.76,88.8,1,Service Unavailable: Downstream database connection pool timeout,Eu-West-1,True,Slow
2583,209,2026-05-15 06:29:03,14605.95,500,PUT,3533.552,96.22,98.06,1,Internal Server Error: NullPointerException in controller execution layer,Us-East-1,True,Slow
2584,129,2026-05-24 18:12:54,308.25,201,GET,3.74,25.69,15.41,2,No Error,Eu-West-1,False,Moderate
2585,30,2026-05-21 00:39:47,261.49,204,PUT,544.162,17.51,42.44,1,No Error,Ap-Southeast-1,False,Moderate
2586,139,2026-05-15 08:27:47,185.95,200,DELETE,10.372,32.2,18.83,1,No Error,Eu-West-1,False,Fast
2587,141,2026-05-15 09:24:10,46.2,400,GET,8.571,9.52,15.1,1,Bad Request: Invalid JSON payload structure,Eu-West-1,True,Fast
2588,68,2026-05-25 16:35:51,81.83,200,POST,2191.996,2.98,10.69,1,No Error,Us-West-2,False,Fast
2589,65,2026-05-17 21:07:54,41.18,200,DELETE,11.563,14.84,25.51,1,No Error,Ap-Southeast-1,False,Fast
2590,92,2026-05-24 11:43:11,441.36,201,DELETE,8.569,4.71,23.72,1,No Error,Ap-Southeast-1,False,Moderate
2591,70,2026-05-17 19:17:14,54.36,201,GET,0.422,18.93,47.86,1,No Error,Eu-West-1,False,Fast
2592,84,2026-05-04 09:37:06,106.17,200,PATCH,1949.151,23.69,41.66,1,No Error,Us-West-2,False,Fast
2593,85,2026-05-25 02:34:14,15.24,204,DELETE,6.699,33.68,38.49,1,No Error,Ap-Southeast-1,False,Fast
2594,82,2026-05-09 05:19:49,92.05,201,POST,2928.275,26.62,26.57,1,No Error,Us-West-2,False,Fast
2595,248,2026-05-11 05:11:48,114.1,201,PUT,423.271,20.3,32.11,1,No Error,Sa-East-1,False,Fast
2596,118,2026-05-04 11:16:07,74.04,204,GET,4.167,8.09,22.74,1,No Error,Us-East-1,False,Fast
2597,137,2026-05-17 06:15:02,139.69,200,POST,66.248,21.11,28.23,1,No Error,Ap-Southeast-1,False,Fast
2598,8,2026-05-21 12:38:19,229.39,204,POST,3611.566,7.43,37.84,1,No Error,Eu-West-1,False,Moderate
2599,136,2026-05-10 08:27:50,231.93,204,GET,5.065,33.65,19.4,1,No Error,Us-West-2,False,Moderate
2600,167,2026-05-12 14:37:51,98.54,200,PUT,234.727,29.85,20.7,1,No Error,Us-East-1,False,Fast
2601,121,2026-05-21 03:56:01,13.28,401,PATCH,1149.032,8.23,22.63,1,Unauthorized: Signature mismatch or expired bearer token,Us-West-2,True,Fast
2602,187,2026-05-11 08:33:36,300.93,200,POST,1342.895,32.05,21.97,1,No Error,Sa-East-1,False,Moderate
2603,12,2026-05-20 23:56:36,5.57,404,PATCH,3876.981,11.64,21.04,2,Resource Not Found: Endpoint entity collection does not exist,Us-West-2,True,Fast
2604,209,2026-05-11 17:16:21,283.87,200,DELETE,10.313,10.94,16.88,1,No Error,Us-West-2,False,Moderate
2605,64,2026-05-21 10:05:36,423.15,204,PATCH,3784.797,14.96,51.89,5,No Error,Us-West-2,False,Moderate
2606,212,2026-05-24 13:35:51,361.3,200,PUT,1242.172,19.8,52.02,2,No Error,Us-West-2,False,Moderate
2607,106,2026-05-19 22:47:49,111.3,201,DELETE,3.984,13.83,30.15,1,No Error,Us-East-1,False,Fast
2608,24,2026-05-10 07:58:47,438.13,204,PATCH,1585.316,14.09,31.92,1,No Error,Sa-East-1,False,Moderate
2609,245,2026-05-01 13:53:15,445.93,204,DELETE,3.594,20.68,21.36,1,No Error,Us-West-2,False,Moderate
2610,142,2026-05-14 12:02:26,324.96,204,DELETE,6.26,18.02,41.18,2,No Error,Sa-East-1,False,Moderate
2611,28,2026-05-21 03:50:12,313.99,200,PATCH,2208.748,4.11,30.12,1,No Error,Sa-East-1,False,Moderate
2612,188,2026-05-15 15:15:28,245.66,201,PUT,2312.818,38.22,22.45,1,No Error,Us-West-2,False,Moderate
2613,178,2026-05-21 21:10:25,144.92,204,GET,3.014,18.9,26.43,1,No Error,Us-West-2,False,Fast
2614,83,2026-05-16 15:55:29,96.82,200,DELETE,3.713,38.07,50.24,1,No Error,Us-East-1,False,Fast
2615,42,2026-05-03 03:10:20,22.21,201,PATCH,764.295,33.0,36.83,2,No Error,Sa-East-1,False,Fast
2616,217,2026-05-22 05:23:23,258.89,204,POST,1959.467,7.88,32.42,1,No Error,Eu-West-1,False,Moderate
2617,151,2026-05-15 22:41:23,183.17,201,DELETE,10.778,15.4,43.33,1,No Error,Us-East-1,False,Fast
2618,157,2026-05-12 18:20:08,160.66,200,DELETE,0.456,19.01,33.49,2,No Error,Eu-West-1,False,Fast
2619,238,2026-05-05 16:16:28,40.67,400,POST,2635.372,4.88,11.12,2,Bad Request: Invalid JSON payload structure,Us-East-1,True,Fast
2620,230,2026-05-13 22:35:54,99999.99,200,GET,5.06,165.4,0.0,1,No Error,Us-West-2,False,Slow
2621,227,2026-05-01 03:08:17,478.4,500,GET,10.57,23.08,64.07,1,CRITICAL_TELEMETRY_DROP_OUT,Sa-East-1,True,Moderate
2622,162,2026-05-12 07:00:42,124.55,201,DELETE,3.949,1.82,32.51,12,No Error,Eu-West-1,False,Fast
2623,196,2026-05-03 00:31:29,121.09,200,PATCH,706.605,37.31,50.73,1,No Error,Eu-West-1,False,Fast
2624,182,2026-05-21 14:17:09,117.08,204,PATCH,89.051,21.36,34.17,1,No Error,Us-East-1,False,Fast
2625,123,2026-05-19 00:27:49,266.75,204,PUT,935.783,26.61,50.43,1,No Error,Sa-East-1,False,Moderate
2626,160,2026-05-17 01:28:12,151.21,204,GET,7.845,37.77,44.25,1,No Error,Ap-Southeast-1,False,Fast
2627,126,2026-05-03 21:26:24,415.0,201,GET,1.406,11.55,20.24,1,No Error,Ap-Southeast-1,False,Moderate
2628,175,2026-05-24 05:13:21,32.05,200,GET,0.941,10.21,37.97,1,No Error,Sa-East-1,False,Fast
2629,180,2026-05-16 15:33:54,34.73,200,PUT,2679.657,33.33,42.78,1,No Error,Ap-Southeast-1,False,Fast
2630,164,2026-05-17 20:39:27,11407.04,500,DELETE,11.577,93.15,89.05,1,Internal Server Error: NullPointerException in controller execution layer,Sa-East-1,True,Slow
2631,250,2026-05-03 09:53:32,29.14,204,DELETE,2.596,32.6,37.27,1,No Error,Us-West-2,False,Fast
2632,15,2026-05-10 18:32:43,103.96,200,PUT,3926.171,3.41,27.04,5,No Error,Eu-West-1,False,Fast
2633,201,2026-05-24 05:02:26,87.1,201,POST,1467.324,14.22,25.67,5,No Error,Us-East-1,False,Fast
2634,87,2026-05-20 18:07:48,347.94,204,PUT,2531.283,28.25,33.19,1,No Error,Eu-West-1,False,Moderate
2635,70,2026-05-07 14:22:46,353.82,200,PUT,2693.872,24.0,42.73,2,No Error,Ap-Southeast-1,False,Moderate
2636,224,2026-05-06 16:30:06,157.94,201,POST,3560.029,36.63,14.37,1,No Error,Eu-West-1,False,Fast
2637,226,2026-05-17 20:33:01,53.31,200,GET,5.478,7.36,14.31,1,No Error,Ap-Southeast-1,False,Fast
2638,45,2026-05-04 23:01:43,248.69,200,GET,0.948,27.13,38.78,1,No Error,Ap-Southeast-1,False,Moderate
2639,16,2026-05-10 12:28:29,25.86,204,PUT,2850.222,19.29,16.92,1,No Error,Ap-Southeast-1,False,Fast
2640,92,2026-05-12 09:47:03,200.385,400,POST,1118.809,17.42,29.34,1,No Error,Eu-West-1,True,Moderate
2641,86,2026-05-02 09:44:24,26.06,200,POST,2235.229,25.45,15.74,1,No Error,Us-West-2,False,Fast
2642,55,2026-05-12 04:00:38,230.29,200,GET,6.274,12.44,35.07,1,No Error,Sa-East-1,False,Moderate
2643,172,2026-05-10 05:29:02,30.33,403,PUT,1534.525,9.71,14.85,1,Forbidden: Client lacks required read/write scopes,Ap-Southeast-1,True,Fast
2644,63,2026-05-21 02:10:27,350.56,201,PUT,53.74,16.16,42.86,2,No Error,Us-West-2,False,Moderate
2645,30,2026-05-13 03:02:36,265.41,200,GET,8.512,23.26,18.47,1,No Error,Eu-West-1,False,Moderate
2646,77,2026-05-14 12:01:41,43.75,404,DELETE,0.981,11.81,11.15,1,Resource Not Found: Endpoint entity collection does not exist,Eu-West-1,True,Fast
2647,214,2026-05-21 01:07:26,394.82,200,POST,3429.33,37.75,23.14,1,No Error,Eu-West-1,False,Moderate
2648,165,2026-05-05 04:06:05,92.64,403,PUT,2981.376,5.45,20.9,2,Forbidden: Client lacks required read/write scopes,Ap-Southeast-1,True,Fast
2649,73,2026-05-10 17:18:17,444.61,204,PATCH,4032.808,3.05,28.1,1,No Error,Us-East-1,False,Moderate
2650,227,2026-05-21 09:39:19,187.37,204,GET,10.49,17.61,33.3,1,No Error,Ap-Southeast-1,False,Fast
2651,38,2026-05-07 10:50:35,284.3,201,GET,6.775,7.54,20.06,1,No Error,Sa-East-1,False,Moderate
2652,46,2026-05-01 03:08:17,403.66,200,DELETE,7.314,21.0,40.31,1,No Error,Eu-West-1,False,Moderate
2653,166,2026-05-10 13:42:14,207.58,200,DELETE,9.629,7.06,37.33,1,No Error,Us-West-2,False,Moderate
2654,81,2026-05-16 11:11:08,428.15,200,PATCH,2731.033,9.14,15.76,1,No Error,Eu-West-1,False,Moderate
2655,202,2026-05-01 03:08:17,301.28,500,DELETE,0.995,26.3,51.35,1,CRITICAL_TELEMETRY_DROP_OUT,Us-West-2,True,Moderate
2656,104,2026-05-15 10:49:54,327.33,200,GET,3.318,19.67,26.73,1,No Error,Eu-West-1,False,Moderate
2657,55,2026-05-09 05:54:57,25493.91,504,DELETE,7.359,91.57,96.68,1,Gateway Timeout: Upstream microservice failed to respond within 15000ms,Us-West-2,True,Slow
2658,177,2026-05-18 15:53:53,105.84,200,PATCH,2862.072,0.85,40.26,2,No Error,Us-East-1,False,Fast
2659,223,2026-05-19 21:41:00,29.3,400,PATCH,2592.044,7.16,29.17,1,Bad Request: Invalid JSON payload structure,Sa-East-1,True,Fast
2660,187,2026-05-18 01:45:28,40.55,401,GET,2.491,11.06,11.72,1,Unauthorized: Signature mismatch or expired bearer token,Us-West-2,True,Fast
2661,153,2026-05-25 05:22:13,158.8,200,PATCH,1560.305,23.33,48.08,1,No Error,Eu-West-1,False,Fast
2662,75,2026-05-08 01:12:23,196.58,204,DELETE,0.294,18.15,40.31,1,No Error,Us-West-2,False,Fast
2663,231,2026-05-25 12:56:53,74.56,204,POST,2953.908,19.24,17.19,1,No Error,Us-West-2,False,Fast
2664,206,2026-05-01 20:45:21,414.56,204,PUT,644.139,6.89,13.76,1,No Error,Sa-East-1,False,Moderate
2665,46,2026-05-06 04:56:29,355.45,201,GET,2.397,36.29,42.55,1,No Error,Us-East-1,False,Moderate
2666,31,2026-05-19 23:53:20,321.87,200,POST,3717.051,23.91,15.09,1,No Error,Us-West-2,False,Moderate
2667,231,2026-05-16 12:47:52,239.56,200,DELETE,8.195,31.08,40.85,1,No Error,Sa-East-1,False,Moderate
2668,139,2026-05-16 10:49:54,384.87,204,PUT,908.433,25.82,22.79,2,No Error,Ap-Southeast-1,False,Moderate
2669,35,2026-05-13 18:58:09,323.78,200,PUT,164.294,37.57,47.9,1,No Error,Eu-West-1,False,Moderate
2670,23,2026-05-03 11:59:40,36.01,200,PUT,348.82,21.39,12.55,1,No Error,Sa-East-1,False,Fast
2671,238,2026-05-16 20:34:02,133.24,200,PATCH,3448.027,17.16,42.67,5,No Error,Us-West-2,False,Fast
2672,63,2026-05-19 21:31:31,54.94,200,DELETE,6.745,25.69,28.4,1,No Error,Eu-West-1,False,Fast
2673,186,2026-05-08 23:59:36,350.27,200,GET,9.155,12.68,17.48,1,No Error,Sa-East-1,False,Moderate
2674,103,2026-05-14 06:53:20,289.38,201,GET,9.655,36.7,14.82,1,No Error,Sa-East-1,False,Moderate
2675,121,2026-05-05 16:25:32,86.91,400,DELETE,5.003,4.43,12.18,1,No Error,Us-East-1,True,Fast
2676,165,2026-05-08 01:18:36,106.19,201,POST,222.0,28.34,35.77,2,No Error,Us-West-2,False,Fast
2677,151,2026-05-09 00:42:01,223.62,200,POST,379.595,31.28,22.05,1,No Error,Ap-Southeast-1,False,Moderate
2678,33,2026-05-05 22:23:16,234.83,201,GET,2.114,1.77,48.83,1,No Error,Us-East-1,False,Moderate
2679,99,2026-05-01 03:08:17,192.08,500,PATCH,775.792,18.65,72.11,1,CRITICAL_TELEMETRY_DROP_OUT,Sa-East-1,True,Fast
2680,107,2026-05-09 18:35:27,391.12,204,PATCH,2546.224,37.25,32.97,1,No Error,Us-East-1,False,Moderate
2681,166,2026-05-01 11:43:40,379.89,200,DELETE,9.039,18.93,28.45,1,No Error,Sa-East-1,False,Moderate
2682,197,2026-05-01 03:08:17,340.5,200,PATCH,3381.99,32.3,42.1,1,No Error,Eu-West-1,False,Moderate
2683,61,2026-05-07 10:34:55,257.25,204,PATCH,1756.967,30.32,20.44,1,No Error,Sa-East-1,False,Moderate
2684,37,2026-05-23 04:18:26,47.95,401,GET,3.178,1.11,27.51,2,Unauthorized: Signature mismatch or expired bearer token,Ap-Southeast-1,True,Fast
2685,66,2026-05-17 06:26:11,58.59,404,PATCH,3675.426,6.9,21.76,1,Resource Not Found: Endpoint entity collection does not exist,Sa-East-1,True,Fast
2686,18,2026-05-07 16:57:45,29.67,403,GET,1.701,8.24,21.73,1,Forbidden: Client lacks required read/write scopes,Ap-Southeast-1,True,Fast
2687,66,2026-05-18 15:27:15,72.4,404,POST,4063.598,9.21,12.93,1,Resource Not Found: Endpoint entity collection does not exist,Us-East-1,True,Fast
2688,210,2026-05-21 04:35:13,26.18,200,PUT,627.173,3.71,43.77,2,No Error,Sa-East-1,False,Fast
2689,127,2026-05-16 20:54:26,208.58,200,POST,476.52,30.63,41.23,1,No Error,Eu-West-1,False,Moderate
2690,175,2026-05-18 01:40:21,234.63,200,GET,3.4,29.17,31.1,1,No Error,Us-West-2,False,Moderate
2691,241,2026-05-14 15:08:50,26058.16,504,DELETE,0.844,94.32,96.08,1,Gateway Timeout: Upstream microservice failed to respond within 15000ms,Eu-West-1,True,Slow
2692,160,2026-05-03 05:51:25,141.15,200,DELETE,6.412,1.06,40.41,1,No Error,Us-East-1,False,Fast
2693,84,2026-05-25 20:33:22,200.385,200,POST,1788.775,17.42,29.34,1,No Error,Eu-West-1,False,Moderate
2694,67,2026-05-15 03:04:20,317.31,200,GET,10.342,21.41,30.48,1,No Error,Sa-East-1,False,Moderate
2695,108,2026-05-01 05:07:27,265.75,201,PUT,1158.192,29.45,23.28,1,No Error,Ap-Southeast-1,False,Moderate
2696,38,2026-05-23 04:12:06,19.79,400,GET,10.342,8.74,14.68,1,No Error,Eu-West-1,True,Fast
2697,61,2026-05-18 06:45:15,407.51,204,PUT,2431.72,2.17,45.64,1,No Error,Us-West-2,False,Moderate
2698,233,2026-05-02 06:03:56,140.75,200,PUT,2951.662,28.76,14.58,1,No Error,Us-West-2,False,Fast
2699,168,2026-05-21 11:19:25,140.82,200,DELETE,4.654,29.13,26.1,1,No Error,Us-East-1,False,Fast
2700,77,2026-05-05 17:00:42,75.27,500,PATCH,170.186,8.21,13.88,1,    CRITICAL_TELEMETRY_DROP_OUT,Sa-East-1,True,Fast
2701,107,2026-05-10 22:33:06,145.2,200,POST,3603.055,10.66,40.67,1,No Error,Eu-West-1,False,Fast
2702,32,2026-05-13 11:18:21,160.32,204,PATCH,3640.786,31.27,52.14,5,No Error,Ap-Southeast-1,False,Fast
2703,155,2026-05-03 21:18:13,98.83,400,POST,2293.407,54.06,58.55,1,No Error,Us-East-1,True,Fast
2704,163,2026-05-04 02:07:27,67.56,400,GET,11.317,5.4,27.49,1,No Error,Eu-West-1,True,Fast
2705,177,2026-05-16 07:18:51,190.07,201,POST,1282.114,29.94,40.13,1,No Error,Eu-West-1,False,Fast
2706,76,2026-05-15 18:49:02,194.71,200,PATCH,2764.663,14.23,40.06,1,No Error,Us-East-1,False,Fast
2707,77,2026-05-16 16:16:12,277.66,200,PUT,1883.983,35.43,45.02,1,No Error,Us-East-1,False,Moderate
2708,214,2026-05-07 04:09:40,104.76,200,PUT,96.119,30.59,19.35,1,No Error,Ap-Southeast-1,False,Fast
2709,230,2026-05-23 20:35:04,81.89,200,PATCH,3611.666,21.34,38.42,1,No Error,Us-East-1,False,Fast
2710,239,2026-05-24 04:12:13,36.66,404,PATCH,96.571,11.35,26.13,1,Resource Not Found: Endpoint entity collection does not exist,Sa-East-1,True,Fast
2711,148,2026-05-22 07:41:38,243.39,204,PATCH,3049.723,4.37,50.77,1,No Error,Ap-Southeast-1,False,Moderate
2712,19,2026-05-03 14:15:30,61.68,400,PUT,566.27,6.01,17.89,1,Bad Request: Invalid JSON payload structure,Eu-West-1,True,Fast
2713,117,2026-05-09 05:02:55,151.01,201,PUT,2967.336,37.2,23.8,1,No Error,Ap-Southeast-1,False,Fast
2714,52,2026-05-15 21:21:17,21.13,429,GET,5.428,6.61,27.23,1,Rate Limit Exceeded: Threshold of 100 req/sec breached,Us-West-2,True,Fast
2715,230,2026-05-16 19:17:18,278.14,200,PUT,944.518,13.48,48.58,1,No Error,Eu-West-1,False,Moderate
2716,96,2026-05-16 07:37:53,339.4,204,PATCH,2804.232,15.15,50.47,1,No Error,Us-West-2,False,Moderate
2717,33,2026-05-04 19:44:09,56.63,201,POST,1326.194,3.39,29.85,2,No Error,Sa-East-1,False,Fast
2718,185,2026-05-05 15:56:19,194.92,201,POST,2064.003,32.03,12.43,1,No Error,Eu-West-1,False,Fast
2719,171,2026-05-23 08:15:04,45.98,403,DELETE,9.801,4.57,19.65,1,Forbidden: Client lacks required read/write scopes,Sa-East-1,True,Fast
2720,182,2026-05-08 16:47:46,360.91,201,PATCH,2212.333,25.51,48.86,2,No Error,Us-East-1,False,Moderate
2721,106,2026-10-05 17:55:16,132.91,500,PATCH,3608.539,53.06,55.69,1,CRITICAL_TELEMETRY_DROP_OUT,Ap-Southeast-1,True,Fast
2722,211,2026-05-13 23:33:46,22.96,204,POST,3834.22,28.81,48.08,1,No Error,Ap-Southeast-1,False,Fast
2723,81,2026-05-09 12:48:40,263.86,200,POST,246.789,31.38,35.13,1,No Error,Us-West-2,False,Moderate
2724,180,2026-05-21 13:18:57,9097.28,500,PUT,2134.428,96.45,92.01,1,Internal Server Error: NullPointerException in controller execution layer,Eu-West-1,True,Slow
2725,180,2026-05-07 18:29:59,52.01,201,POST,3925.699,17.78,30.32,1,No Error,Us-East-1,False,Fast
2726,67,2026-05-25 19:08:20,278.42,200,GET,2.177,11.06,47.63,1,No Error,Eu-West-1,False,Moderate
2727,164,2026-05-18 10:00:44,390.05,400,GET,4.504,16.21,64.48,1,No Error,Sa-East-1,True,Moderate
2728,28,2026-05-17 23:10:13,345.88,200,GET,2.52,16.94,47.17,1,No Error,Us-East-1,False,Moderate
2729,176,2026-05-19 03:33:08,65.14,401,POST,3539.298,10.34,18.95,1,Unauthorized: Signature mismatch or expired bearer token,Ap-Southeast-1,True,Fast
2730,167,2026-05-02 16:27:27,338.2,200,PUT,410.392,18.69,28.62,1,No Error,Ap-Southeast-1,False,Moderate
2731,141,2026-05-07 16:43:03,26.91,201,POST,3214.44,20.34,14.63,1,No Error,Eu-West-1,False,Fast
2732,10,2026-05-16 14:03:36,392.05,204,DELETE,12.389,9.18,21.84,1,No Error,Us-East-1,False,Moderate
2733,17,2026-05-14 08:06:21,268.68,200,PATCH,2479.271,6.55,38.66,1,No Error,Us-East-1,False,Moderate
2734,195,2026-05-14 13:00:40,28.08,201,GET,1.484,28.28,39.59,1,No Error,Us-East-1,False,Fast
2735,155,2026-05-21 23:03:50,183.98,200,POST,2038.268,2.19,12.97,1,No Error,Sa-East-1,False,Fast
2736,8,2026-05-01 22:14:40,43.19,201,GET,0.54,1.71,30.69,1,No Error,Sa-East-1,False,Fast
2737,243,2026-05-08 13:08:27,281.59,201,POST,2546.271,12.1,33.71,1,No Error,Us-East-1,False,Moderate
2738,64,2026-05-13 08:57:10,241.51,201,PUT,1161.962,9.13,26.0,1,No Error,Us-East-1,False,Moderate
2739,46,2026-05-14 09:10:14,63.34,200,GET,1.323,29.82,35.84,2,No Error,Sa-East-1,False,Fast
2740,45,2026-05-14 08:32:36,382.31,200,PUT,175.728,13.35,46.0,1,No Error,Ap-Southeast-1,False,Moderate
2741,207,2026-05-12 08:22:06,47.01,403,PUT,2733.953,9.25,22.38,5,Forbidden: Client lacks required read/write scopes,Us-East-1,True,Fast
2742,10,2026-05-03 18:17:06,218.24,204,POST,1069.608,32.88,30.7,1,No Error,Sa-East-1,False,Moderate
2743,205,2026-05-02 07:46:14,234.26,204,GET,0.673,23.93,41.82,1,No Error,Us-West-2,False,Moderate
2744,60,2026-05-02 12:43:47,10256.4,500,POST,1259.608,94.97,99.35,1,Internal Server Error: NullPointerException in controller execution layer,Sa-East-1,True,Slow
2745,164,2026-05-14 05:37:34,90.02,200,PATCH,2343.942,35.0,17.64,1,No Error,Eu-West-1,False,Fast
2746,6,2026-05-16 08:08:20,-1.0,500,PATCH,540.255,17.42,0.0,1,CRITICAL_TELEMETRY_DROP_OUT,Us-West-2,True,Fast
2747,174,2026-05-18 07:03:07,258.75,204,PUT,2584.803,2.58,15.59,1,No Error,Us-West-2,False,Moderate
2748,82,2026-05-06 23:19:26,99999.99,400,DELETE,0.379,165.4,0.0,5,No Error,Eu-West-1,True,Slow
2749,106,2026-05-25 18:28:30,16.89,403,PATCH,710.84,3.93,20.3,1,Forbidden: Client lacks required read/write scopes,Us-East-1,True,Fast
2750,22,2026-05-17 00:46:46,364.21,201,DELETE,7.522,34.75,45.14,1,No Error,Us-West-2,False,Moderate
2751,42,2026-05-06 13:28:00,104.11,200,PATCH,1728.812,25.46,44.65,1,No Error,Ap-Southeast-1,False,Fast
2752,246,2026-05-18 19:47:46,408.49,201,PATCH,1867.838,16.64,23.75,1,No Error,Us-East-1,False,Moderate
2753,61,2026-05-07 22:34:16,117.37,201,PATCH,1821.429,32.51,41.81,1,No Error,Ap-Southeast-1,False,Fast
2754,210,2026-05-12 00:22:16,265.88,204,POST,2467.146,11.85,50.91,2,No Error,Eu-West-1,False,Moderate
2755,123,2026-05-16 15:42:40,141.9,200,GET,1.222,19.71,49.48,1,No Error,Sa-East-1,False,Fast
2756,15,2026-05-15 07:04:30,71.17,400,PUT,3267.708,0.2,23.66,1,Bad Request: Invalid JSON payload structure,Us-West-2,True,Fast
2757,34,2026-05-14 07:10:12,19085.23,503,PUT,980.017,97.86,98.87,1,Service Unavailable: Downstream database connection pool timeout,Us-West-2,True,Slow
2758,36,2026-05-07 07:05:26,206.97,204,POST,3168.807,11.91,25.23,2,No Error,Us-West-2,False,Moderate
2759,110,2026-05-08 07:23:07,192.12,204,DELETE,4.71,10.43,17.84,1,No Error,Eu-West-1,False,Fast
2760,222,2026-05-15 08:54:29,15047.39,503,DELETE,2.687,98.96,93.01,1,Service Unavailable: Downstream database connection pool timeout,Ap-Southeast-1,True,Slow
2761,192,2026-05-17 23:32:44,134.83,200,PATCH,3541.763,7.38,30.92,1,No Error,Sa-East-1,False,Fast
2762,134,2026-05-18 01:25:31,20667.28,504,PATCH,642.997,91.85,99.65,1,Gateway Timeout: Upstream microservice failed to respond within 15000ms,Us-East-1,True,Slow
2763,76,2026-05-17 09:08:24,7.73,200,DELETE,4.555,0.83,15.0,1,No Error,Eu-West-1,False,Fast
2764,177,2026-05-06 02:32:48,312.99,201,PUT,1996.735,33.6,33.25,1,No Error,Eu-West-1,False,Moderate
2765,154,2026-05-19 11:03:26,-1.0,200,POST,2126.828,-99.0,0.0,1,No Error,Us-East-1,False,Fast
2766,226,2026-05-12 10:57:19,89.57,404,GET,5.113,4.47,19.05,1,Resource Not Found: Endpoint entity collection does not exist,Us-East-1,True,Fast
2767,68,2026-05-19 06:35:14,193.8,200,PATCH,542.731,4.53,23.56,5,No Error,Us-West-2,False,Fast
2768,220,2026-05-18 01:56:37,137.9,204,DELETE,8.922,24.9,22.81,2,No Error,Sa-East-1,False,Fast
2769,56,2026-05-24 22:09:29,60.72,404,POST,1215.097,8.86,15.99,1,Resource Not Found: Endpoint entity collection does not exist,Us-West-2,True,Fast
2770,217,2026-05-25 05:32:17,69.48,404,GET,1.038,8.87,12.09,1,Resource Not Found: Endpoint entity collection does not exist,Eu-West-1,True,Fast
2771,117,2026-05-21 14:21:41,399.5,200,POST,2086.097,16.82,14.55,1,No Error,Sa-East-1,False,Moderate
2772,79,2026-05-11 00:23:00,301.07,200,PATCH,716.042,8.92,29.76,1,No Error,Sa-East-1,False,Moderate
2773,207,2026-05-21 19:47:59,414.45,200,DELETE,0.387,13.65,38.17,1,No Error,Sa-East-1,False,Moderate
2774,114,2026-05-05 14:53:04,123.19,201,POST,3324.103,19.11,30.02,1,No Error,Ap-Southeast-1,False,Fast
2775,47,2026-05-08 01:05:44,302.12,204,DELETE,5.001,20.68,17.08,2,No Error,Us-East-1,False,Moderate
2776,74,2026-05-23 11:42:13,187.25,200,GET,0.584,11.94,36.39,1,No Error,Us-East-1,False,Fast
2777,75,2026-05-19 19:44:41,398.58,204,PUT,307.373,31.42,25.33,1,No Error,Us-West-2,False,Moderate
2778,241,2026-05-06 08:12:22,411.4,204,GET,9.445,6.57,29.72,1,No Error,Us-West-2,False,Moderate
2779,150,2026-05-07 16:37:44,272.15,200,POST,2527.243,12.82,38.06,1,No Error,Eu-West-1,False,Moderate
2780,173,2026-05-17 22:51:22,163.17,204,PUT,1990.512,1.05,20.74,1,No Error,Ap-Southeast-1,False,Fast
2781,50,2026-05-13 20:46:01,270.27,200,PUT,1621.818,10.61,26.24,1,No Error,Eu-West-1,False,Moderate
2782,71,2026-05-19 04:16:07,154.0,201,PATCH,2585.385,3.0,15.72,2,No Error,Us-East-1,False,Fast
2783,97,2026-05-20 18:24:45,55.42,200,GET,6.398,34.76,47.53,1,No Error,Us-East-1,False,Fast
2784,183,2026-05-15 17:51:10,386.41,204,POST,25.015,3.86,22.14,1,No Error,Sa-East-1,False,Moderate
2785,212,2026-05-12 04:12:21,426.76,200,PUT,2952.806,6.33,37.94,1,No Error,Us-West-2,False,Moderate
2786,150,2026-05-06 13:07:40,404.82,200,GET,7.064,12.09,13.99,1,No Error,Us-East-1,False,Moderate
2787,241,2026-05-14 16:50:23,89.97,400,DELETE,5.316,4.0,19.56,1,No Error,Us-East-1,True,Fast
2788,217,2026-05-25 21:39:41,21292.77,500,POST,3116.46,96.5,95.97,1,Internal Server Error: NullPointerException in controller execution layer,Ap-Southeast-1,True,Slow
2789,36,2026-05-25 08:36:04,352.12,201,PUT,3147.423,17.91,39.19,1,No Error,Ap-Southeast-1,False,Moderate
2790,146,2026-05-25 13:48:34,289.55,200,PUT,198.733,34.68,14.33,1,No Error,Us-West-2,False,Moderate
2791,23,2026-05-10 13:12:10,378.85,200,POST,3627.089,6.49,41.77,1,No Error,Us-West-2,False,Moderate
2792,91,2026-05-24 17:09:32,86.68,429,DELETE,2.448,6.03,24.88,1,Rate Limit Exceeded: Threshold of 100 req/sec breached,Us-East-1,True,Fast
2793,209,2026-05-18 20:45:50,74.57,403,DELETE,4.453,7.53,10.33,1,Forbidden: Client lacks required read/write scopes,Sa-East-1,True,Fast
2794,233,2026-05-07 16:11:13,239.22,200,PUT,1997.444,2.58,16.58,1,No Error,Sa-East-1,False,Moderate
2795,149,2026-05-06 09:15:31,206.08,201,DELETE,12.426,15.83,32.71,1,No Error,Sa-East-1,False,Moderate
2796,247,2026-05-08 06:11:02,9.07,400,PUT,2116.963,2.72,12.37,2,Bad Request: Invalid JSON payload structure,Us-East-1,True,Fast
2797,106,2026-05-12 16:02:00,265.4,204,PATCH,3530.442,7.1,30.61,1,No Error,Ap-Southeast-1,False,Moderate
2798,64,2026-05-05 15:31:22,7880.99,500,PUT,2877.176,94.47,97.49,1,Internal Server Error: NullPointerException in controller execution layer,Eu-West-1,True,Slow
2799,193,2026-05-18 08:29:44,239.71,204,PATCH,406.388,25.9,46.06,1,No Error,Ap-Southeast-1,False,Moderate
2800,229,2026-05-09 04:52:01,444.35,200,PUT,3060.773,22.38,41.8,1,No Error,Us-West-2,False,Moderate
2801,101,2026-05-02 08:28:19,267.49,200,PATCH,1930.726,12.93,20.87,1,No Error,Us-West-2,False,Moderate
2802,5,2026-05-20 12:44:25,304.33,201,PUT,2393.001,32.06,51.93,1,No Error,Eu-West-1,False,Moderate
2803,247,2026-05-12 05:53:09,400.93,200,GET,2.074,23.92,30.58,1,No Error,Us-East-1,False,Moderate
2804,171,2026-05-08 21:37:59,137.61,200,PATCH,3302.843,7.27,38.31,1,No Error,Sa-East-1,False,Fast
2805,221,2026-05-16 09:27:11,29.12,429,PATCH,1354.448,3.04,17.3,5,Rate Limit Exceeded: Threshold of 100 req/sec breached,Us-East-1,True,Fast
2806,120,2026-05-07 23:50:12,155.8,204,PUT,645.147,8.85,23.55,1,No Error,Us-West-2,False,Fast
2807,70,2026-05-09 00:52:52,247.72,200,PATCH,1408.142,37.93,15.98,1,No Error,Sa-East-1,False,Moderate
2808,236,2026-05-06 22:05:04,17.25,429,GET,12.448,0.49,13.37,1,Rate Limit Exceeded: Threshold of 100 req/sec breached,Ap-Southeast-1,True,Fast
2809,20,2026-05-22 05:38:52,46.03,200,POST,1978.903,3.96,15.26,1,No Error,Eu-West-1,False,Fast
2810,95,2026-05-13 00:29:18,79.81,404,POST,3872.966,7.3,20.62,1,Resource Not Found: Endpoint entity collection does not exist,Eu-West-1,True,Fast
2811,191,2026-05-20 08:05:56,12402.45,504,POST,390.424,90.13,88.85,1,Gateway Timeout: Upstream microservice failed to respond within 15000ms,Sa-East-1,True,Slow
2812,29,2026-05-05 09:54:05,204.84,200,DELETE,1.699,9.29,13.41,2,No Error,Us-East-1,False,Moderate
2813,31,2026-05-01 00:42:05,9.06,400,POST,2786.624,0.48,25.3,1,Bad Request: Invalid JSON payload structure,Sa-East-1,True,Fast
2814,19,2026-05-21 04:43:21,224.15,200,POST,1782.199,19.99,19.11,1,No Error,Eu-West-1,False,Moderate
2815,124,2026-05-23 19:09:26,125.28,201,GET,1.122,6.01,17.59,1,No Error,Eu-West-1,False,Fast
2816,124,2026-05-16 07:16:33,27179.44,500,DELETE,8.796,98.31,91.11,1,Internal Server Error: NullPointerException in controller execution layer,Us-West-2,True,Slow
2817,76,2026-05-18 04:53:09,62.31,201,GET,5.861,28.14,20.16,2,No Error,Us-West-2,False,Fast
2818,113,2026-05-07 08:33:08,99999.99,400,POST,2886.488,-99.0,0.0,1,No Error,Sa-East-1,True,Slow
2819,222,2026-05-05 21:55:01,256.77,201,GET,10.331,14.74,52.07,1,No Error,Us-East-1,False,Moderate
2820,90,2026-05-22 07:34:54,316.91,200,PATCH,3617.781,17.16,16.8,1,No Error,Us-East-1,False,Moderate
2821,77,2026-05-03 01:49:02,83.46,200,POST,2456.462,38.46,51.1,1,No Error,Sa-East-1,False,Fast
2822,69,2026-05-04 16:48:01,375.61,200,DELETE,7.181,22.62,24.38,1,No Error,Ap-Southeast-1,False,Moderate
2823,244,2026-05-11 09:38:04,406.31,200,GET,11.956,11.59,33.5,1,No Error,Us-East-1,False,Moderate
2824,82,2026-05-25 21:36:24,358.17,201,PUT,1497.196,7.89,28.38,1,No Error,Eu-West-1,False,Moderate
2825,166,2026-05-15 13:26:52,92.94,404,POST,2448.213,8.61,10.87,1,Resource Not Found: Endpoint entity collection does not exist,Sa-East-1,True,Fast
2826,90,2026-05-19 09:13:18,139.69,200,DELETE,11.776,35.82,29.2,1,No Error,Us-West-2,False,Fast
2827,197,2026-05-19 02:49:40,12113.05,504,PATCH,1993.248,97.34,91.97,1,Gateway Timeout: Upstream microservice failed to respond within 15000ms,Ap-Southeast-1,True,Slow
2828,154,2026-05-13 02:19:41,233.47,204,PATCH,4081.874,13.88,20.74,1,No Error,Eu-West-1,False,Moderate
2829,111,2026-05-04 03:25:05,258.54,201,DELETE,11.911,10.04,32.88,5,No Error,Sa-East-1,False,Moderate
2830,186,2026-05-18 15:13:06,30.85,200,GET,10.541,7.26,50.55,1,No Error,Us-East-1,False,Fast
2831,167,2026-05-04 01:24:08,159.65,200,DELETE,10.46,31.47,47.69,1,No Error,Us-East-1,False,Fast
2832,187,2026-05-01 03:08:17,429.19,500,GET,5.934,20.43,48.64,1,CRITICAL_TELEMETRY_DROP_OUT,Eu-West-1,True,Moderate
2833,81,2026-05-25 20:39:46,26630.03,500,DELETE,3.03,98.31,93.12,1,Internal Server Error: NullPointerException in controller execution layer,Sa-East-1,True,Slow
2834,245,2026-05-04 12:38:24,16.54,429,DELETE,7.4,2.79,10.03,1,Rate Limit Exceeded: Threshold of 100 req/sec breached,Us-West-2,True,Fast
2835,49,2026-05-16 21:24:54,288.14,201,PATCH,1768.611,2.38,15.58,1,No Error,Eu-West-1,False,Moderate
2836,106,2026-05-13 14:09:16,109.15,204,DELETE,6.423,23.32,28.77,1,No Error,Us-East-1,False,Fast
2837,139,2026-05-19 13:37:50,162.87,200,GET,3.462,5.62,13.42,1,No Error,Us-West-2,False,Fast
2838,118,2026-05-10 08:16:41,282.09,201,POST,2560.746,17.13,36.65,1,No Error,Us-East-1,False,Moderate
2839,139,2026-05-19 17:36:26,223.47,200,PUT,1959.733,10.03,26.7,2,No Error,Eu-West-1,False,Moderate
2840,152,2026-05-09 02:56:57,20125.9,504,GET,11.246,95.13,89.66,1,Gateway Timeout: Upstream microservice failed to respond within 15000ms,Us-West-2,True,Slow
2841,220,2026-05-16 10:45:33,308.48,204,DELETE,3.463,35.62,20.01,1,No Error,Us-West-2,False,Moderate
2842,124,2026-05-08 05:00:34,136.93,200,PUT,2571.924,10.7,15.04,1,No Error,Ap-Southeast-1,False,Fast
2843,104,2026-05-19 22:28:43,14.58,200,PUT,1275.448,7.08,19.1,1,No Error,Us-West-2,False,Fast
2844,87,2026-05-01 03:08:17,78.75,200,GET,1.017,9.6,24.63,1,No Error,Ap-Southeast-1,False,Fast
2845,238,2026-05-05 15:48:28,217.73,200,PUT,2930.537,8.37,45.9,1,No Error,Sa-East-1,False,Moderate
2846,128,2026-05-16 23:34:43,225.45,200,GET,7.588,9.22,21.29,1,No Error,Sa-East-1,False,Moderate
2847,242,2026-05-05 20:43:48,102.41,200,POST,3995.411,26.71,36.71,1,No Error,Us-West-2,False,Fast
2848,71,2026-05-07 14:48:10,336.87,201,GET,3.786,3.61,38.9,1,No Error,Ap-Southeast-1,False,Moderate
2849,54,2026-05-03 05:52:49,234.4,200,DELETE,2.598,32.41,45.88,1,No Error,Us-East-1,False,Moderate
2850,137,2026-05-06 08:56:16,83.04,200,POST,195.429,9.07,51.4,1,No Error,Us-West-2,False,Fast
2851,128,2026-05-23 14:15:26,248.51,204,PUT,1681.731,7.01,27.14,1,No Error,Ap-Southeast-1,False,Moderate
2852,10,2026-05-11 18:44:43,264.5,200,GET,4.789,12.4,42.06,1,No Error,Eu-West-1,False,Moderate
2853,91,2026-05-02 05:09:59,318.58,201,PUT,111.881,11.73,24.13,2,No Error,Us-East-1,False,Moderate
2854,244,2026-05-01 15:42:21,86.31,401,PATCH,4047.888,4.68,19.71,1,Unauthorized: Signature mismatch or expired bearer token,Us-East-1,True,Fast
2855,212,2026-05-19 10:54:11,445.28,200,DELETE,5.554,9.59,51.01,1,No Error,Us-West-2,False,Moderate
2856,106,2026-05-12 03:17:28,67.12,200,PUT,996.984,12.43,39.43,1,No Error,Us-East-1,False,Fast
2857,14,2026-05-15 20:01:10,329.02,201,PUT,1087.628,0.93,12.16,1,No Error,Sa-East-1,False,Moderate
2858,100,2026-05-20 23:43:30,224.17,200,DELETE,9.279,25.95,44.64,1,No Error,Eu-West-1,False,Moderate
2859,121,2026-05-14 12:36:37,417.69,201,DELETE,11.242,29.54,12.87,1,No Error,Eu-West-1,False,Moderate
2860,46,2026-05-25 11:26:20,58.65,201,POST,651.34,22.52,44.64,2,No Error,Us-East-1,False,Fast
2861,148,2026-05-05 15:28:09,18.09,429,PATCH,477.844,1.46,28.86,1,Rate Limit Exceeded: Threshold of 100 req/sec breached,Sa-East-1,True,Fast
2862,174,2026-05-13 03:46:57,76.19,200,POST,2963.696,30.07,44.99,1,No Error,Ap-Southeast-1,False,Fast
2863,105,2026-05-10 03:30:59,190.26,204,GET,11.711,23.42,31.9,1,No Error,Us-East-1,False,Fast
2864,56,2026-05-04 05:12:56,392.04,200,PATCH,1641.474,18.26,44.51,1,No Error,Eu-West-1,False,Moderate
2865,16,2026-05-18 09:00:22,232.26,200,PUT,1563.809,23.29,20.88,1,No Error,Ap-Southeast-1,False,Moderate
2866,195,2026-05-13 12:37:46,91.97,200,PUT,1712.241,8.42,49.07,1,No Error,Ap-Southeast-1,False,Fast
2867,11,2026-05-23 00:04:25,413.7,201,PUT,2663.477,29.47,34.96,1,No Error,Us-West-2,False,Moderate
2868,191,2026-05-06 07:30:15,85.81,200,PATCH,280.361,37.2,26.39,1,No Error,Eu-West-1,False,Fast
2869,37,2026-05-09 18:56:22,186.57,200,GET,11.682,28.27,37.18,1,No Error,Eu-West-1,False,Fast
2870,196,2026-05-20 09:39:03,20.81,500,GET,3.33,8.9,25.36,1,    CRITICAL_TELEMETRY_DROP_OUT,Us-West-2,True,Fast
2871,166,2026-05-02 21:13:35,123.16,201,PUT,1701.035,13.23,12.08,1,No Error,Eu-West-1,False,Fast
2872,223,2026-05-22 23:20:41,20.04,429,DELETE,7.518,2.06,20.4,1,Rate Limit Exceeded: Threshold of 100 req/sec breached,Eu-West-1,True,Fast
2873,184,2026-05-24 00:56:18,370.42,200,DELETE,3.326,4.58,50.71,1,No Error,Eu-West-1,False,Moderate
2874,53,2026-05-25 21:48:35,44.31,200,DELETE,10.02,1.81,17.1,1,No Error,Sa-East-1,False,Fast
2875,181,2026-05-22 11:24:12,395.63,200,DELETE,6.088,15.81,40.81,1,No Error,Us-East-1,False,Moderate
2876,36,2026-05-12 14:00:47,317.44,204,PATCH,3500.682,28.35,46.62,2,No Error,Sa-East-1,False,Moderate
2877,129,2026-05-20 10:37:50,261.06,200,PUT,1012.807,25.75,23.15,1,No Error,Sa-East-1,False,Moderate
2878,26,2026-05-25 14:37:52,21.88,404,GET,4.066,6.06,21.01,1,Resource Not Found: Endpoint entity collection does not exist,Sa-East-1,True,Fast
2879,28,2026-05-04 07:06:58,282.12,204,DELETE,5.682,31.28,42.23,2,No Error,Us-West-2,False,Moderate
2880,115,2026-05-25 04:08:03,204.39,201,PUT,2465.589,26.84,35.17,1,No Error,Ap-Southeast-1,False,Moderate
2881,36,2026-05-20 09:52:47,14718.53,500,GET,11.57,99.89,89.22,12,Internal Server Error: NullPointerException in controller execution layer,Us-East-1,True,Slow
2882,245,2026-05-20 22:28:45,179.2,204,PATCH,3767.172,37.58,22.31,1,No Error,Ap-Southeast-1,False,Fast
2883,121,2026-05-08 23:41:41,6.21,403,PUT,1107.694,5.93,23.05,1,Forbidden: Client lacks required read/write scopes,Ap-Southeast-1,True,Fast
2884,234,2026-05-17 17:37:15,256.62,201,GET,1.876,22.85,33.5,1,No Error,Ap-Southeast-1,False,Moderate
2885,68,2026-05-19 13:11:10,414.98,204,PUT,3614.205,17.26,40.59,1,No Error,Us-East-1,False,Moderate
2886,213,2026-05-24 00:35:23,39.44,403,POST,124.893,10.93,22.21,2,Forbidden: Client lacks required read/write scopes,Eu-West-1,True,Fast
2887,98,2026-05-01 19:02:45,430.37,200,POST,589.284,34.91,21.91,2,No Error,Us-East-1,False,Moderate
2888,45,2026-05-14 02:34:22,584.6,200,PATCH,4057.037,42.57,70.72,1,No Error,Us-West-2,False,Slow
2889,244,2026-05-03 21:35:28,103.58,200,PATCH,2387.401,21.2,36.27,1,No Error,Us-East-1,False,Fast
2890,192,2026-05-11 18:36:09,333.93,204,POST,1617.385,4.32,12.66,1,No Error,Us-East-1,False,Moderate
2891,178,2026-05-05 07:03:00,275.04,200,POST,1288.776,17.44,39.37,1,No Error,Us-East-1,False,Moderate
2892,221,2026-05-16 08:36:33,177.54,200,PATCH,3186.587,28.08,42.63,1,No Error,Us-West-2,False,Fast
2893,114,2026-05-16 18:26:58,288.95,201,GET,8.871,12.53,19.09,2,No Error,Us-West-2,False,Moderate
2894,232,2026-05-04 12:28:04,48.01,204,PUT,52.826,9.0,20.04,5,No Error,Sa-East-1,False,Fast
2895,145,2026-05-21 16:22:57,406.09,204,PATCH,848.744,14.26,16.72,1,No Error,Ap-Southeast-1,False,Moderate
2896,213,2026-05-23 19:03:03,22.95,200,PUT,1382.087,26.51,47.23,1,No Error,Sa-East-1,False,Fast
2897,11,2026-05-24 15:37:38,57.51,400,POST,2734.45,8.88,23.8,2,Bad Request: Invalid JSON payload structure,Sa-East-1,True,Fast
2898,210,2026-05-20 04:28:55,375.0,200,PATCH,1268.683,4.97,51.95,1,No Error,Us-West-2,False,Moderate
2899,183,2026-05-09 04:16:47,388.16,201,PUT,3930.354,12.76,43.61,1,No Error,Eu-West-1,False,Moderate
2900,74,2026-05-05 05:20:46,64.1,403,PATCH,377.693,10.28,17.22,1,Forbidden: Client lacks required read/write scopes,Sa-East-1,True,Fast
2901,220,2026-05-04 16:38:10,23854.88,500,GET,9.067,91.04,89.66,1,Internal Server Error: NullPointerException in controller execution layer,Us-East-1,True,Slow
2902,124,2026-05-12 09:40:59,235.15,204,DELETE,2.368,10.43,50.45,1,No Error,Us-East-1,False,Moderate
2903,84,2026-05-09 00:42:11,114.55,204,DELETE,10.695,16.0,35.87,12,No Error,Us-West-2,False,Fast
2904,175,2026-05-12 21:49:04,192.98,201,DELETE,4.951,20.38,36.84,1,No Error,Sa-East-1,False,Fast
2905,198,2026-05-12 22:33:20,65.44,400,POST,3354.445,1.58,12.86,1,Bad Request: Invalid JSON payload structure,Sa-East-1,True,Fast
2906,48,2026-05-01 23:50:42,437.9,200,DELETE,3.406,33.23,22.44,1,No Error,Us-West-2,False,Moderate
2907,126,2026-05-02 08:01:27,268.37,200,PATCH,370.491,29.99,38.57,1,No Error,Ap-Southeast-1,False,Moderate
2908,184,2026-05-15 13:58:58,181.39,201,DELETE,8.992,29.73,26.81,5,No Error,Us-East-1,False,Fast
2909,237,2026-05-14 09:19:18,209.2,204,PATCH,546.148,7.16,28.85,1,No Error,Ap-Southeast-1,False,Moderate
2910,225,2026-05-11 06:54:50,401.84,204,DELETE,3.603,32.47,45.28,1,No Error,Sa-East-1,False,Moderate
2911,18,2026-05-25 05:42:02,427.38,204,DELETE,5.837,11.19,36.2,1,No Error,Us-West-2,False,Moderate
2912,209,2026-05-16 10:11:38,9.66,429,PATCH,710.466,11.04,21.83,1,Rate Limit Exceeded: Threshold of 100 req/sec breached,Sa-East-1,True,Fast
2913,4,2026-05-20 15:28:54,352.2,201,PATCH,1051.917,6.69,32.84,1,No Error,Ap-Southeast-1,False,Moderate
2914,180,2026-05-11 09:05:48,17.97,429,PUT,3804.227,7.62,18.14,1,Rate Limit Exceeded: Threshold of 100 req/sec breached,Sa-East-1,True,Fast
2915,214,2026-05-02 00:03:00,271.1,200,POST,3138.218,21.56,38.54,1,No Error,Sa-East-1,False,Moderate
2916,155,2026-05-21 12:22:08,200.385,400,POST,1621.165,165.4,0.0,1,No Error,Eu-West-1,True,Moderate
2917,175,2026-05-25 03:09:27,53.39,429,POST,1791.982,7.38,21.74,1,Rate Limit Exceeded: Threshold of 100 req/sec breached,Ap-Southeast-1,True,Fast
2918,190,2026-05-10 07:10:51,386.04,204,PATCH,3867.713,34.62,34.49,1,No Error,Ap-Southeast-1,False,Moderate
2919,139,2026-05-11 01:28:41,92.68,200,PUT,1342.411,24.25,25.68,1,No Error,Sa-East-1,False,Fast
2920,47,2026-05-11 10:42:22,200.385,200,GET,10.873,-99.0,29.34,5,No Error,Eu-West-1,False,Moderate
2921,108,2026-05-22 08:53:34,295.92,204,DELETE,4.086,3.05,29.49,1,No Error,Us-East-1,False,Moderate
2922,155,2026-05-03 09:06:32,175.5,200,PUT,1374.241,33.69,30.45,1,No Error,Ap-Southeast-1,False,Fast
2923,172,2026-05-13 00:24:58,429.57,200,GET,1.857,7.19,49.06,1,No Error,Ap-Southeast-1,False,Moderate
2924,169,2026-05-08 05:26:19,369.24,200,DELETE,4.344,27.48,48.86,1,No Error,Sa-East-1,False,Moderate
2925,244,2026-05-01 03:08:17,84.23,200,GET,12.405,17.34,65.9,1,No Error,Sa-East-1,False,Fast
2926,26,2026-05-14 01:53:40,290.64,200,PUT,2007.715,35.18,42.83,1,No Error,Ap-Southeast-1,False,Moderate
2927,156,2026-05-19 11:43:36,68.18,201,POST,1943.923,25.37,25.85,1,No Error,Ap-Southeast-1,False,Fast
2928,19,2026-05-09 18:09:20,297.81,201,PUT,2438.75,33.77,51.79,1,No Error,Sa-East-1,False,Moderate
2929,94,2026-05-25 01:48:00,28.93,200,PATCH,2508.364,12.92,22.36,1,No Error,Eu-West-1,False,Fast
2930,8,2026-05-10 03:02:59,295.28,200,POST,382.933,27.32,15.14,1,No Error,Sa-East-1,False,Moderate
2931,127,2026-05-21 07:08:37,84.59,200,DELETE,7.396,6.13,29.35,2,No Error,Ap-Southeast-1,False,Fast
2932,113,2026-05-06 21:25:27,83.88,200,POST,3364.377,9.55,34.71,2,No Error,Sa-East-1,False,Fast
2933,167,2026-05-20 23:42:48,27.51,401,GET,9.943,2.05,18.68,1,Unauthorized: Signature mismatch or expired bearer token,Us-East-1,True,Fast
2934,177,2026-05-07 19:51:03,21015.03,503,PATCH,1445.405,90.0,91.8,2,Service Unavailable: Downstream database connection pool timeout,Us-East-1,True,Slow
2935,237,2026-05-11 04:16:28,11.76,429,POST,3905.257,2.75,28.71,1,Rate Limit Exceeded: Threshold of 100 req/sec breached,Us-West-2,True,Fast
2936,104,2026-05-16 18:02:04,280.17,201,POST,3720.417,33.66,29.04,1,No Error,Us-East-1,False,Moderate
2937,4,2026-05-09 16:36:04,200.385,200,PUT,469.522,165.4,0.0,1,No Error,Us-East-1,False,Moderate
2938,206,2026-05-20 02:38:23,84.69,201,DELETE,0.138,29.89,46.43,1,No Error,Us-East-1,False,Fast
2939,216,2026-05-18 04:58:36,94.59,200,PUT,2030.192,31.29,18.65,1,No Error,Sa-East-1,False,Fast
2940,84,2026-05-08 10:31:32,141.36,204,PATCH,3897.8,30.89,34.07,1,No Error,Sa-East-1,False,Fast
2941,137,2026-05-14 20:15:06,79.12,429,POST,2226.06,1.82,19.22,1,Rate Limit Exceeded: Threshold of 100 req/sec breached,Us-West-2,True,Fast
2942,177,2026-05-23 01:40:47,112.2,200,GET,7.283,21.8,40.49,1,No Error,Sa-East-1,False,Fast
2943,23,2026-05-06 20:03:05,64.88,400,DELETE,0.214,0.47,20.23,1,Bad Request: Invalid JSON payload structure,Eu-West-1,True,Fast
2944,53,2026-05-18 07:44:04,130.77,200,POST,3839.159,19.37,22.81,1,No Error,Ap-Southeast-1,False,Fast
2945,208,2026-05-24 22:12:57,14.67,403,GET,1.193,5.93,12.73,1,Forbidden: Client lacks required read/write scopes,Us-East-1,True,Fast
2946,66,2026-05-13 19:04:56,377.52,201,PUT,3899.88,29.18,15.95,1,No Error,Us-East-1,False,Moderate
2947,65,2026-05-06 23:42:22,116.6,200,POST,1201.139,1.13,38.23,1,No Error,Sa-East-1,False,Fast
2948,200,2026-05-10 16:33:10,385.8,201,PATCH,1797.677,34.52,37.54,1,No Error,Sa-East-1,False,Moderate
2949,34,2026-05-08 10:40:57,235.84,201,PUT,2343.485,37.49,35.56,1,No Error,Us-East-1,False,Moderate
2950,29,2026-05-14 13:28:00,103.71,201,GET,11.681,24.26,24.46,1,No Error,Eu-West-1,False,Fast
2951,207,2026-05-06 16:03:34,399.59,200,PUT,3837.633,9.78,40.08,1,No Error,Sa-East-1,False,Moderate
2952,249,2026-05-10 21:32:33,130.88,204,POST,3746.339,26.86,48.2,1,No Error,Us-East-1,False,Fast
2953,4,2026-05-17 07:04:17,362.08,200,PUT,1795.487,32.07,49.1,1,No Error,Ap-Southeast-1,False,Moderate
2954,208,2026-05-19 06:34:50,252.98,201,PUT,1019.046,20.3,15.68,1,No Error,Us-West-2,False,Moderate
2955,210,2026-05-07 22:48:00,70.3,429,GET,8.617,7.37,28.48,2,Rate Limit Exceeded: Threshold of 100 req/sec breached,Us-East-1,True,Fast
2956,250,2026-05-03 10:22:33,124.65,200,POST,3159.054,13.95,19.18,1,No Error,Eu-West-1,False,Fast
2957,61,2026-05-11 08:10:26,14322.63,503,GET,5.003,96.7,89.23,1,Service Unavailable: Downstream database connection pool timeout,Ap-Southeast-1,True,Slow
2958,116,2026-05-21 18:32:36,239.43,204,POST,2512.109,18.89,13.24,1,No Error,Us-West-2,False,Moderate
2959,165,2026-05-12 13:42:55,366.2,201,DELETE,8.282,20.42,48.3,1,No Error,Ap-Southeast-1,False,Moderate
2960,78,2026-05-18 02:50:09,160.6,200,POST,4073.344,1.4,16.31,1,No Error,Ap-Southeast-1,False,Fast
2961,124,2026-05-18 12:21:29,19.38,404,PUT,2832.212,7.48,18.11,2,Resource Not Found: Endpoint entity collection does not exist,Sa-East-1,True,Fast
2962,111,2026-05-18 20:22:49,61.84,200,DELETE,8.445,11.41,19.52,1,No Error,Eu-West-1,False,Fast
2963,92,2026-05-09 13:15:02,72.04,401,PATCH,3672.904,3.1,22.45,1,Unauthorized: Signature mismatch or expired bearer token,Ap-Southeast-1,True,Fast
2964,105,2026-05-25 20:47:29,163.73,204,PATCH,2235.938,32.05,17.05,1,No Error,Us-East-1,False,Fast
2965,186,2026-05-19 10:28:44,291.02,204,PUT,2388.502,36.86,44.37,2,No Error,Us-East-1,False,Moderate
2966,224,2026-05-13 13:23:43,177.25,204,POST,316.152,26.44,50.23,1,No Error,Us-East-1,False,Fast
2967,190,2026-05-24 07:09:15,23915.81,504,POST,3362.578,91.28,91.43,1,Gateway Timeout: Upstream microservice failed to respond within 15000ms,Ap-Southeast-1,True,Slow
2968,224,2026-05-06 21:06:47,7.75,400,POST,1357.331,3.91,21.35,1,Bad Request: Invalid JSON payload structure,Us-East-1,True,Fast
2969,139,2026-05-07 12:37:56,432.58,201,GET,6.251,34.83,12.85,1,No Error,Eu-West-1,False,Moderate
2970,63,2026-05-11 13:39:30,349.1,200,DELETE,11.894,23.45,34.73,1,No Error,Ap-Southeast-1,False,Moderate
2971,125,2026-05-07 04:42:26,321.97,200,DELETE,8.809,23.88,49.54,1,No Error,Us-West-2,False,Moderate
2972,239,2026-05-22 08:14:04,428.8,204,DELETE,7.108,32.24,18.97,1,No Error,Sa-East-1,False,Moderate
2973,245,2026-05-23 01:37:17,211.88,201,POST,2240.615,33.13,40.04,1,No Error,Eu-West-1,False,Moderate
2974,32,2026-05-21 00:38:07,79.29,200,PUT,3682.901,3.66,18.13,1,No Error,Sa-East-1,False,Fast
2975,204,2026-05-19 23:50:38,216.35,204,DELETE,3.547,34.49,35.8,1,No Error,Us-East-1,False,Moderate
2976,88,2026-05-03 02:20:42,101.32,201,DELETE,8.684,28.35,41.06,1,No Error,Us-West-2,False,Fast
2977,220,2026-05-10 18:21:56,283.75,200,GET,9.148,16.26,20.08,1,No Error,Us-West-2,False,Moderate
2978,148,2026-05-16 05:01:52,382.29,200,GET,0.62,29.76,27.65,1,No Error,Us-East-1,False,Moderate
2979,196,2026-05-22 20:21:21,200.39,200,PUT,1071.488,16.41,46.79,1,No Error,Us-East-1,False,Moderate
2980,144,2026-05-01 03:08:17,444.77,400,GET,3.925,42.47,65.24,1,No Error,Ap-Southeast-1,True,Moderate
2981,136,2026-05-16 09:50:57,80.41,200,PATCH,1603.757,37.06,51.9,1,No Error,Us-West-2,False,Fast
2982,82,2026-05-19 07:42:40,394.32,200,DELETE,9.102,33.18,16.69,1,No Error,Sa-East-1,False,Moderate
2983,15,2026-05-02 09:45:10,317.52,201,PUT,3469.329,33.45,46.36,1,No Error,Sa-East-1,False,Moderate
2984,56,2026-05-05 15:53:06,109.21,201,PUT,634.944,27.57,51.87,1,No Error,Us-East-1,False,Fast
2985,249,2026-05-25 08:30:14,333.26,201,PUT,3014.932,36.01,21.38,1,No Error,Us-East-1,False,Moderate
2986,128,2026-05-21 18:03:06,276.48,201,POST,89.345,36.35,33.53,1,No Error,Ap-Southeast-1,False,Moderate
2987,220,2026-05-16 00:56:51,21.68,403,PUT,95.385,11.58,28.72,1,Forbidden: Client lacks required read/write scopes,Sa-East-1,True,Fast
2988,62,2026-05-23 03:07:59,239.2,200,GET,7.025,21.05,24.08,1,No Error,Us-East-1,False,Moderate
2989,92,2026-05-13 07:40:31,214.92,204,DELETE,3.936,19.73,50.71,1,No Error,Eu-West-1,False,Moderate
2990,203,2026-05-25 07:31:32,359.5,200,GET,4.051,32.61,17.3,1,No Error,Sa-East-1,False,Moderate
2991,98,2026-05-16 02:56:10,353.56,201,DELETE,8.545,11.59,17.38,2,No Error,Us-West-2,False,Moderate
2992,16,2026-05-17 07:00:17,16043.59,503,GET,7.584,94.6,92.18,2,Service Unavailable: Downstream database connection pool timeout,Us-East-1,True,Slow
2993,180,2026-05-15 06:39:01,77.79,201,POST,365.029,10.39,16.15,1,No Error,Ap-Southeast-1,False,Fast
2994,205,2026-05-11 18:37:29,65.77,200,DELETE,1.752,31.7,43.64,1,No Error,Sa-East-1,False,Fast
2995,71,2026-05-25 08:34:52,54.64,200,PATCH,1126.38,12.15,33.12,2,No Error,Ap-Southeast-1,False,Fast
2996,143,2026-05-12 04:23:45,266.14,201,DELETE,4.669,18.61,27.29,1,No Error,Sa-East-1,False,Moderate
2997,61,2026-05-14 20:54:41,363.81,200,GET,7.926,18.68,47.38,5,No Error,Us-East-1,False,Moderate
2998,48,2026-05-08 06:08:06,215.29,200,PATCH,2928.176,35.03,21.05,2,No Error,Eu-West-1,False,Moderate
2999,119,2026-05-24 12:53:25,99999.99,500,GET,6.932,17.42,0.0,1,CRITICAL_TELEMETRY_DROP_OUT,Us-West-2,True,Slow
3000,82,2026-05-15 18:46:57,84.19,201,PATCH,834.264,30.31,34.32,1,No Error,Ap-Southeast-1,False,Fast
3001,35,2026-05-01 03:08:17,485.9,200,POST,2963.942,59.04,49.71,1,No Error,Ap-Southeast-1,False,Moderate
3002,17,2026-05-23 22:16:56,374.56,200,PUT,3449.761,31.02,38.96,1,No Error,Eu-West-1,False,Moderate
3003,190,2026-05-10 11:54:38,90.76,201,DELETE,5.85,36.31,52.04,1,No Error,Ap-Southeast-1,False,Fast
3004,245,2026-05-02 23:58:28,13744.85,504,DELETE,0.15,92.02,90.95,1,Gateway Timeout: Upstream microservice failed to respond within 15000ms,Us-West-2,True,Slow
3005,39,2026-05-01 00:49:30,73.21,200,GET,8.285,5.58,36.26,2,No Error,Sa-East-1,False,Fast
3006,85,2026-05-02 09:19:22,388.12,200,GET,4.101,7.84,22.76,1,No Error,Sa-East-1,False,Moderate
3007,82,2026-05-13 16:12:44,71.12,201,POST,12.628,17.88,29.25,1,No Error,Us-East-1,False,Fast
3008,153,2026-05-10 11:24:31,316.15,201,GET,0.914,13.17,26.6,1,No Error,Sa-East-1,False,Moderate
3009,118,2026-05-20 20:02:52,215.85,200,POST,1968.718,32.78,21.71,1,No Error,Us-West-2,False,Moderate
3010,203,2026-05-23 09:57:55,268.14,200,GET,11.163,24.51,21.87,1,No Error,Sa-East-1,False,Moderate
3011,164,2026-05-16 17:15:41,219.5,204,PATCH,3951.923,13.58,28.84,1,No Error,Us-West-2,False,Moderate
3012,176,2026-05-02 14:55:20,179.24,201,PATCH,1275.367,25.27,40.43,1,No Error,Us-East-1,False,Fast
3013,74,2026-05-23 10:10:20,249.6,200,PATCH,3950.48,12.88,41.08,1,No Error,Ap-Southeast-1,False,Moderate
3014,130,2026-05-13 22:23:19,343.13,200,POST,1161.562,19.81,36.52,1,No Error,Eu-West-1,False,Moderate
3015,246,2026-05-05 05:59:44,182.53,204,GET,5.513,5.29,26.49,1,No Error,Ap-Southeast-1,False,Fast
3016,221,2026-05-23 01:53:34,67.47,200,PATCH,661.383,36.01,45.6,1,No Error,Sa-East-1,False,Fast
3017,221,2026-05-09 15:28:03,64.84,403,GET,7.372,8.38,12.41,1,Forbidden: Client lacks required read/write scopes,Sa-East-1,True,Fast
3018,73,2026-05-24 04:37:58,200.385,500,GET,8.97,165.4,0.0,1,CRITICAL_TELEMETRY_DROP_OUT,Ap-Southeast-1,True,Moderate
3019,132,2026-05-18 15:52:14,115.87,204,PUT,73.414,36.33,20.38,1,No Error,Us-West-2,False,Fast
3020,44,2026-05-08 15:52:32,333.03,200,DELETE,6.193,28.11,48.92,1,No Error,Sa-East-1,False,Moderate
3021,167,2026-05-07 00:33:33,77.5,200,GET,8.629,25.22,44.83,5,No Error,Us-East-1,False,Fast
3022,27,2026-05-09 03:37:33,269.25,201,DELETE,6.887,17.52,29.55,1,No Error,Us-East-1,False,Moderate
3023,32,2026-05-09 10:12:45,442.86,200,GET,9.247,5.63,41.36,1,No Error,Us-West-2,False,Moderate
3024,90,2026-05-06 11:59:48,6096.69,500,PATCH,1001.668,98.17,92.91,1,Internal Server Error: NullPointerException in controller execution layer,Ap-Southeast-1,True,Slow
3025,35,2026-05-14 23:37:27,130.58,204,POST,168.096,32.44,31.28,1,No Error,Sa-East-1,False,Fast
3026,189,2026-05-05 10:51:57,431.52,200,PUT,2476.021,3.57,31.3,1,No Error,Sa-East-1,False,Moderate
3027,236,2026-05-21 14:09:48,-1.0,400,POST,2764.441,17.42,0.0,1,No Error,Eu-West-1,True,Fast
3028,141,2026-05-05 20:45:54,44.35,400,PATCH,1468.261,2.72,26.24,1,Bad Request: Invalid JSON payload structure,Us-East-1,True,Fast
3029,105,2026-05-15 05:28:58,445.51,200,PATCH,260.133,25.21,18.75,1,No Error,Us-East-1,False,Moderate
3030,5,2026-05-17 00:04:39,157.06,200,POST,474.09,22.69,13.42,1,No Error,Us-West-2,False,Fast
3031,179,2026-05-03 09:05:50,143.31,201,POST,2536.051,23.12,45.44,1,No Error,Eu-West-1,False,Fast
3032,134,2026-05-03 07:53:16,66.01,400,POST,3780.717,7.76,10.86,1,Bad Request: Invalid JSON payload structure,Us-East-1,True,Fast
3033,160,2026-05-24 09:45:27,37.8,204,PUT,179.336,5.47,37.18,1,No Error,Us-West-2,False,Fast
3034,144,2026-05-20 22:16:59,54.93,403,GET,7.878,9.76,21.39,1,Forbidden: Client lacks required read/write scopes,Us-West-2,True,Fast
3035,171,2026-05-22 18:00:22,366.12,204,POST,1391.528,32.97,15.27,1,No Error,Eu-West-1,False,Moderate
3036,116,2026-05-13 18:01:03,179.37,500,GET,6.662,21.09,70.6,1,CRITICAL_TELEMETRY_DROP_OUT,Us-East-1,True,Fast
3037,235,2026-05-18 20:20:57,35.0,403,DELETE,2.918,5.11,25.1,1,Forbidden: Client lacks required read/write scopes,Sa-East-1,True,Fast
3038,160,2026-05-16 07:45:32,433.35,200,PUT,1215.991,19.97,49.67,2,No Error,Us-East-1,False,Moderate
3039,30,2026-05-07 07:08:21,81.01,403,POST,2900.809,3.97,21.3,2,Forbidden: Client lacks required read/write scopes,Sa-East-1,True,Fast
3040,219,2026-05-04 16:35:44,99.72,204,GET,2.33,28.1,19.8,1,No Error,Us-East-1,False,Fast
3041,18,2026-05-23 13:01:02,346.1,204,PATCH,371.371,32.07,26.79,1,No Error,Sa-East-1,False,Moderate
3042,161,2026-05-21 14:59:13,351.07,200,PUT,1945.927,21.54,14.54,1,No Error,Us-West-2,False,Moderate
3043,54,2026-05-16 01:57:10,32.94,201,DELETE,4.466,1.19,31.95,1,No Error,Ap-Southeast-1,False,Fast
3044,127,2026-05-24 09:19:26,68.11,200,PATCH,331.616,3.68,22.15,1,No Error,Eu-West-1,False,Fast
3045,223,2026-05-17 09:17:38,235.04,200,PUT,821.081,31.9,23.2,2,No Error,Sa-East-1,False,Moderate
3046,99,2026-05-14 16:05:28,144.23,200,PATCH,1678.816,33.74,21.93,1,No Error,Us-West-2,False,Fast
3047,73,2026-05-21 10:12:47,114.19,200,GET,7.14,21.26,49.94,5,No Error,Sa-East-1,False,Fast
3048,69,2026-05-21 18:52:34,346.43,204,PUT,3401.363,23.75,23.72,2,No Error,Sa-East-1,False,Moderate
3049,53,2026-05-18 06:20:03,26.76,201,DELETE,3.49,24.88,41.87,1,No Error,Us-East-1,False,Fast
3050,205,2026-05-23 20:22:14,187.9,204,DELETE,7.114,22.15,35.31,2,No Error,Eu-West-1,False,Fast
3051,184,2026-05-17 07:37:23,26856.0,504,PUT,2893.924,94.06,90.03,2,Gateway Timeout: Upstream microservice failed to respond within 15000ms,Eu-West-1,True,Slow
3052,85,2026-05-17 23:27:43,321.59,204,GET,10.15,29.17,38.68,5,No Error,Ap-Southeast-1,False,Moderate
3053,246,2026-05-13 17:48:31,359.36,200,DELETE,5.399,4.22,48.34,2,No Error,Us-West-2,False,Moderate
3054,4,2026-05-17 23:32:41,231.08,201,GET,3.615,29.8,43.3,1,No Error,Eu-West-1,False,Moderate
3055,73,2026-05-05 11:06:19,208.02,200,GET,4.023,19.07,50.13,1,No Error,Ap-Southeast-1,False,Moderate
3056,154,2026-05-08 08:40:52,379.13,200,GET,3.968,27.62,38.09,1,No Error,Sa-East-1,False,Moderate
3057,110,2026-05-05 08:28:29,275.05,200,DELETE,8.044,25.44,42.47,1,No Error,Sa-East-1,False,Moderate
3058,117,2026-05-06 16:05:52,283.12,200,PATCH,3959.324,4.21,13.79,1,No Error,Sa-East-1,False,Moderate
3059,236,2026-05-23 14:47:29,69.09,200,POST,1809.658,27.88,38.51,1,No Error,Eu-West-1,False,Fast
3060,25,2026-05-03 17:56:56,378.52,200,GET,11.826,7.35,52.16,1,No Error,Ap-Southeast-1,False,Moderate
3061,159,2026-05-02 05:56:52,230.07,201,PUT,1814.206,10.54,18.36,1,No Error,Ap-Southeast-1,False,Moderate
3062,101,2026-05-14 13:59:19,279.16,400,PUT,3908.595,29.42,53.76,1,No Error,Eu-West-1,True,Moderate
3063,160,2026-05-19 13:33:00,309.42,200,PATCH,2977.326,16.0,39.91,1,No Error,Us-East-1,False,Moderate
3064,120,2026-05-17 15:44:54,240.07,204,DELETE,1.293,37.87,49.89,5,No Error,Ap-Southeast-1,False,Moderate
3065,240,2026-05-18 07:20:29,425.2,204,POST,1725.005,31.71,43.61,1,No Error,Us-West-2,False,Moderate
3066,191,2026-05-24 06:58:58,200.385,500,PATCH,1357.786,17.42,0.0,1,CRITICAL_TELEMETRY_DROP_OUT,Sa-East-1,True,Moderate
3067,70,2026-05-01 06:20:59,352.63,200,PUT,2807.684,7.17,31.23,1,No Error,Sa-East-1,False,Moderate
3068,102,2026-05-10 16:58:16,93.35,200,GET,10.751,20.91,21.59,1,No Error,Us-East-1,False,Fast
3069,190,2026-05-05 08:28:09,227.16,200,GET,8.911,6.91,45.63,1,No Error,Us-East-1,False,Moderate
3070,81,2026-05-21 12:21:23,440.66,200,GET,8.323,23.3,31.2,1,No Error,Ap-Southeast-1,False,Moderate
3071,247,2026-05-15 11:51:43,109.25,201,DELETE,1.801,20.46,21.98,2,No Error,Sa-East-1,False,Fast
3072,7,2026-05-08 07:47:42,349.09,200,PATCH,1089.733,23.41,30.36,1,No Error,Us-West-2,False,Moderate
3073,144,2026-05-04 03:22:28,29515.23,504,POST,610.897,95.64,89.45,1,Gateway Timeout: Upstream microservice failed to respond within 15000ms,Eu-West-1,True,Slow
3074,128,2026-05-09 23:23:25,289.33,204,DELETE,2.348,1.82,34.61,1,No Error,Ap-Southeast-1,False,Moderate
3075,104,2026-05-04 00:55:53,13.16,201,GET,6.546,28.2,20.3,1,No Error,Sa-East-1,False,Fast
3076,209,2026-05-15 10:48:14,239.78,200,PATCH,2245.969,27.64,21.86,1,No Error,Us-West-2,False,Moderate
3077,40,2026-05-21 04:45:58,418.07,201,PATCH,6.279,35.98,37.39,1,No Error,Us-West-2,False,Moderate
3078,54,2026-05-13 01:35:00,201.36,200,GET,4.918,9.89,46.89,1,No Error,Ap-Southeast-1,False,Moderate
3079,62,2026-05-07 19:11:41,398.23,200,PATCH,1119.416,27.76,33.38,1,No Error,Ap-Southeast-1,False,Moderate
3080,133,2026-05-01 16:56:03,43.54,200,GET,11.044,31.32,18.76,1,No Error,Us-East-1,False,Fast
3081,200,2026-05-17 20:50:48,72.93,404,POST,2165.141,2.97,22.41,1,Resource Not Found: Endpoint entity collection does not exist,Us-West-2,True,Fast
3082,105,2026-05-24 20:55:32,319.05,201,DELETE,3.709,38.4,49.66,1,No Error,Us-West-2,False,Moderate
3083,240,2026-09-05 19:27:51,94.5,200,POST,2961.88,28.74,70.0,1,No Error,Us-East-1,False,Fast
3084,130,2026-05-15 09:07:29,90.63,500,POST,890.38,7.01,17.92,1,    CRITICAL_TELEMETRY_DROP_OUT,Eu-West-1,True,Fast
3085,204,2026-05-11 09:14:54,60.05,401,GET,5.254,7.95,22.68,1,Unauthorized: Signature mismatch or expired bearer token,Ap-Southeast-1,True,Fast
3086,190,2026-05-07 00:26:10,365.09,201,POST,188.681,31.49,44.23,1,No Error,Ap-Southeast-1,False,Moderate
3087,160,2026-05-24 22:39:43,121.32,200,PUT,1690.444,61.47,48.38,1,No Error,Sa-East-1,False,Fast
3088,147,2026-05-07 10:03:05,359.24,200,POST,345.801,14.21,25.7,1,No Error,Sa-East-1,False,Moderate
3089,85,2026-05-19 22:37:32,315.4,200,DELETE,1.656,28.27,20.23,2,No Error,Sa-East-1,False,Moderate
3090,177,2026-05-12 18:04:18,84.58,404,POST,2844.793,11.96,24.67,2,Resource Not Found: Endpoint entity collection does not exist,Sa-East-1,True,Fast
3091,209,2026-05-17 01:04:45,338.39,201,POST,2078.844,38.1,42.8,1,No Error,Us-West-2,False,Moderate
3092,57,2026-05-25 09:44:43,384.27,204,GET,0.404,8.25,35.63,1,No Error,Sa-East-1,False,Moderate
3093,68,2026-07-05 06:41:22,306.36,400,PATCH,1155.765,49.48,44.18,1,No Error,Ap-Southeast-1,True,Moderate
3094,145,2026-05-21 06:54:10,58.9,429,PATCH,16.611,11.02,15.81,1,Rate Limit Exceeded: Threshold of 100 req/sec breached,Eu-West-1,True,Fast
3095,221,2026-05-03 12:13:21,9657.55,500,POST,3543.957,90.89,94.48,1,Internal Server Error: NullPointerException in controller execution layer,Ap-Southeast-1,True,Slow
3096,112,2026-05-07 07:00:54,29.91,429,DELETE,10.304,9.18,24.67,1,Rate Limit Exceeded: Threshold of 100 req/sec breached,Us-East-1,True,Fast
3097,4,2026-05-20 02:50:03,274.1,204,PUT,2169.134,6.16,28.21,2,No Error,Us-West-2,False,Moderate
3098,172,2026-05-02 20:44:21,48.58,201,POST,3694.147,20.82,41.59,1,No Error,Us-West-2,False,Fast
3099,244,2026-05-16 22:55:26,150.12,200,GET,1.117,37.56,20.91,1,No Error,Us-West-2,False,Fast
3100,34,2026-05-17 02:18:29,124.77,200,PATCH,3631.082,22.1,32.31,1,No Error,Us-West-2,False,Fast
3101,221,2026-05-04 14:10:19,361.18,204,DELETE,0.946,34.0,45.41,1,No Error,Sa-East-1,False,Moderate
3102,107,2026-05-06 14:57:00,323.96,201,POST,2233.476,11.1,47.26,2,No Error,Us-East-1,False,Moderate
3103,144,2026-05-10 01:50:37,384.87,204,POST,3771.6,6.21,47.82,2,No Error,Us-East-1,False,Moderate
3104,27,2026-05-23 11:46:19,326.4,200,GET,6.418,5.1,36.27,1,No Error,Eu-West-1,False,Moderate
3105,101,2026-05-07 08:46:31,160.68,200,POST,1413.621,13.47,44.77,1,No Error,Us-East-1,False,Fast
3106,32,2026-05-20 05:58:43,339.76,200,GET,7.645,25.1,35.69,1,No Error,Eu-West-1,False,Moderate
3107,142,2026-05-22 10:22:21,119.76,201,GET,1.342,19.19,22.34,1,No Error,Us-West-2,False,Fast
3108,65,2026-05-19 05:18:13,85.69,500,PATCH,2247.567,3.81,15.43,1,    CRITICAL_TELEMETRY_DROP_OUT,Sa-East-1,True,Fast
3109,128,2026-05-10 13:59:14,49.88,403,POST,3348.612,8.71,12.39,1,Forbidden: Client lacks required read/write scopes,Ap-Southeast-1,True,Fast
3110,17,2026-05-01 03:08:17,166.87,500,POST,2955.196,50.6,69.48,1,CRITICAL_TELEMETRY_DROP_OUT,Us-West-2,True,Fast
3111,69,2026-05-22 17:00:04,310.49,200,PUT,291.299,4.52,29.6,1,No Error,Sa-East-1,False,Moderate
3112,145,2026-05-24 16:36:56,328.2,201,GET,10.432,18.88,46.6,1,No Error,Us-East-1,False,Moderate
3113,11,2026-05-09 13:38:58,307.62,204,POST,3554.327,2.55,36.17,1,No Error,Us-East-1,False,Moderate
3114,157,2026-05-01 03:08:17,439.5,500,GET,9.316,33.66,64.11,1,CRITICAL_TELEMETRY_DROP_OUT,Us-East-1,True,Moderate
3115,243,2026-05-17 13:51:51,28.47,500,POST,505.035,11.32,14.95,1,    CRITICAL_TELEMETRY_DROP_OUT,Sa-East-1,True,Fast
3116,219,2026-05-10 10:42:31,177.4,200,PATCH,2591.488,28.07,44.71,1,No Error,Us-West-2,False,Fast
3117,19,2026-05-24 23:38:25,154.39,201,GET,9.338,19.52,29.98,1,No Error,Us-East-1,False,Fast
3118,185,2026-05-24 05:01:57,273.25,200,PATCH,1206.582,33.06,32.64,1,No Error,Eu-West-1,False,Moderate
3119,244,2026-05-20 10:06:39,294.41,200,POST,1383.555,12.02,24.71,1,No Error,Ap-Southeast-1,False,Moderate
3120,82,2026-05-21 18:46:24,335.22,200,POST,782.141,11.59,24.66,1,No Error,Us-East-1,False,Moderate
3121,122,2026-05-15 17:27:23,291.44,204,POST,775.678,29.88,21.98,1,No Error,Us-West-2,False,Moderate
3122,80,2026-05-03 02:37:17,106.33,200,PATCH,827.716,9.05,26.37,1,No Error,Ap-Southeast-1,False,Fast
3123,178,2026-05-15 06:39:24,355.3,200,POST,1078.54,25.72,26.74,1,No Error,Us-West-2,False,Moderate
3124,61,2026-05-17 12:23:09,42.96,204,PATCH,3988.623,33.09,40.77,1,No Error,Sa-East-1,False,Fast
3125,59,2026-05-05 15:39:24,71.19,200,PATCH,2647.402,13.6,41.56,1,No Error,Eu-West-1,False,Fast
3126,213,2026-05-11 05:04:47,373.74,201,GET,5.45,6.15,31.56,1,No Error,Ap-Southeast-1,False,Moderate
3127,211,2026-05-08 00:21:38,264.43,200,POST,2208.975,3.22,24.73,1,No Error,Ap-Southeast-1,False,Moderate
3128,128,2026-05-14 16:52:46,448.88,200,DELETE,4.125,33.52,16.8,2,No Error,Sa-East-1,False,Moderate
3129,181,2026-05-07 05:36:52,450.04,204,PATCH,1450.567,14.43,32.93,1,No Error,Ap-Southeast-1,False,Moderate
3130,22,2026-05-25 00:35:07,82.04,403,PUT,3690.524,11.2,24.35,1,Forbidden: Client lacks required read/write scopes,Ap-Southeast-1,True,Fast
3131,138,2026-05-25 14:47:48,99999.99,200,PUT,1397.482,17.42,0.0,1,No Error,Us-East-1,False,Slow
3132,227,2026-05-13 21:57:23,252.75,201,DELETE,11.739,1.06,24.22,1,No Error,Us-East-1,False,Moderate
3133,99,2026-05-01 10:00:38,132.81,204,DELETE,11.912,12.63,37.7,1,No Error,Eu-West-1,False,Fast
3134,194,2026-05-02 14:32:19,52.76,401,POST,1304.57,0.86,28.06,1,Unauthorized: Signature mismatch or expired bearer token,Us-East-1,True,Fast
3135,220,2026-05-03 03:38:07,93.42,401,PUT,2634.257,6.75,21.79,1,Unauthorized: Signature mismatch or expired bearer token,Us-West-2,True,Fast
3136,233,2026-05-09 12:42:05,12.29,404,PATCH,1727.986,7.95,18.02,12,Resource Not Found: Endpoint entity collection does not exist,Eu-West-1,True,Fast
3137,1,2026-05-07 11:15:56,200.385,400,PUT,4067.232,-99.0,-1.0,1,No Error,Us-East-1,True,Moderate
3138,162,2026-05-09 16:04:14,13058.24,503,GET,7.673,97.73,92.25,1,Service Unavailable: Downstream database connection pool timeout,Us-West-2,True,Slow
3139,156,2026-05-24 11:10:13,266.1,201,POST,2215.963,36.9,49.52,1,No Error,Sa-East-1,False,Moderate
3140,233,2026-05-12 13:53:44,352.26,204,GET,12.111,34.52,18.86,2,No Error,Eu-West-1,False,Moderate
3141,130,2026-05-08 12:10:38,383.06,201,POST,1467.607,35.21,34.68,1,No Error,Ap-Southeast-1,False,Moderate
3142,233,2026-05-15 02:24:46,172.96,204,PATCH,1053.209,5.99,42.83,1,No Error,Eu-West-1,False,Fast
3143,224,2026-05-24 07:17:07,257.55,201,GET,9.205,28.56,48.17,1,No Error,Us-West-2,False,Moderate
3144,217,2026-05-19 03:52:31,331.78,200,GET,6.049,25.68,44.3,1,No Error,Us-East-1,False,Moderate
3145,52,2026-05-25 14:25:08,170.88,200,DELETE,7.909,4.26,25.09,1,No Error,Us-East-1,False,Fast
3146,94,2026-05-24 09:23:41,440.05,200,POST,3022.263,0.96,28.19,1,No Error,Eu-West-1,False,Moderate
3147,90,2026-05-16 07:16:47,90.82,200,POST,3244.147,26.56,28.25,1,No Error,Us-West-2,False,Fast
3148,138,2026-05-20 12:40:32,19404.04,503,PATCH,3246.779,98.72,93.93,1,Service Unavailable: Downstream database connection pool timeout,Sa-East-1,True,Slow
3149,223,2026-05-09 03:11:52,230.86,201,POST,2603.348,13.04,40.52,1,No Error,Us-West-2,False,Moderate
3150,23,2026-05-05 16:02:46,23805.12,503,GET,1.394,97.46,89.99,1,Service Unavailable: Downstream database connection pool timeout,Us-West-2,True,Slow
3151,79,2026-05-21 12:24:50,67.34,200,GET,4.552,1.51,52.11,5,No Error,Ap-Southeast-1,False,Fast
3152,219,2026-05-25 16:17:56,62.19,401,GET,2.95,7.68,24.52,1,Unauthorized: Signature mismatch or expired bearer token,Us-West-2,True,Fast
3153,187,2026-05-15 03:12:27,72.12,200,GET,11.257,15.95,33.54,1,No Error,Sa-East-1,False,Fast
3154,13,2026-05-02 01:42:21,264.36,200,PATCH,4034.407,26.37,31.54,1,No Error,Sa-East-1,False,Moderate
3155,90,2026-05-16 08:32:53,18.1,400,PUT,3485.425,3.46,21.19,1,Bad Request: Invalid JSON payload structure,Us-East-1,True,Fast
3156,86,2026-05-20 16:02:38,334.69,200,GET,9.309,24.12,50.58,1,No Error,Ap-Southeast-1,False,Moderate
3157,115,2026-05-19 02:39:17,294.11,200,PUT,1998.326,11.6,38.19,1,No Error,Sa-East-1,False,Moderate
3158,97,2026-05-21 22:20:56,239.69,200,PATCH,98.743,9.31,19.53,2,No Error,Eu-West-1,False,Moderate
3159,215,2026-05-15 00:27:18,99999.99,500,PATCH,2908.558,-99.0,29.34,1,CRITICAL_TELEMETRY_DROP_OUT,Ap-Southeast-1,True,Slow
3160,96,2026-05-01 03:08:17,422.95,200,PATCH,4069.396,40.84,57.5,1,No Error,Sa-East-1,False,Moderate
3161,118,2026-05-23 13:26:58,323.85,200,PUT,4095.139,4.23,42.22,1,No Error,Ap-Southeast-1,False,Moderate
3162,74,2026-05-03 20:04:20,31.2,201,GET,2.128,9.03,44.49,2,No Error,Us-West-2,False,Fast
3163,135,2026-05-23 04:05:31,200.385,500,PUT,394.613,165.4,0.0,1,CRITICAL_TELEMETRY_DROP_OUT,Ap-Southeast-1,True,Moderate
3164,50,2026-05-22 17:29:43,13681.62,500,PUT,3861.06,94.52,92.22,5,Internal Server Error: NullPointerException in controller execution layer,Us-East-1,True,Slow
3165,139,2026-05-19 01:49:46,387.41,201,PUT,3111.535,5.42,21.65,1,No Error,Eu-West-1,False,Moderate
3166,119,2026-05-07 01:54:49,198.01,204,POST,1445.221,21.39,15.56,1,No Error,Sa-East-1,False,Fast
3167,64,2026-05-03 09:34:11,79.82,404,DELETE,0.785,9.67,12.92,2,Resource Not Found: Endpoint entity collection does not exist,Us-West-2,True,Fast
3168,222,2026-05-07 20:58:09,438.62,201,GET,11.52,13.01,15.63,1,No Error,Us-East-1,False,Moderate
3169,169,2026-05-20 02:09:25,122.19,200,PATCH,3243.612,10.84,32.72,1,No Error,Sa-East-1,False,Fast
3170,67,2026-05-19 03:07:27,89.3,200,GET,1.487,22.19,52.0,2,No Error,Eu-West-1,False,Fast
3171,185,2026-05-09 16:17:26,82.06,201,PUT,179.832,29.91,31.17,1,No Error,Us-West-2,False,Fast
3172,84,2026-05-10 06:41:33,62.53,404,PATCH,2421.026,2.99,27.53,1,Resource Not Found: Endpoint entity collection does not exist,Us-West-2,True,Fast
3173,181,2026-05-23 07:40:51,185.37,204,POST,2323.928,3.95,40.55,1,No Error,Ap-Southeast-1,False,Fast
3174,21,2026-05-13 07:04:01,22.58,400,PUT,2465.502,5.78,27.33,1,Bad Request: Invalid JSON payload structure,Sa-East-1,True,Fast
3175,176,2026-05-13 13:16:36,250.44,201,PATCH,3904.05,21.89,25.2,1,No Error,Eu-West-1,False,Moderate
3176,59,2026-05-20 08:38:11,32.1,200,POST,2737.028,20.88,29.6,1,No Error,Us-West-2,False,Fast
3177,167,2026-05-01 18:05:32,194.26,200,DELETE,3.294,34.02,27.63,1,No Error,Us-West-2,False,Fast
3178,242,2026-05-12 17:12:18,135.61,204,DELETE,1.187,7.7,49.03,1,No Error,Eu-West-1,False,Fast
3179,228,2026-05-03 20:47:42,12.48,400,PUT,3100.075,5.87,29.91,1,Bad Request: Invalid JSON payload structure,Us-West-2,True,Fast
3180,180,2026-05-17 18:39:22,36.97,429,DELETE,2.096,0.61,28.96,1,Rate Limit Exceeded: Threshold of 100 req/sec breached,Us-West-2,True,Fast
3181,16,2026-05-23 14:49:30,130.07,201,PUT,2799.077,31.44,15.61,1,No Error,Ap-Southeast-1,False,Fast
3182,137,2026-05-06 03:08:16,112.21,204,PUT,3657.474,38.0,19.21,1,No Error,Us-West-2,False,Fast
3183,228,2026-05-14 18:00:13,443.49,200,PATCH,2197.486,17.57,24.87,1,No Error,Eu-West-1,False,Moderate
3184,225,2026-05-13 05:04:43,445.23,201,GET,1.908,7.08,26.87,5,No Error,Ap-Southeast-1,False,Moderate
3185,98,2026-05-18 23:55:57,184.37,200,PATCH,1751.642,23.29,21.48,1,No Error,Sa-East-1,False,Fast
3186,248,2026-05-04 16:05:25,325.54,201,POST,1431.943,33.18,21.7,1,No Error,Ap-Southeast-1,False,Moderate
3187,134,2026-05-02 03:54:30,185.11,204,PATCH,2987.864,34.3,32.07,1,No Error,Ap-Southeast-1,False,Fast
3188,57,2026-05-02 17:07:30,204.23,200,PATCH,3938.959,23.0,28.55,1,No Error,Sa-East-1,False,Moderate
3189,220,2026-05-02 21:23:30,435.78,200,PATCH,518.728,1.52,24.4,1,No Error,Sa-East-1,False,Moderate
3190,114,2026-05-16 20:01:37,74.14,404,GET,10.348,1.11,23.38,1,Resource Not Found: Endpoint entity collection does not exist,Sa-East-1,True,Fast
3191,226,2026-05-14 02:16:01,91.06,429,PATCH,478.621,0.86,29.83,1,Rate Limit Exceeded: Threshold of 100 req/sec breached,Ap-Southeast-1,True,Fast
3192,186,2026-05-19 12:12:30,426.56,200,GET,1.373,4.53,18.32,1,No Error,Us-East-1,False,Moderate
3193,240,2026-05-17 11:08:35,291.9,200,GET,2.371,3.45,49.27,1,No Error,Us-East-1,False,Moderate
3194,157,2026-05-24 17:37:34,215.93,200,GET,8.558,29.15,17.52,1,No Error,Sa-East-1,False,Moderate
3195,141,2026-05-22 14:48:52,67.73,401,PATCH,1461.867,4.88,20.68,1,Unauthorized: Signature mismatch or expired bearer token,Sa-East-1,True,Fast
3196,246,2026-05-05 07:03:11,279.77,200,PATCH,2773.6,9.71,22.13,1,No Error,Eu-West-1,False,Moderate
3197,11,2026-05-15 09:21:17,6199.06,500,PUT,1467.225,99.12,98.29,1,Internal Server Error: NullPointerException in controller execution layer,Us-West-2,True,Slow
3198,24,2026-05-18 12:56:48,43.81,201,POST,2055.256,29.68,13.42,1,No Error,Eu-West-1,False,Fast
3199,62,2026-05-14 16:43:16,441.09,204,PUT,1811.098,35.27,50.24,1,No Error,Us-East-1,False,Moderate
3200,51,2026-05-23 14:25:15,60.03,201,DELETE,11.021,16.67,13.47,1,No Error,Sa-East-1,False,Fast
3201,118,2026-05-22 18:29:54,99999.99,400,DELETE,7.545,-99.0,-1.0,1,No Error,Us-East-1,True,Slow
3202,71,2026-05-17 14:10:36,103.01,201,PATCH,2487.101,5.85,45.3,1,No Error,Ap-Southeast-1,False,Fast
3203,224,2026-05-20 16:11:32,96.34,200,PATCH,343.255,2.64,51.69,5,No Error,Ap-Southeast-1,False,Fast
3204,6,2026-05-01 03:08:17,455.19,200,PATCH,3215.991,34.21,49.52,1,No Error,Us-West-2,False,Moderate
3205,16,2026-05-23 21:39:39,342.59,204,PUT,501.343,28.86,47.58,1,No Error,Ap-Southeast-1,False,Moderate
3206,157,2026-05-01 12:15:12,115.57,201,PUT,1611.81,21.65,51.73,1,No Error,Us-West-2,False,Fast
3207,78,2026-05-08 12:08:30,102.68,201,POST,1529.038,33.5,18.24,1,No Error,Ap-Southeast-1,False,Fast
3208,122,2026-05-08 06:14:46,57.04,403,DELETE,7.09,0.53,17.21,1,Forbidden: Client lacks required read/write scopes,Sa-East-1,True,Fast
3209,69,2026-05-06 13:59:35,200.385,200,PUT,3473.277,165.4,-1.0,1,No Error,Us-East-1,False,Moderate
3210,10,2026-05-25 06:26:40,-1.0,500,POST,514.15,-99.0,29.34,1,CRITICAL_TELEMETRY_DROP_OUT,Sa-East-1,True,Fast
3211,124,2026-05-14 23:30:47,282.89,201,PUT,1978.339,19.25,33.37,1,No Error,Eu-West-1,False,Moderate
3212,140,2026-05-11 11:43:03,215.68,200,PATCH,2122.06,25.62,19.92,2,No Error,Us-East-1,False,Moderate
3213,103,2026-05-04 13:49:38,421.54,200,PATCH,3430.509,21.4,35.4,1,No Error,Us-East-1,False,Moderate
3214,237,2026-05-21 15:00:57,137.93,200,POST,3661.601,14.06,50.36,1,No Error,Us-East-1,False,Fast
3215,199,2026-05-20 17:14:30,164.84,204,DELETE,12.074,26.75,30.27,1,No Error,Us-West-2,False,Fast
3216,157,2026-05-15 23:03:49,407.15,204,PATCH,3957.61,18.45,29.79,1,No Error,Us-East-1,False,Moderate
3217,45,2026-05-12 09:13:52,32.76,400,POST,1536.721,10.37,14.7,1,Bad Request: Invalid JSON payload structure,Us-East-1,True,Fast
3218,237,2026-05-12 16:13:29,72.23,403,PATCH,3207.556,6.84,17.19,1,Forbidden: Client lacks required read/write scopes,Ap-Southeast-1,True,Fast
3219,58,2026-05-12 10:35:04,281.81,200,POST,3297.335,10.86,28.87,1,No Error,Ap-Southeast-1,False,Moderate
3220,98,2026-05-07 20:19:33,363.23,201,GET,5.39,23.57,18.6,1,No Error,Sa-East-1,False,Moderate
3221,33,2026-05-12 14:37:47,322.42,201,PUT,1414.739,37.71,25.02,1,No Error,Eu-West-1,False,Moderate
3222,120,2026-05-12 03:07:09,307.14,200,DELETE,4.714,26.81,48.1,2,No Error,Us-West-2,False,Moderate
3223,207,2026-05-10 12:43:24,122.84,201,PUT,1203.414,34.2,16.96,2,No Error,Eu-West-1,False,Fast
3224,193,2026-05-05 13:35:41,190.24,200,GET,3.253,5.82,38.72,1,No Error,Us-West-2,False,Fast
3225,68,2026-05-10 20:08:10,108.73,204,PUT,977.193,22.23,19.29,1,No Error,Us-East-1,False,Fast
3226,185,2026-05-12 21:37:50,421.4,201,GET,12.202,35.94,51.28,1,No Error,Eu-West-1,False,Moderate
3227,217,2026-05-02 10:50:21,421.51,201,DELETE,3.959,34.26,30.43,1,No Error,Sa-East-1,False,Moderate
3228,111,2026-05-10 02:41:19,23555.79,500,GET,1.13,97.55,98.55,1,Internal Server Error: NullPointerException in controller execution layer,Us-East-1,True,Slow
3229,242,2026-05-21 14:45:31,11.15,401,POST,1606.485,5.25,9.68,2,Unauthorized: Signature mismatch or expired bearer token,Us-East-1,True,Fast
3230,51,2026-05-25 13:30:41,149.83,200,POST,1348.884,16.8,17.16,5,No Error,Sa-East-1,False,Fast
3231,88,2026-05-22 17:07:44,104.49,204,GET,5.404,9.79,49.27,1,No Error,Us-East-1,False,Fast
3232,114,2026-05-07 18:59:31,333.17,201,DELETE,12.405,15.62,20.29,1,No Error,Sa-East-1,False,Moderate
3233,32,2026-05-05 19:17:43,79.62,403,DELETE,11.69,6.26,15.14,1,Forbidden: Client lacks required read/write scopes,Ap-Southeast-1,True,Fast
3234,16,2026-05-05 22:28:52,352.57,200,PUT,94.899,3.34,24.5,1,No Error,Ap-Southeast-1,False,Moderate
3235,53,2026-05-22 13:13:24,200.385,200,POST,3362.698,165.4,-1.0,1,No Error,Us-West-2,False,Moderate
3236,90,2026-05-12 16:10:32,89.31,404,GET,1.791,9.03,10.34,1,Resource Not Found: Endpoint entity collection does not exist,Ap-Southeast-1,True,Fast
3237,88,2026-05-15 21:13:51,73.59,204,POST,3953.539,4.06,35.15,1,No Error,Us-West-2,False,Fast
3238,12,2026-05-16 15:03:41,9.81,404,PATCH,2348.68,5.2,19.85,1,Resource Not Found: Endpoint entity collection does not exist,Us-East-1,True,Fast
3239,28,2026-05-04 20:23:39,49.7,204,PATCH,2171.428,33.36,49.81,1,No Error,Us-East-1,False,Fast
3240,75,2026-05-07 08:19:03,281.4,204,DELETE,6.274,15.71,43.59,1,No Error,Us-West-2,False,Moderate
3241,154,2026-05-10 17:42:12,64.94,200,DELETE,2.911,3.62,39.57,1,No Error,Ap-Southeast-1,False,Fast
3242,212,2026-05-19 11:51:33,269.06,200,GET,3.328,26.29,39.66,2,No Error,Sa-East-1,False,Moderate
3243,21,2026-05-11 06:46:00,50.57,401,DELETE,8.391,2.27,20.08,5,Unauthorized: Signature mismatch or expired bearer token,Ap-Southeast-1,True,Fast
3244,102,2026-05-02 15:18:01,32.86,404,DELETE,0.47,10.84,26.03,1,Resource Not Found: Endpoint entity collection does not exist,Sa-East-1,True,Fast
3245,222,2026-05-18 12:26:48,224.42,204,DELETE,9.59,26.2,51.38,12,No Error,Eu-West-1,False,Moderate
3246,161,2026-05-22 18:32:26,58.5,429,PUT,3838.86,6.65,25.06,1,Rate Limit Exceeded: Threshold of 100 req/sec breached,Us-East-1,True,Fast
3247,173,2026-05-07 13:19:53,39.97,400,POST,4010.384,0.82,23.83,1,Bad Request: Invalid JSON payload structure,Eu-West-1,True,Fast
3248,115,2026-05-18 13:39:31,26542.13,504,DELETE,1.208,91.22,96.75,1,Gateway Timeout: Upstream microservice failed to respond within 15000ms,Us-West-2,True,Slow
3249,113,2026-05-10 03:51:05,24597.98,503,GET,12.113,90.05,90.68,1,Service Unavailable: Downstream database connection pool timeout,Us-East-1,True,Slow
3250,167,2026-05-24 14:23:20,243.89,200,POST,1196.256,19.98,28.09,12,No Error,Sa-East-1,False,Moderate
3251,40,2026-05-18 03:22:06,165.67,201,GET,9.244,12.99,40.7,1,No Error,Us-East-1,False,Fast
3252,150,2026-05-16 11:26:28,259.69,200,GET,8.922,32.04,21.9,1,No Error,Us-West-2,False,Moderate
3253,143,2026-05-09 21:46:13,83.14,400,POST,3961.757,3.45,9.38,1,Bad Request: Invalid JSON payload structure,Ap-Southeast-1,True,Fast
3254,245,2026-05-17 21:08:30,132.39,201,PUT,3365.521,28.23,16.94,1,No Error,Sa-East-1,False,Fast
3255,178,2026-05-09 04:57:08,19.84,401,PUT,3418.392,2.72,11.19,1,Unauthorized: Signature mismatch or expired bearer token,Sa-East-1,True,Fast
3256,169,2026-05-01 03:08:17,58.61,500,PATCH,2258.017,64.68,64.45,1,CRITICAL_TELEMETRY_DROP_OUT,Us-West-2,True,Fast
3257,152,2026-05-16 03:04:45,139.15,201,DELETE,12.297,25.08,23.65,1,No Error,Us-West-2,False,Fast
3258,241,2026-05-13 04:55:34,-1.0,200,PUT,3734.69,17.42,-1.0,1,No Error,Sa-East-1,False,Fast
3259,94,2026-05-04 15:56:58,309.59,204,PUT,1534.807,15.59,51.64,1,No Error,Sa-East-1,False,Moderate
3260,113,2026-05-09 08:05:13,39.57,200,PUT,3386.877,22.29,25.74,1,No Error,Us-East-1,False,Fast
3261,239,2026-05-04 10:49:57,317.03,200,POST,1791.032,12.63,35.07,1,No Error,Ap-Southeast-1,False,Moderate
3262,246,2026-05-11 02:46:52,173.61,204,GET,4.637,11.53,12.85,1,No Error,Ap-Southeast-1,False,Fast
3263,63,2026-05-09 15:32:04,51.56,200,POST,2283.191,36.86,41.55,1,No Error,Us-East-1,False,Fast
3264,37,2026-05-06 12:32:18,18.84,200,DELETE,5.001,22.02,40.41,5,No Error,Sa-East-1,False,Fast
3265,95,2026-05-08 20:47:25,69.76,201,PATCH,3248.601,6.06,32.15,1,No Error,Us-West-2,False,Fast
3266,83,2026-05-01 12:18:10,154.78,201,PATCH,2661.998,25.02,41.83,1,No Error,Us-West-2,False,Fast
3267,96,2026-05-15 14:45:58,77.8,500,DELETE,1.111,8.48,23.8,1,    CRITICAL_TELEMETRY_DROP_OUT,Sa-East-1,True,Fast
3268,164,2026-05-23 03:38:11,244.18,200,POST,3533.953,1.5,47.02,1,No Error,Eu-West-1,False,Moderate
3269,7,2026-05-08 14:17:44,375.9,200,PATCH,843.28,22.83,40.96,1,No Error,Us-East-1,False,Moderate
3270,211,2026-05-25 14:33:02,391.19,200,POST,1836.249,1.24,20.38,1,No Error,Eu-West-1,False,Moderate
3271,18,2026-05-11 00:56:57,45.86,200,GET,0.521,17.66,18.91,2,No Error,Us-West-2,False,Fast
3272,227,2026-05-19 17:56:53,68.78,401,DELETE,4.327,1.35,19.02,1,Unauthorized: Signature mismatch or expired bearer token,Ap-Southeast-1,True,Fast
3273,17,2026-05-10 04:41:17,381.4,200,POST,3521.47,9.87,49.51,1,No Error,Us-West-2,False,Moderate
3274,115,2026-05-17 01:16:30,197.87,200,DELETE,4.707,27.96,37.32,1,No Error,Ap-Southeast-1,False,Fast
3275,27,2026-05-20 19:38:58,56.27,400,POST,942.217,1.73,29.77,1,Bad Request: Invalid JSON payload structure,Ap-Southeast-1,True,Fast
3276,14,2026-05-04 18:18:46,326.98,200,PATCH,1360.904,34.04,22.78,1,No Error,Us-East-1,False,Moderate
3277,70,2026-05-20 17:59:27,170.9,204,POST,2059.402,2.12,32.39,1,No Error,Sa-East-1,False,Fast
3278,100,2026-05-12 22:44:11,214.78,201,DELETE,3.299,3.43,47.05,1,No Error,Ap-Southeast-1,False,Moderate
3279,83,2026-05-23 08:57:02,19.47,400,DELETE,3.067,4.42,20.57,1,No Error,Sa-East-1,True,Fast
3280,87,2026-05-15 14:40:36,384.81,204,GET,10.625,19.32,13.06,1,No Error,Us-West-2,False,Moderate
3281,57,2026-05-19 15:09:50,60.67,204,GET,10.567,31.27,19.34,1,No Error,Us-East-1,False,Fast
3282,41,2026-05-01 23:29:30,13.65,429,GET,6.511,6.06,8.7,1,Rate Limit Exceeded: Threshold of 100 req/sec breached,Ap-Southeast-1,True,Fast
3283,66,2026-05-04 16:45:49,47.05,200,POST,2711.039,33.15,42.41,1,No Error,Eu-West-1,False,Fast
3284,147,2026-05-05 22:58:51,171.79,201,DELETE,6.186,23.65,46.24,1,No Error,Ap-Southeast-1,False,Fast
3285,32,2026-05-13 23:36:31,38.27,200,PATCH,1957.029,29.12,43.76,1,No Error,Ap-Southeast-1,False,Fast
3286,11,2026-05-25 14:03:13,82.9,200,PATCH,1136.365,37.28,40.88,2,No Error,Us-East-1,False,Fast
3287,119,2026-05-02 16:29:56,357.58,204,POST,2568.91,19.59,34.97,5,No Error,Us-West-2,False,Moderate
3288,159,2026-05-16 15:00:34,5664.98,503,PATCH,650.557,94.37,97.98,5,Service Unavailable: Downstream database connection pool timeout,Us-East-1,True,Slow
3289,241,2026-05-03 13:01:44,429.05,201,DELETE,8.116,5.18,24.39,1,No Error,Eu-West-1,False,Moderate
3290,31,2026-05-06 00:18:49,123.85,200,DELETE,5.027,38.43,30.14,1,No Error,Eu-West-1,False,Fast
3291,166,2026-05-21 13:36:55,224.88,201,GET,0.856,38.04,20.1,1,No Error,Us-West-2,False,Moderate
3292,240,2026-05-10 18:39:27,445.24,204,PUT,2500.126,12.03,34.41,1,No Error,Sa-East-1,False,Moderate
3293,47,2026-05-05 02:33:58,151.25,201,GET,8.049,4.94,22.04,1,No Error,Ap-Southeast-1,False,Fast
3294,200,2026-05-13 12:19:02,226.54,200,PUT,2522.343,15.37,52.18,1,No Error,Sa-East-1,False,Moderate
3295,245,2026-05-13 12:09:34,-1.0,400,PUT,223.434,-99.0,0.0,5,No Error,Us-West-2,True,Fast
3296,115,2026-05-18 22:22:52,247.5,200,DELETE,3.907,16.18,36.99,1,No Error,Ap-Southeast-1,False,Moderate
3297,57,2026-05-24 13:15:54,84.79,401,POST,936.986,1.91,28.64,1,Unauthorized: Signature mismatch or expired bearer token,Sa-East-1,True,Fast
3298,95,2026-05-08 21:02:01,189.89,201,POST,4043.058,12.67,41.8,1,No Error,Ap-Southeast-1,False,Fast
3299,135,2026-05-18 03:58:32,185.76,200,POST,3298.114,20.28,33.92,1,No Error,Sa-East-1,False,Fast
3300,125,2026-05-08 02:38:05,187.34,201,GET,1.016,18.69,22.71,2,No Error,Ap-Southeast-1,False,Fast
3301,151,2026-05-15 13:49:06,-1.0,200,PATCH,205.905,-99.0,0.0,1,No Error,Eu-West-1,False,Fast
3302,118,2026-05-21 01:38:50,118.69,204,DELETE,1.629,5.37,41.48,1,No Error,Sa-East-1,False,Fast
3303,123,2026-05-25 08:50:42,256.81,200,GET,4.544,14.13,32.6,1,No Error,Ap-Southeast-1,False,Moderate
3304,21,2026-05-17 01:50:58,413.81,200,POST,2292.587,16.57,13.79,2,No Error,Ap-Southeast-1,False,Moderate
3305,106,2026-05-23 05:08:19,395.47,200,PATCH,763.35,14.77,28.46,1,No Error,Us-West-2,False,Moderate
3306,51,2026-05-04 21:13:11,442.92,200,PATCH,220.226,8.43,40.09,2,No Error,Us-West-2,False,Moderate
3307,155,2026-05-23 04:18:34,15496.78,500,GET,5.797,99.58,98.62,2,Internal Server Error: NullPointerException in controller execution layer,Us-East-1,True,Slow
3308,122,2026-05-20 19:01:29,184.25,200,GET,8.908,33.53,40.65,1,No Error,Ap-Southeast-1,False,Fast
3309,194,2026-05-22 11:53:42,58.22,404,PUT,1486.719,11.09,29.39,1,Resource Not Found: Endpoint entity collection does not exist,Eu-West-1,True,Fast
3310,46,2026-05-25 18:12:28,52.76,200,POST,4024.769,7.67,18.33,2,No Error,Sa-East-1,False,Fast
3311,11,2026-05-03 01:50:15,108.37,200,GET,0.724,29.89,27.95,1,No Error,Us-East-1,False,Fast
3312,220,2026-05-12 23:59:43,75.82,200,DELETE,11.38,32.13,43.33,1,No Error,Ap-Southeast-1,False,Fast
3313,42,2026-05-19 10:15:15,338.27,201,POST,3894.688,25.05,47.3,1,No Error,Eu-West-1,False,Moderate
3314,48,2026-05-12 21:55:46,84.21,403,DELETE,11.002,1.95,22.3,1,Forbidden: Client lacks required read/write scopes,Us-West-2,True,Fast
3315,231,2026-05-24 12:17:17,319.71,204,PUT,4047.517,26.99,36.76,1,No Error,Us-East-1,False,Moderate
3316,225,2026-05-10 05:43:11,221.94,201,PATCH,959.924,16.52,29.77,1,No Error,Sa-East-1,False,Moderate
3317,102,2026-05-04 14:44:47,176.69,200,GET,10.706,1.56,28.67,1,No Error,Ap-Southeast-1,False,Fast
3318,102,2026-05-19 21:29:16,400.83,201,GET,1.058,12.14,36.97,1,No Error,Us-East-1,False,Moderate
3319,198,2026-05-01 03:59:45,13.16,404,PATCH,1421.027,0.54,17.01,1,Resource Not Found: Endpoint entity collection does not exist,Ap-Southeast-1,True,Fast
3320,151,2026-05-14 14:23:21,91.57,200,DELETE,8.338,18.9,20.94,1,No Error,Us-East-1,False,Fast
3321,151,2026-05-24 16:14:47,306.39,204,DELETE,4.711,4.24,25.41,1,No Error,Eu-West-1,False,Moderate
3322,68,2026-05-05 05:48:57,209.62,200,GET,1.865,15.93,33.1,1,No Error,Ap-Southeast-1,False,Moderate
3323,120,2026-05-09 07:31:29,228.48,204,PATCH,1615.418,7.5,49.14,5,No Error,Us-West-2,False,Moderate
3324,184,2026-05-17 06:33:45,34.81,429,GET,8.329,10.85,9.2,1,Rate Limit Exceeded: Threshold of 100 req/sec breached,Ap-Southeast-1,True,Fast
3325,22,2026-05-02 14:56:23,403.87,201,PATCH,238.832,26.99,42.56,1,No Error,Sa-East-1,False,Moderate
3326,104,2026-05-11 20:21:36,442.31,201,POST,1950.84,14.49,29.89,2,No Error,Us-West-2,False,Moderate
3327,42,2026-05-08 04:32:22,178.73,200,POST,3623.491,14.76,34.76,1,No Error,Us-West-2,False,Fast
3328,23,2026-05-25 10:26:06,300.7,201,PUT,2611.683,24.88,45.88,1,No Error,Ap-Southeast-1,False,Moderate
3329,143,2026-05-19 12:01:57,108.02,204,POST,3379.382,1.12,38.89,2,No Error,Ap-Southeast-1,False,Fast
3330,194,2026-05-02 21:15:46,99999.99,500,GET,4.012,-99.0,-1.0,1,CRITICAL_TELEMETRY_DROP_OUT,Us-East-1,True,Slow
3331,103,2026-05-10 14:10:57,340.58,204,GET,6.062,5.78,38.8,1,No Error,Us-East-1,False,Moderate
3332,168,2026-05-24 05:00:57,29.75,400,PATCH,2808.426,5.23,11.91,1,Bad Request: Invalid JSON payload structure,Ap-Southeast-1,True,Fast
3333,197,2026-05-17 06:48:10,419.04,204,POST,1973.607,35.41,37.25,2,No Error,Us-East-1,False,Moderate
3334,100,2026-05-12 04:26:28,350.39,204,DELETE,6.029,11.02,46.39,1,No Error,Us-West-2,False,Moderate
3335,222,2026-05-15 14:48:33,40.83,403,PATCH,1487.916,6.15,26.37,1,Forbidden: Client lacks required read/write scopes,Eu-West-1,True,Fast
3336,178,2026-05-14 09:32:53,182.81,201,PUT,30.259,35.29,43.38,1,No Error,Us-West-2,False,Fast
3337,162,2026-05-19 17:39:01,17512.45,500,PUT,245.78,95.02,99.44,1,Internal Server Error: NullPointerException in controller execution layer,Ap-Southeast-1,True,Slow
3338,232,2026-05-12 04:16:15,409.51,200,PUT,1525.877,34.01,48.66,1,No Error,Us-West-2,False,Moderate
3339,43,2026-05-10 19:46:54,371.11,201,GET,7.821,21.14,44.99,5,No Error,Us-West-2,False,Moderate
3340,236,2026-05-04 21:49:23,30.94,201,PUT,235.916,18.32,31.47,2,No Error,Us-East-1,False,Fast
3341,110,2026-05-02 10:47:08,79.57,201,PUT,3790.773,13.71,20.0,1,No Error,Ap-Southeast-1,False,Fast
3342,168,2026-05-17 18:44:55,179.42,204,PATCH,1642.095,11.2,48.51,1,No Error,Eu-West-1,False,Fast
3343,41,2026-05-08 09:54:30,20801.79,503,GET,1.645,93.08,98.75,1,Service Unavailable: Downstream database connection pool timeout,Us-East-1,True,Slow
3344,21,2026-05-11 01:35:51,292.91,200,DELETE,10.888,29.06,17.69,2,No Error,Eu-West-1,False,Moderate
3345,247,2026-05-05 21:12:57,116.26,204,PATCH,3978.721,37.62,40.27,1,No Error,Sa-East-1,False,Fast
3346,155,2026-05-25 18:59:28,57.93,401,PATCH,2212.728,3.79,14.2,1,Unauthorized: Signature mismatch or expired bearer token,Us-West-2,True,Fast
3347,17,2026-05-13 17:33:09,41.37,204,DELETE,5.412,29.28,16.59,1,No Error,Eu-West-1,False,Fast
3348,204,2026-05-11 00:35:40,5468.69,504,POST,850.978,96.16,90.47,1,Gateway Timeout: Upstream microservice failed to respond within 15000ms,Us-East-1,True,Slow
3349,6,2026-05-07 19:55:36,312.15,204,DELETE,4.565,24.74,17.32,1,No Error,Ap-Southeast-1,False,Moderate
3350,143,2026-05-10 21:42:09,74.89,401,PATCH,2621.986,7.56,23.45,1,Unauthorized: Signature mismatch or expired bearer token,Sa-East-1,True,Fast
3351,243,2026-05-12 09:51:05,232.8,204,PATCH,2350.942,35.01,36.45,2,No Error,Eu-West-1,False,Moderate
3352,109,2026-05-03 06:12:19,51.69,400,DELETE,6.871,1.47,29.62,1,No Error,Sa-East-1,True,Fast
3353,128,2026-05-03 07:41:45,360.4,204,DELETE,4.228,36.88,12.42,5,No Error,Ap-Southeast-1,False,Moderate
3354,88,2026-05-07 21:53:17,96.46,200,GET,3.996,11.19,28.63,2,No Error,Us-East-1,False,Fast
3355,42,2026-05-25 06:58:11,231.28,201,PATCH,1811.821,17.75,35.2,1,No Error,Us-West-2,False,Moderate
3356,133,2026-05-21 19:57:39,329.03,200,DELETE,3.177,19.48,25.0,1,No Error,Eu-West-1,False,Moderate
3357,209,2026-05-02 22:14:18,256.98,204,POST,3872.268,1.71,49.76,1,No Error,Sa-East-1,False,Moderate
3358,86,2026-05-03 12:36:28,260.66,201,DELETE,10.562,2.98,49.55,1,No Error,Eu-West-1,False,Moderate
3359,43,2026-05-17 08:40:50,280.25,200,DELETE,6.428,38.19,13.02,1,No Error,Sa-East-1,False,Moderate
3360,92,2026-05-06 03:33:38,209.31,200,POST,2308.655,4.84,38.85,1,No Error,Us-East-1,False,Moderate
3361,116,2026-05-20 08:13:19,140.84,200,GET,7.333,28.83,18.84,1,No Error,Us-East-1,False,Fast
3362,118,2026-05-11 05:04:37,381.57,201,DELETE,7.397,2.94,18.76,1,No Error,Us-East-1,False,Moderate
3363,235,2026-05-23 03:10:06,119.25,200,POST,3056.645,1.05,19.41,1,No Error,Eu-West-1,False,Fast
3364,42,2026-05-04 23:06:17,315.61,201,DELETE,2.037,4.9,14.26,1,No Error,Us-East-1,False,Moderate
3365,182,2026-05-12 17:43:22,167.08,200,PUT,3957.169,13.24,17.18,1,No Error,Us-West-2,False,Fast
3366,127,2026-05-25 08:01:48,84.26,403,PUT,3513.058,7.44,23.51,1,Forbidden: Client lacks required read/write scopes,Us-West-2,True,Fast
3367,101,2026-05-17 01:32:18,255.07,200,DELETE,12.279,33.37,42.28,12,No Error,Ap-Southeast-1,False,Moderate
3368,134,2026-05-24 22:05:16,405.35,201,PUT,186.319,14.84,46.35,5,No Error,Sa-East-1,False,Moderate
3369,11,2026-05-21 06:19:23,182.4,201,PUT,2252.232,29.62,25.96,1,No Error,Eu-West-1,False,Fast
3370,21,2026-05-08 23:29:45,56.49,404,PATCH,1623.022,5.56,19.72,1,Resource Not Found: Endpoint entity collection does not exist,Eu-West-1,True,Fast
3371,188,2026-05-19 19:51:48,16.76,400,PUT,1685.027,11.52,10.51,1,Bad Request: Invalid JSON payload structure,Us-East-1,True,Fast
3372,39,2026-05-08 01:09:29,415.81,201,PATCH,2176.587,35.89,47.72,1,No Error,Sa-East-1,False,Moderate
3373,165,2026-05-13 21:57:58,34.6,200,PATCH,1643.399,14.93,28.75,5,No Error,Us-West-2,False,Fast
3374,141,2026-05-06 11:08:51,313.71,200,PUT,419.728,6.19,49.14,1,No Error,Us-East-1,False,Moderate
3375,249,2026-05-12 01:48:58,48.28,200,PUT,2415.695,3.59,42.53,1,No Error,Sa-East-1,False,Fast
3376,148,2026-05-08 14:08:42,22014.2,500,DELETE,11.506,97.16,99.65,1,Internal Server Error: NullPointerException in controller execution layer,Us-East-1,True,Slow
3377,38,2026-05-23 06:02:00,404.92,201,POST,3369.466,9.67,34.68,1,No Error,Us-East-1,False,Moderate
3378,88,2026-05-23 17:51:51,423.44,204,GET,6.527,4.49,39.86,2,No Error,Sa-East-1,False,Moderate
3379,16,2026-05-25 07:45:12,108.11,200,PUT,1326.164,8.37,25.2,1,No Error,Sa-East-1,False,Fast
3380,38,2026-05-23 00:54:22,286.97,201,GET,3.899,23.54,49.36,1,No Error,Eu-West-1,False,Moderate
3381,240,2026-05-07 03:46:14,38.13,204,PUT,2315.795,11.41,20.79,1,No Error,Us-East-1,False,Fast
3382,121,2026-05-25 02:25:02,65.72,204,PATCH,3243.455,25.66,41.91,1,No Error,Sa-East-1,False,Fast
3383,209,2026-05-21 14:32:06,-1.0,200,PATCH,3735.97,-99.0,0.0,2,No Error,Us-East-1,False,Fast
3384,15,2026-05-05 06:47:06,227.42,200,PATCH,3761.59,4.17,45.01,1,No Error,Us-East-1,False,Moderate
3385,234,2026-05-20 16:36:58,76.21,403,GET,10.967,6.44,17.9,1,Forbidden: Client lacks required read/write scopes,Eu-West-1,True,Fast
3386,178,2026-05-11 13:36:55,103.6,201,GET,5.413,29.08,46.15,1,No Error,Us-East-1,False,Fast
3387,232,2026-05-13 16:19:12,245.36,201,PATCH,2717.343,29.28,29.86,1,No Error,Us-East-1,False,Moderate
3388,248,2026-05-10 15:19:46,424.94,201,GET,0.696,12.76,31.4,1,No Error,Eu-West-1,False,Moderate
3389,226,2026-05-17 19:01:50,86.44,200,GET,11.754,1.39,45.61,2,No Error,Us-West-2,False,Fast
3390,71,2026-05-14 08:10:10,383.24,200,POST,2671.617,6.45,24.3,1,No Error,Ap-Southeast-1,False,Moderate
3391,139,2026-05-05 10:14:35,88.59,200,DELETE,0.267,31.96,48.11,1,No Error,Eu-West-1,False,Fast
3392,138,2026-05-25 20:52:39,37.62,200,PUT,3788.612,20.29,25.5,1,No Error,Sa-East-1,False,Fast
3393,224,2026-05-10 10:39:24,233.49,204,PUT,917.558,18.68,51.45,5,No Error,Us-West-2,False,Moderate
3394,122,2026-05-15 17:37:39,189.0,204,PATCH,1508.148,9.36,52.1,1,No Error,Ap-Southeast-1,False,Fast
3395,56,2026-05-10 05:04:20,332.01,200,DELETE,5.319,25.88,28.33,1,No Error,Eu-West-1,False,Moderate
3396,12,2026-05-21 03:49:16,8599.2,504,DELETE,3.211,91.75,95.2,1,Gateway Timeout: Upstream microservice failed to respond within 15000ms,Us-West-2,True,Slow
3397,197,2026-05-14 10:48:22,234.82,200,GET,5.077,33.1,50.65,1,No Error,Us-West-2,False,Moderate
3398,14,2026-05-18 00:11:40,518.28,400,PATCH,1519.313,48.72,50.15,1,No Error,Us-East-1,True,Slow
3399,82,2026-05-16 15:04:59,164.96,201,PUT,2665.052,20.15,50.25,1,No Error,Us-East-1,False,Fast
3400,67,2026-05-17 20:29:28,266.99,200,PATCH,1104.712,6.26,51.32,1,No Error,Sa-East-1,False,Moderate
3401,224,2026-05-16 05:53:41,409.22,200,PUT,2997.602,26.44,49.97,1,No Error,Us-West-2,False,Moderate
3402,162,2026-05-20 16:08:25,303.86,200,GET,5.732,12.01,43.99,1,No Error,Eu-West-1,False,Moderate
3403,89,2026-05-12 01:57:40,79.59,404,POST,2892.792,10.33,14.16,1,Resource Not Found: Endpoint entity collection does not exist,Sa-East-1,True,Fast
3404,75,2026-05-25 14:40:53,17.77,204,PUT,901.67,35.95,42.44,1,No Error,Eu-West-1,False,Fast
3405,187,2026-05-23 15:15:44,99.79,200,GET,4.9,23.03,17.82,1,No Error,Sa-East-1,False,Fast
3406,32,2026-05-05 16:20:45,13612.81,504,PUT,3914.874,92.46,89.54,1,Gateway Timeout: Upstream microservice failed to respond within 15000ms,Us-East-1,True,Slow
3407,236,2026-05-22 22:50:21,316.06,200,GET,5.715,12.92,37.14,2,No Error,Ap-Southeast-1,False,Moderate
3408,150,2026-05-04 15:49:25,391.06,204,GET,3.641,24.58,42.89,5,No Error,Us-West-2,False,Moderate
3409,153,2026-05-19 07:38:37,345.18,204,PUT,2414.77,17.28,30.95,1,No Error,Us-West-2,False,Moderate
3410,167,2026-05-25 08:57:03,64.74,201,GET,8.56,14.22,38.82,1,No Error,Us-East-1,False,Fast
3411,140,2026-05-10 04:01:22,71.38,200,PATCH,3605.356,2.93,38.04,1,No Error,Eu-West-1,False,Fast
3412,18,2026-05-02 04:55:55,240.99,204,PUT,4015.283,36.85,39.37,1,No Error,Us-West-2,False,Moderate
3413,13,2026-05-11 23:34:25,386.77,201,POST,606.263,30.9,50.34,1,No Error,Sa-East-1,False,Moderate
3414,92,2026-05-08 01:50:23,379.03,201,PUT,2535.515,14.55,24.69,1,No Error,Sa-East-1,False,Moderate
3415,164,2026-05-20 17:28:23,303.28,204,DELETE,4.72,33.34,50.31,1,No Error,Us-East-1,False,Moderate
3416,70,2026-05-10 16:27:28,93.75,400,DELETE,1.72,5.13,23.69,5,Bad Request: Invalid JSON payload structure,Sa-East-1,True,Fast
3417,162,2026-05-12 19:06:23,11.04,401,DELETE,1.933,4.3,20.24,5,Unauthorized: Signature mismatch or expired bearer token,Us-East-1,True,Fast
3418,233,2026-05-12 19:23:06,324.2,200,PUT,3089.796,34.49,38.72,1,No Error,Sa-East-1,False,Moderate
3419,129,2026-05-22 06:16:55,255.84,500,PATCH,285.506,57.63,48.93,1,CRITICAL_TELEMETRY_DROP_OUT,Sa-East-1,True,Moderate
3420,220,2026-05-19 10:09:49,66.55,204,DELETE,2.842,32.43,41.43,1,No Error,Us-East-1,False,Fast
3421,240,2026-05-08 12:12:18,9.24,429,GET,3.59,10.77,27.57,1,Rate Limit Exceeded: Threshold of 100 req/sec breached,Us-West-2,True,Fast
3422,135,2026-05-17 10:07:17,66.92,201,POST,2681.458,24.61,43.22,1,No Error,Us-East-1,False,Fast
3423,192,2026-05-23 08:24:19,69.72,404,POST,3328.794,3.66,29.0,1,Resource Not Found: Endpoint entity collection does not exist,Us-East-1,True,Fast
3424,142,2026-05-24 02:53:53,177.12,204,DELETE,8.302,7.77,27.52,1,No Error,Sa-East-1,False,Fast
3425,1,2026-05-16 13:18:01,382.69,200,GET,6.788,31.34,27.77,1,No Error,Us-East-1,False,Moderate
3426,121,2026-05-09 10:54:44,66.86,400,DELETE,8.026,4.47,9.86,1,Bad Request: Invalid JSON payload structure,Us-West-2,True,Fast
3427,151,2026-05-17 19:05:18,221.55,201,GET,7.942,33.24,24.73,1,No Error,Eu-West-1,False,Moderate
3428,85,2026-05-16 04:24:55,275.36,201,PUT,3352.397,37.39,34.55,5,No Error,Us-West-2,False,Moderate
3429,103,2026-05-01 13:38:59,398.18,204,GET,9.003,9.73,22.14,1,No Error,Sa-East-1,False,Moderate
3430,244,2026-05-19 02:51:20,216.49,201,POST,478.388,9.19,25.5,1,No Error,Sa-East-1,False,Moderate
3431,54,2026-05-19 05:06:04,56.57,201,GET,10.243,30.37,38.57,1,No Error,Eu-West-1,False,Fast
3432,2,2026-05-18 23:30:18,16223.75,500,DELETE,8.599,93.2,89.61,1,Internal Server Error: NullPointerException in controller execution layer,Us-East-1,True,Slow
3433,82,2026-06-05 18:07:36,242.66,400,GET,10.303,45.33,65.72,1,No Error,Ap-Southeast-1,True,Moderate
3434,132,2026-05-17 01:50:14,26184.25,504,PUT,3853.299,95.24,96.57,1,Gateway Timeout: Upstream microservice failed to respond within 15000ms,Ap-Southeast-1,True,Slow
3435,92,2026-05-23 20:58:23,109.45,204,DELETE,2.229,5.89,18.85,1,No Error,Us-East-1,False,Fast
3436,167,2026-05-01 03:23:48,46.35,200,PATCH,2640.706,7.35,25.15,1,No Error,Ap-Southeast-1,False,Fast
3437,47,2026-05-21 10:42:45,19939.23,503,PATCH,3947.301,92.39,98.29,1,Service Unavailable: Downstream database connection pool timeout,Us-East-1,True,Slow
3438,161,2026-05-19 16:35:51,21654.24,500,PATCH,21.711,99.66,88.0,2,Internal Server Error: NullPointerException in controller execution layer,Ap-Southeast-1,True,Slow
3439,138,2026-05-11 14:10:27,266.93,201,DELETE,10.958,30.72,42.62,1,No Error,Ap-Southeast-1,False,Moderate
3440,44,2026-05-08 13:54:10,13037.2,503,PUT,2482.444,91.47,94.44,2,Service Unavailable: Downstream database connection pool timeout,Ap-Southeast-1,True,Slow
3441,154,2026-05-11 03:46:05,381.11,200,GET,4.326,7.71,48.87,1,No Error,Us-East-1,False,Moderate
3442,14,2026-05-14 09:53:49,23804.12,503,DELETE,2.774,99.52,89.15,1,Service Unavailable: Downstream database connection pool timeout,Sa-East-1,True,Slow
3443,220,2026-05-13 03:32:48,101.19,201,PATCH,2464.702,25.88,44.26,1,No Error,Eu-West-1,False,Fast
3444,249,2026-05-17 02:48:51,48.05,429,PATCH,1135.243,7.61,19.69,1,Rate Limit Exceeded: Threshold of 100 req/sec breached,Us-East-1,True,Fast
3445,155,2026-05-15 17:21:16,396.73,201,DELETE,4.507,15.41,20.74,1,No Error,Us-West-2,False,Moderate
3446,64,2026-05-18 15:53:32,341.4,204,PUT,2815.643,19.37,47.0,2,No Error,Sa-East-1,False,Moderate
3447,39,2026-05-21 07:17:19,280.2,204,GET,9.842,2.12,38.8,1,No Error,Ap-Southeast-1,False,Moderate
3448,114,2026-05-21 18:01:17,129.06,200,GET,8.087,19.31,18.2,1,No Error,Ap-Southeast-1,False,Fast
3449,153,2026-05-04 13:15:44,385.6,200,GET,0.48,31.34,12.98,1,No Error,Ap-Southeast-1,False,Moderate
3450,70,2026-05-01 16:09:02,381.91,200,PUT,2633.132,1.35,28.73,1,No Error,Us-East-1,False,Moderate
3451,5,2026-05-24 03:28:23,54.53,500,PATCH,1507.484,0.25,26.79,2,    CRITICAL_TELEMETRY_DROP_OUT,Us-East-1,True,Fast
3452,249,2026-05-15 01:20:14,215.83,204,DELETE,10.023,15.53,26.42,1,No Error,Ap-Southeast-1,False,Moderate
3453,97,2026-05-06 12:05:49,131.96,200,GET,8.947,13.29,26.13,1,No Error,Us-East-1,False,Fast
3454,228,2026-05-07 23:12:48,180.36,200,GET,5.794,33.97,20.1,1,No Error,Sa-East-1,False,Fast
3455,42,2026-05-24 02:03:25,235.32,200,PATCH,3970.621,8.03,50.76,1,No Error,Ap-Southeast-1,False,Moderate
3456,68,2026-05-01 15:11:25,115.05,200,PUT,502.169,21.36,34.96,1,No Error,Sa-East-1,False,Fast
3457,43,2026-05-20 00:04:49,103.26,201,GET,10.862,4.76,20.06,1,No Error,Us-West-2,False,Fast
3458,246,2026-05-01 12:25:37,54.3,500,POST,1537.058,10.89,12.3,1,    CRITICAL_TELEMETRY_DROP_OUT,Us-East-1,True,Fast
3459,195,2026-05-07 07:24:45,94.95,200,DELETE,2.837,30.95,28.65,1,No Error,Ap-Southeast-1,False,Fast
3460,167,2026-05-09 18:06:39,249.26,204,POST,226.098,1.11,40.94,1,No Error,Ap-Southeast-1,False,Moderate
3461,138,2026-05-16 17:57:12,445.23,201,POST,3943.012,9.29,28.74,1,No Error,Sa-East-1,False,Moderate
3462,238,2026-05-02 21:44:33,92.67,400,PATCH,445.879,0.29,9.44,2,Bad Request: Invalid JSON payload structure,Sa-East-1,True,Fast
3463,163,2026-05-21 06:12:55,130.25,200,POST,2446.501,25.41,47.45,1,No Error,Sa-East-1,False,Fast
3464,205,2026-05-20 16:29:31,215.99,204,PATCH,1480.457,32.0,23.35,1,No Error,Us-West-2,False,Moderate
3465,84,2026-05-02 18:16:02,95.14,200,PATCH,1188.344,26.44,48.41,5,No Error,Sa-East-1,False,Fast
3466,245,2026-05-24 15:15:30,221.06,204,PATCH,79.186,15.78,28.95,1,No Error,Ap-Southeast-1,False,Moderate
3467,141,2026-05-15 13:11:52,98.02,200,DELETE,0.879,13.33,14.03,5,No Error,Eu-West-1,False,Fast
3468,26,2026-05-19 22:48:47,55.93,403,PUT,2654.874,2.16,26.13,1,Forbidden: Client lacks required read/write scopes,Ap-Southeast-1,True,Fast
3469,15,2026-05-23 10:27:50,107.01,200,PATCH,3362.73,11.86,35.09,1,No Error,Eu-West-1,False,Fast
3470,31,2026-05-14 01:29:07,422.53,200,DELETE,8.599,6.09,37.92,1,No Error,Us-East-1,False,Moderate
3471,15,2026-05-16 22:53:55,379.22,204,GET,9.223,11.75,21.31,1,No Error,Eu-West-1,False,Moderate
3472,221,2026-05-21 14:53:32,76.36,500,GET,8.138,7.11,23.77,1,    CRITICAL_TELEMETRY_DROP_OUT,Ap-Southeast-1,True,Fast
3473,244,2026-05-12 08:22:34,12.0,400,PUT,3718.918,12.04,11.39,1,Bad Request: Invalid JSON payload structure,Sa-East-1,True,Fast
3474,52,2026-05-02 23:20:19,330.51,200,POST,3441.488,36.32,51.97,1,No Error,Sa-East-1,False,Moderate
3475,56,2026-05-07 12:21:12,402.41,204,POST,505.384,20.86,15.55,2,No Error,Us-East-1,False,Moderate
3476,142,2026-05-16 00:55:03,418.2,200,GET,8.145,7.68,29.59,2,No Error,Sa-East-1,False,Moderate
3477,15,2026-05-03 10:19:23,257.62,201,PATCH,2860.524,21.06,27.49,1,No Error,Us-West-2,False,Moderate
3478,151,2026-05-03 11:00:56,211.68,201,DELETE,3.042,7.14,50.78,1,No Error,Eu-West-1,False,Moderate
3479,205,2026-05-18 13:14:20,20.77,200,DELETE,12.383,8.05,19.24,1,No Error,Us-West-2,False,Fast
3480,92,2026-05-20 21:22:07,215.48,200,DELETE,3.771,2.41,30.74,1,No Error,Ap-Southeast-1,False,Moderate
3481,89,2026-05-19 08:21:56,70.7,401,PATCH,3569.405,1.67,9.05,1,Unauthorized: Signature mismatch or expired bearer token,Eu-West-1,True,Fast
3482,62,2026-05-12 01:16:32,348.52,204,DELETE,4.737,22.63,17.43,1,No Error,Us-West-2,False,Moderate
3483,77,2026-05-10 16:42:10,80.71,401,DELETE,12.324,8.7,25.78,1,Unauthorized: Signature mismatch or expired bearer token,Ap-Southeast-1,True,Fast
3484,69,2026-05-05 07:31:43,295.53,201,GET,2.36,27.26,28.29,1,No Error,Sa-East-1,False,Moderate
3485,247,2026-05-12 08:02:19,68.59,200,PATCH,2889.309,27.6,45.2,1,No Error,Sa-East-1,False,Fast
3486,52,2026-05-24 09:04:17,92.2,404,PATCH,2239.81,12.08,14.54,1,Resource Not Found: Endpoint entity collection does not exist,Us-East-1,True,Fast
3487,116,2026-05-23 07:06:01,108.31,204,POST,1569.834,27.19,19.68,1,No Error,Eu-West-1,False,Fast
3488,221,2026-05-02 17:39:51,218.41,201,GET,5.591,20.15,25.59,1,No Error,Eu-West-1,False,Moderate
3489,110,2026-05-09 19:27:54,26.2,200,PUT,869.381,1.45,22.13,1,No Error,Ap-Southeast-1,False,Fast
3490,171,2026-05-09 22:14:40,29644.47,500,PUT,2664.349,91.8,89.49,1,Internal Server Error: NullPointerException in controller execution layer,Ap-Southeast-1,True,Slow
3491,94,2026-05-13 12:11:06,18.44,201,PATCH,3487.133,30.18,50.69,1,No Error,Us-West-2,False,Fast
3492,8,2026-05-18 00:13:03,241.93,204,GET,3.686,23.6,18.9,1,No Error,Us-East-1,False,Moderate
3493,92,2026-05-24 17:28:16,298.27,200,DELETE,10.697,21.45,32.86,1,No Error,Sa-East-1,False,Moderate
3494,145,2026-05-13 19:36:18,30.58,204,PATCH,2575.514,5.75,13.39,1,No Error,Ap-Southeast-1,False,Fast
3495,168,2026-05-14 13:16:53,231.44,200,POST,4075.308,14.34,12.21,1,No Error,Ap-Southeast-1,False,Moderate
3496,33,2026-05-25 17:34:24,20261.56,504,PUT,91.466,94.12,99.57,1,Gateway Timeout: Upstream microservice failed to respond within 15000ms,Sa-East-1,True,Slow
3497,206,2026-05-20 16:08:53,318.43,201,POST,1392.324,1.4,40.43,1,No Error,Sa-East-1,False,Moderate
3498,38,2026-05-24 15:41:53,28441.98,503,PATCH,1893.744,97.34,88.34,1,Service Unavailable: Downstream database connection pool timeout,Us-West-2,True,Slow
3499,91,2026-05-04 09:59:14,35.84,200,PUT,39.837,27.38,34.78,1,No Error,Ap-Southeast-1,False,Fast
3500,54,2026-05-19 05:07:57,99999.99,200,GET,5.499,-99.0,0.0,1,No Error,Ap-Southeast-1,False,Slow
3501,164,2026-05-02 12:14:07,89.46,404,POST,628.095,8.78,17.44,2,Resource Not Found: Endpoint entity collection does not exist,Ap-Southeast-1,True,Fast
3502,141,2026-05-23 14:53:20,42.3,429,DELETE,6.901,4.83,18.0,1,Rate Limit Exceeded: Threshold of 100 req/sec breached,Us-West-2,True,Fast
3503,205,2026-05-09 16:19:59,333.76,200,POST,769.983,1.91,38.41,1,No Error,Us-East-1,False,Moderate
3504,103,2026-05-01 14:00:05,141.06,200,GET,3.402,31.71,34.3,1,No Error,Eu-West-1,False,Fast
3505,224,2026-05-22 04:45:52,56.56,201,DELETE,5.8,36.88,45.94,1,No Error,Ap-Southeast-1,False,Fast
3506,18,2026-05-25 17:49:24,241.46,201,GET,11.964,11.06,50.76,2,No Error,Us-West-2,False,Moderate
3507,137,2026-05-12 10:27:49,107.23,200,PATCH,2606.973,17.84,18.64,1,No Error,Us-West-2,False,Fast
3508,46,2026-05-03 16:29:23,400.76,200,DELETE,12.355,14.06,46.8,1,No Error,Eu-West-1,False,Moderate
3509,136,2026-05-25 15:16:05,202.24,200,PUT,2254.059,11.52,47.93,1,No Error,Us-East-1,False,Moderate
3510,187,2026-05-14 10:08:03,39.37,400,POST,2669.107,6.74,25.84,1,Bad Request: Invalid JSON payload structure,Us-West-2,True,Fast
3511,139,2026-05-16 08:48:28,317.68,200,GET,10.763,28.6,43.14,1,No Error,Us-East-1,False,Moderate
3512,205,2026-05-02 05:54:01,28.27,403,DELETE,9.081,10.34,18.57,1,Forbidden: Client lacks required read/write scopes,Sa-East-1,True,Fast
3513,60,2026-05-16 06:34:42,255.05,200,POST,2129.519,8.43,28.14,1,No Error,Ap-Southeast-1,False,Moderate
3514,51,2026-05-07 22:40:59,90.44,204,POST,378.648,37.31,36.9,1,No Error,Us-East-1,False,Fast
3515,37,2026-05-02 02:40:56,155.75,200,PATCH,2141.947,13.14,37.92,1,No Error,Us-West-2,False,Fast
3516,76,2026-05-07 18:19:09,9.71,404,PUT,1106.951,1.69,19.93,1,Resource Not Found: Endpoint entity collection does not exist,Eu-West-1,True,Fast
3517,3,2026-05-06 14:54:04,247.5,200,PUT,3147.978,28.66,30.4,2,No Error,Us-East-1,False,Moderate
3518,193,2026-05-19 14:13:23,423.46,204,GET,1.597,28.67,42.67,1,No Error,Us-West-2,False,Moderate
3519,68,2026-05-20 04:30:42,416.41,204,GET,9.682,10.52,22.42,1,No Error,Us-West-2,False,Moderate
3520,132,2026-05-05 21:18:44,200.385,200,DELETE,9.101,165.4,29.34,1,No Error,Ap-Southeast-1,False,Moderate
3521,184,2026-05-25 02:02:24,284.84,201,POST,1073.616,30.14,27.89,1,No Error,Ap-Southeast-1,False,Moderate
3522,173,2026-05-13 09:52:45,411.17,200,PATCH,705.22,22.33,46.01,1,No Error,Us-East-1,False,Moderate
3523,128,2026-05-24 05:08:07,59.39,429,GET,10.958,9.5,9.19,2,Rate Limit Exceeded: Threshold of 100 req/sec breached,Eu-West-1,True,Fast
3524,25,2026-05-10 05:17:19,200.385,500,PATCH,502.727,17.42,-1.0,1,CRITICAL_TELEMETRY_DROP_OUT,Us-East-1,True,Moderate
3525,172,2026-05-03 17:33:21,89.53,204,POST,1990.574,8.74,18.72,1,No Error,Ap-Southeast-1,False,Fast
3526,25,2026-05-06 23:51:20,99999.99,500,POST,2178.774,17.42,29.34,1,CRITICAL_TELEMETRY_DROP_OUT,Sa-East-1,True,Slow
3527,245,2026-05-04 06:35:32,149.99,200,PATCH,991.771,4.94,27.3,2,No Error,Sa-East-1,False,Fast
3528,196,2026-05-10 23:20:58,309.4,204,PATCH,1441.047,3.36,20.22,5,No Error,Sa-East-1,False,Moderate
3529,90,2026-05-24 09:37:00,207.79,204,POST,934.518,28.46,15.8,1,No Error,Eu-West-1,False,Moderate
3530,78,2026-05-10 22:57:48,266.28,200,GET,3.223,21.27,34.13,1,No Error,Sa-East-1,False,Moderate
3531,146,2026-05-14 07:26:08,14.86,403,DELETE,2.729,5.98,13.05,1,Forbidden: Client lacks required read/write scopes,Eu-West-1,True,Fast
3532,233,2026-05-10 10:13:04,195.76,200,PUT,70.337,20.54,27.12,1,No Error,Ap-Southeast-1,False,Fast
3533,47,2026-05-17 10:58:01,310.1,204,PATCH,2823.842,19.69,29.13,1,No Error,Us-West-2,False,Moderate
3534,206,2026-05-14 17:46:54,122.49,200,POST,3998.119,10.5,29.0,1,No Error,Eu-West-1,False,Fast
3535,160,2026-05-08 01:49:14,124.57,200,PATCH,541.763,8.29,46.11,1,No Error,Us-East-1,False,Fast
3536,90,2026-05-25 22:55:31,256.94,200,GET,4.585,1.34,24.72,12,No Error,Us-East-1,False,Moderate
3537,192,2026-05-08 05:10:05,417.62,204,GET,3.914,3.27,20.94,1,No Error,Ap-Southeast-1,False,Moderate
3538,198,2026-05-20 05:52:37,258.51,201,GET,7.708,19.69,50.26,1,No Error,Eu-West-1,False,Moderate
3539,212,2026-05-08 09:20:45,37.0,200,POST,2011.262,30.4,39.37,1,No Error,Sa-East-1,False,Fast
3540,227,2026-05-20 20:48:40,287.87,201,POST,269.282,9.07,12.05,1,No Error,Sa-East-1,False,Moderate
3541,155,2026-05-19 19:03:46,104.96,200,PUT,1942.878,34.53,51.44,1,No Error,Us-East-1,False,Fast
3542,29,2026-05-25 13:23:51,16.22,403,POST,2853.073,0.6,22.59,1,Forbidden: Client lacks required read/write scopes,Us-East-1,True,Fast
3543,148,2026-05-09 02:33:03,84.36,200,POST,4050.818,9.21,17.47,1,No Error,Us-East-1,False,Fast
3544,123,2026-05-23 05:32:50,56.77,403,PATCH,3078.01,10.98,19.02,1,Forbidden: Client lacks required read/write scopes,Us-East-1,True,Fast
3545,194,2026-05-18 10:21:56,373.77,200,PUT,89.136,28.31,23.48,1,No Error,Ap-Southeast-1,False,Moderate
3546,58,2026-09-05 21:06:26,101.51,200,GET,1.482,42.84,68.56,1,No Error,Sa-East-1,False,Fast
3547,193,2026-05-10 13:32:32,28.51,201,PATCH,1943.223,32.96,39.96,1,No Error,Us-West-2,False,Fast
3548,76,2026-05-24 03:00:51,49.5,401,POST,1376.766,4.21,18.43,1,Unauthorized: Signature mismatch or expired bearer token,Sa-East-1,True,Fast
3549,233,2026-05-12 20:18:40,59.78,201,POST,2412.571,7.01,50.33,1,No Error,Ap-Southeast-1,False,Fast
3550,114,2026-05-23 02:48:11,11779.01,504,GET,1.849,93.21,89.28,1,Gateway Timeout: Upstream microservice failed to respond within 15000ms,Us-West-2,True,Slow
3551,167,2026-05-13 19:05:45,15.19,200,PUT,2379.414,8.57,24.47,1,No Error,Ap-Southeast-1,False,Fast
3552,118,2026-05-13 00:49:26,4.53,404,PUT,3327.133,1.94,10.92,2,Resource Not Found: Endpoint entity collection does not exist,Ap-Southeast-1,True,Fast
3553,224,2026-05-16 19:15:10,56.36,200,POST,1019.579,10.01,49.16,1,No Error,Us-West-2,False,Fast
3554,238,2026-05-13 21:52:47,9.98,404,GET,8.816,11.98,24.45,1,Resource Not Found: Endpoint entity collection does not exist,Eu-West-1,True,Fast
3555,86,2026-05-03 22:31:57,241.14,204,GET,8.394,29.76,38.7,1,No Error,Us-West-2,False,Moderate
3556,32,2026-05-25 16:45:57,210.55,200,PUT,1380.758,17.54,27.18,1,No Error,Us-East-1,False,Moderate
3557,83,2026-05-03 23:25:12,374.98,200,POST,3857.212,31.83,48.96,1,No Error,Eu-West-1,False,Moderate
3558,135,2026-05-07 20:43:48,339.76,201,POST,1467.13,23.77,30.71,1,No Error,Us-West-2,False,Moderate
3559,164,2026-05-13 17:35:42,25858.54,500,PATCH,3301.777,93.05,97.48,1,Internal Server Error: NullPointerException in controller execution layer,Us-East-1,True,Slow
3560,19,2026-05-20 01:14:26,189.42,200,PUT,2477.039,34.24,20.51,1,No Error,Sa-East-1,False,Fast
3561,228,2026-05-03 06:48:49,359.97,201,PUT,3923.91,8.61,37.22,1,No Error,Us-West-2,False,Moderate
3562,104,2026-05-25 06:53:54,303.56,201,PATCH,1976.672,21.38,22.62,1,No Error,Us-West-2,False,Moderate
3563,109,2026-05-07 20:26:30,307.51,200,PATCH,353.423,12.54,34.61,2,No Error,Eu-West-1,False,Moderate
3564,41,2026-05-19 11:05:28,290.47,204,DELETE,10.009,38.44,26.59,1,No Error,Us-West-2,False,Moderate
3565,170,2026-05-02 07:04:25,319.92,204,GET,4.828,37.67,45.98,2,No Error,Sa-East-1,False,Moderate
3566,54,2026-05-03 19:17:25,274.27,201,GET,4.584,23.25,32.09,1,No Error,Eu-West-1,False,Moderate
3567,91,2026-05-10 14:44:16,69.64,400,PATCH,2795.871,2.42,29.72,1,Bad Request: Invalid JSON payload structure,Eu-West-1,True,Fast
3568,16,2026-05-23 10:46:42,297.56,200,DELETE,10.453,24.14,18.36,1,No Error,Us-East-1,False,Moderate
3569,16,2026-05-04 21:19:18,20981.72,500,PATCH,1176.845,99.54,97.58,1,Internal Server Error: NullPointerException in controller execution layer,Ap-Southeast-1,True,Slow
3570,32,2026-05-11 05:36:50,21748.8,503,DELETE,3.559,90.53,96.51,1,Service Unavailable: Downstream database connection pool timeout,Us-West-2,True,Slow
3571,207,2026-05-01 16:02:41,53.92,404,DELETE,5.899,10.16,28.7,1,Resource Not Found: Endpoint entity collection does not exist,Us-West-2,True,Fast
3572,21,2026-05-06 05:08:13,-1.0,400,POST,1397.324,-99.0,-1.0,1,No Error,Eu-West-1,True,Fast
3573,218,2026-05-25 03:32:42,382.04,200,GET,9.743,21.97,27.92,1,No Error,Sa-East-1,False,Moderate
3574,245,2026-05-21 12:48:47,72.63,200,GET,9.797,11.97,43.07,1,No Error,Sa-East-1,False,Fast
3575,185,2026-05-13 21:05:03,27925.71,504,DELETE,12.219,96.21,92.48,1,Gateway Timeout: Upstream microservice failed to respond within 15000ms,Us-West-2,True,Slow
3576,185,2026-05-10 22:40:34,11.13,401,POST,1157.983,4.8,21.81,1,Unauthorized: Signature mismatch or expired bearer token,Sa-East-1,True,Fast
3577,124,2026-05-17 03:02:36,11390.05,500,PUT,2464.795,91.01,93.64,1,Internal Server Error: NullPointerException in controller execution layer,Eu-West-1,True,Slow
3578,12,2026-05-11 17:44:55,9.76,500,DELETE,4.08,0.46,10.03,1,    CRITICAL_TELEMETRY_DROP_OUT,Eu-West-1,True,Fast
3579,243,2026-05-14 00:35:38,200.385,500,POST,3084.939,165.4,-1.0,1,CRITICAL_TELEMETRY_DROP_OUT,Us-East-1,True,Moderate
3580,148,2026-05-03 09:56:29,37.12,200,PATCH,2974.264,1.43,35.8,1,No Error,Sa-East-1,False,Fast
3581,70,2026-05-09 19:33:27,271.77,200,POST,3711.299,32.31,14.3,1,No Error,Us-West-2,False,Moderate
3582,104,2026-05-08 11:58:35,107.24,200,DELETE,4.9,10.19,31.69,1,No Error,Eu-West-1,False,Fast
3583,179,2026-05-08 01:51:12,118.05,204,POST,3038.943,36.11,35.03,1,No Error,Us-East-1,False,Fast
3584,246,2026-05-25 17:00:11,99999.99,200,PUT,1817.803,17.42,-1.0,1,No Error,Us-East-1,False,Slow
3585,10,2026-05-09 11:10:30,220.99,201,PATCH,3171.018,13.09,34.66,1,No Error,Sa-East-1,False,Moderate
3586,27,2026-05-10 20:06:17,139.53,204,DELETE,7.552,18.71,26.36,12,No Error,Eu-West-1,False,Fast
3587,77,2026-05-25 00:12:13,412.75,204,GET,8.388,13.69,18.97,1,No Error,Eu-West-1,False,Moderate
3588,193,2026-05-15 07:50:05,190.61,204,DELETE,1.963,6.36,26.62,1,No Error,Us-West-2,False,Fast
3589,162,2026-05-17 17:16:55,92.74,200,DELETE,5.864,1.94,18.42,1,No Error,Eu-West-1,False,Fast
3590,164,2026-05-20 17:23:40,15.09,204,POST,459.948,28.16,13.6,1,No Error,Sa-East-1,False,Fast
3591,154,2026-05-09 20:00:48,16074.24,500,PUT,2427.034,96.03,94.42,1,Internal Server Error: NullPointerException in controller execution layer,Us-West-2,True,Slow
3592,112,2026-05-22 15:25:27,206.94,201,PUT,1539.872,19.62,20.42,1,No Error,Us-East-1,False,Moderate
3593,222,2026-05-06 19:55:42,359.35,201,PATCH,249.439,27.85,20.18,1,No Error,Ap-Southeast-1,False,Moderate
3594,138,2026-05-22 03:34:56,481.91,200,GET,6.261,27.35,41.89,1,No Error,Us-East-1,False,Moderate
3595,241,2026-05-01 05:55:37,63.93,204,PUT,1898.126,14.38,27.48,5,No Error,Eu-West-1,False,Fast
3596,68,2026-05-06 13:14:55,43.71,400,DELETE,4.921,3.38,16.27,1,Bad Request: Invalid JSON payload structure,Ap-Southeast-1,True,Fast
3597,150,2026-05-01 08:24:18,115.86,201,PATCH,2703.529,5.13,17.06,1,No Error,Us-East-1,False,Fast
3598,32,2026-05-03 06:11:13,379.28,201,PATCH,1205.789,5.33,39.12,1,No Error,Ap-Southeast-1,False,Moderate
3599,38,2026-05-17 07:23:34,146.7,204,DELETE,7.56,16.43,43.69,1,No Error,Eu-West-1,False,Fast
3600,139,2026-05-08 21:59:29,42.89,200,GET,6.907,33.29,24.81,1,No Error,Eu-West-1,False,Fast
3601,76,2026-05-22 00:28:18,148.18,200,POST,2482.411,17.74,21.1,1,No Error,Sa-East-1,False,Fast
3602,16,2026-05-03 07:01:56,181.05,204,PUT,1017.442,21.98,49.12,1,No Error,Ap-Southeast-1,False,Fast
3603,220,2026-05-06 01:42:09,241.17,200,PATCH,1148.5,4.84,50.54,1,No Error,Us-West-2,False,Moderate
3604,177,2026-05-01 10:21:24,27957.0,504,POST,3056.769,95.26,88.36,1,Gateway Timeout: Upstream microservice failed to respond within 15000ms,Us-West-2,True,Slow
3605,146,2026-05-07 05:33:36,25192.17,503,GET,1.089,96.28,89.42,1,Service Unavailable: Downstream database connection pool timeout,Eu-West-1,True,Slow
3606,230,2026-05-11 13:27:07,435.39,204,PUT,3827.996,13.81,29.88,1,No Error,Sa-East-1,False,Moderate
3607,109,2026-05-11 09:48:04,443.23,200,GET,9.721,15.97,40.74,5,No Error,Us-East-1,False,Moderate
3608,154,2026-05-07 10:43:18,325.4,200,PUT,930.426,22.94,26.12,1,No Error,Sa-East-1,False,Moderate
3609,221,2026-05-19 18:30:50,16.11,429,POST,1403.837,11.87,23.39,1,Rate Limit Exceeded: Threshold of 100 req/sec breached,Eu-West-1,True,Fast
3610,201,2026-05-19 10:20:51,339.07,200,PUT,1269.588,21.48,34.81,1,No Error,Us-East-1,False,Moderate
3611,20,2026-09-05 07:27:44,140.45,500,POST,3855.342,23.26,71.07,1,CRITICAL_TELEMETRY_DROP_OUT,Sa-East-1,True,Fast
3612,57,2026-05-16 05:55:39,260.37,200,POST,1586.804,22.14,46.44,2,No Error,Ap-Southeast-1,False,Moderate
3613,232,2026-05-04 13:45:18,76.01,200,DELETE,3.116,30.12,25.77,1,No Error,Sa-East-1,False,Fast
3614,42,2026-05-13 05:00:02,20868.71,504,DELETE,7.698,93.08,99.59,1,Gateway Timeout: Upstream microservice failed to respond within 15000ms,Sa-East-1,True,Slow
3615,13,2026-05-18 20:11:18,358.45,201,PATCH,3604.487,37.98,50.25,1,No Error,Eu-West-1,False,Moderate
3616,178,2026-05-10 22:20:31,127.12,201,GET,10.637,1.99,24.98,1,No Error,Us-East-1,False,Fast
3617,169,2026-05-18 06:52:30,439.38,204,PATCH,495.522,2.22,45.05,1,No Error,Us-West-2,False,Moderate
3618,140,2026-05-12 20:19:37,96.87,201,PATCH,43.194,33.0,18.24,2,No Error,Eu-West-1,False,Fast
3619,3,2026-05-24 03:22:14,157.42,200,DELETE,10.413,21.99,52.23,1,No Error,Eu-West-1,False,Fast
3620,207,2026-05-23 16:55:25,443.96,200,GET,3.071,30.48,29.09,1,No Error,Us-East-1,False,Moderate
3621,71,2026-05-19 04:21:23,76.01,429,POST,2328.412,4.65,13.18,2,Rate Limit Exceeded: Threshold of 100 req/sec breached,Ap-Southeast-1,True,Fast
3622,94,2026-05-23 00:39:36,387.6,201,POST,3581.111,37.98,46.34,1,No Error,Us-West-2,False,Moderate
3623,50,2026-05-11 15:52:19,190.47,201,POST,966.194,36.26,32.47,1,No Error,Sa-East-1,False,Fast
3624,47,2026-05-13 06:53:29,361.5,204,DELETE,3.346,20.31,23.35,1,No Error,Us-East-1,False,Moderate
3625,50,2026-05-16 07:06:45,355.28,204,PUT,2286.301,20.09,47.06,1,No Error,Us-East-1,False,Moderate
3626,116,2026-05-14 15:39:40,440.77,200,DELETE,6.51,10.78,39.83,1,No Error,Us-East-1,False,Moderate
3627,120,2026-05-25 02:20:32,418.32,201,DELETE,9.26,8.23,48.75,1,No Error,Sa-East-1,False,Moderate
3628,166,2026-05-02 21:42:40,50.3,200,DELETE,7.529,0.58,24.68,1,No Error,Us-West-2,False,Fast
3629,87,2026-05-14 21:45:42,262.19,200,PUT,1108.825,12.74,46.0,1,No Error,Us-East-1,False,Moderate
3630,60,2026-05-20 12:56:43,176.6,201,POST,1424.959,26.84,21.57,1,No Error,Ap-Southeast-1,False,Fast
3631,18,2026-05-17 16:36:06,15978.52,500,PUT,1001.674,97.84,97.11,1,Internal Server Error: NullPointerException in controller execution layer,Eu-West-1,True,Slow
3632,135,2026-05-11 20:37:23,193.03,204,GET,12.373,23.01,28.76,2,No Error,Us-East-1,False,Fast
3633,241,2026-05-13 21:04:05,433.0,200,DELETE,3.089,36.97,23.65,2,No Error,Us-West-2,False,Moderate
3634,64,2026-05-18 16:07:05,24.01,403,PUT,1071.755,9.58,27.1,2,Forbidden: Client lacks required read/write scopes,Sa-East-1,True,Fast
3635,28,2026-05-03 18:49:01,99999.99,200,PUT,597.917,17.42,0.0,1,No Error,Ap-Southeast-1,False,Slow
3636,142,2026-05-01 14:30:58,140.63,201,DELETE,9.651,14.06,48.1,1,No Error,Sa-East-1,False,Fast
3637,160,2026-05-23 14:36:23,158.3,200,GET,2.439,10.12,32.92,1,No Error,Us-West-2,False,Fast
3638,25,2026-05-08 13:20:27,311.19,201,POST,399.627,37.23,18.53,2,No Error,Eu-West-1,False,Moderate
3639,83,2026-05-19 03:05:19,325.92,200,DELETE,12.389,1.28,30.49,1,No Error,Eu-West-1,False,Moderate
3640,41,2026-05-22 06:08:35,12543.05,503,PATCH,3801.165,95.87,98.15,1,Service Unavailable: Downstream database connection pool timeout,Ap-Southeast-1,True,Slow
3641,190,2026-05-15 11:16:49,387.32,200,POST,3828.89,22.98,19.72,1,No Error,Us-East-1,False,Moderate
3642,116,2026-05-17 16:43:55,69.45,200,GET,7.186,3.49,48.86,1,No Error,Ap-Southeast-1,False,Fast
3643,149,2026-05-08 23:30:04,314.53,200,DELETE,2.037,25.29,17.67,1,No Error,Us-West-2,False,Moderate
3644,43,2026-05-06 09:09:44,345.81,200,DELETE,7.783,27.11,41.88,1,No Error,Us-East-1,False,Moderate
3645,110,2026-05-02 09:33:57,16.82,201,GET,4.042,18.93,36.82,1,No Error,Eu-West-1,False,Fast
3646,98,2026-05-09 02:06:53,308.73,204,GET,0.512,28.74,22.07,1,No Error,Eu-West-1,False,Moderate
3647,196,2026-05-04 12:11:04,42.49,403,PUT,3390.197,2.95,14.71,1,Forbidden: Client lacks required read/write scopes,Us-West-2,True,Fast
3648,113,2026-05-23 03:16:56,74.59,403,PUT,3091.926,3.3,29.66,1,Forbidden: Client lacks required read/write scopes,Us-West-2,True,Fast
3649,163,2026-05-09 08:31:26,44.3,500,PUT,3276.787,10.04,15.88,1,    CRITICAL_TELEMETRY_DROP_OUT,Eu-West-1,True,Fast
3650,122,2026-05-01 04:03:28,14068.93,500,PUT,183.083,93.0,93.48,2,Internal Server Error: NullPointerException in controller execution layer,Eu-West-1,True,Slow
3651,224,2026-05-13 05:35:22,369.37,200,GET,5.29,10.13,50.08,1,No Error,Sa-East-1,False,Moderate
3652,99,2026-05-08 15:22:47,41.06,200,PATCH,2400.283,33.62,21.76,1,No Error,Sa-East-1,False,Fast
3653,47,2026-05-25 10:26:57,235.37,200,DELETE,8.258,14.71,14.75,1,No Error,Eu-West-1,False,Moderate
3654,11,2026-05-01 08:22:28,55.95,204,GET,0.57,5.47,52.14,1,No Error,Ap-Southeast-1,False,Fast
3655,80,2026-05-12 19:12:40,368.59,201,GET,6.283,23.46,34.29,2,No Error,Us-East-1,False,Moderate
3656,69,2026-05-13 17:00:24,300.74,200,DELETE,2.598,35.82,34.73,1,No Error,Us-West-2,False,Moderate
3657,113,2026-05-13 07:59:25,50.24,201,GET,10.169,10.02,46.85,1,No Error,Ap-Southeast-1,False,Fast
3658,192,2026-05-07 11:26:38,20337.11,504,PATCH,461.919,97.0,89.49,1,Gateway Timeout: Upstream microservice failed to respond within 15000ms,Us-East-1,True,Slow
3659,164,2026-05-07 02:39:56,142.48,204,GET,1.2,30.53,47.98,5,No Error,Us-East-1,False,Fast
3660,125,2026-05-22 07:05:26,200.23,201,PATCH,1973.502,29.57,50.86,2,No Error,Ap-Southeast-1,False,Moderate
3661,115,2026-05-21 03:20:44,421.31,200,PUT,3101.176,19.47,16.53,1,No Error,Eu-West-1,False,Moderate
3662,84,2026-05-08 06:59:44,438.18,200,DELETE,0.554,31.84,37.93,1,No Error,Eu-West-1,False,Moderate
3663,233,2026-05-06 18:08:09,298.25,201,GET,1.591,34.89,17.95,1,No Error,Us-West-2,False,Moderate
3664,214,2026-05-02 04:07:06,188.86,200,PUT,3992.152,37.39,42.35,1,No Error,Us-East-1,False,Fast
3665,92,2026-05-06 09:28:54,200.385,200,PATCH,2396.935,-99.0,0.0,2,No Error,Eu-West-1,False,Moderate
3666,158,2026-05-09 15:10:51,-1.0,400,GET,10.829,-99.0,0.0,1,No Error,Us-West-2,True,Fast
3667,239,2026-05-03 04:30:09,227.26,201,POST,2913.919,28.18,42.39,1,No Error,Eu-West-1,False,Moderate
3668,138,2026-05-16 05:18:13,60.32,429,GET,11.517,7.54,9.58,1,Rate Limit Exceeded: Threshold of 100 req/sec breached,Eu-West-1,True,Fast
3669,144,2026-05-22 22:34:33,25420.06,504,GET,0.968,96.72,97.02,1,Gateway Timeout: Upstream microservice failed to respond within 15000ms,Eu-West-1,True,Slow
3670,66,2026-05-07 22:50:11,40.62,404,PUT,814.949,10.8,10.74,1,Resource Not Found: Endpoint entity collection does not exist,Us-East-1,True,Fast
3671,207,2026-05-16 18:48:35,402.69,200,PATCH,616.756,1.14,29.94,1,No Error,Ap-Southeast-1,False,Moderate
3672,219,2026-05-01 00:32:59,252.48,200,GET,8.457,36.68,40.83,1,No Error,Ap-Southeast-1,False,Moderate
3673,204,2026-05-18 12:06:50,342.27,204,GET,7.062,25.98,49.43,2,No Error,Us-West-2,False,Moderate
3674,219,2026-05-11 07:51:32,87.95,204,DELETE,11.19,7.19,13.8,1,No Error,Us-West-2,False,Fast
3675,115,2026-05-02 22:46:46,388.85,200,GET,5.536,36.57,34.91,1,No Error,Us-East-1,False,Moderate
3676,220,2026-05-15 22:37:26,89.46,201,POST,3060.155,8.21,24.44,1,No Error,Us-West-2,False,Fast
3677,188,2026-05-03 22:08:27,49.26,204,GET,10.734,6.25,23.62,1,No Error,Eu-West-1,False,Fast
3678,106,2026-05-19 03:00:48,249.23,204,PUT,2683.154,24.84,35.18,1,No Error,Us-East-1,False,Moderate
3679,116,2026-05-20 04:56:02,253.45,204,POST,864.398,11.22,36.02,1,No Error,Ap-Southeast-1,False,Moderate
3680,26,2026-05-25 20:02:08,330.4,204,PATCH,1516.377,2.95,47.05,1,No Error,Us-West-2,False,Moderate
3681,117,2026-05-03 18:33:12,78.32,403,PATCH,3793.541,8.9,16.52,2,Forbidden: Client lacks required read/write scopes,Us-East-1,True,Fast
3682,114,2026-05-08 03:18:13,68.14,429,PUT,1770.786,8.94,21.26,1,Rate Limit Exceeded: Threshold of 100 req/sec breached,Eu-West-1,True,Fast
3683,244,2026-05-14 19:07:50,259.57,204,PATCH,39.764,33.78,13.97,1,No Error,Eu-West-1,False,Moderate
3684,184,2026-05-22 11:45:58,132.01,200,PATCH,1709.179,7.43,47.23,1,No Error,Eu-West-1,False,Fast
3685,106,2026-05-06 21:09:31,61.92,500,PATCH,2199.186,3.91,25.21,1,    CRITICAL_TELEMETRY_DROP_OUT,Sa-East-1,True,Fast
3686,234,2026-05-11 12:05:39,357.23,200,PATCH,3789.439,34.85,34.66,2,No Error,Us-East-1,False,Moderate
3687,232,2026-05-16 06:19:25,6.64,404,PATCH,1278.895,8.69,11.58,1,Resource Not Found: Endpoint entity collection does not exist,Us-West-2,True,Fast
3688,69,2026-05-02 11:30:39,338.21,200,PATCH,3708.046,31.78,32.71,2,No Error,Us-East-1,False,Moderate
3689,86,2026-05-13 13:23:13,32.22,200,POST,2147.687,15.54,39.52,1,No Error,Us-East-1,False,Fast
3690,179,2026-05-06 08:29:52,18.75,204,DELETE,1.769,1.81,48.15,1,No Error,Ap-Southeast-1,False,Fast
3691,31,2026-05-24 10:06:12,95.54,201,DELETE,12.332,13.22,21.99,1,No Error,Eu-West-1,False,Fast
3692,44,2026-05-17 01:29:23,200.385,200,DELETE,9.076,-99.0,0.0,1,No Error,Ap-Southeast-1,False,Moderate
3693,146,2026-05-01 03:08:17,421.98,500,DELETE,8.597,30.78,65.74,1,CRITICAL_TELEMETRY_DROP_OUT,Sa-East-1,True,Moderate
3694,219,2026-05-18 06:43:44,-1.0,200,DELETE,12.336,-99.0,29.34,2,No Error,Us-East-1,False,Fast
3695,131,2026-05-06 09:53:20,201.38,201,POST,1478.656,34.95,31.11,2,No Error,Eu-West-1,False,Moderate
3696,95,2026-05-21 16:32:10,273.15,201,DELETE,1.59,30.99,46.28,1,No Error,Eu-West-1,False,Moderate
3697,20,2026-05-11 12:09:17,249.93,201,PUT,178.094,6.87,15.75,1,No Error,Us-East-1,False,Moderate
3698,160,2026-05-12 06:14:03,20.41,429,GET,4.117,7.12,22.45,1,Rate Limit Exceeded: Threshold of 100 req/sec breached,Us-West-2,True,Fast
3699,247,2026-05-12 09:27:21,99.15,201,DELETE,10.352,29.85,46.42,1,No Error,Ap-Southeast-1,False,Fast
3700,113,2026-05-19 06:04:56,242.28,200,PUT,1703.714,19.9,39.26,1,No Error,Us-East-1,False,Moderate
3701,66,2026-05-18 04:41:33,118.04,201,DELETE,6.563,15.6,18.64,1,No Error,Us-East-1,False,Fast
3702,76,2026-05-08 12:01:59,21012.26,500,PATCH,598.458,97.81,93.32,2,Internal Server Error: NullPointerException in controller execution layer,Ap-Southeast-1,True,Slow
3703,40,2026-05-15 19:47:46,354.22,200,PATCH,3852.621,21.15,12.72,1,No Error,Us-West-2,False,Moderate
3704,191,2026-05-01 12:35:31,358.56,201,PATCH,2788.246,33.95,37.46,1,No Error,Sa-East-1,False,Moderate
3705,25,2026-05-06 21:50:30,33.76,204,PATCH,3146.158,37.98,13.07,1,No Error,Eu-West-1,False,Fast
3706,177,2026-05-18 15:57:00,93.14,400,PUT,1425.35,11.17,18.6,2,No Error,Us-East-1,True,Fast
3707,54,2026-05-19 18:09:46,246.36,200,PATCH,485.136,8.05,30.28,2,No Error,Us-West-2,False,Moderate
3708,158,2026-05-10 11:06:51,167.68,204,GET,4.341,9.91,20.89,1,No Error,Us-West-2,False,Fast
3709,102,2026-05-23 05:09:13,232.37,200,POST,1342.834,0.85,13.24,2,No Error,Sa-East-1,False,Moderate
3710,49,2026-05-08 22:44:27,256.56,204,PATCH,3718.592,3.17,40.98,1,No Error,Ap-Southeast-1,False,Moderate
3711,189,2026-05-15 19:32:33,34.53,200,POST,550.636,37.58,26.61,2,No Error,Eu-West-1,False,Fast
3712,100,2026-05-06 05:05:12,219.95,200,GET,5.527,24.11,44.19,1,No Error,Eu-West-1,False,Moderate
3713,238,2026-05-17 17:23:12,279.5,201,DELETE,0.415,16.05,30.28,1,No Error,Us-West-2,False,Moderate
3714,215,2026-05-24 16:53:34,14.18,404,POST,983.367,8.75,17.39,1,Resource Not Found: Endpoint entity collection does not exist,Eu-West-1,True,Fast
3715,23,2026-05-17 22:36:14,43.95,201,PATCH,1465.967,28.89,21.04,1,No Error,Sa-East-1,False,Fast
3716,242,2026-05-02 09:40:51,249.38,200,GET,9.37,3.21,15.03,1,No Error,Us-East-1,False,Moderate
3717,125,2026-05-13 12:25:58,144.59,204,PATCH,75.162,33.7,22.55,1,No Error,Us-West-2,False,Fast
3718,195,2026-05-03 11:39:14,54.12,200,GET,12.319,4.54,47.23,1,No Error,Eu-West-1,False,Fast
3719,96,2026-05-06 11:40:33,20.72,404,PATCH,3218.286,2.91,29.67,1,Resource Not Found: Endpoint entity collection does not exist,Eu-West-1,True,Fast
3720,3,2026-05-11 10:16:53,168.03,200,PUT,546.416,22.98,28.25,1,No Error,Us-East-1,False,Fast
3721,187,2026-05-18 20:28:54,269.19,200,GET,2.325,18.03,15.28,1,No Error,Us-East-1,False,Moderate
3722,132,2026-05-13 16:59:58,35.84,204,PUT,1027.436,27.18,52.22,1,No Error,Ap-Southeast-1,False,Fast
3723,2,2026-05-22 10:42:25,17.33,200,POST,2789.345,18.78,28.15,1,No Error,Ap-Southeast-1,False,Fast
3724,234,2026-05-04 09:49:13,142.75,200,PATCH,839.013,18.99,25.58,5,No Error,Sa-East-1,False,Fast
3725,209,2026-05-24 23:33:24,276.44,200,PATCH,2958.712,4.35,14.41,5,No Error,Us-West-2,False,Moderate
3726,154,2026-05-19 16:38:34,124.79,200,GET,1.802,21.75,21.12,5,No Error,Sa-East-1,False,Fast
3727,128,2026-05-19 12:41:06,23140.56,504,GET,6.351,98.38,89.58,1,Gateway Timeout: Upstream microservice failed to respond within 15000ms,Us-East-1,True,Slow
3728,185,2026-05-14 02:50:45,10.13,429,DELETE,2.49,8.03,13.79,1,Rate Limit Exceeded: Threshold of 100 req/sec breached,Sa-East-1,True,Fast
3729,234,2026-05-24 15:43:24,11455.58,503,POST,4075.812,99.13,88.1,1,Service Unavailable: Downstream database connection pool timeout,Us-East-1,True,Slow
3730,230,2026-05-04 16:50:00,45.24,403,GET,5.045,9.26,9.43,1,Forbidden: Client lacks required read/write scopes,Us-East-1,True,Fast
3731,250,2026-05-20 06:47:22,35.67,200,PATCH,2435.981,36.17,30.52,1,No Error,Ap-Southeast-1,False,Fast
3732,51,2026-05-08 06:03:52,23.1,400,DELETE,11.369,10.92,14.7,2,Bad Request: Invalid JSON payload structure,Us-West-2,True,Fast
3733,217,2026-05-06 23:23:16,187.24,200,PATCH,2613.004,27.48,27.54,1,No Error,Ap-Southeast-1,False,Fast
3734,75,2026-05-10 02:03:56,8.13,500,GET,5.525,6.88,17.11,1,    CRITICAL_TELEMETRY_DROP_OUT,Us-West-2,True,Fast
3735,63,2026-05-02 18:37:34,67.43,200,PATCH,3414.824,8.49,15.82,5,No Error,Us-West-2,False,Fast
3736,157,2026-05-12 16:50:41,279.09,200,PUT,2220.958,30.37,49.08,1,No Error,Ap-Southeast-1,False,Moderate
3737,166,2026-05-07 13:26:30,365.35,200,POST,3655.067,8.76,26.72,1,No Error,Us-East-1,False,Moderate
3738,242,2026-05-20 07:33:44,282.97,200,DELETE,6.226,25.46,34.18,1,No Error,Eu-West-1,False,Moderate
3739,113,2026-05-18 04:45:14,408.75,201,POST,1280.116,21.93,38.31,1,No Error,Sa-East-1,False,Moderate
3740,66,2026-05-24 00:01:22,78.91,204,PUT,1793.001,17.69,23.03,2,No Error,Us-West-2,False,Fast
3741,214,2026-05-03 19:28:02,272.5,200,PATCH,193.526,5.18,17.16,1,No Error,Sa-East-1,False,Moderate
3742,166,2026-05-03 03:01:04,13.33,201,PATCH,935.405,8.3,24.3,5,No Error,Us-East-1,False,Fast
3743,109,2026-05-24 01:38:32,383.11,200,PATCH,3735.47,33.39,29.85,1,No Error,Eu-West-1,False,Moderate
3744,147,2026-05-09 17:31:25,54.13,400,PUT,951.804,0.38,9.08,1,Bad Request: Invalid JSON payload structure,Sa-East-1,True,Fast
3745,89,2026-05-09 05:35:17,300.98,200,PATCH,73.41,37.47,22.01,1,No Error,Sa-East-1,False,Moderate
3746,38,2026-05-06 14:38:30,52.01,204,DELETE,10.796,23.67,31.95,1,No Error,Us-West-2,False,Fast
3747,147,2026-05-01 14:16:15,9.5,401,DELETE,0.612,4.03,16.74,1,Unauthorized: Signature mismatch or expired bearer token,Eu-West-1,True,Fast
3748,107,2026-05-20 21:59:59,323.81,204,GET,3.662,25.62,34.39,2,No Error,Us-West-2,False,Moderate
3749,227,2026-05-22 18:18:30,-1.0,400,PUT,578.418,17.42,0.0,1,No Error,Us-West-2,True,Fast
3750,123,2026-05-20 18:52:39,18.01,200,PATCH,2756.948,25.35,30.29,2,No Error,Eu-West-1,False,Fast
3751,128,2026-05-24 05:32:24,125.04,200,GET,11.86,33.51,42.02,1,No Error,Us-East-1,False,Fast
3752,54,2026-05-02 15:50:28,262.93,200,POST,3491.319,1.44,27.27,1,No Error,Sa-East-1,False,Moderate
3753,250,2026-05-10 11:55:28,153.77,200,PATCH,2282.011,30.23,26.16,1,No Error,Eu-West-1,False,Fast
3754,215,2026-05-18 13:48:50,183.13,200,PUT,3158.622,9.03,50.81,1,No Error,Us-East-1,False,Fast
3755,147,2026-05-12 03:26:27,323.34,200,DELETE,0.38,5.2,38.57,1,No Error,Us-East-1,False,Moderate
3756,56,2026-05-11 01:39:09,234.47,200,GET,8.167,34.45,51.57,1,No Error,Us-East-1,False,Moderate
3757,216,2026-05-21 08:05:31,345.95,200,POST,69.293,1.6,38.57,1,No Error,Sa-East-1,False,Moderate
3758,100,2026-05-11 15:48:33,360.84,201,PUT,651.797,23.71,44.87,1,No Error,Sa-East-1,False,Moderate
3759,97,2026-05-02 12:10:10,180.2,200,POST,2823.165,2.45,22.48,1,No Error,Ap-Southeast-1,False,Fast
3760,196,2026-05-14 00:39:44,242.95,200,PATCH,531.566,6.33,37.85,12,No Error,Ap-Southeast-1,False,Moderate
3761,69,2026-05-09 11:49:59,189.99,201,PUT,395.214,24.91,35.6,1,No Error,Ap-Southeast-1,False,Fast
3762,175,2026-05-01 19:59:42,32.67,401,POST,1342.326,11.91,13.14,1,Unauthorized: Signature mismatch or expired bearer token,Us-West-2,True,Fast
3763,154,2026-05-23 10:51:15,68.36,429,DELETE,1.336,6.58,26.63,1,Rate Limit Exceeded: Threshold of 100 req/sec breached,Ap-Southeast-1,True,Fast
3764,157,2026-05-23 01:52:54,442.45,200,PUT,858.49,34.78,32.1,5,No Error,Us-West-2,False,Moderate
3765,75,2026-05-08 11:47:28,169.61,204,POST,250.873,15.06,27.21,12,No Error,Us-West-2,False,Fast
3766,47,2026-05-08 21:35:52,409.47,200,GET,10.209,35.8,26.52,1,No Error,Us-East-1,False,Moderate
3767,70,2026-05-01 03:08:17,355.19,200,DELETE,3.982,57.47,69.88,1,No Error,Us-East-1,False,Moderate
3768,193,2026-05-01 17:46:28,154.97,200,POST,1190.171,17.25,50.54,1,No Error,Us-East-1,False,Fast
3769,193,2026-05-17 12:24:51,103.94,200,PATCH,2752.788,1.38,15.59,1,No Error,Ap-Southeast-1,False,Fast
3770,97,2026-05-14 10:42:47,44.2,204,PATCH,307.89,33.9,41.88,1,No Error,Sa-East-1,False,Fast
3771,217,2026-05-03 12:20:25,199.58,201,GET,11.054,3.47,18.64,1,No Error,Us-West-2,False,Fast
3772,15,2026-05-22 11:46:44,220.07,201,POST,2928.412,18.67,26.74,1,No Error,Us-East-1,False,Moderate
3773,240,2026-05-12 21:59:01,241.17,201,DELETE,11.652,32.76,14.12,1,No Error,Eu-West-1,False,Moderate
3774,22,2026-05-14 17:31:33,270.31,200,GET,2.665,18.82,33.6,1,No Error,Us-West-2,False,Moderate
3775,180,2026-05-22 20:45:40,145.67,200,PUT,1965.731,19.71,19.25,1,No Error,Sa-East-1,False,Fast
3776,217,2026-05-23 20:29:50,162.63,200,POST,3530.765,35.59,23.81,2,No Error,Us-West-2,False,Fast
3777,225,2026-05-09 09:09:03,383.91,200,PUT,2867.256,14.06,30.89,1,No Error,Sa-East-1,False,Moderate
3778,117,2026-05-04 05:39:05,214.76,201,GET,3.837,29.01,15.53,1,No Error,Sa-East-1,False,Moderate
3779,230,2026-05-04 00:55:49,389.63,201,PATCH,2480.722,22.42,32.86,1,No Error,Us-East-1,False,Moderate
3780,210,2026-05-10 23:04:35,56.27,404,GET,5.442,2.7,11.61,1,Resource Not Found: Endpoint entity collection does not exist,Eu-West-1,True,Fast
3781,129,2026-05-21 15:51:54,145.57,200,DELETE,6.763,13.74,48.4,12,No Error,Ap-Southeast-1,False,Fast
3782,84,2026-05-21 16:08:26,52.21,204,POST,1160.481,16.29,30.04,1,No Error,Us-East-1,False,Fast
3783,74,2026-05-07 07:45:46,388.92,201,PUT,982.646,17.65,34.08,1,No Error,Ap-Southeast-1,False,Moderate
3784,99,2026-05-23 08:10:14,339.18,200,GET,4.183,12.57,29.26,1,No Error,Sa-East-1,False,Moderate
3785,148,2026-05-11 19:11:13,157.37,200,POST,3108.498,15.6,19.11,1,No Error,Eu-West-1,False,Fast
3786,97,2026-05-09 03:01:34,266.01,204,GET,10.785,4.53,35.77,2,No Error,Us-East-1,False,Moderate
3787,185,2026-05-05 21:48:03,79.47,404,POST,1808.971,4.99,15.36,1,Resource Not Found: Endpoint entity collection does not exist,Eu-West-1,True,Fast
3788,105,2026-05-06 17:18:57,392.11,201,PATCH,1129.99,34.12,43.8,1,No Error,Ap-Southeast-1,False,Moderate
3789,98,2026-05-18 09:39:19,29.31,400,PUT,2926.673,7.17,26.03,5,No Error,Sa-East-1,True,Fast
3790,213,2026-05-14 16:43:05,381.87,200,GET,5.933,20.2,42.27,2,No Error,Eu-West-1,False,Moderate
3791,21,2026-05-07 17:31:21,367.06,204,DELETE,0.278,36.31,27.48,1,No Error,Sa-East-1,False,Moderate
3792,107,2026-05-11 15:53:01,141.89,200,PUT,3870.332,32.55,36.98,1,No Error,Us-West-2,False,Fast
3793,137,2026-05-11 15:23:41,43.2,400,GET,4.87,5.76,8.71,1,Bad Request: Invalid JSON payload structure,Eu-West-1,True,Fast
3794,175,2026-05-08 00:37:16,85.07,200,PATCH,3820.306,36.45,25.24,1,No Error,Us-East-1,False,Fast
3795,80,2026-05-25 23:20:04,10.93,401,PUT,3133.342,10.48,14.97,1,Unauthorized: Signature mismatch or expired bearer token,Sa-East-1,True,Fast
3796,161,2026-05-14 21:12:24,6.38,400,PUT,611.289,7.97,19.34,2,Bad Request: Invalid JSON payload structure,Eu-West-1,True,Fast
3797,102,2026-05-04 12:52:27,321.74,200,GET,3.23,16.88,44.06,1,No Error,Ap-Southeast-1,False,Moderate
3798,152,2026-05-21 20:06:29,92.54,400,POST,1701.461,8.88,14.67,1,Bad Request: Invalid JSON payload structure,Us-East-1,True,Fast
3799,59,2026-05-01 03:08:17,478.39,400,GET,2.516,24.92,61.69,1,No Error,Eu-West-1,True,Moderate
3800,191,2026-05-04 09:59:44,99999.99,200,GET,9.568,-99.0,-1.0,1,No Error,Eu-West-1,False,Slow
3801,31,2026-05-08 17:27:29,227.52,204,DELETE,8.238,27.16,45.54,1,No Error,Us-East-1,False,Moderate
3802,129,2026-05-21 05:05:34,99999.99,200,PATCH,1753.462,17.42,29.34,1,No Error,Sa-East-1,False,Slow
3803,94,2026-05-23 14:01:13,-1.0,500,PATCH,4037.769,17.42,29.34,1,CRITICAL_TELEMETRY_DROP_OUT,Eu-West-1,True,Fast
3804,191,2026-05-11 01:53:42,328.14,200,GET,11.429,29.21,35.4,1,No Error,Eu-West-1,False,Moderate
3805,29,2026-05-25 09:05:17,43.33,200,PUT,1481.483,3.82,16.24,1,No Error,Us-East-1,False,Fast
3806,40,2026-05-01 00:47:08,52.71,400,GET,0.866,9.67,21.81,1,Bad Request: Invalid JSON payload structure,Ap-Southeast-1,True,Fast
3807,50,2026-05-08 14:16:15,20346.24,503,PUT,3739.725,91.79,93.25,1,Service Unavailable: Downstream database connection pool timeout,Sa-East-1,True,Slow
3808,1,2026-05-19 08:22:47,310.47,200,DELETE,5.185,28.17,17.73,1,No Error,Us-East-1,False,Moderate
3809,127,2026-05-11 18:19:49,14.43,201,DELETE,7.864,32.05,38.71,1,No Error,Ap-Southeast-1,False,Fast
3810,19,2026-05-21 12:54:09,356.1,201,GET,11.179,15.27,27.43,1,No Error,Eu-West-1,False,Moderate
3811,110,2026-05-21 18:58:58,82.41,404,PATCH,1462.574,3.32,21.26,5,Resource Not Found: Endpoint entity collection does not exist,Us-East-1,True,Fast
3812,184,2026-05-13 23:31:52,100.23,200,GET,6.95,32.07,27.32,1,No Error,Eu-West-1,False,Fast
3813,224,2026-05-01 03:08:17,449.68,500,GET,10.045,39.18,52.8,2,CRITICAL_TELEMETRY_DROP_OUT,Eu-West-1,True,Moderate
3814,212,2026-05-23 05:18:43,142.26,201,POST,3322.264,21.61,30.47,2,No Error,Us-West-2,False,Fast
3815,4,2026-05-03 11:21:30,141.42,200,PATCH,3635.206,36.17,34.77,2,No Error,Sa-East-1,False,Fast
3816,91,2026-05-01 18:45:54,83.09,403,GET,8.111,2.36,13.18,2,Forbidden: Client lacks required read/write scopes,Us-West-2,True,Fast
3817,140,2026-05-03 15:26:16,99999.99,500,DELETE,3.107,165.4,-1.0,1,CRITICAL_TELEMETRY_DROP_OUT,Us-East-1,True,Slow
3818,134,2026-05-06 05:07:01,115.09,200,GET,4.555,9.35,48.96,1,No Error,Eu-West-1,False,Fast
3819,106,2026-05-18 21:44:04,111.44,200,GET,0.279,21.44,34.28,1,No Error,Ap-Southeast-1,False,Fast
3820,120,2026-05-01 03:08:17,231.83,400,POST,3405.658,41.16,55.86,1,No Error,Us-West-2,True,Moderate
3821,140,2026-05-03 16:27:29,130.14,201,POST,2078.797,38.04,15.68,1,No Error,Sa-East-1,False,Fast
3822,37,2026-05-22 15:41:49,52.49,200,GET,8.124,20.9,18.51,1,No Error,Us-West-2,False,Fast
3823,239,2026-05-15 07:21:24,363.18,200,PUT,3727.771,33.42,19.8,1,No Error,Us-East-1,False,Moderate
3824,249,2026-05-01 03:08:17,245.35,400,PATCH,462.589,33.19,70.0,1,No Error,Us-West-2,True,Moderate
3825,116,2026-05-01 06:41:02,289.68,200,PUT,3063.056,26.08,29.86,1,No Error,Sa-East-1,False,Moderate
3826,188,2026-05-23 09:40:26,291.57,204,GET,11.103,38.27,39.9,1,No Error,Ap-Southeast-1,False,Moderate
3827,97,2026-05-23 16:28:18,83.17,400,PATCH,2520.863,7.06,8.73,2,Bad Request: Invalid JSON payload structure,Us-East-1,True,Fast
3828,245,2026-05-06 21:48:05,83.02,403,PUT,2358.849,9.96,29.2,1,Forbidden: Client lacks required read/write scopes,Us-West-2,True,Fast
3829,64,2026-05-07 15:50:56,38.68,200,PATCH,3196.055,3.51,39.77,1,No Error,Ap-Southeast-1,False,Fast
3830,148,2026-05-09 07:51:00,215.15,201,DELETE,4.585,22.22,24.49,2,No Error,Us-West-2,False,Moderate
3831,139,2026-05-23 02:09:30,339.48,201,PATCH,3245.454,1.85,49.65,1,No Error,Ap-Southeast-1,False,Moderate
3832,221,2026-05-13 15:49:38,444.58,201,PUT,1099.914,31.35,12.7,1,No Error,Eu-West-1,False,Moderate
3833,128,2026-05-18 12:05:24,349.28,201,POST,809.174,32.2,12.1,2,No Error,Us-West-2,False,Moderate
3834,50,2026-05-01 03:08:17,75.06,200,DELETE,1.555,31.51,46.06,1,No Error,Ap-Southeast-1,False,Fast
3835,232,2026-05-19 08:29:23,116.25,200,PATCH,2004.559,36.0,31.66,1,No Error,Us-West-2,False,Fast
3836,13,2026-05-08 10:07:14,5.81,429,PUT,3472.41,12.08,26.57,1,Rate Limit Exceeded: Threshold of 100 req/sec breached,Ap-Southeast-1,True,Fast
3837,18,2026-05-12 14:59:18,32.73,429,PATCH,1948.951,2.11,11.93,1,Rate Limit Exceeded: Threshold of 100 req/sec breached,Eu-West-1,True,Fast
3838,133,2026-05-10 11:05:38,326.83,204,POST,1387.675,24.35,37.63,1,No Error,Us-West-2,False,Moderate
3839,27,2026-05-17 10:46:50,289.87,200,POST,2461.501,26.44,48.54,1,No Error,Us-West-2,False,Moderate
3840,189,2026-05-04 18:23:59,162.7,200,GET,1.809,8.3,24.9,1,No Error,Ap-Southeast-1,False,Fast
3841,213,2026-05-20 00:03:50,388.35,200,GET,5.767,6.81,14.2,1,No Error,Eu-West-1,False,Moderate
3842,208,2026-05-24 15:15:13,25316.17,503,PATCH,736.736,91.01,91.93,1,Service Unavailable: Downstream database connection pool timeout,Sa-East-1,True,Slow
3843,51,2026-05-23 08:01:21,23.32,201,GET,6.919,25.17,46.36,1,No Error,Eu-West-1,False,Fast
3844,58,2026-05-09 02:54:37,403.8,200,PATCH,1399.656,5.09,46.16,1,No Error,Eu-West-1,False,Moderate
3845,61,2026-05-15 00:29:40,157.81,204,PATCH,2161.057,23.25,44.29,1,No Error,Sa-East-1,False,Fast
3846,124,2026-05-23 04:56:16,200.88,204,PATCH,1390.111,14.72,23.13,1,No Error,Us-East-1,False,Moderate
3847,61,2026-05-16 03:45:22,122.58,201,PUT,1591.215,37.33,12.33,1,No Error,Ap-Southeast-1,False,Fast
3848,112,2026-05-03 15:13:36,53.63,404,GET,9.712,10.07,29.12,1,Resource Not Found: Endpoint entity collection does not exist,Us-West-2,True,Fast
3849,203,2026-05-07 21:19:08,436.3,204,GET,0.196,6.65,24.33,1,No Error,Us-East-1,False,Moderate
3850,16,2026-05-17 15:46:31,25830.96,500,POST,3275.609,93.87,94.19,1,Internal Server Error: NullPointerException in controller execution layer,Ap-Southeast-1,True,Slow
3851,42,2026-05-03 04:31:03,11.38,403,GET,4.423,7.19,19.21,1,Forbidden: Client lacks required read/write scopes,Sa-East-1,True,Fast
3852,95,2026-05-22 16:30:53,291.76,204,PATCH,3990.955,23.12,39.95,2,No Error,Sa-East-1,False,Moderate
3853,103,2026-05-20 08:49:13,148.23,200,POST,3014.763,29.17,12.1,1,No Error,Us-East-1,False,Fast
3854,238,2026-05-18 10:16:22,237.34,201,POST,2408.892,21.45,30.51,1,No Error,Us-East-1,False,Moderate
3855,55,2026-05-03 11:10:14,422.46,201,PUT,2365.936,26.1,46.6,1,No Error,Ap-Southeast-1,False,Moderate
3856,140,2026-05-14 04:18:51,371.26,201,GET,4.277,16.12,32.76,1,No Error,Eu-West-1,False,Moderate
3857,51,2026-05-22 09:40:10,253.3,200,DELETE,5.776,32.42,23.97,1,No Error,Us-East-1,False,Moderate
3858,18,2026-05-10 10:33:02,23441.38,504,DELETE,0.592,94.44,89.32,1,Gateway Timeout: Upstream microservice failed to respond within 15000ms,Ap-Southeast-1,True,Slow
3859,185,2026-05-12 19:56:00,110.19,200,DELETE,3.478,3.51,39.67,2,No Error,Sa-East-1,False,Fast
3860,220,2026-05-12 21:05:59,252.96,200,PATCH,3600.274,2.25,46.8,1,No Error,Us-East-1,False,Moderate
3861,174,2026-05-11 13:50:08,386.66,200,DELETE,1.794,18.23,25.97,1,No Error,Eu-West-1,False,Moderate
3862,70,2026-05-05 06:52:35,366.47,200,GET,4.453,38.11,14.65,1,No Error,Sa-East-1,False,Moderate
3863,14,2026-05-14 14:07:43,79.5,404,DELETE,10.097,1.78,12.32,1,Resource Not Found: Endpoint entity collection does not exist,Sa-East-1,True,Fast
3864,181,2026-05-17 03:42:17,411.39,200,PUT,1529.793,18.06,45.7,2,No Error,Eu-West-1,False,Moderate
3865,9,2026-05-06 16:41:16,48.14,400,PATCH,1239.868,0.33,22.4,1,No Error,Eu-West-1,True,Fast
3866,57,2026-05-04 02:08:40,164.74,204,PUT,2570.501,2.29,23.83,1,No Error,Eu-West-1,False,Fast
3867,176,2026-05-15 06:21:07,433.27,200,DELETE,8.382,36.84,48.07,1,No Error,Sa-East-1,False,Moderate
3868,218,2026-05-21 18:59:29,336.26,200,PUT,3149.882,32.66,33.47,2,No Error,Eu-West-1,False,Moderate
3869,12,2026-05-02 20:36:49,104.32,204,PATCH,2919.406,17.63,29.44,1,No Error,Us-West-2,False,Fast
3870,224,2026-05-25 03:09:38,414.94,200,DELETE,11.537,1.93,12.87,1,No Error,Sa-East-1,False,Moderate
3871,42,2026-05-18 12:42:51,138.15,200,POST,3584.179,10.98,25.67,1,No Error,Eu-West-1,False,Fast
3872,50,2026-05-02 12:57:31,189.85,200,PATCH,1601.694,4.47,26.8,2,No Error,Ap-Southeast-1,False,Fast
3873,21,2026-05-19 11:05:04,406.97,200,PATCH,673.039,18.43,17.74,1,No Error,Ap-Southeast-1,False,Moderate
3874,242,2026-05-22 18:36:31,51.43,204,PATCH,3146.523,23.15,50.42,1,No Error,Us-West-2,False,Fast
3875,238,2026-05-05 06:24:11,126.66,200,POST,897.482,9.54,21.91,1,No Error,Sa-East-1,False,Fast
3876,191,2026-05-09 17:52:40,85.03,403,PUT,53.601,3.6,17.45,1,Forbidden: Client lacks required read/write scopes,Sa-East-1,True,Fast
3877,3,2026-05-21 11:10:06,159.17,200,PATCH,2169.026,10.95,18.04,1,No Error,Us-West-2,False,Fast
3878,85,2026-05-01 03:46:04,130.12,200,DELETE,1.381,23.01,44.97,1,No Error,Eu-West-1,False,Fast
3879,9,2026-05-15 00:44:13,27394.16,503,PUT,2706.192,91.05,91.8,5,Service Unavailable: Downstream database connection pool timeout,Eu-West-1,True,Slow
3880,188,2026-05-08 08:53:25,153.84,201,PUT,292.292,7.08,46.39,1,No Error,Us-East-1,False,Fast
3881,13,2026-05-09 17:38:09,171.82,204,POST,482.349,19.89,34.09,1,No Error,Sa-East-1,False,Fast
3882,169,2026-05-03 09:55:29,405.55,204,PUT,3304.92,23.4,51.34,1,No Error,Us-East-1,False,Moderate
3883,203,2026-05-05 08:11:55,68.35,404,PATCH,2508.99,9.55,22.86,1,Resource Not Found: Endpoint entity collection does not exist,Ap-Southeast-1,True,Fast
3884,145,2026-05-05 07:10:51,361.18,200,PUT,1431.071,17.24,25.2,1,No Error,Ap-Southeast-1,False,Moderate
3885,37,2026-05-04 15:12:18,-1.0,500,POST,1263.116,17.42,29.34,2,CRITICAL_TELEMETRY_DROP_OUT,Eu-West-1,True,Fast
3886,32,2026-05-03 01:50:53,334.88,200,PATCH,186.787,6.47,35.79,1,No Error,Sa-East-1,False,Moderate
3887,179,2026-05-06 09:03:39,351.32,200,POST,171.616,28.35,36.76,1,No Error,Us-East-1,False,Moderate
3888,134,2026-05-02 17:34:49,145.96,204,DELETE,2.787,24.08,47.22,1,No Error,Us-West-2,False,Fast
3889,62,2026-05-01 03:08:17,134.55,200,PATCH,3690.136,60.89,41.66,2,No Error,Eu-West-1,False,Fast
3890,202,2026-05-07 04:42:09,201.71,204,GET,2.633,25.34,50.97,1,No Error,Us-West-2,False,Moderate
3891,177,2026-05-09 20:20:51,16.81,500,POST,3205.186,3.07,19.2,5,    CRITICAL_TELEMETRY_DROP_OUT,Ap-Southeast-1,True,Fast
3892,210,2026-05-09 11:55:12,32.29,200,POST,901.685,14.58,28.07,1,No Error,Us-West-2,False,Fast
3893,242,2026-05-16 10:58:20,69.1,403,DELETE,4.519,2.37,9.61,1,Forbidden: Client lacks required read/write scopes,Sa-East-1,True,Fast
3894,166,2026-05-01 03:08:17,165.47,500,GET,3.713,58.36,65.26,1,CRITICAL_TELEMETRY_DROP_OUT,Ap-Southeast-1,True,Fast
3895,48,2026-05-14 11:14:02,-1.0,200,POST,800.218,165.4,-1.0,1,No Error,Us-West-2,False,Fast
3896,17,2026-05-05 13:52:15,188.47,204,PATCH,1114.208,27.02,20.82,1,No Error,Us-East-1,False,Fast
3897,91,2026-05-01 01:59:19,139.1,204,PATCH,2057.275,21.08,52.29,1,No Error,Ap-Southeast-1,False,Fast
3898,182,2026-05-09 05:42:01,249.6,204,PUT,197.643,20.29,33.37,1,No Error,Ap-Southeast-1,False,Moderate
3899,11,2026-05-14 16:11:07,26.47,403,POST,3428.742,6.94,13.95,5,Forbidden: Client lacks required read/write scopes,Sa-East-1,True,Fast
3900,132,2026-05-16 19:02:33,19.37,401,POST,3329.464,6.38,27.04,1,Unauthorized: Signature mismatch or expired bearer token,Sa-East-1,True,Fast
3901,65,2026-05-17 15:30:58,431.24,201,POST,1064.428,30.56,26.08,1,No Error,Ap-Southeast-1,False,Moderate
3902,214,2026-05-14 20:13:32,383.81,200,GET,6.842,3.94,22.0,1,No Error,Ap-Southeast-1,False,Moderate
3903,30,2026-05-12 13:16:53,165.86,204,DELETE,1.781,5.41,25.5,1,No Error,Eu-West-1,False,Fast
3904,3,2026-05-09 14:15:45,359.35,201,PUT,250.13,18.08,38.81,1,No Error,Eu-West-1,False,Moderate
3905,106,2026-05-17 17:23:46,433.86,201,DELETE,1.648,34.55,27.77,1,No Error,Us-East-1,False,Moderate
3906,56,2026-05-08 15:32:10,268.36,204,POST,2015.706,10.86,34.71,2,No Error,Sa-East-1,False,Moderate
3907,88,2026-05-17 15:22:26,341.51,204,POST,3223.721,6.5,40.13,1,No Error,Sa-East-1,False,Moderate
3908,96,2026-05-18 10:57:10,128.13,200,DELETE,8.192,32.74,23.18,2,No Error,Eu-West-1,False,Fast
3909,154,2026-05-12 17:52:09,185.12,200,PUT,2630.729,31.34,18.68,1,No Error,Ap-Southeast-1,False,Fast
3910,103,2026-05-04 18:34:15,263.86,204,DELETE,4.863,1.84,51.36,1,No Error,Ap-Southeast-1,False,Moderate
3911,207,2026-05-21 14:44:30,524.13,400,POST,3059.457,48.59,64.75,1,No Error,Sa-East-1,True,Slow
3912,195,2026-05-02 06:16:11,207.07,200,PATCH,1291.065,32.12,43.91,1,No Error,Eu-West-1,False,Moderate
3913,246,2026-05-07 02:25:31,464.63,200,PATCH,678.36,53.15,43.55,1,No Error,Us-West-2,False,Moderate
3914,155,2026-05-08 22:28:23,165.26,200,POST,3672.055,33.47,51.14,1,No Error,Sa-East-1,False,Fast
3915,221,2026-05-15 11:11:21,248.58,201,PUT,3655.131,14.9,16.14,1,No Error,Sa-East-1,False,Moderate
3916,192,2026-05-22 10:20:26,187.07,204,GET,5.891,11.8,28.39,2,No Error,Us-West-2,False,Fast
3917,23,2026-05-25 14:37:03,342.21,400,GET,11.512,49.94,57.56,1,No Error,Us-West-2,True,Moderate
3918,24,2026-05-14 06:43:23,266.71,200,GET,2.899,31.03,24.4,1,No Error,Us-East-1,False,Moderate
3919,79,2026-05-10 22:11:29,251.05,201,DELETE,11.594,16.98,12.25,1,No Error,Us-West-2,False,Moderate
3920,185,2026-05-07 16:33:22,324.06,200,PUT,1794.442,3.71,17.21,1,No Error,Us-West-2,False,Moderate
3921,66,2026-05-08 05:05:39,210.04,200,PUT,109.698,30.4,35.47,1,No Error,Eu-West-1,False,Moderate
3922,189,2026-05-04 02:03:41,260.78,200,DELETE,10.076,32.29,25.14,1,No Error,Us-East-1,False,Moderate
3923,108,2026-05-11 15:25:24,418.38,200,PATCH,2883.865,30.46,38.87,1,No Error,Eu-West-1,False,Moderate
3924,122,2026-05-20 22:35:13,139.58,200,DELETE,4.173,11.46,16.33,2,No Error,Us-East-1,False,Fast
3925,19,2026-05-02 12:13:50,9.59,429,POST,2281.277,6.6,12.01,2,Rate Limit Exceeded: Threshold of 100 req/sec breached,Us-West-2,True,Fast
3926,185,2026-05-23 02:14:43,183.63,204,DELETE,2.307,13.4,50.58,1,No Error,Ap-Southeast-1,False,Fast
3927,87,2026-05-01 07:50:06,11.54,400,GET,11.125,11.9,21.24,1,Bad Request: Invalid JSON payload structure,Eu-West-1,True,Fast
3928,17,2026-05-04 19:33:14,94.81,401,GET,6.289,11.99,16.37,1,Unauthorized: Signature mismatch or expired bearer token,Ap-Southeast-1,True,Fast
3929,193,2026-05-25 17:52:03,348.6,201,GET,0.25,29.12,17.33,1,No Error,Eu-West-1,False,Moderate
3930,189,2026-05-09 01:12:20,333.67,201,POST,2126.673,21.09,48.05,2,No Error,Sa-East-1,False,Moderate
3931,88,2026-05-02 13:48:02,240.38,200,GET,4.176,5.08,25.61,5,No Error,Eu-West-1,False,Moderate
3932,118,2026-05-02 20:34:58,132.67,200,POST,3677.029,14.67,15.46,1,No Error,Eu-West-1,False,Fast
3933,9,2026-05-24 18:54:45,88.89,201,POST,1667.862,7.93,42.04,1,No Error,Ap-Southeast-1,False,Fast
3934,31,2026-05-25 13:56:43,67.66,204,PUT,826.569,8.67,48.03,1,No Error,Eu-West-1,False,Fast
3935,216,2026-05-08 07:26:27,264.18,204,DELETE,9.858,18.41,17.15,1,No Error,Ap-Southeast-1,False,Moderate
3936,84,2026-05-11 06:01:55,436.54,200,POST,2502.937,35.98,35.26,1,No Error,Us-East-1,False,Moderate
3937,8,2026-05-04 13:25:22,227.34,204,POST,3628.604,2.23,46.21,2,No Error,Us-East-1,False,Moderate
3938,166,2026-05-23 18:28:19,29.08,401,DELETE,11.68,0.95,12.09,2,Unauthorized: Signature mismatch or expired bearer token,Sa-East-1,True,Fast
3939,72,2026-05-15 23:21:17,47.26,200,GET,9.336,10.44,24.78,1,No Error,Eu-West-1,False,Fast
3940,250,2026-05-05 16:05:25,107.1,204,DELETE,11.815,4.35,34.21,1,No Error,Us-West-2,False,Fast
3941,212,2026-05-01 10:11:22,255.22,200,POST,2719.524,21.96,30.48,1,No Error,Us-West-2,False,Moderate
3942,50,2026-05-15 05:19:29,42.3,200,PUT,713.453,4.27,40.49,1,No Error,Sa-East-1,False,Fast
3943,238,2026-05-23 04:28:39,437.27,200,POST,3048.825,13.21,26.63,1,No Error,Us-East-1,False,Moderate
3944,140,2026-05-08 07:02:42,6908.68,500,PATCH,2539.488,95.25,95.09,2,Internal Server Error: NullPointerException in controller execution layer,Us-East-1,True,Slow
3945,189,2026-05-04 07:23:47,92.23,403,PATCH,1987.12,7.16,29.34,1,Forbidden: Client lacks required read/write scopes,Eu-West-1,True,Fast
3946,146,2026-05-12 16:26:08,200.385,500,GET,7.011,165.4,-1.0,1,CRITICAL_TELEMETRY_DROP_OUT,Sa-East-1,True,Moderate
3947,146,2026-05-09 01:17:21,375.77,200,POST,2955.099,2.99,23.25,1,No Error,Ap-Southeast-1,False,Moderate
3948,58,2026-05-08 05:05:48,89.54,401,DELETE,5.922,8.9,21.48,1,Unauthorized: Signature mismatch or expired bearer token,Eu-West-1,True,Fast
3949,100,2026-05-02 15:51:17,-1.0,400,DELETE,1.887,-99.0,29.34,2,No Error,Eu-West-1,True,Fast
3950,43,2026-05-16 23:17:52,92.03,200,PUT,3715.966,26.14,34.76,2,No Error,Ap-Southeast-1,False,Fast
3951,206,2026-05-04 07:10:16,283.93,201,GET,6.287,11.62,19.09,1,No Error,Ap-Southeast-1,False,Moderate
3952,250,2026-05-08 16:44:08,297.31,200,DELETE,7.737,13.25,40.75,1,No Error,Sa-East-1,False,Moderate
3953,224,2026-05-08 09:51:13,309.22,201,GET,0.26,17.47,13.39,1,No Error,Sa-East-1,False,Moderate
3954,199,2026-05-23 16:26:41,110.37,200,POST,1881.804,38.07,30.46,1,No Error,Us-West-2,False,Fast
3955,140,2026-05-08 18:09:00,169.38,200,DELETE,4.407,12.21,48.24,1,No Error,Sa-East-1,False,Fast
3956,143,2026-05-09 00:35:34,407.8,201,PUT,3724.705,2.99,45.5,2,No Error,Us-West-2,False,Moderate
3957,6,2026-05-17 13:06:12,202.93,200,PATCH,478.308,8.11,29.73,1,No Error,Eu-West-1,False,Moderate
3958,227,2026-05-17 14:22:37,34.22,404,POST,2582.118,6.59,9.45,1,Resource Not Found: Endpoint entity collection does not exist,Sa-East-1,True,Fast
3959,136,2026-05-17 23:51:11,35.58,201,POST,1088.608,24.64,17.3,1,No Error,Us-East-1,False,Fast
3960,243,2026-05-21 08:52:54,445.65,204,GET,3.948,0.82,23.25,1,No Error,Us-West-2,False,Moderate
3961,164,2026-05-20 09:08:16,119.04,200,POST,3489.584,37.19,34.26,1,No Error,Eu-West-1,False,Fast
3962,87,2026-05-19 19:08:50,68.55,403,GET,9.103,3.05,28.21,1,Forbidden: Client lacks required read/write scopes,Us-West-2,True,Fast
3963,65,2026-05-22 12:45:09,5368.82,503,POST,2531.743,99.95,91.82,1,Service Unavailable: Downstream database connection pool timeout,Eu-West-1,True,Slow
3964,98,2026-05-15 01:22:34,22216.26,504,PUT,2840.367,93.53,99.65,1,Gateway Timeout: Upstream microservice failed to respond within 15000ms,Ap-Southeast-1,True,Slow
3965,170,2026-05-23 11:39:19,287.38,204,DELETE,11.548,23.81,32.61,1,No Error,Us-East-1,False,Moderate
3966,142,2026-05-25 21:53:45,405.74,201,PUT,4016.417,18.93,24.82,1,No Error,Eu-West-1,False,Moderate
3967,189,2026-05-17 23:52:58,56.93,429,POST,3768.892,3.99,25.93,1,Rate Limit Exceeded: Threshold of 100 req/sec breached,Ap-Southeast-1,True,Fast
3968,235,2026-05-12 23:35:38,216.14,201,DELETE,7.959,16.13,46.22,1,No Error,Sa-East-1,False,Moderate
3969,107,2026-05-01 14:18:56,289.5,201,PATCH,1825.16,5.76,28.14,1,No Error,Us-East-1,False,Moderate
3970,30,2026-05-17 18:47:01,158.9,200,PATCH,346.738,23.53,18.8,2,No Error,Us-East-1,False,Fast
3971,105,2026-05-13 19:43:10,267.4,201,PATCH,1608.756,25.51,17.34,2,No Error,Us-East-1,False,Moderate
3972,50,2026-05-16 05:12:17,87.0,201,POST,2134.519,30.85,15.54,1,No Error,Sa-East-1,False,Fast
3973,2,2026-05-21 17:30:59,23171.34,500,POST,3262.304,97.02,95.02,1,Internal Server Error: NullPointerException in controller execution layer,Sa-East-1,True,Slow
3974,69,2026-05-06 00:40:59,253.28,200,GET,0.742,16.31,26.64,1,No Error,Ap-Southeast-1,False,Moderate
3975,205,2026-05-08 15:34:16,349.67,200,PUT,3129.259,15.99,50.53,2,No Error,Ap-Southeast-1,False,Moderate
3976,223,2026-05-09 09:48:23,99999.99,500,PUT,1325.62,17.42,29.34,1,CRITICAL_TELEMETRY_DROP_OUT,Us-East-1,True,Slow
3977,178,2026-05-05 09:30:34,445.11,200,DELETE,10.739,34.87,22.9,1,No Error,Us-East-1,False,Moderate
3978,22,2026-05-21 07:41:30,271.63,200,PUT,3813.664,38.44,48.86,1,No Error,Eu-West-1,False,Moderate
3979,106,2026-05-04 04:34:42,246.37,201,GET,7.41,6.45,45.54,1,No Error,Ap-Southeast-1,False,Moderate
3980,26,2026-05-13 22:01:39,46.83,400,POST,1267.72,1.12,13.41,1,Bad Request: Invalid JSON payload structure,Eu-West-1,True,Fast
3981,183,2026-05-16 01:01:16,35.3,204,POST,4061.803,35.65,38.42,1,No Error,Us-West-2,False,Fast
3982,36,2026-05-16 15:00:43,258.76,204,PUT,1230.44,29.29,32.62,1,No Error,Us-West-2,False,Moderate
3983,169,2026-05-11 17:22:03,92.58,500,PATCH,3693.416,6.69,9.63,1,    CRITICAL_TELEMETRY_DROP_OUT,Us-West-2,True,Fast
3984,171,2026-05-01 13:49:46,326.17,204,PUT,503.275,17.37,23.4,1,No Error,Us-West-2,False,Moderate
3985,201,2026-05-17 12:28:54,242.64,200,GET,9.324,3.33,23.03,2,No Error,Us-West-2,False,Moderate
3986,173,2026-05-13 16:34:13,45.76,401,PUT,1261.342,5.95,14.44,1,Unauthorized: Signature mismatch or expired bearer token,Sa-East-1,True,Fast
3987,137,2026-05-05 01:05:07,78.79,201,PUT,1838.042,21.08,21.41,1,No Error,Us-East-1,False,Fast
3988,32,2026-05-05 17:16:25,437.22,204,GET,2.64,10.25,33.12,1,No Error,Ap-Southeast-1,False,Moderate
3989,25,2026-05-15 08:45:24,151.72,200,PUT,873.228,31.41,51.59,1,No Error,Us-East-1,False,Fast
3990,84,2026-05-01 13:00:35,301.87,204,DELETE,4.67,24.57,46.0,2,No Error,Us-West-2,False,Moderate
3991,119,2026-05-15 09:11:22,423.47,201,GET,1.637,22.71,50.11,1,No Error,Eu-West-1,False,Moderate
3992,104,2026-05-07 12:09:43,446.07,201,POST,1086.955,17.18,51.02,12,No Error,Sa-East-1,False,Moderate
3993,16,2026-05-24 21:43:58,200.385,500,PUT,2783.669,-99.0,0.0,1,CRITICAL_TELEMETRY_DROP_OUT,Sa-East-1,True,Moderate
3994,27,2026-05-03 02:17:59,320.01,204,PUT,3199.696,22.72,47.44,1,No Error,Ap-Southeast-1,False,Moderate
3995,168,2026-05-05 05:36:27,123.58,201,GET,4.202,22.78,15.56,1,No Error,Us-East-1,False,Fast
3996,238,2026-05-01 03:28:18,26488.48,503,POST,80.5,99.38,91.6,1,Service Unavailable: Downstream database connection pool timeout,Sa-East-1,True,Slow
3997,72,2026-05-03 20:23:49,93.18,401,POST,2774.181,4.92,15.66,1,Unauthorized: Signature mismatch or expired bearer token,Sa-East-1,True,Fast
3998,113,2026-05-13 13:45:12,14.67,429,GET,7.628,7.6,27.8,2,Rate Limit Exceeded: Threshold of 100 req/sec breached,Sa-East-1,True,Fast
3999,85,2026-05-24 17:06:44,133.7,200,GET,5.511,20.7,41.6,1,No Error,Us-West-2,False,Fast
4000,60,2026-05-10 09:26:00,278.35,200,GET,10.864,2.12,19.09,1,No Error,Sa-East-1,False,Moderate
4001,85,2026-05-02 05:35:14,278.72,204,POST,409.212,22.12,22.45,1,No Error,Ap-Southeast-1,False,Moderate
4002,227,2026-05-15 19:02:11,36.37,404,GET,0.59,6.52,18.3,1,Resource Not Found: Endpoint entity collection does not exist,Sa-East-1,True,Fast
4003,132,2026-05-20 17:06:42,295.0,204,PATCH,1640.561,21.27,26.02,1,No Error,Us-East-1,False,Moderate
4004,186,2026-05-25 07:09:19,273.94,200,GET,3.362,24.88,44.45,5,No Error,Sa-East-1,False,Moderate
4005,161,2026-05-06 18:07:26,68.14,200,GET,0.808,37.73,21.11,1,No Error,Eu-West-1,False,Fast
4006,7,2026-05-13 13:50:46,422.06,201,PATCH,1182.613,37.54,39.16,1,No Error,Ap-Southeast-1,False,Moderate
4007,178,2026-05-25 07:46:19,275.56,201,POST,2945.096,4.73,20.41,1,No Error,Sa-East-1,False,Moderate
4008,129,2026-05-20 23:14:27,192.18,200,PATCH,2471.129,36.27,15.93,1,No Error,Eu-West-1,False,Fast
4009,51,2026-05-25 22:58:55,15.69,200,DELETE,12.01,13.26,16.76,1,No Error,Us-West-2,False,Fast
4010,62,2026-05-05 19:02:09,208.99,201,POST,2902.106,21.86,15.07,1,No Error,Sa-East-1,False,Moderate
4011,25,2026-05-24 12:40:41,222.37,204,PATCH,2229.701,8.68,15.16,1,No Error,Us-West-2,False,Moderate
4012,153,2026-05-17 15:03:17,48.03,200,GET,9.831,2.52,12.47,1,No Error,Sa-East-1,False,Fast
4013,191,2026-05-22 21:06:27,433.52,201,PUT,1475.958,10.66,39.84,1,No Error,Us-West-2,False,Moderate
4014,241,2026-05-17 14:00:56,210.62,200,POST,1787.911,35.4,27.14,5,No Error,Ap-Southeast-1,False,Moderate
4015,190,2026-05-23 12:42:36,46.94,400,PUT,168.983,1.72,13.14,1,No Error,Us-East-1,True,Fast
4016,44,2026-05-14 11:49:13,86.23,200,PATCH,866.643,5.6,12.39,1,No Error,Ap-Southeast-1,False,Fast
4017,132,2026-05-11 05:03:21,185.75,200,POST,1015.836,9.63,38.15,1,No Error,Us-West-2,False,Fast
4018,84,2026-05-12 17:20:54,58.55,429,DELETE,7.538,1.52,21.06,1,Rate Limit Exceeded: Threshold of 100 req/sec breached,Us-West-2,True,Fast
4019,65,2026-05-15 11:15:09,18.27,404,DELETE,11.877,9.29,20.4,1,Resource Not Found: Endpoint entity collection does not exist,Sa-East-1,True,Fast
4020,139,2026-05-20 11:43:17,245.96,204,DELETE,1.001,19.13,43.76,1,No Error,Us-West-2,False,Moderate
4021,15,2026-05-16 17:53:34,371.91,201,POST,431.785,25.48,19.38,1,No Error,Ap-Southeast-1,False,Moderate
4022,117,2026-05-10 20:00:19,67.2,403,PUT,1381.573,10.75,29.06,1,Forbidden: Client lacks required read/write scopes,Eu-West-1,True,Fast
4023,153,2026-05-22 20:54:44,263.23,200,PATCH,3405.136,9.4,32.81,1,No Error,Us-East-1,False,Moderate
4024,182,2026-05-01 00:03:53,61.57,204,GET,6.1,26.45,31.31,1,No Error,Us-East-1,False,Fast
4025,97,2026-05-12 11:19:51,185.84,204,PUT,783.664,20.06,43.02,5,No Error,Us-East-1,False,Fast
4026,184,2026-05-13 00:09:58,-1.0,400,GET,3.959,-99.0,0.0,1,No Error,Eu-West-1,True,Fast
4027,125,2026-05-25 07:41:03,189.71,200,PATCH,2092.214,23.76,52.19,1,No Error,Ap-Southeast-1,False,Fast
4028,113,2026-05-25 17:19:18,103.23,204,POST,489.413,5.72,42.12,1,No Error,Sa-East-1,False,Fast
4029,195,2026-05-10 14:03:07,109.76,201,PUT,2099.34,14.88,38.21,1,No Error,Eu-West-1,False,Fast
4030,244,2026-05-23 18:39:36,107.45,200,GET,6.766,4.45,26.59,1,No Error,Us-East-1,False,Fast
4031,28,2026-05-19 13:37:38,91.17,403,PUT,1080.67,5.48,27.15,1,Forbidden: Client lacks required read/write scopes,Sa-East-1,True,Fast
4032,208,2026-05-16 15:28:44,106.56,204,PUT,3308.485,17.63,14.21,1,No Error,Eu-West-1,False,Fast
4033,237,2026-05-25 21:55:26,428.19,200,GET,1.646,22.35,45.48,1,No Error,Eu-West-1,False,Moderate
4034,102,2026-05-21 17:46:55,41.92,200,PATCH,3599.024,1.7,49.33,1,No Error,Sa-East-1,False,Fast
4035,176,2026-05-14 03:53:15,170.42,204,PUT,383.676,9.12,25.02,1,No Error,Ap-Southeast-1,False,Fast
4036,147,2026-05-25 22:35:41,217.1,201,GET,6.047,30.54,43.59,5,No Error,Us-East-1,False,Moderate
4037,175,2026-05-21 07:24:37,86.28,401,PATCH,2186.395,7.34,25.23,1,Unauthorized: Signature mismatch or expired bearer token,Eu-West-1,True,Fast
4038,136,2026-05-15 14:44:16,119.61,204,POST,789.96,3.08,14.24,1,No Error,Eu-West-1,False,Fast
4039,14,2026-05-09 21:01:02,373.74,201,POST,687.639,11.45,15.56,2,No Error,Ap-Southeast-1,False,Moderate
4040,167,2026-05-05 07:56:47,242.66,201,PUT,1195.712,16.0,18.76,1,No Error,Us-East-1,False,Moderate
4041,217,2026-05-19 21:21:16,44.18,204,GET,3.518,13.85,33.87,1,No Error,Sa-East-1,False,Fast
4042,37,2026-05-03 15:09:27,23998.04,504,POST,3933.86,99.16,94.28,1,Gateway Timeout: Upstream microservice failed to respond within 15000ms,Sa-East-1,True,Slow
4043,164,2026-05-08 10:18:04,99999.99,500,GET,4.198,-99.0,0.0,1,CRITICAL_TELEMETRY_DROP_OUT,Ap-Southeast-1,True,Slow
4044,9,2026-05-19 17:38:31,361.36,201,PATCH,2867.555,20.49,26.67,1,No Error,Us-West-2,False,Moderate
4045,17,2026-05-12 17:30:02,27985.74,504,POST,3360.074,99.77,89.39,1,Gateway Timeout: Upstream microservice failed to respond within 15000ms,Sa-East-1,True,Slow
4046,216,2026-05-14 18:45:12,31.85,200,GET,0.462,13.49,22.76,1,No Error,Us-West-2,False,Fast
4047,78,2026-05-10 04:43:18,177.52,204,GET,5.308,18.77,39.57,1,No Error,Us-East-1,False,Fast
4048,135,2026-05-10 11:48:24,81.05,404,DELETE,2.322,9.24,24.21,1,Resource Not Found: Endpoint entity collection does not exist,Us-East-1,True,Fast
4049,223,2026-05-10 17:47:30,12.77,400,GET,11.054,2.39,26.95,1,Bad Request: Invalid JSON payload structure,Eu-West-1,True,Fast
4050,1,2026-05-01 17:54:28,78.75,404,POST,961.131,9.58,25.12,1,Resource Not Found: Endpoint entity collection does not exist,Sa-East-1,True,Fast
4051,238,2026-05-20 04:06:37,179.26,200,GET,8.678,1.17,42.31,1,No Error,Us-West-2,False,Fast
4052,22,2026-05-18 01:06:20,13336.85,504,PATCH,55.992,99.51,90.14,1,Gateway Timeout: Upstream microservice failed to respond within 15000ms,Us-West-2,True,Slow
4053,163,2026-05-09 16:13:37,271.83,200,PATCH,3531.597,29.78,16.11,1,No Error,Sa-East-1,False,Moderate
4054,148,2026-05-12 00:43:29,361.6,200,PATCH,4042.075,18.09,14.62,1,No Error,Eu-West-1,False,Moderate
4055,131,2026-05-11 19:47:11,433.08,201,POST,1035.631,23.38,45.89,1,No Error,Eu-West-1,False,Moderate
4056,106,2026-05-17 13:29:09,312.83,204,PUT,659.42,14.16,49.8,1,No Error,Us-West-2,False,Moderate
4057,148,2026-05-02 02:46:27,435.69,201,PUT,2218.847,30.84,13.86,1,No Error,Us-West-2,False,Moderate
4058,132,2026-05-10 19:06:51,421.17,201,DELETE,7.862,22.36,41.45,2,No Error,Eu-West-1,False,Moderate
4059,70,2026-05-19 12:32:36,19.36,201,GET,1.573,3.23,21.19,1,No Error,Us-East-1,False,Fast
4060,135,2026-05-17 11:14:10,376.35,204,PATCH,1732.232,22.41,19.96,1,No Error,Us-West-2,False,Moderate
4061,227,2026-05-15 17:53:40,537.7,400,GET,11.548,25.26,49.72,1,No Error,Ap-Southeast-1,True,Slow
4062,1,2026-05-19 10:42:52,390.81,200,PATCH,558.961,3.62,40.79,1,No Error,Sa-East-1,False,Moderate
4063,13,2026-05-16 05:57:24,96.6,204,DELETE,6.799,18.83,13.92,1,No Error,Sa-East-1,False,Fast
4064,195,2026-05-01 03:08:17,520.19,200,DELETE,4.684,64.46,62.89,1,No Error,Ap-Southeast-1,False,Slow
4065,95,2026-05-19 10:42:25,47.03,200,POST,3638.684,26.39,46.7,1,No Error,Us-West-2,False,Fast
4066,47,2026-05-06 23:06:17,395.06,200,PATCH,2795.927,11.81,29.73,1,No Error,Us-West-2,False,Moderate
4067,27,2026-05-08 10:38:06,100.15,200,GET,3.512,24.48,31.75,1,No Error,Ap-Southeast-1,False,Fast
4068,157,2026-05-12 11:47:27,34.41,200,PUT,1222.489,9.98,24.33,1,No Error,Sa-East-1,False,Fast
4069,107,2026-05-23 02:13:50,377.73,200,DELETE,5.043,32.47,50.64,1,No Error,Eu-West-1,False,Moderate
4070,197,2026-05-18 12:19:29,234.61,200,PATCH,344.508,36.82,28.78,1,No Error,Us-West-2,False,Moderate
4071,142,2026-05-19 09:05:57,26064.85,503,DELETE,0.442,91.46,93.44,1,Service Unavailable: Downstream database connection pool timeout,Eu-West-1,True,Slow
4072,116,2026-05-11 17:24:50,190.06,204,DELETE,4.616,16.82,28.17,1,No Error,Us-West-2,False,Fast
4073,168,2026-05-02 16:01:49,44.69,401,GET,1.898,3.12,18.79,1,Unauthorized: Signature mismatch or expired bearer token,Sa-East-1,True,Fast
4074,134,2026-05-11 20:21:20,-1.0,400,GET,2.382,17.42,29.34,1,No Error,Sa-East-1,True,Fast
4075,238,2026-05-16 00:07:36,18909.39,503,DELETE,7.903,94.85,93.39,1,Service Unavailable: Downstream database connection pool timeout,Sa-East-1,True,Slow
4076,101,2026-05-05 06:21:31,269.43,200,PUT,285.933,36.82,52.21,1,No Error,Us-West-2,False,Moderate
4077,133,2026-05-14 23:31:58,92.5,204,GET,2.701,31.43,27.84,1,No Error,Eu-West-1,False,Fast
4078,199,2026-05-18 06:22:02,78.0,401,PATCH,208.129,0.51,24.47,1,Unauthorized: Signature mismatch or expired bearer token,Us-West-2,True,Fast
4079,113,2026-05-19 10:11:13,25893.39,504,GET,2.618,90.97,96.83,1,Gateway Timeout: Upstream microservice failed to respond within 15000ms,Sa-East-1,True,Slow
4080,102,2026-05-10 08:10:02,99999.99,200,PUT,779.512,17.42,-1.0,1,No Error,Us-East-1,False,Slow
4081,214,2026-05-19 04:24:00,99999.99,500,PUT,413.492,-99.0,29.34,1,CRITICAL_TELEMETRY_DROP_OUT,Sa-East-1,True,Slow
4082,59,2026-05-07 01:37:36,127.56,200,PATCH,2810.726,24.93,38.14,1,No Error,Sa-East-1,False,Fast
4083,92,2026-05-25 12:08:17,104.14,201,GET,1.314,12.18,41.9,1,No Error,Ap-Southeast-1,False,Fast
4084,224,2026-05-05 15:46:48,103.23,201,DELETE,6.754,33.76,30.76,1,No Error,Us-West-2,False,Fast
4085,76,2026-05-17 19:40:22,25.24,401,PUT,2794.849,7.67,19.34,1,Unauthorized: Signature mismatch or expired bearer token,Sa-East-1,True,Fast
4086,207,2026-05-03 15:48:13,268.5,204,POST,2171.153,23.44,50.58,1,No Error,Eu-West-1,False,Moderate
4087,210,2026-05-04 12:57:33,33.81,200,POST,3164.928,13.26,24.63,1,No Error,Us-East-1,False,Fast
4088,57,2026-12-05 08:52:24,295.78,500,PUT,2980.35,29.91,74.33,1,CRITICAL_TELEMETRY_DROP_OUT,Us-West-2,True,Moderate
4089,118,2026-05-20 15:40:37,39.22,500,PUT,4089.87,3.23,22.86,2,    CRITICAL_TELEMETRY_DROP_OUT,Sa-East-1,True,Fast
4090,211,2026-05-20 01:56:10,13150.65,503,PUT,3863.111,93.5,89.38,1,Service Unavailable: Downstream database connection pool timeout,Eu-West-1,True,Slow
4091,67,2026-05-17 00:29:31,19461.96,500,PUT,3442.352,93.82,93.15,1,Internal Server Error: NullPointerException in controller execution layer,Ap-Southeast-1,True,Slow
4092,235,2026-05-25 13:26:58,96.48,200,PATCH,304.097,38.48,49.67,1,No Error,Us-East-1,False,Fast
4093,153,2026-05-24 10:37:12,29.2,403,POST,3615.013,9.21,11.23,1,Forbidden: Client lacks required read/write scopes,Us-West-2,True,Fast
4094,93,2026-05-09 05:43:44,164.66,200,POST,1116.948,10.06,44.62,1,No Error,Eu-West-1,False,Fast
4095,104,2026-05-08 10:51:27,197.95,201,DELETE,7.77,36.83,44.99,5,No Error,Sa-East-1,False,Fast
4096,154,2026-05-05 09:34:24,124.43,200,POST,1175.119,38.36,39.68,1,No Error,Us-West-2,False,Fast
4097,193,2026-05-02 05:11:25,9009.18,500,GET,5.859,95.98,89.64,1,Internal Server Error: NullPointerException in controller execution layer,Ap-Southeast-1,True,Slow
4098,159,2026-05-11 23:02:35,200.385,200,GET,6.178,165.4,29.34,1,No Error,Sa-East-1,False,Moderate
4099,238,2026-05-17 14:24:27,370.86,201,PATCH,324.186,26.99,17.62,1,No Error,Ap-Southeast-1,False,Moderate
4100,1,2026-05-12 23:48:11,206.9,200,GET,1.708,23.44,28.27,2,No Error,Us-West-2,False,Moderate
4101,27,2026-05-07 01:40:02,58.54,429,DELETE,6.569,2.44,29.76,1,Rate Limit Exceeded: Threshold of 100 req/sec breached,Us-West-2,True,Fast
4102,222,2026-05-15 22:38:00,45.53,200,GET,7.256,29.61,41.32,1,No Error,Us-West-2,False,Fast
4103,197,2026-05-19 09:35:30,290.65,200,PUT,3053.923,15.12,14.74,1,No Error,Us-West-2,False,Moderate
4104,165,2026-05-23 20:26:18,306.27,204,PATCH,2148.011,25.62,24.4,2,No Error,Eu-West-1,False,Moderate
4105,73,2026-05-13 14:43:11,395.45,204,DELETE,5.179,27.94,12.92,1,No Error,Sa-East-1,False,Moderate
4106,28,2026-05-03 11:25:54,19.25,401,GET,1.418,8.44,17.22,1,Unauthorized: Signature mismatch or expired bearer token,Ap-Southeast-1,True,Fast
4107,226,2026-05-08 23:20:29,134.76,204,PUT,717.239,25.22,44.85,1,No Error,Sa-East-1,False,Fast
4108,214,2026-05-05 04:37:21,44.92,404,GET,0.618,0.82,17.31,1,Resource Not Found: Endpoint entity collection does not exist,Sa-East-1,True,Fast
4109,206,2026-05-15 06:24:36,417.1,200,PUT,1573.988,26.5,37.22,1,No Error,Us-East-1,False,Moderate
4110,60,2026-05-08 01:01:34,325.61,200,GET,3.692,19.6,23.64,1,No Error,Ap-Southeast-1,False,Moderate
4111,225,2026-05-06 05:09:51,318.94,201,PUT,991.742,18.99,43.51,1,No Error,Eu-West-1,False,Moderate
4112,191,2026-05-18 18:16:11,367.91,204,POST,1090.545,22.15,16.36,1,No Error,Eu-West-1,False,Moderate
4113,52,2026-05-22 13:26:51,254.84,204,PATCH,1423.92,26.15,23.81,1,No Error,Eu-West-1,False,Moderate
4114,199,2026-05-01 03:08:17,266.38,200,POST,3644.965,53.91,71.5,1,No Error,Sa-East-1,False,Moderate
4115,83,2026-05-24 01:47:12,171.59,204,POST,1180.807,10.55,42.64,1,No Error,Sa-East-1,False,Fast
4116,210,2026-05-12 02:46:13,415.65,200,PUT,2471.726,13.77,12.78,1,No Error,Eu-West-1,False,Moderate
4117,18,2026-05-24 04:27:56,36.2,500,PUT,3342.711,9.0,9.79,5,    CRITICAL_TELEMETRY_DROP_OUT,Us-East-1,True,Fast
4118,203,2026-05-12 03:55:29,51.51,429,PATCH,1118.548,2.18,10.65,1,Rate Limit Exceeded: Threshold of 100 req/sec breached,Us-West-2,True,Fast
4119,50,2026-05-24 04:26:14,391.37,204,DELETE,4.376,7.91,37.83,1,No Error,Us-West-2,False,Moderate
4120,68,2026-05-17 14:13:10,46.21,401,PATCH,1791.408,8.35,22.24,1,Unauthorized: Signature mismatch or expired bearer token,Eu-West-1,True,Fast
4121,244,2026-05-24 02:58:02,254.16,200,GET,4.193,20.98,31.51,1,No Error,Ap-Southeast-1,False,Moderate
4122,203,2026-05-25 01:19:46,437.64,200,PATCH,2573.298,11.02,49.98,1,No Error,Us-West-2,False,Moderate
4123,83,2026-05-11 08:15:05,354.4,200,PATCH,2403.151,30.03,46.25,1,No Error,Us-East-1,False,Moderate
4124,146,2026-05-25 08:04:44,300.03,200,PATCH,2515.779,5.38,16.67,1,No Error,Sa-East-1,False,Moderate
4125,240,2026-05-21 08:26:28,271.15,200,PATCH,3663.88,17.89,26.9,2,No Error,Eu-West-1,False,Moderate
4126,214,2026-05-23 11:52:26,90.77,200,DELETE,2.131,11.57,22.69,1,No Error,Ap-Southeast-1,False,Fast
4127,105,2026-05-01 03:08:17,526.92,500,POST,3215.19,23.38,57.64,2,CRITICAL_TELEMETRY_DROP_OUT,Eu-West-1,True,Slow
4128,151,2026-05-01 13:10:50,56.44,200,GET,6.871,6.69,47.3,1,No Error,Eu-West-1,False,Fast
4129,67,2026-05-01 03:08:17,185.98,500,PATCH,597.905,43.44,69.86,1,CRITICAL_TELEMETRY_DROP_OUT,Us-West-2,True,Fast
4130,75,2026-05-07 02:27:32,141.15,200,GET,2.69,6.86,23.55,1,No Error,Eu-West-1,False,Fast
4131,34,2026-05-09 14:52:25,-1.0,400,POST,92.533,165.4,29.34,1,No Error,Ap-Southeast-1,True,Fast
4132,165,2026-05-18 05:03:26,355.38,201,PUT,2734.138,33.87,46.9,1,No Error,Eu-West-1,False,Moderate
4133,41,2026-05-20 00:31:06,340.3,200,POST,1675.593,7.73,16.61,1,No Error,Us-East-1,False,Moderate
4134,239,2026-05-06 08:56:23,211.43,200,GET,10.473,9.9,18.87,1,No Error,Us-East-1,False,Moderate
4135,77,2026-05-06 11:48:21,250.02,200,GET,0.515,1.01,47.31,1,No Error,Sa-East-1,False,Moderate
4136,186,2026-05-16 15:30:31,247.8,201,PATCH,3519.947,13.22,47.04,1,No Error,Eu-West-1,False,Moderate
4137,154,2026-05-06 13:19:34,50.97,200,PATCH,3029.911,5.24,12.43,1,No Error,Ap-Southeast-1,False,Fast
4138,148,2026-05-01 03:08:17,181.73,400,PATCH,976.333,37.2,44.67,1,No Error,Eu-West-1,True,Fast
4139,118,2026-05-07 20:04:00,430.66,200,GET,8.138,1.91,48.89,1,No Error,Sa-East-1,False,Moderate
4140,21,2026-05-13 06:44:56,259.25,200,GET,9.471,13.96,44.2,1,No Error,Eu-West-1,False,Moderate
4141,97,2026-05-04 05:31:33,323.25,200,GET,2.328,34.01,48.72,1,No Error,Eu-West-1,False,Moderate
4142,101,2026-05-16 14:34:01,315.93,204,PUT,4012.88,22.23,41.77,1,No Error,Eu-West-1,False,Moderate
4143,4,2026-05-07 14:09:02,374.42,200,PATCH,1021.273,4.86,44.97,1,No Error,Us-East-1,False,Moderate
4144,65,2026-05-13 13:54:42,303.21,201,POST,176.821,25.21,31.21,1,No Error,Us-West-2,False,Moderate
4145,114,2026-05-20 15:01:41,436.41,200,POST,3329.896,33.18,52.57,1,No Error,Sa-East-1,False,Moderate
4146,244,2026-05-06 10:17:06,56.77,404,GET,5.565,4.52,17.57,1,Resource Not Found: Endpoint entity collection does not exist,Us-West-2,True,Fast
4147,100,2026-05-16 23:14:17,301.23,201,PATCH,2111.653,23.36,21.06,1,No Error,Sa-East-1,False,Moderate
4148,178,2026-05-07 21:08:40,409.92,200,PATCH,3126.639,4.42,52.0,1,No Error,Us-West-2,False,Moderate
4149,80,2026-05-04 18:17:21,34.13,429,PATCH,2679.961,9.08,11.99,1,Rate Limit Exceeded: Threshold of 100 req/sec breached,Eu-West-1,True,Fast
4150,156,2026-05-03 08:00:37,355.99,201,PATCH,1628.115,2.58,24.56,1,No Error,Us-East-1,False,Moderate
4151,2,2026-05-25 08:19:58,442.85,200,GET,6.598,18.95,18.65,1,No Error,Eu-West-1,False,Moderate
4152,19,2026-05-07 02:49:48,70.14,401,DELETE,11.119,10.02,21.72,1,Unauthorized: Signature mismatch or expired bearer token,Eu-West-1,True,Fast
4153,107,2026-05-13 10:52:46,12.88,401,GET,9.809,5.73,27.37,1,Unauthorized: Signature mismatch or expired bearer token,Sa-East-1,True,Fast
4154,202,2026-05-20 21:24:09,12.78,200,PUT,3269.021,26.97,36.05,1,No Error,Us-East-1,False,Fast
4155,61,2026-05-09 16:08:01,302.83,200,PUT,2026.771,36.4,51.16,1,No Error,Ap-Southeast-1,False,Moderate
4156,185,2026-05-03 20:39:07,50.75,200,PUT,2022.987,8.93,35.97,2,No Error,Ap-Southeast-1,False,Fast
4157,140,2026-05-06 09:56:36,205.85,200,PUT,3547.962,28.58,20.57,1,No Error,Sa-East-1,False,Moderate
4158,37,2026-05-06 22:39:57,61.3,200,PATCH,2817.957,29.58,47.98,1,No Error,Sa-East-1,False,Fast
4159,163,2026-05-22 23:22:12,131.53,204,PATCH,1779.805,27.16,49.67,1,No Error,Ap-Southeast-1,False,Fast
4160,165,2026-05-25 05:25:49,95.77,204,PATCH,3414.326,19.48,37.24,1,No Error,Us-West-2,False,Fast
4161,160,2026-05-10 04:07:32,103.01,201,PUT,1086.782,21.44,28.51,2,No Error,Ap-Southeast-1,False,Fast
4162,128,2026-05-19 08:22:56,51.41,204,PATCH,3268.758,22.76,37.34,1,No Error,Us-East-1,False,Fast
4163,100,2026-05-21 00:37:09,99999.99,200,PUT,1594.281,17.42,29.34,1,No Error,Ap-Southeast-1,False,Slow
4164,112,2026-05-17 09:27:03,313.86,201,PUT,642.465,34.31,40.52,1,No Error,Sa-East-1,False,Moderate
4165,173,2026-05-13 04:39:24,28.5,200,DELETE,3.144,22.0,34.87,1,No Error,Ap-Southeast-1,False,Fast
4166,1,2026-05-09 11:52:43,84.74,500,DELETE,4.748,10.66,16.97,2,    CRITICAL_TELEMETRY_DROP_OUT,Us-West-2,True,Fast
4167,122,2026-05-17 19:24:28,99.51,204,PUT,1429.046,8.25,34.51,1,No Error,Us-West-2,False,Fast
4168,44,2026-05-13 11:22:01,99999.99,200,POST,395.339,17.42,-1.0,1,No Error,Ap-Southeast-1,False,Slow
4169,167,2026-05-24 01:55:45,274.48,204,POST,3063.112,11.62,46.88,1,No Error,Sa-East-1,False,Moderate
4170,123,2026-05-15 02:09:51,268.39,200,DELETE,1.214,18.77,42.52,1,No Error,Us-West-2,False,Moderate
4171,77,2026-05-25 22:30:25,96.06,204,PUT,4079.714,5.84,27.75,1,No Error,Ap-Southeast-1,False,Fast
4172,94,2026-05-11 18:38:31,424.9,204,DELETE,8.838,29.14,37.42,1,No Error,Us-West-2,False,Moderate
4173,9,2026-05-18 13:37:33,125.36,200,PUT,769.533,13.37,44.1,1,No Error,Sa-East-1,False,Fast
4174,221,2026-05-07 11:29:21,32.18,400,DELETE,6.739,11.54,14.79,1,Bad Request: Invalid JSON payload structure,Us-West-2,True,Fast
4175,184,2026-05-20 12:39:56,22814.12,503,GET,8.619,95.41,89.35,2,Service Unavailable: Downstream database connection pool timeout,Ap-Southeast-1,True,Slow
4176,185,2026-05-05 05:40:26,78.38,204,PATCH,2314.857,20.76,24.58,1,No Error,Ap-Southeast-1,False,Fast
4177,60,2026-05-10 16:26:24,99999.99,500,DELETE,2.747,17.42,29.34,1,CRITICAL_TELEMETRY_DROP_OUT,Sa-East-1,True,Slow
4178,103,2026-05-19 10:11:39,89.86,201,GET,0.816,12.36,35.77,1,No Error,Sa-East-1,False,Fast
4179,99,2026-05-15 03:34:31,247.83,200,PUT,2408.787,19.73,25.18,5,No Error,Sa-East-1,False,Moderate
4180,179,2026-05-12 08:06:15,20293.77,504,PATCH,2721.251,94.63,90.13,1,Gateway Timeout: Upstream microservice failed to respond within 15000ms,Eu-West-1,True,Slow
4181,106,2026-05-16 05:23:08,265.18,200,DELETE,0.285,15.93,37.1,1,No Error,Us-East-1,False,Moderate
4182,121,2026-05-01 12:23:13,14087.61,503,GET,0.349,97.91,88.23,1,Service Unavailable: Downstream database connection pool timeout,Sa-East-1,True,Slow
4183,134,2026-05-14 06:43:52,54.46,400,GET,4.811,0.72,10.66,1,Bad Request: Invalid JSON payload structure,Us-West-2,True,Fast
4184,151,2026-05-03 16:19:27,274.17,204,GET,8.582,7.81,35.5,1,No Error,Ap-Southeast-1,False,Moderate
4185,11,2026-05-03 02:38:54,7969.01,503,PUT,3326.526,95.12,95.55,1,Service Unavailable: Downstream database connection pool timeout,Ap-Southeast-1,True,Slow
4186,201,2026-05-20 12:11:31,376.83,200,DELETE,5.505,14.57,17.75,1,No Error,Sa-East-1,False,Moderate
4187,35,2026-05-21 03:57:18,189.33,200,DELETE,8.677,31.38,12.47,1,No Error,Us-West-2,False,Fast
4188,228,2026-05-21 12:12:14,10136.03,500,DELETE,7.526,90.65,94.04,1,Internal Server Error: NullPointerException in controller execution layer,Us-West-2,True,Slow
4189,246,2026-05-24 16:04:22,314.9,200,POST,90.588,22.68,25.19,1,No Error,Sa-East-1,False,Moderate
4190,129,2026-05-07 08:45:36,232.11,200,POST,1890.715,6.57,52.21,1,No Error,Ap-Southeast-1,False,Moderate
4191,64,2026-05-11 20:14:58,65.79,404,DELETE,9.758,3.93,23.19,1,Resource Not Found: Endpoint entity collection does not exist,Eu-West-1,True,Fast
4192,9,2026-05-08 22:02:42,264.26,204,POST,3963.002,29.35,50.47,1,No Error,Us-West-2,False,Moderate
4193,215,2026-05-04 09:04:58,-1.0,400,PATCH,407.882,-99.0,-1.0,1,No Error,Sa-East-1,True,Fast
4194,98,2026-05-18 05:20:54,74.44,204,GET,9.432,8.29,49.76,1,No Error,Us-East-1,False,Fast
4195,150,2026-05-13 01:45:14,326.4,200,PATCH,1164.582,28.59,43.07,1,No Error,Ap-Southeast-1,False,Moderate
4196,126,2026-05-20 02:53:50,73.25,400,DELETE,4.232,11.4,15.39,1,No Error,Us-East-1,True,Fast
4197,238,2026-05-20 01:16:38,286.86,201,DELETE,9.685,25.29,13.39,1,No Error,Eu-West-1,False,Moderate
4198,124,2026-05-14 17:58:42,32.24,200,PUT,712.827,34.2,41.72,1,No Error,Us-East-1,False,Fast
4199,66,2026-05-06 22:23:37,105.24,201,GET,1.295,12.15,43.86,2,No Error,Us-East-1,False,Fast
4200,60,2026-05-12 13:11:17,19.34,200,GET,8.689,38.49,27.35,1,No Error,Sa-East-1,False,Fast
4201,136,2026-05-15 14:03:41,111.73,201,POST,3665.492,7.47,48.33,1,No Error,Ap-Southeast-1,False,Fast
4202,7,2026-05-22 12:21:25,11390.73,503,GET,4.063,98.38,92.44,1,Service Unavailable: Downstream database connection pool timeout,Sa-East-1,True,Slow
4203,220,2026-05-06 08:39:14,235.61,200,PATCH,177.644,7.11,27.61,1,No Error,Eu-West-1,False,Moderate
4204,83,2026-05-17 17:56:57,215.56,201,POST,3060.277,18.76,47.86,1,No Error,Sa-East-1,False,Moderate
4205,235,2026-05-11 20:38:27,176.07,200,PATCH,228.941,24.08,23.93,1,No Error,Eu-West-1,False,Fast
4206,240,2026-05-01 07:10:42,134.45,200,GET,7.302,8.32,20.23,2,No Error,Ap-Southeast-1,False,Fast
4207,64,2026-05-16 14:07:44,372.82,204,DELETE,8.136,25.84,51.4,1,No Error,Ap-Southeast-1,False,Moderate
4208,51,2026-05-16 20:17:28,81.61,201,PUT,114.465,27.5,48.63,1,No Error,Us-East-1,False,Fast
4209,146,2026-05-16 14:47:52,250.2,201,DELETE,2.501,12.34,43.06,1,No Error,Ap-Southeast-1,False,Moderate
4210,174,2026-05-06 12:24:51,19.7,500,GET,7.763,6.65,12.94,1,    CRITICAL_TELEMETRY_DROP_OUT,Eu-West-1,True,Fast
4211,82,2026-05-15 12:02:22,89.49,429,PUT,1947.838,1.31,21.82,5,Rate Limit Exceeded: Threshold of 100 req/sec breached,Ap-Southeast-1,True,Fast
4212,75,2026-05-02 18:45:32,46.07,404,PATCH,1285.795,2.53,14.01,1,Resource Not Found: Endpoint entity collection does not exist,Us-West-2,True,Fast
4213,33,2026-05-15 17:48:37,26175.62,500,POST,468.374,92.29,97.85,1,Internal Server Error: NullPointerException in controller execution layer,Ap-Southeast-1,True,Slow
4214,69,2026-05-10 18:24:15,77.45,429,PUT,868.939,5.93,24.33,1,Rate Limit Exceeded: Threshold of 100 req/sec breached,Eu-West-1,True,Fast
4215,171,2026-05-17 06:25:32,100.26,200,POST,2385.928,16.54,25.28,1,No Error,Us-West-2,False,Fast
4216,100,2026-05-25 11:56:58,123.73,204,PUT,1112.25,37.42,41.04,1,No Error,Eu-West-1,False,Fast
4217,77,2026-05-24 11:02:06,301.77,201,PATCH,1151.072,14.19,49.34,2,No Error,Sa-East-1,False,Moderate
4218,21,2026-05-01 18:16:46,215.41,201,POST,2324.819,17.45,24.7,1,No Error,Us-West-2,False,Moderate
4219,191,2026-05-14 14:58:32,12043.86,503,POST,4090.01,94.37,97.04,1,Service Unavailable: Downstream database connection pool timeout,Us-East-1,True,Slow
4220,134,2026-05-04 02:37:11,419.78,201,GET,7.304,6.79,48.24,5,No Error,Eu-West-1,False,Moderate
4221,58,2026-05-18 11:59:17,43.19,204,DELETE,3.445,13.52,27.87,1,No Error,Eu-West-1,False,Fast
4222,134,2026-05-03 00:42:05,327.59,204,POST,3579.956,32.9,34.14,1,No Error,Us-West-2,False,Moderate
4223,193,2026-05-20 20:21:20,447.34,200,POST,2645.605,11.6,38.26,1,No Error,Us-West-2,False,Moderate
4224,50,2026-05-06 21:04:15,74.42,204,PUT,1997.705,6.07,25.58,5,No Error,Us-West-2,False,Fast
4225,131,2026-05-11 00:47:28,244.71,200,PATCH,3681.803,7.91,28.4,1,No Error,Eu-West-1,False,Moderate
4226,151,2026-05-15 20:49:59,90.06,200,DELETE,12.199,27.24,47.88,1,No Error,Ap-Southeast-1,False,Fast
4227,124,2026-05-07 14:13:28,68.45,200,PATCH,768.739,26.15,25.81,1,No Error,Us-East-1,False,Fast
4228,128,2026-05-01 03:08:17,477.31,400,GET,6.066,44.8,45.47,1,No Error,Us-East-1,True,Moderate
4229,56,2026-05-11 17:04:41,192.88,200,PATCH,1208.769,0.86,26.74,1,No Error,Ap-Southeast-1,False,Fast
4230,196,2026-05-09 22:11:50,246.63,200,POST,198.843,3.27,43.2,1,No Error,Us-West-2,False,Moderate
4231,31,2026-05-10 02:04:54,54.72,404,PATCH,2689.806,3.82,19.82,1,Resource Not Found: Endpoint entity collection does not exist,Sa-East-1,True,Fast
4232,101,2026-05-12 22:55:26,43.44,403,DELETE,0.948,11.28,21.22,1,Forbidden: Client lacks required read/write scopes,Ap-Southeast-1,True,Fast
4233,86,2026-05-17 20:48:49,262.0,204,GET,4.275,12.81,33.33,1,No Error,Us-West-2,False,Moderate
4234,236,2026-05-24 22:43:35,320.34,200,PUT,2124.107,32.85,36.29,1,No Error,Sa-East-1,False,Moderate
4235,31,2026-05-01 20:32:52,436.68,201,GET,2.991,27.47,14.5,1,No Error,Ap-Southeast-1,False,Moderate
4236,155,2026-05-24 21:23:06,195.49,200,PUT,2209.899,10.41,31.89,1,No Error,Us-West-2,False,Fast
4237,39,2026-05-18 11:09:14,442.42,201,POST,1085.404,8.73,18.73,1,No Error,Ap-Southeast-1,False,Moderate
4238,176,2026-05-16 01:20:41,298.45,200,PATCH,371.936,10.48,22.88,1,No Error,Sa-East-1,False,Moderate
4239,61,2026-05-07 09:25:30,308.28,200,POST,643.142,25.02,30.4,1,No Error,Us-West-2,False,Moderate
4240,184,2026-05-02 08:34:02,344.48,204,GET,4.776,37.06,36.11,1,No Error,Sa-East-1,False,Moderate
4241,13,2026-05-01 19:30:15,51.85,429,GET,7.361,8.03,25.1,1,Rate Limit Exceeded: Threshold of 100 req/sec breached,Us-West-2,True,Fast
4242,53,2026-05-25 02:46:58,385.27,201,DELETE,2.868,16.28,14.77,5,No Error,Us-East-1,False,Moderate
4243,188,2026-05-10 19:15:40,124.05,204,DELETE,7.422,20.95,51.21,1,No Error,Us-West-2,False,Fast
4244,123,2026-05-25 03:54:02,114.02,200,PATCH,1176.895,9.54,37.85,2,No Error,Eu-West-1,False,Fast
4245,118,2026-05-12 20:55:01,419.56,200,PATCH,2157.89,7.86,23.76,5,No Error,Sa-East-1,False,Moderate
4246,127,2026-05-12 04:55:54,22.97,200,POST,3097.439,6.65,15.65,1,No Error,Sa-East-1,False,Fast
4247,49,2026-05-15 21:24:46,26098.66,500,GET,8.344,93.87,91.89,1,Internal Server Error: NullPointerException in controller execution layer,Eu-West-1,True,Slow
4248,39,2026-05-10 02:58:27,89.68,401,GET,0.405,3.12,14.86,1,Unauthorized: Signature mismatch or expired bearer token,Sa-East-1,True,Fast
4249,117,2026-05-11 14:22:44,17.53,204,PATCH,1053.987,13.14,33.6,1,No Error,Ap-Southeast-1,False,Fast
4250,194,2026-05-20 16:06:49,99999.99,500,DELETE,5.684,17.42,29.34,1,CRITICAL_TELEMETRY_DROP_OUT,Us-West-2,True,Slow
4251,225,2026-05-05 05:01:57,300.72,201,DELETE,0.716,10.03,16.97,1,No Error,Eu-West-1,False,Moderate
4252,48,2026-05-15 11:53:31,6.59,401,DELETE,11.657,8.84,12.46,1,Unauthorized: Signature mismatch or expired bearer token,Us-West-2,True,Fast
4253,40,2026-05-20 16:48:09,200.29,204,POST,237.584,34.31,38.64,1,No Error,Us-West-2,False,Moderate
4254,176,2026-05-15 19:28:36,6.8,404,DELETE,4.447,1.05,20.84,1,Resource Not Found: Endpoint entity collection does not exist,Sa-East-1,True,Fast
4255,204,2026-05-10 07:09:18,171.44,204,GET,9.787,35.54,42.64,1,No Error,Ap-Southeast-1,False,Fast
4256,69,2026-05-14 19:26:13,59.59,429,PUT,2498.311,3.33,17.76,1,Rate Limit Exceeded: Threshold of 100 req/sec breached,Sa-East-1,True,Fast
4257,131,2026-05-12 10:57:51,461.1,400,PUT,2069.772,31.11,46.28,1,No Error,Eu-West-1,True,Moderate
4258,230,2026-05-24 06:42:56,421.45,204,PUT,1901.327,14.39,42.72,1,No Error,Us-West-2,False,Moderate
4259,11,2026-05-06 13:42:49,28.16,401,POST,1256.128,10.24,20.54,1,Unauthorized: Signature mismatch or expired bearer token,Sa-East-1,True,Fast
4260,18,2026-05-12 02:07:58,276.25,200,GET,1.455,6.39,17.07,1,No Error,Sa-East-1,False,Moderate
4261,121,2026-05-09 17:27:21,10.87,401,POST,1105.98,3.92,23.78,1,Unauthorized: Signature mismatch or expired bearer token,Us-East-1,True,Fast
4262,206,2026-05-19 06:22:15,288.68,204,GET,11.44,34.47,15.0,1,No Error,Sa-East-1,False,Moderate
4263,129,2026-05-05 01:41:14,29492.11,500,POST,1267.329,90.05,89.53,1,Internal Server Error: NullPointerException in controller execution layer,Us-East-1,True,Slow
4264,232,2026-05-19 06:36:50,294.67,201,PUT,653.262,21.79,34.97,1,No Error,Ap-Southeast-1,False,Moderate
4265,214,2026-05-24 10:42:50,74.77,200,PATCH,2274.907,15.42,37.47,1,No Error,Sa-East-1,False,Fast
4266,156,2026-05-04 20:28:58,164.32,204,PUT,176.708,27.51,16.3,1,No Error,Us-East-1,False,Fast
4267,207,2026-05-16 15:08:55,6.19,404,GET,4.787,9.09,12.44,1,Resource Not Found: Endpoint entity collection does not exist,Us-West-2,True,Fast
4268,10,2026-05-09 13:41:16,243.15,200,PATCH,1863.871,14.17,29.01,1,No Error,Sa-East-1,False,Moderate
4269,179,2026-05-13 03:49:35,88.03,429,PATCH,3345.107,3.98,15.03,1,Rate Limit Exceeded: Threshold of 100 req/sec breached,Ap-Southeast-1,True,Fast
4270,93,2026-05-08 18:13:29,348.15,200,PATCH,1587.689,21.5,43.49,1,No Error,Us-West-2,False,Moderate
4271,180,2026-05-12 20:51:04,29738.2,504,POST,3756.712,91.74,97.58,1,Gateway Timeout: Upstream microservice failed to respond within 15000ms,Us-East-1,True,Slow
4272,58,2026-05-14 04:55:57,-1.0,200,PUT,3973.743,165.4,29.34,1,No Error,Ap-Southeast-1,False,Fast
4273,76,2026-05-19 22:33:22,360.48,201,PUT,3973.125,22.15,45.95,5,No Error,Us-West-2,False,Moderate
4274,208,2026-05-23 09:33:01,422.08,200,DELETE,10.367,13.93,12.5,1,No Error,Us-West-2,False,Moderate
4275,67,2026-05-10 20:03:59,126.1,200,POST,262.266,14.17,19.61,1,No Error,Us-East-1,False,Fast
4276,94,2026-05-24 20:34:54,433.54,200,PUT,1079.8,7.16,27.68,1,No Error,Sa-East-1,False,Moderate
4277,122,2026-05-20 16:38:11,55.61,403,DELETE,4.91,11.34,14.19,1,Forbidden: Client lacks required read/write scopes,Ap-Southeast-1,True,Fast
4278,225,2026-05-06 11:31:40,300.22,201,DELETE,6.516,19.17,48.67,1,No Error,Ap-Southeast-1,False,Moderate
4279,119,2026-05-10 11:37:39,129.28,204,GET,0.434,27.6,35.42,1,No Error,Ap-Southeast-1,False,Fast
4280,230,2026-05-08 19:21:08,153.01,200,GET,10.704,25.31,37.74,1,No Error,Ap-Southeast-1,False,Fast
4281,249,2026-05-16 12:25:14,204.71,200,DELETE,1.459,17.71,29.69,1,No Error,Eu-West-1,False,Moderate
4282,83,2026-05-08 13:38:00,300.64,200,GET,4.037,7.96,18.73,2,No Error,Sa-East-1,False,Moderate
4283,1,2026-05-21 19:29:32,53.09,200,GET,10.885,11.26,29.86,2,No Error,Sa-East-1,False,Fast
4284,78,2026-05-17 03:00:57,211.46,200,PATCH,3080.839,19.19,26.36,1,No Error,Ap-Southeast-1,False,Moderate
4285,123,2026-05-22 07:39:57,396.28,200,PUT,3372.648,7.25,30.11,2,No Error,Sa-East-1,False,Moderate
4286,94,2026-05-15 15:07:08,377.1,200,DELETE,10.054,37.26,30.12,1,No Error,Sa-East-1,False,Moderate
4287,55,2026-05-24 22:50:30,36.1,200,PUT,1646.133,12.51,26.67,1,No Error,Us-West-2,False,Fast
4288,132,2026-05-05 21:15:17,41.02,401,DELETE,1.126,1.17,20.75,1,Unauthorized: Signature mismatch or expired bearer token,Sa-East-1,True,Fast
4289,124,2026-05-21 05:58:58,153.58,204,DELETE,0.929,30.14,51.3,1,No Error,Ap-Southeast-1,False,Fast
4290,137,2026-05-16 21:51:58,240.86,500,POST,1505.59,48.05,58.79,1,CRITICAL_TELEMETRY_DROP_OUT,Eu-West-1,True,Moderate
4291,95,2026-05-19 18:27:12,430.35,201,POST,82.798,6.25,13.6,1,No Error,Us-East-1,False,Moderate
4292,6,2026-05-16 06:48:21,168.41,204,PATCH,1908.768,5.57,46.7,2,No Error,Ap-Southeast-1,False,Fast
4293,59,2026-05-20 08:39:46,318.06,200,GET,5.457,20.8,48.06,2,No Error,Us-West-2,False,Moderate
4294,34,2026-05-22 18:13:51,247.39,200,POST,1896.604,29.19,24.26,1,No Error,Eu-West-1,False,Moderate
4295,160,2026-05-04 21:28:29,334.97,201,POST,506.307,28.84,48.51,2,No Error,Eu-West-1,False,Moderate
4296,84,2026-05-18 04:46:18,227.28,201,POST,1412.511,22.65,25.49,1,No Error,Us-West-2,False,Moderate
4297,151,2026-05-08 13:20:13,338.26,204,GET,10.242,26.65,19.8,1,No Error,Ap-Southeast-1,False,Moderate
4298,100,2026-05-10 02:52:36,447.49,200,PATCH,1208.548,13.15,45.15,1,No Error,Sa-East-1,False,Moderate
4299,28,2026-05-15 01:48:36,98.52,200,PUT,942.881,31.14,21.87,1,No Error,Eu-West-1,False,Fast
4300,138,2026-05-22 20:46:57,277.42,201,GET,7.525,33.99,34.68,1,No Error,Us-East-1,False,Moderate
4301,187,2026-05-13 10:38:36,38.01,200,PATCH,272.691,24.37,39.25,1,No Error,Us-West-2,False,Fast
4302,29,2026-05-13 07:38:09,395.64,204,PUT,1056.053,3.59,43.19,1,No Error,Sa-East-1,False,Moderate
4303,133,2026-05-05 03:53:51,268.59,201,DELETE,10.251,1.93,34.39,1,No Error,Us-East-1,False,Moderate
4304,60,2026-05-14 20:04:37,158.21,201,PUT,315.191,14.49,49.98,2,No Error,Us-East-1,False,Fast
4305,65,2026-05-24 20:14:05,99999.99,200,GET,7.622,17.42,29.34,1,No Error,Eu-West-1,False,Slow
4306,213,2026-05-04 18:59:16,50.95,403,PUT,3527.577,9.29,15.33,1,Forbidden: Client lacks required read/write scopes,Sa-East-1,True,Fast
4307,128,2026-05-16 02:56:50,17230.15,503,PATCH,2818.635,91.95,90.57,1,Service Unavailable: Downstream database connection pool timeout,Us-East-1,True,Slow
4308,147,2026-05-15 15:23:20,198.72,201,PATCH,2247.663,4.39,48.45,1,No Error,Us-East-1,False,Fast
4309,167,2026-05-12 21:46:45,409.55,204,GET,2.827,8.28,41.79,1,No Error,Us-East-1,False,Moderate
4310,202,2026-05-14 15:45:34,14238.26,503,DELETE,4.648,92.28,90.84,1,Service Unavailable: Downstream database connection pool timeout,Sa-East-1,True,Slow
4311,84,2026-05-09 04:48:40,139.86,204,GET,0.993,30.97,14.33,1,No Error,Eu-West-1,False,Fast
4312,152,2026-05-03 00:38:34,8.99,429,PATCH,2232.335,2.8,25.89,1,Rate Limit Exceeded: Threshold of 100 req/sec breached,Us-East-1,True,Fast
4313,150,2026-05-12 19:52:30,86.22,200,DELETE,8.989,32.52,31.09,1,No Error,Eu-West-1,False,Fast
4314,169,2026-05-13 10:05:53,418.83,200,POST,552.084,19.23,16.05,1,No Error,Eu-West-1,False,Moderate
4315,114,2026-05-23 11:01:00,11841.34,504,PUT,3301.084,90.84,90.31,1,Gateway Timeout: Upstream microservice failed to respond within 15000ms,Us-West-2,True,Slow
4316,97,2026-05-18 00:35:28,49.53,404,PATCH,534.55,11.12,29.98,1,Resource Not Found: Endpoint entity collection does not exist,Ap-Southeast-1,True,Fast
4317,117,2026-05-25 18:00:04,200.385,400,GET,1.116,165.4,29.34,1,No Error,Ap-Southeast-1,True,Moderate
4318,202,2026-05-19 07:26:02,20.48,400,DELETE,2.207,5.73,26.36,1,Bad Request: Invalid JSON payload structure,Eu-West-1,True,Fast
4319,49,2026-05-10 17:50:37,187.48,201,POST,1305.351,12.6,41.64,1,No Error,Sa-East-1,False,Fast
4320,141,2026-05-08 19:58:57,86.18,204,GET,12.104,25.39,32.34,2,No Error,Us-West-2,False,Fast
4321,242,2026-05-08 16:43:53,201.8,201,DELETE,4.958,4.91,22.71,1,No Error,Eu-West-1,False,Moderate
4322,207,2026-05-23 11:25:28,78.77,403,DELETE,10.63,7.74,22.89,1,Forbidden: Client lacks required read/write scopes,Eu-West-1,True,Fast
4323,108,2026-05-10 06:03:54,45.28,403,PATCH,2179.575,8.69,28.83,1,Forbidden: Client lacks required read/write scopes,Eu-West-1,True,Fast
4324,181,2026-05-05 02:13:24,278.63,200,POST,3531.489,34.34,15.51,1,No Error,Sa-East-1,False,Moderate
4325,172,2026-05-01 10:23:17,285.16,204,PUT,2825.034,25.53,47.92,1,No Error,Us-East-1,False,Moderate
4326,80,2026-05-20 14:38:05,158.05,200,PUT,2622.235,7.54,48.67,1,No Error,Us-West-2,False,Fast
4327,4,2026-05-10 21:43:57,382.92,200,DELETE,0.39,12.31,44.39,1,No Error,Sa-East-1,False,Moderate
4328,201,2026-05-22 04:55:39,159.4,204,PUT,1008.266,4.72,44.35,1,No Error,Sa-East-1,False,Fast
4329,14,2026-05-04 02:02:03,263.75,200,PATCH,2686.24,1.15,13.77,1,No Error,Eu-West-1,False,Moderate
4330,23,2026-05-13 02:08:47,-1.0,400,PUT,2479.348,165.4,29.34,1,No Error,Us-East-1,True,Fast
4331,250,2026-05-19 01:22:33,90.33,200,PUT,418.815,38.42,13.58,1,No Error,Sa-East-1,False,Fast
4332,125,2026-05-06 16:41:39,261.7,200,DELETE,11.065,30.0,24.83,1,No Error,Us-East-1,False,Moderate
4333,245,2026-05-10 11:41:25,63.56,204,DELETE,8.162,33.66,39.31,1,No Error,Sa-East-1,False,Fast
4334,102,2026-05-25 16:33:52,331.21,200,DELETE,6.348,7.56,39.55,1,No Error,Sa-East-1,False,Moderate
4335,146,2026-05-15 01:54:42,122.16,201,DELETE,0.663,30.12,20.73,1,No Error,Eu-West-1,False,Fast
4336,80,2026-05-20 11:36:49,17.04,403,GET,1.63,4.58,23.24,1,Forbidden: Client lacks required read/write scopes,Ap-Southeast-1,True,Fast
4337,208,2026-05-07 09:35:54,226.12,204,POST,696.394,2.88,27.21,1,No Error,Sa-East-1,False,Moderate
4338,235,2026-05-13 16:40:41,-1.0,500,GET,2.247,-99.0,29.34,1,CRITICAL_TELEMETRY_DROP_OUT,Sa-East-1,True,Fast
4339,248,2026-05-09 23:26:13,153.61,200,PATCH,780.004,15.38,40.66,1,No Error,Eu-West-1,False,Fast
4340,229,2026-05-16 04:14:37,42.26,403,GET,6.407,8.94,18.97,1,Forbidden: Client lacks required read/write scopes,Us-West-2,True,Fast
4341,188,2026-05-11 01:53:47,77.87,429,PUT,1027.882,3.25,11.19,1,Rate Limit Exceeded: Threshold of 100 req/sec breached,Ap-Southeast-1,True,Fast
4342,5,2026-05-24 01:31:38,123.24,204,DELETE,8.457,33.44,44.11,2,No Error,Ap-Southeast-1,False,Fast
4343,223,2026-05-05 03:43:54,79.89,429,PUT,1481.885,1.91,13.79,1,Rate Limit Exceeded: Threshold of 100 req/sec breached,Us-East-1,True,Fast
4344,163,2026-05-10 17:29:21,128.05,204,GET,9.776,7.33,17.31,1,No Error,Eu-West-1,False,Fast
4345,193,2026-05-21 08:30:49,249.19,200,POST,3074.665,27.94,28.0,1,No Error,Us-East-1,False,Moderate
4346,156,2026-05-18 12:59:46,44.61,204,DELETE,11.478,36.87,23.79,2,No Error,Ap-Southeast-1,False,Fast
4347,83,2026-05-19 10:34:36,364.44,201,PATCH,1598.968,35.98,13.91,1,No Error,Sa-East-1,False,Moderate
4348,212,2026-05-02 23:29:41,226.53,200,DELETE,1.279,28.95,46.8,5,No Error,Eu-West-1,False,Moderate
4349,29,2026-05-01 20:41:49,124.29,201,POST,1262.288,23.49,42.15,1,No Error,Eu-West-1,False,Fast
4350,57,2026-05-10 17:51:35,31.74,200,PATCH,1707.034,13.17,34.04,1,No Error,Eu-West-1,False,Fast
4351,163,2026-05-24 03:16:37,193.8,204,POST,3229.225,24.89,23.16,1,No Error,Sa-East-1,False,Fast
4352,13,2026-05-21 15:06:33,13955.83,500,POST,3678.286,98.43,94.46,1,Internal Server Error: NullPointerException in controller execution layer,Sa-East-1,True,Slow
4353,33,2026-05-17 09:36:39,206.93,200,PUT,289.22,18.02,22.01,1,No Error,Eu-West-1,False,Moderate
4354,132,2026-05-09 03:34:47,96.41,201,GET,7.211,20.81,40.14,1,No Error,Eu-West-1,False,Fast
4355,232,2026-05-12 10:07:49,184.1,204,PATCH,2805.113,33.88,37.38,2,No Error,Us-West-2,False,Fast
4356,183,2026-05-20 03:58:12,119.36,200,GET,4.503,8.58,14.83,1,No Error,Sa-East-1,False,Fast
4357,194,2026-05-21 23:33:13,255.51,204,DELETE,4.428,36.56,28.93,1,No Error,Sa-East-1,False,Moderate
4358,74,2026-05-01 16:25:44,91.84,200,DELETE,4.815,11.32,22.56,1,No Error,Us-West-2,False,Fast
4359,168,2026-05-24 22:48:09,115.97,200,DELETE,11.961,26.39,48.09,1,No Error,Us-West-2,False,Fast
4360,204,2026-05-22 22:19:14,421.55,204,POST,2788.263,35.18,19.84,1,No Error,Ap-Southeast-1,False,Moderate
4361,77,2026-05-01 23:48:53,278.98,200,POST,3327.518,33.65,48.12,1,No Error,Sa-East-1,False,Moderate
4362,148,2026-05-04 23:15:47,4.38,404,PUT,2956.398,1.03,26.93,1,Resource Not Found: Endpoint entity collection does not exist,Us-West-2,True,Fast
4363,113,2026-05-14 09:10:14,97.48,204,DELETE,2.935,34.71,45.63,1,No Error,Sa-East-1,False,Fast
4364,85,2026-05-01 02:27:47,180.14,204,PATCH,3385.04,33.34,13.65,1,No Error,Ap-Southeast-1,False,Fast
4365,28,2026-05-24 18:59:16,174.1,204,DELETE,9.095,11.25,44.15,1,No Error,Us-East-1,False,Fast
4366,247,2026-05-23 13:14:08,53.76,200,PATCH,2741.698,31.47,13.84,2,No Error,Ap-Southeast-1,False,Fast
4367,124,2026-05-10 19:07:37,105.57,200,GET,12.08,22.41,29.2,1,No Error,Eu-West-1,False,Fast
4368,96,2026-05-03 20:21:33,84.72,200,PATCH,2889.021,4.59,12.93,2,No Error,Us-West-2,False,Fast
4369,100,2026-05-02 09:06:18,13.44,200,PATCH,1179.147,8.67,26.32,1,No Error,Us-West-2,False,Fast
4370,67,2026-05-13 23:50:42,213.58,204,DELETE,1.803,14.06,21.4,1,No Error,Ap-Southeast-1,False,Moderate
4371,231,2026-05-05 23:54:04,296.83,200,PUT,985.539,29.55,46.21,1,No Error,Us-East-1,False,Moderate
4372,167,2026-05-05 21:01:52,170.77,200,DELETE,9.89,16.83,32.95,5,No Error,Us-East-1,False,Fast
4373,178,2026-05-12 06:09:37,86.54,404,DELETE,5.171,5.15,28.04,1,Resource Not Found: Endpoint entity collection does not exist,Us-East-1,True,Fast
4374,173,2026-05-23 06:47:37,4.8,404,PUT,159.446,6.36,10.2,1,Resource Not Found: Endpoint entity collection does not exist,Us-West-2,True,Fast
4375,192,2026-05-03 05:37:51,148.11,204,PATCH,3193.073,26.39,17.43,1,No Error,Eu-West-1,False,Fast
4376,238,2026-05-15 19:34:28,145.95,200,PATCH,3761.091,17.98,14.9,1,No Error,Ap-Southeast-1,False,Fast
4377,13,2026-05-20 07:38:13,26502.95,503,GET,2.868,94.04,99.31,1,Service Unavailable: Downstream database connection pool timeout,Ap-Southeast-1,True,Slow
4378,249,2026-05-11 03:16:21,447.93,204,POST,875.64,16.52,48.39,1,No Error,Us-East-1,False,Moderate
4379,139,2026-05-12 12:32:38,411.18,200,POST,975.748,15.25,15.24,1,No Error,Sa-East-1,False,Moderate
4380,110,2026-05-12 19:39:33,321.92,200,DELETE,9.245,6.03,30.11,1,No Error,Ap-Southeast-1,False,Moderate
4381,77,2026-05-09 21:48:21,321.14,200,DELETE,1.68,18.87,51.67,1,No Error,Sa-East-1,False,Moderate
4382,187,2026-05-16 13:16:42,432.38,201,GET,12.023,8.95,12.07,1,No Error,Us-West-2,False,Moderate
4383,139,2026-05-03 20:57:13,351.33,204,POST,3714.335,32.12,19.95,2,No Error,Us-East-1,False,Moderate
4384,78,2026-05-01 23:35:43,19.31,400,PATCH,102.267,3.6,15.24,1,Bad Request: Invalid JSON payload structure,Us-West-2,True,Fast
4385,127,2026-05-13 22:03:09,15.93,204,GET,0.63,24.46,35.51,2,No Error,Sa-East-1,False,Fast
4386,25,2026-05-25 04:20:36,417.08,200,PUT,1061.532,12.45,18.35,2,No Error,Eu-West-1,False,Moderate
4387,132,2026-05-25 07:34:44,32.28,500,GET,8.433,9.6,23.08,1,    CRITICAL_TELEMETRY_DROP_OUT,Us-East-1,True,Fast
4388,101,2026-05-02 18:47:44,30.98,200,PUT,817.258,0.38,23.34,1,No Error,Eu-West-1,False,Fast
4389,228,2026-05-04 05:37:30,41.65,429,POST,857.976,9.77,20.13,12,Rate Limit Exceeded: Threshold of 100 req/sec breached,Eu-West-1,True,Fast
4390,67,2026-05-14 10:50:33,26265.59,504,PUT,2047.456,92.48,92.32,1,Gateway Timeout: Upstream microservice failed to respond within 15000ms,Us-East-1,True,Slow
4391,94,2026-05-24 23:47:09,64.82,403,PATCH,764.694,0.35,22.62,1,Forbidden: Client lacks required read/write scopes,Us-West-2,True,Fast
4392,114,2026-05-16 20:14:26,26451.73,503,GET,0.141,91.36,93.31,1,Service Unavailable: Downstream database connection pool timeout,Ap-Southeast-1,True,Slow
4393,118,2026-05-25 23:37:01,57.7,204,PATCH,4031.508,5.19,43.8,1,No Error,Us-East-1,False,Fast
4394,74,2026-05-24 01:41:41,136.62,200,PUT,1415.096,31.3,39.86,1,No Error,Sa-East-1,False,Fast
4395,240,2026-05-10 05:01:47,130.99,201,PATCH,234.664,6.2,43.74,1,No Error,Sa-East-1,False,Fast
4396,103,2026-05-16 20:20:48,58.49,403,PATCH,2938.221,8.6,9.56,1,Forbidden: Client lacks required read/write scopes,Eu-West-1,True,Fast
4397,66,2026-05-09 15:28:13,61.17,200,PUT,1633.989,29.52,16.48,1,No Error,Us-West-2,False,Fast
4398,196,2026-05-10 15:31:35,34.68,401,PATCH,892.774,2.39,24.58,1,Unauthorized: Signature mismatch or expired bearer token,Sa-East-1,True,Fast
4399,114,2026-05-15 08:34:50,290.96,200,POST,3877.287,29.27,25.27,1,No Error,Eu-West-1,False,Moderate
4400,158,2026-05-01 03:29:47,390.42,200,DELETE,9.091,7.7,25.44,1,No Error,Us-West-2,False,Moderate
4401,121,2026-05-25 03:57:09,85.53,200,PUT,1774.949,37.38,18.93,1,No Error,Us-East-1,False,Fast
4402,126,2026-05-16 12:25:57,373.55,200,GET,9.41,11.99,46.2,2,No Error,Ap-Southeast-1,False,Moderate
4403,103,2026-05-15 07:12:53,46.65,401,GET,12.43,0.55,20.15,1,Unauthorized: Signature mismatch or expired bearer token,Sa-East-1,True,Fast
4404,187,2026-05-15 17:14:27,28769.48,504,PATCH,1346.166,94.99,99.71,1,Gateway Timeout: Upstream microservice failed to respond within 15000ms,Ap-Southeast-1,True,Slow
4405,13,2026-05-10 16:01:38,13583.57,504,POST,2371.059,95.83,89.4,1,Gateway Timeout: Upstream microservice failed to respond within 15000ms,Us-East-1,True,Slow
4406,195,2026-05-25 07:02:08,200.385,400,DELETE,2.929,165.4,0.0,1,No Error,Ap-Southeast-1,True,Moderate
4407,193,2026-05-02 14:47:38,27.23,204,POST,2301.799,4.03,17.11,1,No Error,Ap-Southeast-1,False,Fast
4408,220,2026-05-01 18:03:06,88.25,429,GET,6.423,11.11,22.18,1,Rate Limit Exceeded: Threshold of 100 req/sec breached,Eu-West-1,True,Fast
4409,74,2026-05-02 06:23:26,290.5,204,PATCH,1773.519,28.74,34.94,1,No Error,Us-West-2,False,Moderate
4410,75,2026-05-11 11:22:14,-1.0,400,DELETE,0.874,-99.0,0.0,1,No Error,Us-East-1,True,Fast
4411,186,2026-05-20 21:35:35,20.34,401,DELETE,1.684,5.29,25.59,1,Unauthorized: Signature mismatch or expired bearer token,Us-West-2,True,Fast
4412,22,2026-05-10 15:13:36,82.26,400,PATCH,3542.621,10.87,9.57,1,Bad Request: Invalid JSON payload structure,Ap-Southeast-1,True,Fast
4413,46,2026-05-09 12:32:10,401.42,201,PATCH,2065.397,9.48,22.17,1,No Error,Ap-Southeast-1,False,Moderate
4414,185,2026-05-12 02:02:52,24673.04,500,PATCH,3736.009,90.1,89.41,1,Internal Server Error: NullPointerException in controller execution layer,Ap-Southeast-1,True,Slow
4415,13,2026-05-03 10:07:45,297.12,200,PATCH,2720.076,3.54,12.71,1,No Error,Sa-East-1,False,Moderate
4416,37,2026-05-24 07:08:24,322.57,204,PUT,3834.955,21.23,50.55,1,No Error,Sa-East-1,False,Moderate
4417,191,2026-05-10 08:25:20,69.19,401,PUT,1121.343,6.85,28.53,1,Unauthorized: Signature mismatch or expired bearer token,Us-West-2,True,Fast
4418,54,2026-05-06 13:02:38,356.75,201,PUT,3885.193,33.81,38.87,1,No Error,Sa-East-1,False,Moderate
4419,222,2026-05-11 03:01:53,-1.0,200,DELETE,11.202,165.4,0.0,1,No Error,Us-West-2,False,Fast
4420,213,2026-05-19 10:28:00,373.07,201,PATCH,919.2,22.2,29.31,2,No Error,Ap-Southeast-1,False,Moderate
4421,42,2026-05-05 10:37:51,93.78,404,PUT,1578.085,4.69,17.84,1,Resource Not Found: Endpoint entity collection does not exist,Us-West-2,True,Fast
4422,152,2026-05-22 19:13:00,20.02,429,PUT,159.074,9.49,22.01,1,Rate Limit Exceeded: Threshold of 100 req/sec breached,Ap-Southeast-1,True,Fast
4423,124,2026-05-04 19:12:58,354.89,200,POST,1234.498,8.76,19.92,1,No Error,Us-West-2,False,Moderate
4424,124,2026-05-16 08:01:54,325.41,204,PUT,1992.935,23.09,12.26,1,No Error,Us-East-1,False,Moderate
4425,187,2026-05-24 00:59:41,396.76,204,GET,4.653,21.4,27.66,1,No Error,Us-West-2,False,Moderate
4426,42,2026-05-24 17:30:32,64.28,200,PATCH,3809.392,4.5,31.72,1,No Error,Us-East-1,False,Fast
4427,241,2026-05-15 15:08:41,87.64,429,PUT,3207.362,5.64,21.62,1,Rate Limit Exceeded: Threshold of 100 req/sec breached,Us-West-2,True,Fast
4428,142,2026-05-01 19:08:15,25.8,201,POST,3691.053,1.83,28.57,1,No Error,Eu-West-1,False,Fast
4429,240,2026-05-02 23:58:48,266.98,200,PATCH,675.712,4.01,49.12,1,No Error,Eu-West-1,False,Moderate
4430,72,2026-05-02 13:55:06,371.49,201,DELETE,12.288,19.59,21.87,1,No Error,Us-West-2,False,Moderate
4431,102,2026-05-17 19:16:27,271.61,200,PATCH,1768.456,17.37,29.69,1,No Error,Us-East-1,False,Moderate
4432,47,2026-05-18 00:20:35,78.81,400,POST,3956.615,1.95,8.95,1,No Error,Us-East-1,True,Fast
4433,123,2026-05-10 18:36:22,25128.12,503,PATCH,2213.469,99.67,99.01,1,Service Unavailable: Downstream database connection pool timeout,Ap-Southeast-1,True,Slow
4434,228,2026-05-03 09:09:23,121.66,200,PUT,2256.091,12.71,12.92,1,No Error,Sa-East-1,False,Fast
4435,20,2026-05-01 07:33:17,279.94,201,PATCH,3809.83,18.31,31.98,1,No Error,Sa-East-1,False,Moderate
4436,213,2026-05-08 09:24:21,194.82,200,DELETE,6.634,38.11,12.88,1,No Error,Eu-West-1,False,Fast
4437,139,2026-05-11 09:29:27,43.64,429,DELETE,8.243,8.23,18.72,5,Rate Limit Exceeded: Threshold of 100 req/sec breached,Ap-Southeast-1,True,Fast
4438,182,2026-05-02 10:00:43,401.27,200,PATCH,55.17,31.34,31.98,1,No Error,Eu-West-1,False,Moderate
4439,169,2026-05-09 22:27:20,209.25,204,PATCH,3503.622,8.44,22.0,1,No Error,Eu-West-1,False,Moderate
4440,139,2026-05-05 09:37:34,192.2,200,GET,2.99,16.9,21.55,1,No Error,Sa-East-1,False,Fast
4441,98,2026-05-21 12:09:19,161.03,200,GET,5.188,35.48,20.46,1,No Error,Ap-Southeast-1,False,Fast
4442,183,2026-05-04 01:48:42,255.58,204,GET,8.955,7.16,19.07,1,No Error,Us-East-1,False,Moderate
4443,214,2026-05-09 17:15:04,17.17,429,PUT,675.651,8.76,10.4,1,Rate Limit Exceeded: Threshold of 100 req/sec breached,Ap-Southeast-1,True,Fast
4444,117,2026-05-05 15:05:06,410.91,201,DELETE,8.775,9.97,48.19,1,No Error,Us-West-2,False,Moderate
4445,27,2026-05-11 05:05:30,368.37,200,DELETE,5.626,32.55,23.01,1,No Error,Eu-West-1,False,Moderate
4446,69,2026-05-23 20:30:55,30.24,204,PUT,2693.95,15.86,16.53,1,No Error,Eu-West-1,False,Fast
4447,239,2026-05-06 09:38:18,430.72,204,PATCH,949.018,1.86,21.02,1,No Error,Us-East-1,False,Moderate
4448,16,2026-05-24 04:03:46,442.04,200,PATCH,2341.408,8.75,22.41,1,No Error,Ap-Southeast-1,False,Moderate
4449,36,2026-05-10 01:08:36,267.66,204,PATCH,4086.486,1.01,38.24,1,No Error,Us-East-1,False,Moderate
4450,216,2026-05-24 01:49:27,14425.61,503,PUT,3621.369,96.97,97.77,1,Service Unavailable: Downstream database connection pool timeout,Us-West-2,True,Slow
4451,218,2026-05-10 03:53:00,186.92,200,PATCH,3996.414,27.62,45.1,1,No Error,Us-East-1,False,Fast
4452,199,2026-05-09 22:32:47,34.22,429,GET,1.792,1.2,18.86,1,Rate Limit Exceeded: Threshold of 100 req/sec breached,Us-West-2,True,Fast
4453,41,2026-05-20 08:20:30,179.63,200,POST,210.446,28.07,31.07,1,No Error,Ap-Southeast-1,False,Fast
4454,212,2026-05-13 10:48:15,13.8,429,DELETE,1.064,8.8,29.07,1,Rate Limit Exceeded: Threshold of 100 req/sec breached,Eu-West-1,True,Fast
4455,241,2026-05-11 06:08:30,34.38,204,PATCH,2600.586,26.61,45.93,1,No Error,Us-West-2,False,Fast
4456,17,2026-05-15 01:36:50,6708.7,504,DELETE,0.774,97.69,90.99,1,Gateway Timeout: Upstream microservice failed to respond within 15000ms,Ap-Southeast-1,True,Slow
4457,229,2026-05-03 04:03:55,32.33,404,PUT,949.46,7.98,12.71,2,Resource Not Found: Endpoint entity collection does not exist,Us-East-1,True,Fast
4458,239,2026-05-06 16:58:45,252.37,201,PUT,368.585,31.86,18.34,2,No Error,Ap-Southeast-1,False,Moderate
4459,161,2026-05-23 17:42:17,277.18,200,POST,452.357,10.82,22.09,1,No Error,Eu-West-1,False,Moderate
4460,154,2026-05-14 08:08:32,22509.62,504,PATCH,601.642,99.88,94.26,1,Gateway Timeout: Upstream microservice failed to respond within 15000ms,Eu-West-1,True,Slow
4461,146,2026-05-13 17:18:28,69.08,400,PATCH,458.416,11.34,8.78,1,No Error,Us-West-2,True,Fast
4462,100,2026-05-05 22:13:17,318.91,204,GET,6.521,10.53,31.74,1,No Error,Sa-East-1,False,Moderate
4463,141,2026-05-22 20:57:00,262.41,200,DELETE,10.09,30.65,16.6,1,No Error,Sa-East-1,False,Moderate
4464,233,2026-05-07 21:00:33,39.05,400,PATCH,391.456,6.84,22.71,1,Bad Request: Invalid JSON payload structure,Eu-West-1,True,Fast
4465,95,2026-05-07 11:27:34,49.82,204,PATCH,1700.676,2.1,32.98,1,No Error,Us-East-1,False,Fast
4466,238,2026-05-14 13:22:39,428.69,201,PATCH,2542.618,23.37,25.28,1,No Error,Us-East-1,False,Moderate
4467,87,2026-05-19 02:22:50,174.56,204,GET,10.671,28.34,43.85,1,No Error,Eu-West-1,False,Fast
4468,139,2026-05-01 21:30:33,209.0,201,PUT,3188.04,8.36,47.84,1,No Error,Us-West-2,False,Moderate
4469,34,2026-05-05 07:27:20,30.76,401,PUT,2663.68,7.16,24.11,1,Unauthorized: Signature mismatch or expired bearer token,Ap-Southeast-1,True,Fast
4470,183,2026-05-05 17:10:29,297.93,200,PATCH,326.672,9.98,16.99,1,No Error,Sa-East-1,False,Moderate
4471,123,2026-05-19 03:23:54,149.38,200,GET,6.057,6.65,31.13,1,No Error,Eu-West-1,False,Fast
4472,226,2026-05-04 13:26:11,167.03,200,PATCH,424.326,14.32,32.21,1,No Error,Ap-Southeast-1,False,Fast
4473,64,2026-05-19 09:25:13,229.46,201,POST,3267.842,7.98,21.49,1,No Error,Eu-West-1,False,Moderate
4474,55,2026-05-01 03:08:17,429.93,500,PATCH,2096.516,46.28,70.19,1,CRITICAL_TELEMETRY_DROP_OUT,Sa-East-1,True,Moderate
4475,152,2026-05-22 17:11:32,295.11,200,POST,3906.483,16.2,46.74,1,No Error,Eu-West-1,False,Moderate
4476,51,2026-05-02 06:51:07,92.41,401,GET,11.279,11.52,9.85,5,Unauthorized: Signature mismatch or expired bearer token,Us-West-2,True,Fast
4477,30,2026-05-10 16:07:22,432.57,200,POST,467.327,11.88,32.94,1,No Error,Us-West-2,False,Moderate
4478,234,2026-05-20 03:11:16,306.92,200,PATCH,2254.856,20.72,13.58,1,No Error,Us-West-2,False,Moderate
4479,19,2026-05-04 20:22:21,143.27,200,DELETE,9.084,10.59,44.54,1,No Error,Eu-West-1,False,Fast
4480,184,2026-05-16 12:23:07,307.59,201,GET,8.403,36.49,27.0,1,No Error,Us-East-1,False,Moderate
4481,26,2026-05-10 06:28:35,230.48,200,DELETE,11.209,14.56,46.14,1,No Error,Eu-West-1,False,Moderate
4482,227,2026-05-21 18:34:28,394.23,200,POST,4027.792,37.85,36.48,1,No Error,Sa-East-1,False,Moderate
4483,165,2026-05-21 03:22:12,393.86,200,PUT,2513.18,5.31,46.46,1,No Error,Us-East-1,False,Moderate
4484,240,2026-05-18 09:53:03,121.58,201,DELETE,4.367,15.35,23.0,1,No Error,Sa-East-1,False,Fast
4485,149,2026-05-01 20:17:45,81.96,200,PATCH,1802.999,20.5,49.71,1,No Error,Eu-West-1,False,Fast
4486,168,2026-05-01 09:06:18,99999.99,400,PATCH,2111.649,-99.0,29.34,1,No Error,Us-West-2,True,Slow
4487,47,2026-05-15 16:14:45,388.82,200,POST,1348.541,29.22,29.56,1,No Error,Us-East-1,False,Moderate
4488,187,2026-05-01 21:16:50,17.95,500,PUT,1413.984,0.81,22.37,1,    CRITICAL_TELEMETRY_DROP_OUT,Us-East-1,True,Fast
4489,151,2026-05-17 04:46:39,84.75,204,PATCH,2279.65,24.23,50.62,1,No Error,Us-West-2,False,Fast
4490,208,2026-05-19 02:23:27,99.46,200,DELETE,10.811,8.22,29.7,1,No Error,Us-East-1,False,Fast
4491,74,2026-05-24 04:55:54,313.56,200,DELETE,10.861,2.24,38.27,1,No Error,Sa-East-1,False,Moderate
4492,220,2026-05-10 01:25:30,99999.99,400,POST,2746.236,165.4,-1.0,5,No Error,Eu-West-1,True,Slow
4493,7,2026-05-06 22:56:09,85.64,401,DELETE,10.988,3.64,22.19,1,Unauthorized: Signature mismatch or expired bearer token,Sa-East-1,True,Fast
4494,82,2026-05-04 14:34:58,200.385,200,POST,1475.816,17.42,0.0,1,No Error,Us-West-2,False,Moderate
4495,101,2026-05-14 17:35:11,79.77,204,PUT,522.91,16.12,44.02,1,No Error,Ap-Southeast-1,False,Fast
4496,225,2026-05-16 02:10:37,405.63,201,POST,2401.255,27.28,49.74,1,No Error,Us-West-2,False,Moderate
4497,163,2026-05-02 09:57:02,224.93,204,PUT,3120.671,32.59,25.73,1,No Error,Eu-West-1,False,Moderate
4498,227,2026-05-22 01:22:41,348.84,204,PUT,811.124,7.37,26.69,1,No Error,Eu-West-1,False,Moderate
4499,178,2026-05-25 05:04:54,150.75,200,GET,12.366,18.8,25.17,2,No Error,Us-East-1,False,Fast
4500,122,2026-05-14 21:36:57,140.0,200,PUT,2084.244,36.31,44.74,1,No Error,Sa-East-1,False,Fast
4501,152,2026-05-17 20:08:53,281.75,200,PUT,2067.254,21.43,35.07,1,No Error,Ap-Southeast-1,False,Moderate
4502,14,2026-05-02 08:34:50,264.4,200,DELETE,9.289,27.46,48.21,1,No Error,Us-West-2,False,Moderate
4503,49,2026-05-19 22:20:00,173.95,200,GET,6.938,31.03,52.26,1,No Error,Eu-West-1,False,Fast
4504,205,2026-05-06 04:35:51,84.05,401,GET,6.619,7.94,11.82,1,Unauthorized: Signature mismatch or expired bearer token,Us-East-1,True,Fast
4505,191,2026-05-24 13:01:06,378.13,200,PUT,3811.558,10.48,46.82,1,No Error,Sa-East-1,False,Moderate
4506,170,2026-05-10 08:01:48,6495.08,500,DELETE,1.723,97.48,94.68,2,Internal Server Error: NullPointerException in controller execution layer,Us-East-1,True,Slow
4507,113,2026-05-19 19:19:14,40.12,200,GET,5.264,6.38,20.46,1,No Error,Sa-East-1,False,Fast
4508,215,2026-05-07 15:55:50,69.83,403,GET,3.125,0.54,21.37,1,Forbidden: Client lacks required read/write scopes,Us-East-1,True,Fast
4509,118,2026-05-09 01:20:49,19.92,200,PUT,3071.158,36.9,29.58,1,No Error,Sa-East-1,False,Fast
4510,74,2026-05-04 06:42:01,99999.99,200,POST,1179.069,17.42,29.34,1,No Error,Us-West-2,False,Slow
4511,152,2026-05-13 01:57:48,84.72,204,GET,7.258,22.78,21.31,1,No Error,Eu-West-1,False,Fast
4512,232,2026-05-15 07:26:03,200.385,500,PATCH,3324.271,-99.0,0.0,1,CRITICAL_TELEMETRY_DROP_OUT,Us-West-2,True,Moderate
4513,235,2026-05-03 02:44:35,63.0,200,POST,767.562,17.99,37.46,1,No Error,Ap-Southeast-1,False,Fast
4514,174,2026-05-24 21:29:31,277.64,200,POST,2399.428,19.35,19.46,1,No Error,Eu-West-1,False,Moderate
4515,242,2026-05-22 14:31:05,367.56,200,GET,1.182,10.99,39.78,2,No Error,Ap-Southeast-1,False,Moderate
4516,84,2026-05-05 20:37:26,99999.99,200,PUT,1449.057,165.4,29.34,5,No Error,Sa-East-1,False,Slow
4517,228,2026-05-15 09:51:21,289.89,204,GET,10.928,5.03,20.52,2,No Error,Ap-Southeast-1,False,Moderate
4518,172,2026-05-17 22:16:46,48.41,200,DELETE,6.025,29.33,28.63,1,No Error,Ap-Southeast-1,False,Fast
4519,226,2026-05-21 19:30:59,207.84,204,PUT,3222.884,29.33,49.48,1,No Error,Us-West-2,False,Moderate
4520,21,2026-05-18 00:16:15,28.08,204,DELETE,12.498,8.66,45.15,1,No Error,Eu-West-1,False,Fast
4521,201,2026-05-22 14:16:31,15831.25,503,PATCH,3496.165,93.52,95.52,1,Service Unavailable: Downstream database connection pool timeout,Ap-Southeast-1,True,Slow
4522,85,2026-05-25 10:57:31,91.52,404,POST,3015.267,9.28,28.91,1,Resource Not Found: Endpoint entity collection does not exist,Ap-Southeast-1,True,Fast
4523,195,2026-05-10 10:35:02,402.14,200,POST,3273.461,29.53,23.52,1,No Error,Sa-East-1,False,Moderate
4524,14,2026-05-21 17:53:00,268.37,204,PATCH,922.923,37.48,30.82,2,No Error,Us-East-1,False,Moderate
4525,62,2026-05-23 12:18:27,403.98,201,PATCH,4042.485,26.07,20.12,12,No Error,Us-West-2,False,Moderate
4526,121,2026-05-24 20:55:30,8396.08,503,GET,8.042,97.45,98.8,1,Service Unavailable: Downstream database connection pool timeout,Eu-West-1,True,Slow
4527,246,2026-05-23 05:39:58,229.14,204,PATCH,2536.37,14.7,20.24,1,No Error,Us-East-1,False,Moderate
4528,187,2026-05-23 02:24:21,431.16,200,PATCH,611.355,35.73,25.42,1,No Error,Sa-East-1,False,Moderate
4529,240,2026-05-23 07:14:31,268.59,201,GET,10.584,25.71,47.42,2,No Error,Sa-East-1,False,Moderate
4530,88,2026-05-01 02:35:28,437.6,200,POST,3449.085,34.64,40.75,1,No Error,Sa-East-1,False,Moderate
4531,78,2026-05-23 19:46:29,85.25,401,DELETE,8.566,7.76,10.69,1,Unauthorized: Signature mismatch or expired bearer token,Sa-East-1,True,Fast
4532,178,2026-05-25 10:31:23,46.55,500,GET,2.21,8.86,26.81,1,    CRITICAL_TELEMETRY_DROP_OUT,Us-East-1,True,Fast
4533,210,2026-05-07 03:49:56,44.11,200,PATCH,2179.235,30.86,27.28,1,No Error,Us-East-1,False,Fast
4534,77,2026-05-16 15:05:36,353.33,200,PUT,2561.52,37.59,45.49,1,No Error,Sa-East-1,False,Moderate
4535,74,2026-05-08 13:20:17,38.86,201,PUT,2281.99,32.36,26.89,1,No Error,Ap-Southeast-1,False,Fast
4536,209,2026-05-14 10:21:12,77.41,400,GET,5.0,9.84,29.76,1,Bad Request: Invalid JSON payload structure,Sa-East-1,True,Fast
4537,183,2026-05-06 00:16:21,39.05,404,PATCH,2785.636,4.77,24.58,1,Resource Not Found: Endpoint entity collection does not exist,Ap-Southeast-1,True,Fast
4538,222,2026-05-18 01:53:24,47.13,200,PATCH,3661.62,1.45,25.96,1,No Error,Sa-East-1,False,Fast
4539,66,2026-05-24 19:35:43,214.11,200,PATCH,1121.96,32.2,37.18,1,No Error,Sa-East-1,False,Moderate
4540,118,2026-05-03 11:37:49,377.17,201,GET,3.739,10.0,37.75,2,No Error,Ap-Southeast-1,False,Moderate
4541,59,2026-05-24 20:01:07,329.99,201,POST,1966.091,27.13,20.58,1,No Error,Us-East-1,False,Moderate
4542,192,2026-05-08 19:51:30,5354.7,503,POST,1382.71,90.28,99.58,5,Service Unavailable: Downstream database connection pool timeout,Us-West-2,True,Slow
4543,244,2026-05-08 06:23:16,20.69,201,PATCH,3012.434,4.85,23.72,1,No Error,Sa-East-1,False,Fast
4544,199,2026-05-20 08:13:02,92.64,403,PUT,1000.143,5.52,28.73,1,Forbidden: Client lacks required read/write scopes,Ap-Southeast-1,True,Fast
4545,57,2026-05-13 05:47:29,38.96,201,DELETE,7.364,20.54,44.83,1,No Error,Ap-Southeast-1,False,Fast
4546,228,2026-05-15 10:21:45,20725.46,500,PATCH,2642.824,94.31,91.15,1,Internal Server Error: NullPointerException in controller execution layer,Eu-West-1,True,Slow
4547,203,2026-05-13 07:26:26,27.04,201,PUT,2693.116,26.09,20.87,1,No Error,Sa-East-1,False,Fast
4548,167,2026-05-05 20:37:05,420.38,201,PATCH,3041.64,14.37,27.19,1,No Error,Sa-East-1,False,Moderate
4549,35,2026-05-16 22:13:56,379.57,204,PUT,1351.936,32.19,36.3,1,No Error,Ap-Southeast-1,False,Moderate
4550,231,2026-05-08 04:23:17,316.03,200,DELETE,10.414,25.06,45.64,2,No Error,Ap-Southeast-1,False,Moderate
4551,114,2026-05-01 06:49:45,11.88,429,DELETE,12.185,8.54,9.87,1,Rate Limit Exceeded: Threshold of 100 req/sec breached,Ap-Southeast-1,True,Fast
4552,210,2026-05-23 20:06:58,351.37,201,GET,9.243,1.37,22.4,1,No Error,Eu-West-1,False,Moderate
4553,30,2026-05-22 14:23:44,25.63,429,DELETE,0.928,2.25,22.17,1,Rate Limit Exceeded: Threshold of 100 req/sec breached,Sa-East-1,True,Fast
4554,185,2026-05-14 07:58:42,9.05,429,DELETE,2.109,4.42,23.68,1,Rate Limit Exceeded: Threshold of 100 req/sec breached,Us-West-2,True,Fast
4555,235,2026-05-12 13:02:01,200.385,200,PUT,2339.292,165.4,29.34,2,No Error,Ap-Southeast-1,False,Moderate
4556,211,2026-05-19 18:32:41,129.79,204,DELETE,9.202,24.42,50.41,1,No Error,Eu-West-1,False,Fast
4557,7,2026-05-04 05:39:39,187.4,200,DELETE,6.016,38.0,18.43,1,No Error,Sa-East-1,False,Fast
4558,22,2026-05-19 22:28:15,318.4,201,PUT,424.583,21.93,36.24,2,No Error,Sa-East-1,False,Moderate
4559,183,2026-05-05 10:41:35,86.49,200,POST,3386.029,28.3,22.72,1,No Error,Sa-East-1,False,Fast
4560,198,2026-05-24 15:34:23,22307.83,504,GET,2.958,90.55,88.76,1,Gateway Timeout: Upstream microservice failed to respond within 15000ms,Us-East-1,True,Slow
4561,209,2026-05-15 05:28:04,253.04,201,GET,4.794,24.09,49.76,1,No Error,Sa-East-1,False,Moderate
4562,194,2026-05-13 06:51:40,324.28,204,DELETE,3.261,27.21,25.35,1,No Error,Sa-East-1,False,Moderate
4563,10,2026-05-22 09:32:13,99.18,200,PUT,368.801,14.89,14.49,1,No Error,Eu-West-1,False,Fast
4564,73,2026-05-12 05:38:13,109.67,201,PUT,1917.045,0.94,19.0,1,No Error,Ap-Southeast-1,False,Fast
4565,148,2026-05-23 08:07:33,441.38,200,GET,3.776,15.77,18.38,1,No Error,Us-East-1,False,Moderate
4566,237,2026-05-21 20:04:23,389.74,204,PUT,324.871,2.7,36.43,1,No Error,Eu-West-1,False,Moderate
4567,91,2026-05-19 09:32:10,45.19,204,GET,0.657,16.97,26.42,1,No Error,Eu-West-1,False,Fast
4568,86,2026-05-15 07:19:53,310.73,200,PATCH,1775.208,3.74,51.75,1,No Error,Us-West-2,False,Moderate
4569,204,2026-05-03 01:20:09,264.08,201,PUT,2627.455,18.71,30.73,2,No Error,Eu-West-1,False,Moderate
4570,218,2026-05-13 03:07:55,49.28,429,PATCH,62.819,9.99,27.25,1,Rate Limit Exceeded: Threshold of 100 req/sec breached,Us-East-1,True,Fast
4571,87,2026-05-15 13:45:13,28.83,200,POST,285.857,22.3,23.85,2,No Error,Ap-Southeast-1,False,Fast
4572,63,2026-05-08 03:15:25,186.25,201,PUT,2187.136,3.21,14.41,1,No Error,Ap-Southeast-1,False,Fast
4573,238,2026-05-24 11:17:44,9062.71,504,POST,1569.164,92.45,99.07,5,Gateway Timeout: Upstream microservice failed to respond within 15000ms,Sa-East-1,True,Slow
4574,228,2026-05-06 02:37:10,201.18,204,POST,621.373,22.49,30.43,1,No Error,Ap-Southeast-1,False,Moderate
4575,71,2026-05-08 00:03:30,384.42,200,PATCH,2545.876,5.79,36.4,1,No Error,Us-West-2,False,Moderate
4576,19,2026-05-11 15:25:06,334.31,204,POST,2489.694,24.07,16.56,2,No Error,Sa-East-1,False,Moderate
4577,3,2026-05-19 13:24:18,-1.0,500,POST,2713.514,165.4,-1.0,1,CRITICAL_TELEMETRY_DROP_OUT,Ap-Southeast-1,True,Fast
4578,192,2026-05-07 20:10:07,132.26,200,GET,10.887,33.13,33.64,1,No Error,Eu-West-1,False,Fast
4579,213,2026-05-06 15:55:30,400.65,204,GET,3.278,31.38,35.61,1,No Error,Eu-West-1,False,Moderate
4580,62,2026-05-07 02:49:42,286.95,204,DELETE,6.754,22.24,45.24,1,No Error,Us-East-1,False,Moderate
4581,54,2026-05-01 23:16:26,26.73,400,GET,9.029,1.5,21.08,1,Bad Request: Invalid JSON payload structure,Us-West-2,True,Fast
4582,225,2026-05-16 11:24:45,30.12,200,DELETE,8.341,25.81,32.8,1,No Error,Us-East-1,False,Fast
4583,90,2026-05-23 01:44:47,18.62,400,GET,7.576,3.29,24.65,1,No Error,Sa-East-1,True,Fast
4584,7,2026-05-15 13:28:51,42.55,401,PATCH,2429.766,8.47,18.27,1,Unauthorized: Signature mismatch or expired bearer token,Eu-West-1,True,Fast
4585,39,2026-05-01 21:39:41,90.99,200,POST,2526.64,24.09,40.91,5,No Error,Sa-East-1,False,Fast
4586,25,2026-05-24 09:11:26,71.21,404,POST,237.14,7.97,11.6,1,Resource Not Found: Endpoint entity collection does not exist,Us-West-2,True,Fast
4587,161,2026-05-01 03:08:17,382.05,400,GET,8.486,52.62,49.49,1,No Error,Ap-Southeast-1,True,Moderate
4588,52,2026-05-21 11:16:26,176.14,200,POST,3834.326,11.33,47.1,1,No Error,Us-East-1,False,Fast
4589,127,2026-05-02 23:52:25,212.28,200,DELETE,10.567,17.95,13.25,1,No Error,Sa-East-1,False,Moderate
4590,223,2026-05-16 06:27:28,136.17,200,GET,4.241,29.7,48.56,1,No Error,Eu-West-1,False,Fast
4591,147,2026-05-18 19:22:54,195.48,201,PUT,3450.551,15.45,20.46,1,No Error,Ap-Southeast-1,False,Fast
4592,77,2026-05-10 21:50:37,76.81,403,DELETE,0.322,9.38,28.74,1,Forbidden: Client lacks required read/write scopes,Ap-Southeast-1,True,Fast
4593,185,2026-05-11 19:08:21,206.18,200,PATCH,3965.583,16.96,48.06,1,No Error,Eu-West-1,False,Moderate
4594,61,2026-05-15 09:37:41,337.89,200,PUT,3624.257,6.44,44.3,1,No Error,Us-West-2,False,Moderate
4595,232,2026-05-09 02:43:18,80.42,200,DELETE,4.981,6.53,18.75,1,No Error,Eu-West-1,False,Fast
4596,9,2026-05-11 21:13:39,147.98,204,PATCH,2049.551,16.22,48.69,1,No Error,Us-West-2,False,Fast
4597,218,2026-05-02 22:39:59,396.87,201,PUT,3177.599,34.68,49.52,1,No Error,Ap-Southeast-1,False,Moderate
4598,223,2026-05-06 00:27:40,56.64,400,POST,3935.546,4.92,23.18,1,No Error,Eu-West-1,True,Fast
4599,121,2026-05-05 13:09:13,295.58,200,PATCH,3103.618,25.22,17.83,5,No Error,Sa-East-1,False,Moderate
4600,162,2026-05-06 06:07:09,41.26,429,PUT,627.303,3.92,28.46,1,Rate Limit Exceeded: Threshold of 100 req/sec breached,Sa-East-1,True,Fast
4601,76,2026-05-16 19:47:09,42.54,400,POST,2360.948,10.5,19.85,1,Bad Request: Invalid JSON payload structure,Eu-West-1,True,Fast
4602,116,2026-05-09 06:03:25,182.36,204,GET,8.607,24.76,41.4,1,No Error,Us-East-1,False,Fast
4603,153,2026-05-16 18:03:06,18350.98,500,DELETE,5.658,99.99,88.59,1,Internal Server Error: NullPointerException in controller execution layer,Us-West-2,True,Slow
4604,153,2026-05-20 18:46:13,264.84,200,GET,9.752,20.98,26.86,1,No Error,Ap-Southeast-1,False,Moderate
4605,45,2026-05-16 14:38:31,114.25,200,DELETE,2.58,35.81,13.54,1,No Error,Eu-West-1,False,Fast
4606,116,2026-05-22 06:31:30,100.37,204,GET,5.092,14.01,14.65,1,No Error,Us-West-2,False,Fast
4607,55,2026-05-01 12:22:14,354.68,201,PUT,3895.491,17.45,44.07,1,No Error,Us-West-2,False,Moderate
4608,194,2026-05-16 03:53:03,265.31,200,POST,2055.53,22.89,46.82,1,No Error,Eu-West-1,False,Moderate
4609,4,2026-05-08 12:09:48,171.73,200,POST,372.74,15.02,36.58,1,No Error,Us-West-2,False,Fast
4610,22,2026-05-15 07:45:29,433.27,201,GET,0.101,36.54,31.36,1,No Error,Ap-Southeast-1,False,Moderate
4611,65,2026-05-03 14:13:54,8148.36,500,PATCH,3807.427,98.29,96.07,1,Internal Server Error: NullPointerException in controller execution layer,Ap-Southeast-1,True,Slow
4612,172,2026-05-18 07:44:37,141.23,200,POST,322.296,4.72,50.1,1,No Error,Ap-Southeast-1,False,Fast
4613,194,2026-05-03 04:34:08,200.385,400,PATCH,3565.795,-99.0,29.34,1,No Error,Us-East-1,True,Moderate
4614,87,2026-05-21 13:18:18,198.62,204,POST,3575.049,18.72,47.75,1,No Error,Ap-Southeast-1,False,Fast
4615,168,2026-05-02 17:37:05,20.75,201,GET,2.792,14.64,28.6,1,No Error,Eu-West-1,False,Fast
4616,51,2026-05-20 12:28:24,10449.31,504,DELETE,11.007,98.84,98.14,2,Gateway Timeout: Upstream microservice failed to respond within 15000ms,Sa-East-1,True,Slow
4617,46,2026-05-15 02:10:11,400.47,200,POST,1838.151,37.48,32.69,1,No Error,Eu-West-1,False,Moderate
4618,184,2026-05-01 16:20:57,406.88,204,PUT,3740.242,21.5,33.01,1,No Error,Ap-Southeast-1,False,Moderate
4619,10,2026-05-10 13:06:30,52.56,400,DELETE,3.129,5.02,25.09,1,Bad Request: Invalid JSON payload structure,Us-East-1,True,Fast
4620,39,2026-05-06 17:30:54,89.33,204,DELETE,8.931,23.52,43.54,1,No Error,Eu-West-1,False,Fast
4621,181,2026-05-01 16:57:08,19433.68,504,GET,9.078,93.66,89.5,1,Gateway Timeout: Upstream microservice failed to respond within 15000ms,Ap-Southeast-1,True,Slow
4622,226,2026-05-16 06:34:50,6564.85,503,GET,6.607,97.43,92.17,1,Service Unavailable: Downstream database connection pool timeout,Ap-Southeast-1,True,Slow
4623,92,2026-05-15 00:40:18,51.65,400,PATCH,2991.545,3.85,12.7,1,No Error,Eu-West-1,True,Fast
4624,92,2026-05-04 04:03:20,69.32,400,PUT,973.49,9.34,16.22,2,No Error,Sa-East-1,True,Fast
4625,59,2026-05-16 16:13:45,125.58,200,PATCH,950.123,22.06,48.84,1,No Error,Sa-East-1,False,Fast
4626,82,2026-05-24 06:07:19,336.05,200,POST,1305.267,26.74,30.98,1,No Error,Sa-East-1,False,Moderate
4627,118,2026-05-06 14:28:23,23744.37,503,GET,6.246,94.88,90.47,1,Service Unavailable: Downstream database connection pool timeout,Sa-East-1,True,Slow
4628,246,2026-05-02 06:13:56,273.09,200,PATCH,2499.472,6.55,31.73,1,No Error,Us-East-1,False,Moderate
4629,187,2026-05-23 11:14:33,286.43,200,DELETE,0.495,17.42,19.78,1,No Error,Us-West-2,False,Moderate
4630,184,2026-05-23 15:42:32,71.21,200,GET,7.929,32.81,33.71,1,No Error,Eu-West-1,False,Fast
4631,159,2026-05-23 02:59:29,108.24,200,POST,1499.666,17.47,42.32,1,No Error,Us-East-1,False,Fast
4632,135,2026-05-23 22:27:33,12745.01,503,PATCH,1873.321,96.02,92.21,1,Service Unavailable: Downstream database connection pool timeout,Sa-East-1,True,Slow
4633,104,2026-05-05 01:10:36,366.05,204,PUT,1909.827,0.95,14.84,1,No Error,Ap-Southeast-1,False,Moderate
4634,159,2026-05-21 17:05:05,379.19,201,GET,7.527,35.87,19.04,1,No Error,Us-West-2,False,Moderate
4635,176,2026-05-12 18:38:59,242.85,201,DELETE,6.421,17.96,52.22,2,No Error,Ap-Southeast-1,False,Moderate
4636,216,2026-05-04 00:50:47,361.39,200,DELETE,0.474,16.59,32.36,1,No Error,Us-West-2,False,Moderate
4637,150,2026-05-20 11:14:49,406.57,201,GET,8.351,7.39,37.78,1,No Error,Ap-Southeast-1,False,Moderate
4638,81,2026-05-11 17:46:06,362.49,201,PATCH,3616.803,35.68,27.82,5,No Error,Us-East-1,False,Moderate
4639,18,2026-05-12 04:13:56,96.28,201,DELETE,2.096,15.82,38.41,1,No Error,Us-East-1,False,Fast
4640,61,2026-05-02 11:48:44,150.26,204,PUT,399.221,19.13,33.64,1,No Error,Us-West-2,False,Fast
4641,40,2026-05-25 21:40:36,181.11,200,DELETE,5.313,17.55,22.85,2,No Error,Us-East-1,False,Fast
4642,147,2026-05-19 07:59:02,99999.99,400,PATCH,1106.622,-99.0,-1.0,1,No Error,Us-West-2,True,Slow
4643,105,2026-05-04 01:33:55,309.91,200,GET,9.43,18.71,14.84,1,No Error,Eu-West-1,False,Moderate
4644,210,2026-05-09 08:48:49,39.91,200,GET,10.2,15.01,14.33,1,No Error,Sa-East-1,False,Fast
4645,160,2026-05-24 04:30:45,304.26,201,GET,4.745,15.59,37.03,1,No Error,Us-West-2,False,Moderate
4646,11,2026-05-12 01:05:18,137.66,200,PUT,589.268,16.48,34.31,1,No Error,Us-West-2,False,Fast
4647,201,2026-05-22 07:35:57,11.36,429,PUT,2971.991,1.76,15.0,1,Rate Limit Exceeded: Threshold of 100 req/sec breached,Us-West-2,True,Fast
4648,249,2026-05-17 05:38:37,105.56,201,PATCH,1985.203,12.07,23.6,1,No Error,Us-West-2,False,Fast
4649,139,2026-05-04 03:30:18,37.18,400,POST,39.085,8.66,20.36,1,Bad Request: Invalid JSON payload structure,Eu-West-1,True,Fast
4650,71,2026-05-09 09:39:30,89.89,200,GET,10.634,28.61,51.18,1,No Error,Us-East-1,False,Fast
4651,58,2026-05-13 19:20:47,411.93,201,PUT,949.106,9.76,47.33,1,No Error,Eu-West-1,False,Moderate
4652,230,2026-05-16 05:59:31,285.65,200,GET,4.338,36.44,51.2,1,No Error,Ap-Southeast-1,False,Moderate
4653,119,2026-05-16 13:03:26,211.87,200,POST,2055.76,37.69,20.94,1,No Error,Us-West-2,False,Moderate
4654,117,2026-05-02 15:05:56,14.4,404,PUT,1715.773,1.23,18.53,2,Resource Not Found: Endpoint entity collection does not exist,Sa-East-1,True,Fast
4655,186,2026-05-20 11:19:10,236.81,200,DELETE,6.921,1.09,21.82,1,No Error,Sa-East-1,False,Moderate
4656,202,2026-05-05 16:25:47,250.76,200,PATCH,360.033,11.66,14.85,1,No Error,Sa-East-1,False,Moderate
4657,84,2026-05-19 06:18:29,336.34,201,POST,1111.515,31.76,51.12,1,No Error,Us-West-2,False,Moderate
4658,123,2026-05-06 00:45:04,36.05,204,DELETE,11.526,18.13,36.78,1,No Error,Ap-Southeast-1,False,Fast
4659,80,2026-05-14 10:17:39,70.17,429,PUT,3894.331,6.96,25.55,2,Rate Limit Exceeded: Threshold of 100 req/sec breached,Eu-West-1,True,Fast
4660,28,2026-05-25 09:59:39,79.58,429,PATCH,841.535,8.4,9.67,1,Rate Limit Exceeded: Threshold of 100 req/sec breached,Ap-Southeast-1,True,Fast
4661,191,2026-05-07 17:00:27,31.65,204,PATCH,674.448,18.96,38.8,1,No Error,Us-East-1,False,Fast
4662,138,2026-05-04 08:31:37,275.81,200,PUT,2389.89,35.15,42.38,12,No Error,Sa-East-1,False,Moderate
4663,216,2026-05-06 09:31:45,13.88,201,GET,10.89,17.68,23.97,1,No Error,Us-East-1,False,Fast
4664,15,2026-05-02 14:36:51,41.5,204,PUT,3193.481,19.93,38.44,1,No Error,Us-West-2,False,Fast
4665,86,2026-05-19 09:47:29,180.61,200,POST,3058.692,10.33,42.43,1,No Error,Us-East-1,False,Fast
4666,19,2026-05-07 09:18:05,29.11,201,DELETE,7.403,2.25,29.12,1,No Error,Eu-West-1,False,Fast
4667,117,2026-05-14 23:07:23,53.65,204,POST,2493.248,21.3,12.27,1,No Error,Eu-West-1,False,Fast
4668,163,2026-05-16 11:36:48,83.69,200,POST,1448.865,11.64,23.54,1,No Error,Eu-West-1,False,Fast
4669,118,2026-05-19 02:33:31,99.68,200,POST,526.742,12.91,28.63,1,No Error,Eu-West-1,False,Fast
4670,232,2026-05-14 17:22:14,137.45,200,DELETE,8.643,21.96,35.27,1,No Error,Eu-West-1,False,Fast
4671,23,2026-05-24 14:34:29,104.17,201,PUT,744.959,32.46,45.44,1,No Error,Ap-Southeast-1,False,Fast
4672,79,2026-05-21 21:57:37,49.06,404,DELETE,4.984,7.59,20.46,1,Resource Not Found: Endpoint entity collection does not exist,Ap-Southeast-1,True,Fast
4673,91,2026-05-21 11:06:50,305.86,201,DELETE,0.265,6.07,19.42,1,No Error,Sa-East-1,False,Moderate
4674,92,2026-05-01 03:08:17,419.18,400,POST,2616.837,41.01,46.34,1,No Error,Sa-East-1,True,Moderate
4675,133,2026-05-13 03:30:49,369.12,200,PUT,944.724,23.87,20.77,1,No Error,Us-East-1,False,Moderate
4676,94,2026-05-07 00:53:46,183.79,201,PATCH,906.449,37.98,47.69,1,No Error,Eu-West-1,False,Fast
4677,190,2026-05-08 00:50:57,216.11,200,GET,0.854,35.15,48.57,1,No Error,Ap-Southeast-1,False,Moderate
4678,187,2026-05-02 17:34:48,410.7,200,DELETE,5.813,31.3,17.34,1,No Error,Us-West-2,False,Moderate
4679,120,2026-05-18 06:04:55,139.34,204,PATCH,3710.864,22.68,44.96,1,No Error,Us-West-2,False,Fast
4680,33,2026-05-01 12:14:46,356.79,200,PATCH,2760.69,10.5,22.0,1,No Error,Us-West-2,False,Moderate
4681,61,2026-05-10 08:37:40,200.385,500,PATCH,3458.154,-99.0,29.34,1,CRITICAL_TELEMETRY_DROP_OUT,Eu-West-1,True,Moderate
4682,91,2026-05-10 16:37:15,67.38,200,POST,2083.066,5.92,22.82,1,No Error,Us-East-1,False,Fast
4683,89,2026-05-06 18:44:50,267.22,204,PATCH,3374.069,35.44,22.17,1,No Error,Us-West-2,False,Moderate
4684,158,2026-05-09 11:32:52,72.01,201,POST,2194.661,22.61,42.44,2,No Error,Eu-West-1,False,Fast
4685,194,2026-05-09 14:50:51,239.09,200,POST,3337.838,32.22,38.35,1,No Error,Us-East-1,False,Moderate
4686,52,2026-05-02 17:08:59,44.07,400,PATCH,1650.085,5.62,21.63,1,Bad Request: Invalid JSON payload structure,Ap-Southeast-1,True,Fast
4687,189,2026-05-24 16:25:18,165.94,200,POST,3954.481,5.79,33.01,1,No Error,Ap-Southeast-1,False,Fast
4688,152,2026-05-10 09:52:59,180.07,201,PATCH,3847.824,4.02,51.65,2,No Error,Ap-Southeast-1,False,Fast
4689,73,2026-05-02 06:38:17,331.46,204,PATCH,3410.782,21.18,28.98,1,No Error,Us-West-2,False,Moderate
4690,98,2026-05-08 09:36:07,29.83,201,POST,3081.237,3.9,24.21,1,No Error,Eu-West-1,False,Fast
4691,87,2026-05-05 13:00:49,-1.0,200,GET,10.635,165.4,29.34,1,No Error,Sa-East-1,False,Fast
4692,2,2026-05-02 13:56:17,249.58,200,PUT,2533.307,20.0,36.47,1,No Error,Us-West-2,False,Moderate
4693,115,2026-05-01 04:26:30,298.92,204,PATCH,462.149,24.21,22.2,1,No Error,Us-West-2,False,Moderate
4694,249,2026-05-19 07:02:37,69.25,201,DELETE,5.397,37.5,24.45,1,No Error,Ap-Southeast-1,False,Fast
4695,17,2026-05-15 01:22:07,308.49,200,DELETE,6.423,9.73,27.08,1,No Error,Ap-Southeast-1,False,Moderate
4696,109,2026-05-08 19:48:57,172.58,200,DELETE,6.145,37.88,33.23,1,No Error,Ap-Southeast-1,False,Fast
4697,193,2026-05-17 22:57:52,-1.0,200,PUT,3251.121,-99.0,-1.0,1,No Error,Ap-Southeast-1,False,Fast
4698,177,2026-05-07 20:27:16,410.07,200,DELETE,7.996,3.84,47.63,1,No Error,Ap-Southeast-1,False,Moderate
4699,55,2026-05-07 07:47:43,38.76,401,DELETE,8.064,5.56,20.0,1,Unauthorized: Signature mismatch or expired bearer token,Sa-East-1,True,Fast
4700,51,2026-05-25 18:11:50,11528.46,500,GET,9.293,99.07,89.48,1,Internal Server Error: NullPointerException in controller execution layer,Us-East-1,True,Slow
4701,16,2026-05-08 20:55:25,116.37,204,PATCH,3337.733,6.96,12.75,1,No Error,Sa-East-1,False,Fast
4702,54,2026-05-09 02:26:27,73.45,404,PATCH,1747.351,11.46,25.0,1,Resource Not Found: Endpoint entity collection does not exist,Eu-West-1,True,Fast
4703,104,2026-05-13 21:45:59,394.61,200,DELETE,4.175,27.93,18.24,12,No Error,Eu-West-1,False,Moderate
4704,239,2026-05-05 05:06:01,89.7,200,DELETE,3.85,35.21,34.35,2,No Error,Us-West-2,False,Fast
4705,246,2026-05-05 20:32:41,223.87,204,PATCH,2768.272,19.95,31.0,1,No Error,Eu-West-1,False,Moderate
4706,3,2026-05-12 18:03:34,155.32,200,DELETE,6.888,12.45,36.94,1,No Error,Ap-Southeast-1,False,Fast
4707,163,2026-05-18 17:01:00,339.97,200,PATCH,3256.484,30.45,20.71,2,No Error,Us-West-2,False,Moderate
4708,100,2026-05-21 20:00:04,378.94,201,PUT,2738.811,3.54,40.3,1,No Error,Eu-West-1,False,Moderate
4709,211,2026-05-23 22:09:20,278.5,200,GET,0.529,21.8,16.82,1,No Error,Us-East-1,False,Moderate
4710,245,2026-05-04 22:35:24,443.23,201,POST,3688.008,4.07,51.27,1,No Error,Ap-Southeast-1,False,Moderate
4711,179,2026-05-04 13:57:20,236.39,200,PATCH,649.973,2.1,22.08,2,No Error,Us-East-1,False,Moderate
4712,49,2026-05-10 04:22:24,413.03,200,PUT,723.042,12.88,17.35,1,No Error,Eu-West-1,False,Moderate
4713,130,2026-05-25 05:57:01,-1.0,400,DELETE,11.288,-99.0,-1.0,1,No Error,Sa-East-1,True,Fast
4714,190,2026-05-07 03:59:16,196.36,201,POST,2800.002,36.53,22.43,1,No Error,Us-West-2,False,Fast
4715,27,2026-05-10 02:24:00,106.98,200,POST,1697.097,18.7,28.34,1,No Error,Ap-Southeast-1,False,Fast
4716,34,2026-05-08 12:07:40,205.74,200,PATCH,1204.286,1.31,48.11,1,No Error,Us-West-2,False,Moderate
4717,243,2026-05-05 04:07:05,272.16,201,POST,1379.981,13.02,26.44,1,No Error,Sa-East-1,False,Moderate
4718,21,2026-05-16 17:23:02,318.94,204,POST,2637.407,14.11,17.71,1,No Error,Eu-West-1,False,Moderate
4719,111,2026-05-01 10:52:15,323.99,204,PATCH,705.863,27.49,42.71,1,No Error,Ap-Southeast-1,False,Moderate
4720,248,2026-05-04 17:34:17,264.78,200,PATCH,3119.852,7.42,22.82,1,No Error,Sa-East-1,False,Moderate
4721,154,2026-05-18 19:32:03,133.29,200,PATCH,3997.981,16.33,39.51,1,No Error,Sa-East-1,False,Fast
4722,128,2026-05-18 20:24:10,128.63,200,PUT,790.519,22.12,24.03,1,No Error,Us-West-2,False,Fast
4723,247,2026-05-04 08:23:58,53.72,429,POST,1203.982,7.58,10.42,2,Rate Limit Exceeded: Threshold of 100 req/sec breached,Us-East-1,True,Fast
4724,72,2026-05-06 03:56:35,7415.95,504,DELETE,11.121,98.73,97.7,1,Gateway Timeout: Upstream microservice failed to respond within 15000ms,Eu-West-1,True,Slow
4725,177,2026-05-18 22:39:53,21717.56,503,PUT,1583.973,96.24,92.84,1,Service Unavailable: Downstream database connection pool timeout,Us-East-1,True,Slow
4726,64,2026-05-20 23:17:42,88.22,201,GET,12.159,8.17,46.6,5,No Error,Eu-West-1,False,Fast
4727,212,2026-05-16 21:14:46,396.74,200,POST,1255.879,28.09,48.71,1,No Error,Us-East-1,False,Moderate
4728,214,2026-05-13 09:46:11,270.97,204,DELETE,1.692,23.36,22.27,1,No Error,Ap-Southeast-1,False,Moderate
4729,1,2026-05-13 14:48:24,79.88,204,PATCH,2902.134,20.53,50.19,5,No Error,Sa-East-1,False,Fast
4730,63,2026-05-05 12:18:11,148.16,204,GET,2.985,35.67,49.2,1,No Error,Ap-Southeast-1,False,Fast
4731,84,2026-05-20 08:15:39,55.53,401,DELETE,8.71,6.94,28.82,1,Unauthorized: Signature mismatch or expired bearer token,Eu-West-1,True,Fast
4732,136,2026-05-01 09:58:04,32.7,200,POST,2761.763,22.91,25.11,1,No Error,Eu-West-1,False,Fast
4733,121,2026-05-07 04:03:52,311.71,200,PATCH,672.444,31.92,50.57,1,No Error,Us-West-2,False,Moderate
4734,93,2026-05-24 09:14:56,200.385,200,DELETE,8.285,-99.0,29.34,1,No Error,Us-West-2,False,Moderate
4735,142,2026-05-21 12:00:23,99999.99,400,POST,2450.034,17.42,-1.0,1,No Error,Eu-West-1,True,Slow
4736,172,2026-05-23 22:29:17,412.4,200,PUT,3257.576,34.98,49.12,1,No Error,Ap-Southeast-1,False,Moderate
4737,221,2026-05-18 23:07:27,423.89,200,PATCH,2824.58,18.35,30.6,1,No Error,Us-West-2,False,Moderate
4738,120,2026-05-07 21:43:00,68.85,400,POST,3489.696,11.63,26.54,5,Bad Request: Invalid JSON payload structure,Us-West-2,True,Fast
4739,122,2026-05-08 23:57:22,325.67,200,PUT,3776.965,15.8,43.96,1,No Error,Sa-East-1,False,Moderate
4740,48,2026-05-02 19:07:39,70.26,404,GET,0.76,4.82,8.63,5,Resource Not Found: Endpoint entity collection does not exist,Eu-West-1,True,Fast
4741,86,2026-05-04 09:16:41,201.74,204,DELETE,1.887,38.02,52.02,1,No Error,Eu-West-1,False,Moderate
4742,46,2026-05-17 04:55:49,200.385,200,PATCH,3100.27,17.42,0.0,1,No Error,Us-East-1,False,Moderate
4743,236,2026-05-09 07:09:06,360.14,201,POST,3576.131,38.02,20.22,1,No Error,Us-West-2,False,Moderate
4744,27,2026-05-05 21:29:28,428.18,204,PUT,3862.72,16.71,16.7,5,No Error,Sa-East-1,False,Moderate
4745,167,2026-05-21 08:32:25,66.06,201,GET,9.932,16.42,23.65,1,No Error,Eu-West-1,False,Fast
4746,164,2026-05-18 16:52:23,125.59,204,POST,3190.382,27.15,19.08,1,No Error,Sa-East-1,False,Fast
4747,18,2026-05-22 09:40:35,336.81,204,GET,1.143,15.78,15.84,1,No Error,Us-East-1,False,Moderate
4748,61,2026-05-13 04:00:58,245.13,204,POST,353.938,27.68,25.47,1,No Error,Sa-East-1,False,Moderate
4749,31,2026-05-01 18:09:33,284.89,200,PUT,1799.189,21.45,34.77,1,No Error,Us-East-1,False,Moderate
4750,182,2026-05-18 11:15:42,319.93,200,GET,1.554,2.34,35.78,2,No Error,Eu-West-1,False,Moderate
4751,177,2026-05-09 04:56:22,89.82,201,GET,0.108,2.6,29.57,1,No Error,Us-West-2,False,Fast
4752,192,2026-05-14 13:43:02,254.74,204,PUT,3942.9,14.87,49.12,1,No Error,Us-East-1,False,Moderate
4753,111,2026-05-01 02:38:43,52.11,401,POST,3965.256,11.6,29.41,1,Unauthorized: Signature mismatch or expired bearer token,Sa-East-1,True,Fast
4754,47,2026-05-19 23:29:11,347.85,201,PATCH,2309.454,2.71,27.12,1,No Error,Us-West-2,False,Moderate
4755,145,2026-05-14 13:55:26,300.99,200,GET,6.742,13.86,45.64,1,No Error,Ap-Southeast-1,False,Moderate
4756,121,2026-05-12 06:22:42,10232.06,503,GET,9.584,92.25,88.77,1,Service Unavailable: Downstream database connection pool timeout,Ap-Southeast-1,True,Slow
4757,135,2026-05-02 06:31:23,399.63,200,PUT,3548.695,34.55,24.01,1,No Error,Eu-West-1,False,Moderate
4758,71,2026-05-04 04:52:36,305.52,200,PUT,1111.475,30.21,35.43,1,No Error,Sa-East-1,False,Moderate
4759,33,2026-05-05 00:26:43,438.16,204,DELETE,1.939,28.68,46.52,1,No Error,Ap-Southeast-1,False,Moderate
4760,19,2026-05-12 14:22:34,200.38,204,PUT,3357.377,24.25,23.99,1,No Error,Eu-West-1,False,Moderate
4761,11,2026-05-15 15:28:05,307.13,200,PATCH,3407.523,7.15,34.47,1,No Error,Eu-West-1,False,Moderate
4762,151,2026-05-15 22:35:59,50.5,400,PATCH,2597.549,0.63,10.3,1,Bad Request: Invalid JSON payload structure,Us-West-2,True,Fast
4763,137,2026-05-25 08:43:34,430.12,200,GET,1.54,36.46,31.18,5,No Error,Eu-West-1,False,Moderate
4764,12,2026-05-12 16:24:32,53.47,404,PUT,2631.299,3.97,12.62,1,Resource Not Found: Endpoint entity collection does not exist,Us-West-2,True,Fast
4765,202,2026-05-24 23:51:57,60.77,200,GET,4.807,1.74,21.03,1,No Error,Us-West-2,False,Fast
4766,235,2026-05-03 12:05:13,69.13,403,POST,1289.308,8.22,17.69,1,Forbidden: Client lacks required read/write scopes,Us-West-2,True,Fast
4767,213,2026-05-16 09:34:31,49.84,204,DELETE,0.487,34.1,23.09,1,No Error,Sa-East-1,False,Fast
4768,85,2026-05-10 09:17:13,420.55,200,PUT,1848.275,29.99,51.68,2,No Error,Us-East-1,False,Moderate
4769,228,2026-05-09 04:36:03,208.71,200,GET,7.18,29.15,29.74,2,No Error,Ap-Southeast-1,False,Moderate
4770,162,2026-05-01 03:08:17,351.12,200,PUT,2789.338,59.4,65.57,2,No Error,Eu-West-1,False,Moderate
4771,145,2026-05-22 15:31:02,431.09,200,PUT,2160.628,8.04,17.82,1,No Error,Eu-West-1,False,Moderate
4772,158,2026-05-15 05:03:38,425.25,204,PUT,1588.349,24.57,50.04,5,No Error,Eu-West-1,False,Moderate
4773,43,2026-05-11 15:30:32,34.6,400,DELETE,7.737,0.62,19.68,12,No Error,Us-East-1,True,Fast
4774,40,2026-05-04 07:58:44,274.57,200,PATCH,3525.617,29.87,30.11,2,No Error,Ap-Southeast-1,False,Moderate
4775,38,2026-05-05 01:20:29,288.33,200,POST,2215.513,4.09,39.78,1,No Error,Ap-Southeast-1,False,Moderate
4776,155,2026-05-23 03:21:20,427.43,200,PATCH,1943.895,13.03,42.25,1,No Error,Sa-East-1,False,Moderate
4777,227,2026-05-07 13:25:16,94.12,401,GET,0.428,5.89,24.63,1,Unauthorized: Signature mismatch or expired bearer token,Ap-Southeast-1,True,Fast
4778,180,2026-05-02 05:04:45,316.33,204,PATCH,1734.346,20.41,30.11,1,No Error,Us-East-1,False,Moderate
4779,5,2026-05-02 23:56:36,14.54,200,GET,8.538,14.12,24.77,1,No Error,Eu-West-1,False,Fast
4780,189,2026-05-20 19:56:48,263.2,200,DELETE,0.254,7.76,28.14,1,No Error,Ap-Southeast-1,False,Moderate
4781,90,2026-05-25 08:33:59,73.69,200,POST,3897.667,12.24,12.41,1,No Error,Eu-West-1,False,Fast
4782,88,2026-05-11 06:54:32,-1.0,200,DELETE,2.972,17.42,29.34,1,No Error,Ap-Southeast-1,False,Fast
4783,241,2026-05-23 11:03:53,-1.0,400,POST,1414.828,-99.0,0.0,1,No Error,Us-East-1,True,Fast
4784,224,2026-05-05 03:18:14,253.65,200,PATCH,1366.295,5.6,16.11,1,No Error,Sa-East-1,False,Moderate
4785,201,2026-05-21 08:44:53,261.23,204,DELETE,4.571,27.86,39.41,1,No Error,Us-West-2,False,Moderate
4786,53,2026-05-12 01:19:44,217.41,200,PATCH,1613.087,7.86,34.07,1,No Error,Eu-West-1,False,Moderate
4787,221,2026-05-02 19:44:33,50.54,404,PUT,2936.927,3.8,20.92,1,Resource Not Found: Endpoint entity collection does not exist,Sa-East-1,True,Fast
4788,205,2026-05-24 03:25:51,239.32,200,PATCH,1749.775,20.79,13.93,1,No Error,Ap-Southeast-1,False,Moderate
4789,209,2026-05-08 08:56:48,101.67,200,PUT,183.903,35.38,38.99,1,No Error,Sa-East-1,False,Fast
4790,84,2026-05-18 23:19:37,283.6,200,GET,4.457,9.55,24.52,1,No Error,Ap-Southeast-1,False,Moderate
4791,65,2026-05-05 17:26:42,262.28,201,PATCH,2865.58,3.48,26.86,5,No Error,Sa-East-1,False,Moderate
4792,240,2026-05-19 19:52:02,125.47,201,PATCH,2798.482,28.91,26.07,1,No Error,Us-East-1,False,Fast
4793,212,2026-05-01 21:16:52,56.79,201,DELETE,8.425,2.39,43.43,2,No Error,Us-East-1,False,Fast
4794,41,2026-05-20 04:56:58,195.14,200,PUT,2630.593,2.48,15.85,1,No Error,Eu-West-1,False,Fast
4795,91,2026-05-24 03:48:02,187.7,200,DELETE,11.652,18.33,27.7,2,No Error,Eu-West-1,False,Fast
4796,12,2026-05-09 14:31:35,382.13,204,PUT,2556.074,36.94,28.94,1,No Error,Us-West-2,False,Moderate
4797,132,2026-05-25 10:25:37,144.61,204,PATCH,3187.265,29.42,26.66,1,No Error,Ap-Southeast-1,False,Fast
4798,10,2026-05-25 01:22:19,209.31,201,POST,1453.3,34.74,49.54,1,No Error,Ap-Southeast-1,False,Moderate
4799,17,2026-05-10 10:26:58,22647.34,504,PATCH,238.252,97.81,95.52,1,Gateway Timeout: Upstream microservice failed to respond within 15000ms,Us-East-1,True,Slow
4800,96,2026-05-07 13:43:06,7.58,400,PUT,3841.475,9.37,20.04,1,No Error,Eu-West-1,True,Fast
4801,90,2026-05-10 17:57:36,311.96,200,GET,2.539,9.67,14.74,1,No Error,Eu-West-1,False,Moderate
4802,103,2026-05-08 21:41:48,25214.37,504,GET,9.296,93.96,92.58,1,Gateway Timeout: Upstream microservice failed to respond within 15000ms,Us-East-1,True,Slow
4803,129,2026-05-06 11:30:43,29.5,201,DELETE,0.955,7.76,42.12,1,No Error,Ap-Southeast-1,False,Fast
4804,120,2026-05-21 05:06:57,158.6,204,POST,2632.062,37.06,31.32,1,No Error,Us-West-2,False,Fast
4805,77,2026-05-04 05:48:11,69.87,201,GET,4.482,21.41,13.79,1,No Error,Us-East-1,False,Fast
4806,240,2026-05-10 11:54:40,353.63,204,PUT,2614.415,1.32,46.31,1,No Error,Ap-Southeast-1,False,Moderate
4807,122,2026-05-01 21:52:53,200.385,200,POST,420.334,165.4,-1.0,1,No Error,Us-East-1,False,Moderate
4808,99,2026-05-05 22:06:43,13.05,201,PATCH,2041.609,1.7,47.17,2,No Error,Sa-East-1,False,Fast
4809,86,2026-05-12 03:07:19,50.26,201,PUT,1560.881,6.02,32.78,1,No Error,Us-East-1,False,Fast
4810,40,2026-05-17 22:44:27,141.84,201,GET,10.772,34.46,19.09,1,No Error,Sa-East-1,False,Fast
4811,199,2026-05-15 19:34:14,366.89,200,POST,4093.468,25.56,40.09,1,No Error,Us-West-2,False,Moderate
4812,239,2026-05-15 07:32:45,133.59,204,DELETE,9.127,25.57,36.04,1,No Error,Eu-West-1,False,Fast
4813,235,2026-05-01 22:14:22,19620.98,504,PUT,1389.775,90.31,99.38,1,Gateway Timeout: Upstream microservice failed to respond within 15000ms,Ap-Southeast-1,True,Slow
4814,233,2026-05-20 01:42:31,29270.12,504,DELETE,0.974,97.73,93.77,1,Gateway Timeout: Upstream microservice failed to respond within 15000ms,Eu-West-1,True,Slow
4815,43,2026-05-24 19:06:21,62.71,429,POST,2838.726,2.6,19.77,1,Rate Limit Exceeded: Threshold of 100 req/sec breached,Eu-West-1,True,Fast
4816,76,2026-05-25 19:50:05,154.67,200,PATCH,952.683,15.55,49.3,1,No Error,Sa-East-1,False,Fast
4817,170,2026-05-03 04:00:28,94.1,200,PUT,1452.482,35.26,44.44,1,No Error,Sa-East-1,False,Fast
4818,242,2026-05-01 03:08:17,347.11,400,DELETE,0.393,56.82,51.22,1,No Error,Eu-West-1,True,Moderate
4819,134,2026-05-02 12:50:11,230.13,204,PUT,4090.576,15.24,32.37,1,No Error,Sa-East-1,False,Moderate
4820,180,2026-05-03 16:48:49,350.94,200,DELETE,1.151,21.12,13.72,1,No Error,Eu-West-1,False,Moderate
4821,61,2026-05-07 10:52:21,6.98,403,DELETE,10.448,7.21,12.74,1,Forbidden: Client lacks required read/write scopes,Sa-East-1,True,Fast
4822,248,2026-05-18 18:24:13,282.86,200,PUT,3146.852,13.35,45.69,2,No Error,Eu-West-1,False,Moderate
4823,125,2026-05-04 21:09:12,267.07,200,PUT,2115.322,12.94,32.93,1,No Error,Ap-Southeast-1,False,Moderate
4824,187,2026-05-02 02:13:32,82.32,204,DELETE,11.304,24.98,34.18,2,No Error,Eu-West-1,False,Fast
4825,212,2026-05-14 03:44:38,188.46,201,POST,1235.978,20.02,34.64,2,No Error,Sa-East-1,False,Fast
4826,209,2026-05-24 17:20:00,218.03,201,GET,6.323,23.32,38.82,1,No Error,Us-East-1,False,Moderate
4827,132,2026-05-25 17:44:38,397.74,200,GET,5.883,33.86,15.1,1,No Error,Eu-West-1,False,Moderate
4828,63,2026-05-01 03:08:17,433.49,500,GET,6.544,29.56,62.82,1,CRITICAL_TELEMETRY_DROP_OUT,Us-East-1,True,Moderate
4829,156,2026-05-07 18:39:43,-1.0,200,POST,2838.899,17.42,29.34,1,No Error,Ap-Southeast-1,False,Fast
4830,242,2026-05-15 05:44:11,7.88,401,DELETE,6.207,6.67,21.71,1,Unauthorized: Signature mismatch or expired bearer token,Sa-East-1,True,Fast
4831,88,2026-05-22 19:11:37,207.49,200,PATCH,3355.071,8.97,21.17,1,No Error,Sa-East-1,False,Moderate
4832,87,2026-05-04 00:32:19,325.47,200,PUT,3152.644,14.63,30.65,1,No Error,Ap-Southeast-1,False,Moderate
4833,55,2026-05-14 16:22:54,329.18,200,POST,2483.785,20.18,44.28,1,No Error,Sa-East-1,False,Moderate
4834,71,2026-05-22 19:54:02,276.69,200,POST,794.128,4.27,16.11,5,No Error,Eu-West-1,False,Moderate
4835,213,2026-05-02 04:52:49,162.02,204,PUT,2531.759,33.33,33.64,1,No Error,Sa-East-1,False,Fast
4836,69,2026-05-03 14:46:01,32.6,401,DELETE,6.764,6.78,9.35,1,Unauthorized: Signature mismatch or expired bearer token,Eu-West-1,True,Fast
4837,3,2026-05-12 09:07:34,114.53,200,DELETE,11.673,17.72,23.06,1,No Error,Ap-Southeast-1,False,Fast
4838,92,2026-05-05 16:27:59,245.81,200,GET,2.971,36.62,26.93,1,No Error,Us-West-2,False,Moderate
4839,173,2026-05-09 14:25:00,56.82,401,POST,4063.777,11.66,10.31,1,Unauthorized: Signature mismatch or expired bearer token,Us-West-2,True,Fast
4840,196,2026-05-16 16:34:42,23.23,200,POST,3735.576,30.16,34.45,1,No Error,Ap-Southeast-1,False,Fast
4841,157,2026-05-01 03:08:17,111.1,400,GET,8.909,20.73,68.31,1,No Error,Ap-Southeast-1,True,Fast
4842,141,2026-05-24 09:25:50,16630.89,503,PATCH,2531.068,93.03,93.32,2,Service Unavailable: Downstream database connection pool timeout,Us-West-2,True,Slow
4843,169,2026-05-06 23:12:37,12.66,400,PUT,2711.303,8.39,25.1,1,Bad Request: Invalid JSON payload structure,Ap-Southeast-1,True,Fast
4844,65,2026-05-11 09:07:36,8173.21,504,POST,3758.498,90.81,92.2,1,Gateway Timeout: Upstream microservice failed to respond within 15000ms,Eu-West-1,True,Slow
4845,235,2026-05-08 10:05:40,43.21,401,POST,3237.31,6.52,25.69,1,Unauthorized: Signature mismatch or expired bearer token,Eu-West-1,True,Fast
4846,216,2026-05-02 07:03:15,47.55,400,POST,3453.111,8.86,12.11,1,Bad Request: Invalid JSON payload structure,Eu-West-1,True,Fast
4847,248,2026-05-13 02:13:53,51.59,200,DELETE,3.11,13.03,18.87,1,No Error,Eu-West-1,False,Fast
4848,66,2026-05-12 21:20:14,310.25,204,PUT,3603.113,6.42,24.04,2,No Error,Eu-West-1,False,Moderate
4849,77,2026-05-01 04:08:46,27.3,404,POST,288.204,6.31,22.18,1,Resource Not Found: Endpoint entity collection does not exist,Sa-East-1,True,Fast
4850,41,2026-05-22 05:49:13,410.39,200,GET,5.026,34.53,45.05,1,No Error,Sa-East-1,False,Moderate
4851,149,2026-05-16 20:09:14,6.53,400,GET,8.843,9.24,19.06,1,Bad Request: Invalid JSON payload structure,Sa-East-1,True,Fast
4852,182,2026-05-14 19:28:06,62.15,400,GET,3.593,10.58,22.72,1,Bad Request: Invalid JSON payload structure,Us-West-2,True,Fast
4853,76,2026-05-01 03:08:17,412.67,500,POST,2801.966,39.19,58.55,2,CRITICAL_TELEMETRY_DROP_OUT,Us-West-2,True,Moderate
4854,110,2026-05-15 23:41:00,193.26,200,PATCH,1974.865,18.88,26.8,1,No Error,Sa-East-1,False,Fast
4855,100,2026-05-18 22:03:01,401.98,200,PUT,3534.73,9.76,46.35,2,No Error,Sa-East-1,False,Moderate
4856,196,2026-05-18 18:32:55,136.3,200,GET,3.773,15.77,12.58,5,No Error,Ap-Southeast-1,False,Fast
4857,4,2026-05-09 17:55:05,6.8,400,DELETE,0.534,7.8,22.25,1,Bad Request: Invalid JSON payload structure,Ap-Southeast-1,True,Fast
4858,95,2026-05-06 16:35:50,349.2,200,DELETE,3.404,7.94,21.51,1,No Error,Us-East-1,False,Moderate
4859,240,2026-05-11 08:31:38,287.53,200,DELETE,6.613,17.66,26.5,1,No Error,Us-West-2,False,Moderate
4860,71,2026-05-14 06:40:51,33.26,400,DELETE,10.891,2.0,25.72,1,Bad Request: Invalid JSON payload structure,Eu-West-1,True,Fast
4861,50,2026-05-08 00:30:24,376.47,204,DELETE,7.901,37.97,44.03,1,No Error,Us-East-1,False,Moderate
4862,12,2026-05-03 08:19:01,388.1,201,DELETE,6.658,26.62,12.52,1,No Error,Eu-West-1,False,Moderate
4863,61,2026-05-21 17:34:26,395.8,200,PUT,3358.576,6.35,46.44,1,No Error,Eu-West-1,False,Moderate
4864,63,2026-05-13 12:12:07,40.89,403,DELETE,3.282,7.81,20.71,1,Forbidden: Client lacks required read/write scopes,Ap-Southeast-1,True,Fast
4865,38,2026-05-23 19:14:23,424.18,200,PATCH,3734.626,6.39,35.16,1,No Error,Sa-East-1,False,Moderate
4866,171,2026-05-13 03:19:08,16.74,429,DELETE,4.722,9.91,19.19,1,Rate Limit Exceeded: Threshold of 100 req/sec breached,Us-East-1,True,Fast
4867,58,2026-05-15 09:36:01,52.22,404,GET,7.763,10.03,24.84,1,Resource Not Found: Endpoint entity collection does not exist,Sa-East-1,True,Fast
4868,159,2026-05-09 20:30:33,18.56,200,PATCH,4065.982,22.01,39.9,1,No Error,Ap-Southeast-1,False,Fast
4869,175,2026-05-13 14:59:01,165.27,201,GET,2.771,17.51,50.36,1,No Error,Us-East-1,False,Fast
4870,168,2026-05-07 16:16:32,409.04,204,DELETE,6.423,33.97,42.57,5,No Error,Sa-East-1,False,Moderate
4871,158,2026-05-09 20:23:39,23406.74,500,POST,2792.427,95.91,90.27,1,Internal Server Error: NullPointerException in controller execution layer,Eu-West-1,True,Slow
4872,213,2026-05-16 16:12:37,22.15,200,PUT,407.226,3.5,48.64,1,No Error,Eu-West-1,False,Fast
4873,100,2026-05-05 20:12:23,200.385,200,DELETE,2.594,165.4,-1.0,2,No Error,Us-West-2,False,Moderate
4874,193,2026-05-19 20:01:30,91.57,404,PUT,3873.818,3.79,17.87,1,Resource Not Found: Endpoint entity collection does not exist,Us-West-2,True,Fast
4875,160,2026-05-11 20:31:41,145.87,201,POST,664.363,33.35,49.65,1,No Error,Ap-Southeast-1,False,Fast
4876,191,2026-05-22 14:28:38,17.54,400,GET,1.082,3.83,28.8,1,No Error,Sa-East-1,True,Fast
4877,22,2026-05-12 05:58:49,285.34,204,POST,2066.009,27.37,44.22,5,No Error,Eu-West-1,False,Moderate
4878,23,2026-05-08 12:36:17,427.03,201,GET,0.154,1.45,27.57,12,No Error,Sa-East-1,False,Moderate
4879,123,2026-05-07 19:41:31,235.11,200,PUT,3215.311,26.11,24.88,1,No Error,Eu-West-1,False,Moderate
4880,245,2026-05-01 15:11:56,83.59,200,POST,1452.914,15.36,21.23,1,No Error,Ap-Southeast-1,False,Fast
4881,242,2026-05-19 14:06:06,200.385,200,POST,2966.996,-99.0,29.34,1,No Error,Us-East-1,False,Moderate
4882,119,2026-05-09 03:19:44,59.74,404,PATCH,1727.012,9.57,23.96,1,Resource Not Found: Endpoint entity collection does not exist,Sa-East-1,True,Fast
4883,242,2026-05-18 02:29:38,315.43,201,POST,561.22,11.49,34.56,1,No Error,Ap-Southeast-1,False,Moderate
4884,3,2026-05-02 03:06:07,12.94,429,POST,2163.429,10.16,10.85,1,Rate Limit Exceeded: Threshold of 100 req/sec breached,Ap-Southeast-1,True,Fast
4885,86,2026-05-23 00:22:22,410.43,201,POST,2412.203,19.4,43.99,1,No Error,Ap-Southeast-1,False,Moderate
4886,93,2026-05-10 03:40:34,137.81,200,DELETE,2.359,15.11,47.79,1,No Error,Ap-Southeast-1,False,Fast
4887,139,2026-05-16 18:21:51,47.4,400,PATCH,4038.843,4.77,22.36,1,Bad Request: Invalid JSON payload structure,Sa-East-1,True,Fast
4888,65,2026-05-21 04:29:04,220.31,201,PUT,722.025,15.01,28.47,5,No Error,Eu-West-1,False,Moderate
4889,137,2026-05-08 00:36:44,437.34,204,POST,2197.985,18.55,32.93,1,No Error,Ap-Southeast-1,False,Moderate
4890,209,2026-05-07 04:48:22,321.53,200,POST,1600.676,27.67,33.82,1,No Error,Us-East-1,False,Moderate
4891,33,2026-05-24 03:31:09,69.25,429,GET,1.561,8.63,9.89,1,Rate Limit Exceeded: Threshold of 100 req/sec breached,Ap-Southeast-1,True,Fast
4892,6,2026-05-24 14:17:39,138.42,200,POST,2211.393,25.67,43.67,1,No Error,Us-East-1,False,Fast
4893,72,2026-05-22 13:59:49,126.22,204,PATCH,2985.513,31.88,50.32,1,No Error,Eu-West-1,False,Fast
4894,127,2026-05-24 01:04:36,9185.38,500,GET,0.792,95.34,93.53,1,Internal Server Error: NullPointerException in controller execution layer,Us-West-2,True,Slow
4895,3,2026-05-10 01:22:04,74.72,200,POST,863.367,1.64,36.2,1,No Error,Eu-West-1,False,Fast
4896,163,2026-05-16 17:05:39,370.25,204,PATCH,2377.086,30.62,22.59,2,No Error,Eu-West-1,False,Moderate
4897,115,2026-05-25 02:05:06,311.3,201,GET,2.197,27.27,36.59,1,No Error,Sa-East-1,False,Moderate
4898,225,2026-05-05 22:58:14,24.08,201,DELETE,2.702,2.05,46.3,1,No Error,Us-East-1,False,Fast
4899,233,2026-05-04 14:07:29,226.04,200,DELETE,12.235,30.21,35.85,5,No Error,Us-West-2,False,Moderate
4900,198,2026-05-09 19:00:24,86.68,200,PATCH,2462.203,14.32,46.63,1,No Error,Us-East-1,False,Fast
4901,213,2026-05-23 22:22:05,11.3,400,POST,826.346,5.41,28.18,1,Bad Request: Invalid JSON payload structure,Us-West-2,True,Fast
4902,33,2026-05-21 13:20:39,227.62,200,GET,7.119,20.25,39.69,1,No Error,Ap-Southeast-1,False,Moderate
4903,79,2026-05-01 15:17:01,145.45,204,DELETE,6.199,32.21,27.15,1,No Error,Eu-West-1,False,Fast
4904,149,2026-05-01 04:21:43,190.01,204,DELETE,8.399,30.53,17.98,1,No Error,Sa-East-1,False,Fast
4905,142,2026-05-04 11:07:42,63.96,400,POST,1781.37,2.18,23.53,1,Bad Request: Invalid JSON payload structure,Us-East-1,True,Fast
4906,180,2026-05-02 10:09:20,436.38,200,PUT,801.488,22.39,38.77,1,No Error,Us-West-2,False,Moderate
4907,204,2026-05-06 00:33:09,54.75,200,GET,11.242,11.69,12.33,1,No Error,Sa-East-1,False,Fast
4908,98,2026-05-13 15:12:20,134.76,201,GET,8.112,23.18,42.65,1,No Error,Us-East-1,False,Fast
4909,31,2026-05-24 07:22:36,7.52,401,DELETE,4.915,2.49,12.59,1,Unauthorized: Signature mismatch or expired bearer token,Sa-East-1,True,Fast
4910,149,2026-05-23 06:56:08,156.13,200,PATCH,3066.282,33.19,16.48,1,No Error,Us-West-2,False,Fast
4911,171,2026-05-01 03:08:17,467.35,500,POST,3553.861,62.54,56.86,1,CRITICAL_TELEMETRY_DROP_OUT,Sa-East-1,True,Moderate
4912,221,2026-05-21 08:29:47,77.75,200,GET,6.82,29.15,50.27,1,No Error,Eu-West-1,False,Fast
4913,191,2026-05-18 15:00:14,56.67,500,DELETE,9.067,1.62,9.09,1,    CRITICAL_TELEMETRY_DROP_OUT,Us-West-2,True,Fast
4914,44,2026-05-03 07:56:38,208.67,200,POST,383.74,26.6,16.4,1,No Error,Eu-West-1,False,Moderate
4915,217,2026-05-21 06:35:27,449.25,201,DELETE,10.866,1.26,29.01,1,No Error,Eu-West-1,False,Moderate
4916,92,2026-05-01 03:58:30,296.36,201,POST,2446.04,17.73,39.34,1,No Error,Us-East-1,False,Moderate
4917,229,2026-05-12 16:31:02,407.83,204,GET,1.836,3.19,47.55,1,No Error,Us-East-1,False,Moderate
4918,207,2026-05-03 00:51:46,202.02,200,GET,7.013,9.3,39.05,1,No Error,Us-West-2,False,Moderate
4919,23,2026-05-08 22:24:20,423.03,200,GET,2.268,25.05,44.51,1,No Error,Us-East-1,False,Moderate
4920,231,2026-05-24 16:55:13,184.04,200,POST,2089.598,6.48,35.36,1,No Error,Us-West-2,False,Fast
4921,226,2026-05-20 00:05:22,50.24,429,PATCH,4068.165,6.61,11.56,1,Rate Limit Exceeded: Threshold of 100 req/sec breached,Sa-East-1,True,Fast
4922,98,2026-05-10 12:10:57,7.93,401,POST,3163.414,0.32,27.99,1,Unauthorized: Signature mismatch or expired bearer token,Ap-Southeast-1,True,Fast
4923,137,2026-05-08 06:08:08,308.19,200,GET,7.857,17.8,26.5,1,No Error,Us-West-2,False,Moderate
4924,187,2026-05-11 13:15:44,58.56,404,POST,771.125,8.47,18.1,1,Resource Not Found: Endpoint entity collection does not exist,Sa-East-1,True,Fast
4925,58,2026-05-12 02:55:36,185.04,200,PUT,1504.72,18.57,39.64,1,No Error,Eu-West-1,False,Fast
4926,154,2026-05-24 02:20:21,43.91,200,PATCH,2909.037,2.9,46.37,1,No Error,Sa-East-1,False,Fast
4927,72,2026-05-11 17:01:50,322.92,200,DELETE,2.005,28.11,37.03,1,No Error,Ap-Southeast-1,False,Moderate
4928,171,2026-05-11 14:21:43,7.45,401,GET,5.785,2.38,16.96,1,Unauthorized: Signature mismatch or expired bearer token,Us-East-1,True,Fast
4929,114,2026-05-18 14:49:07,291.69,204,PUT,2949.903,10.66,51.91,1,No Error,Sa-East-1,False,Moderate
4930,115,2026-05-13 00:25:54,49.73,204,GET,5.007,22.32,39.7,1,No Error,Eu-West-1,False,Fast
4931,6,2026-05-08 10:32:10,276.09,204,DELETE,3.154,17.96,23.42,1,No Error,Eu-West-1,False,Moderate
4932,208,2026-05-03 04:34:03,321.25,204,PATCH,2342.283,11.65,30.05,1,No Error,Us-West-2,False,Moderate
4933,226,2026-05-25 16:11:16,378.24,200,DELETE,10.855,2.79,16.08,1,No Error,Sa-East-1,False,Moderate
4934,36,2026-05-14 16:36:12,51.1,200,DELETE,8.576,1.8,39.85,1,No Error,Eu-West-1,False,Fast
4935,10,2026-05-05 05:38:59,37.96,201,PUT,3553.233,24.27,12.87,12,No Error,Ap-Southeast-1,False,Fast
4936,187,2026-05-19 19:24:42,200.385,500,POST,2683.555,165.4,0.0,1,CRITICAL_TELEMETRY_DROP_OUT,Ap-Southeast-1,True,Moderate
4937,26,2026-05-17 09:34:11,60.62,429,DELETE,4.049,1.91,11.27,2,Rate Limit Exceeded: Threshold of 100 req/sec breached,Ap-Southeast-1,True,Fast
4938,228,2026-05-14 17:42:15,92.65,204,DELETE,6.502,12.51,27.29,1,No Error,Us-West-2,False,Fast
4939,2,2026-05-01 22:28:17,302.06,200,POST,488.165,9.95,41.86,1,No Error,Eu-West-1,False,Moderate
4940,216,2026-05-13 03:32:44,55.46,200,DELETE,12.33,4.0,51.36,1,No Error,Us-East-1,False,Fast
4941,196,2026-05-09 15:46:20,177.17,200,DELETE,5.981,20.72,36.15,2,No Error,Us-West-2,False,Fast
4942,194,2026-05-23 01:24:16,246.59,200,PATCH,182.609,31.11,15.91,1,No Error,Us-West-2,False,Moderate
4943,213,2026-05-14 16:18:06,23.42,200,GET,0.438,27.18,33.95,12,No Error,Us-East-1,False,Fast
4944,79,2026-05-06 04:41:22,305.25,204,PUT,2375.106,3.42,48.24,1,No Error,Ap-Southeast-1,False,Moderate
4945,57,2026-05-16 16:47:13,268.58,200,POST,1502.017,15.67,13.86,2,No Error,Ap-Southeast-1,False,Moderate
4946,45,2026-05-09 00:50:50,188.93,204,PUT,693.577,25.29,31.56,1,No Error,Sa-East-1,False,Fast
4947,54,2026-05-12 20:14:15,83.42,201,POST,1065.723,30.46,36.24,1,No Error,Ap-Southeast-1,False,Fast
4948,58,2026-05-01 18:31:13,25787.59,504,PATCH,2551.431,93.61,94.52,1,Gateway Timeout: Upstream microservice failed to respond within 15000ms,Us-West-2,True,Slow
4949,159,2026-05-05 00:17:15,53.57,500,DELETE,7.184,7.67,12.56,1,    CRITICAL_TELEMETRY_DROP_OUT,Eu-West-1,True,Fast
4950,118,2026-05-22 08:23:38,211.19,200,POST,3029.584,33.94,27.79,1,No Error,Us-West-2,False,Moderate
4951,211,2026-05-07 14:39:57,23668.56,504,GET,2.374,96.95,89.29,1,Gateway Timeout: Upstream microservice failed to respond within 15000ms,Eu-West-1,True,Slow
4952,182,2026-05-05 21:11:36,441.6,201,GET,5.87,22.01,14.47,1,No Error,Eu-West-1,False,Moderate
4953,22,2026-05-06 00:51:01,6765.78,503,DELETE,5.896,93.94,89.39,1,Service Unavailable: Downstream database connection pool timeout,Us-West-2,True,Slow
4954,214,2026-05-13 02:36:39,219.06,201,POST,3374.4,4.31,37.25,1,No Error,Us-East-1,False,Moderate
4955,57,2026-05-20 13:34:01,262.5,200,PATCH,322.418,21.71,43.3,1,No Error,Us-East-1,False,Moderate
4956,158,2026-05-12 17:40:28,18.16,403,POST,2351.11,2.01,9.82,2,Forbidden: Client lacks required read/write scopes,Us-East-1,True,Fast
4957,55,2026-05-19 18:51:14,127.21,201,POST,807.672,29.3,15.05,1,No Error,Ap-Southeast-1,False,Fast
4958,20,2026-05-08 19:06:43,445.09,201,GET,8.375,18.54,13.03,1,No Error,Eu-West-1,False,Moderate
4959,228,2026-05-16 22:00:46,289.27,201,DELETE,2.206,29.71,20.32,2,No Error,Us-West-2,False,Moderate
4960,201,2026-05-23 16:43:46,70.36,201,PUT,2437.856,2.85,28.59,1,No Error,Sa-East-1,False,Fast
4961,38,2026-05-06 16:01:37,401.75,201,PATCH,2591.694,23.34,39.66,1,No Error,Sa-East-1,False,Moderate
4962,36,2026-05-25 08:45:54,247.11,200,PATCH,1974.154,24.36,47.71,1,No Error,Sa-East-1,False,Moderate
4963,231,2026-05-02 21:46:37,20993.82,503,PATCH,2101.593,91.21,95.8,1,Service Unavailable: Downstream database connection pool timeout,Ap-Southeast-1,True,Slow
4964,92,2026-05-15 13:58:50,116.32,200,PATCH,3927.762,14.63,48.59,1,No Error,Ap-Southeast-1,False,Fast
4965,97,2026-05-16 11:44:39,49.91,201,GET,7.41,13.53,44.48,1,No Error,Eu-West-1,False,Fast
4966,195,2026-05-09 16:39:06,215.9,204,POST,2496.588,35.09,36.88,1,No Error,Ap-Southeast-1,False,Moderate
4967,111,2026-05-16 22:54:56,433.47,200,POST,1441.505,30.95,36.33,1,No Error,Ap-Southeast-1,False,Moderate
4968,41,2026-05-03 03:02:17,123.17,204,GET,11.502,9.28,23.15,2,No Error,Us-East-1,False,Fast
4969,242,2026-05-14 06:55:08,36.5,200,POST,2075.018,15.23,49.27,1,No Error,Us-East-1,False,Fast
4970,37,2026-05-03 07:12:30,175.61,200,GET,4.667,12.54,47.97,1,No Error,Ap-Southeast-1,False,Fast
4971,228,2026-05-08 06:28:38,312.17,200,DELETE,8.186,13.6,17.64,1,No Error,Sa-East-1,False,Moderate
4972,225,2026-05-18 10:19:09,342.07,200,PUT,3443.804,23.77,34.36,1,No Error,Sa-East-1,False,Moderate
4973,244,2026-05-21 23:14:41,169.51,204,PATCH,222.297,22.82,12.34,5,No Error,Ap-Southeast-1,False,Fast
4974,68,2026-05-11 17:00:46,16.87,200,PATCH,501.605,30.05,16.68,1,No Error,Us-West-2,False,Fast
4975,104,2026-05-23 02:21:36,306.13,204,POST,811.524,4.14,22.01,1,No Error,Ap-Southeast-1,False,Moderate
4976,132,2026-05-19 02:12:28,53.4,204,DELETE,1.544,27.39,12.78,1,No Error,Us-West-2,False,Fast
4977,225,2026-05-22 12:21:11,267.76,204,GET,6.798,13.12,21.08,1,No Error,Eu-West-1,False,Moderate
4978,128,2026-05-18 02:44:25,66.23,429,DELETE,0.442,5.64,28.9,1,Rate Limit Exceeded: Threshold of 100 req/sec breached,Ap-Southeast-1,True,Fast
4979,74,2026-05-20 16:04:38,389.15,200,GET,6.341,2.61,48.34,1,No Error,Us-East-1,False,Moderate
4980,246,2026-05-14 23:32:35,14.18,403,DELETE,5.887,6.96,28.55,1,Forbidden: Client lacks required read/write scopes,Sa-East-1,True,Fast
4981,21,2026-05-09 06:36:24,329.11,200,POST,1468.393,26.05,50.52,1,No Error,Ap-Southeast-1,False,Moderate
4982,194,2026-05-10 04:17:06,82.19,404,GET,4.642,2.46,28.85,1,Resource Not Found: Endpoint entity collection does not exist,Us-West-2,True,Fast
4983,201,2026-05-05 00:06:46,302.84,200,PATCH,826.448,26.31,22.79,1,No Error,Sa-East-1,False,Moderate
4984,108,2026-05-01 03:08:17,59.24,400,POST,2232.092,19.23,42.41,1,No Error,Ap-Southeast-1,True,Fast
4985,23,2026-05-08 19:54:06,65.42,404,DELETE,10.715,10.97,16.18,1,Resource Not Found: Endpoint entity collection does not exist,Ap-Southeast-1,True,Fast
4986,119,2026-05-05 16:16:44,106.64,200,PATCH,1897.989,14.25,12.88,2,No Error,Us-East-1,False,Fast
4987,41,2026-05-02 22:32:29,357.95,204,GET,8.245,23.98,31.34,1,No Error,Us-West-2,False,Moderate
4988,196,2026-05-03 04:40:13,110.01,200,DELETE,1.118,12.87,16.81,2,No Error,Eu-West-1,False,Fast
4989,11,2026-05-25 02:49:37,381.37,201,GET,2.44,26.04,31.85,1,No Error,Ap-Southeast-1,False,Moderate
4990,128,2026-05-23 23:39:00,-1.0,400,GET,10.783,17.42,0.0,1,No Error,Us-East-1,True,Fast
4991,180,2026-06-05 10:03:46,204.71,400,POST,2833.434,25.32,51.82,1,No Error,Us-East-1,True,Moderate
4992,144,2026-05-23 00:37:06,77.61,200,DELETE,7.234,24.89,20.51,1,No Error,Us-West-2,False,Fast
4993,89,2026-05-19 23:18:33,151.7,204,GET,11.484,4.49,29.56,2,No Error,Eu-West-1,False,Fast
4994,50,2026-05-25 11:05:52,365.46,200,PATCH,3180.49,36.37,45.97,1,No Error,Eu-West-1,False,Moderate
4995,155,2026-05-25 11:58:19,200.385,500,PATCH,3798.288,17.42,-1.0,1,CRITICAL_TELEMETRY_DROP_OUT,Eu-West-1,True,Moderate
4996,58,2026-05-24 19:11:39,93.41,204,POST,2158.361,2.28,14.18,1,No Error,Sa-East-1,False,Fast
4997,45,2026-05-12 17:31:46,92.66,200,DELETE,7.142,2.21,8.99,1,No Error,Eu-West-1,False,Fast
4998,105,2026-05-16 08:28:57,351.96,200,PATCH,619.279,12.55,47.18,1,No Error,Eu-West-1,False,Moderate
4999,199,2026-05-04 17:36:14,404.35,200,POST,3290.377,16.74,29.49,1,No Error,Sa-East-1,False,Moderate
5000,248,2026-05-03 03:14:46,322.14,200,POST,2548.775,34.43,15.7,1,No Error,Ap-Southeast-1,False,Moderate
