user_id,username,company_name,subscription_type,country,signup_date
1,jack_r_1,Vehement Capital,Enterprise,France,2025-01-13 00:00:00.000000
2,grace_h_2,Hooli,Enterprise,Germany,2024-02-10 00:00:00.000000
3,jack_r_3,Cyberdyne Systems,Enterprise,Australia,2023-10-05 00:00:00.000000
4,bob.smith_4,Umbrella Corp,Premium,Canada,2025-12-09 00:00:00.000000
5,david.l_5,Acme Corp,Basic,Japan,2024-09-20 00:00:00.000000
6,henry.m_6,Cyberdyne Systems,Premium,Germany,2023-07-25 00:00:00.000000
7,iris_p_7,Unknowm,Basic,France,2024-03-18 00:00:00.000000
8,emma.v_8,Wayne Enterprises,Free,France,2022-08-16 00:00:00.000000
9,iris_p_9,Vehement Capital,Basic,United States,2022-01-28 00:00:00.000000
10,alice_w_10,Umbrella Corp,Basic,Canada,2024-02-24 00:00:00.000000
11,emma.v_11,Acme Corp,Premium,United Kingdom,2025-11-01 00:00:00.000000
12,david.l_5,Stark Industries,Free,United Kingdom,2022-07-03 00:00:00.000000
13,charlie_k_13,Stark Industries,Free,United Kingdom,2025-06-23 00:00:00.000000
14,iris_p_14,Stark Industries,Basic,United States,2022-12-21 00:00:00.000000
15,frank_g_15,Umbrella Corp,Free,Germany,2025-05-26 00:00:00.000000
16,emma.v_16,Cyberdyne Systems,Basic,United Kingdom,2023-08-06 00:00:00.000000
17,iris_p_17,Vehement Capital,Premium,United States,2022-04-06 00:00:00.000000
18,frank_g_18,Globex,Premium,Australia,2023-12-16 00:00:00.000000
19,henry.m_19,Tyrell Corp,Free,United Kingdom,2022-01-26 00:00:00.000000
20,emma.v_20,Initech,Premium,United Kingdom,2022-03-13 00:00:00.000000
21,grace_h_21,Cyberdyne Systems,Free,Germany,2022-08-14 00:00:00.000000
22,cléo.b_22,Cyberdyne Systems,Basic,Canada,2024-01-22 00:00:00.000000
23,henry.m_19,Stark Industries,Free,United Kingdom,2022-12-08 00:00:00.000000
24,grace_h_24,Umbrella Corp,Enterprise,India,2025-07-17 00:00:00.000000
25,josé_m_25,Acme Corp,Free,Germany,2022-07-24 00:00:00.000000
26,grace_h_26,Acme Corp,Premium,United Kingdom,2023-05-19 00:00:00.000000
27,müller_a_27,Globex,Free,Germany,2023-05-29 00:00:00.000000
28,cléo.b_28,Cyberdyne Systems,Enterprise,Canada,2022-07-06 00:00:00.000000
29,grace_h_29,Acme Corp,Premium,Singapore,2023-05-13 00:00:00.000000
30,jack_r_30,Hooli,Basic,India,2023-03-10 00:00:00.000000
31,frank_g_31,Initech,Enterprise,Canada,2024-12-29 00:00:00.000000
32,charlie_k_32,Acme Corp,Free,Japan,2022-06-14 00:00:00.000000
33,jack_r_33,Cyberdyne Systems,Premium,Canada,2025-07-02 00:00:00.000000
34,grace_h_34,Initech,Free,Australia,2024-12-09 00:00:00.000000
35,frank_g_35,Stark Industries,Basic,Singapore,2024-08-18 00:00:00.000000
36,david.l_36,Vehement Capital,Free,Japan,2024-03-03 00:00:00.000000
37,jack_r_37,Umbrella Corp,Enterprise,Germany,2024-02-12 00:00:00.000000
38,alice_w_38,Unknowm,Premium,Singapore,2025-08-09 00:00:00.000000
39,bob.smith_39,Wayne Enterprises,Enterprise,Brazil,2024-10-17 00:00:00.000000
40,renee_s_40,Tyrell Corp,Free,United States,2025-02-16 00:00:00.000000
41,iris_p_41,Unknowm,Free,Unknown,2024-10-01 00:00:00.000000
42,charlie_k_42,Initech,Enterprise,France,2022-09-30 00:00:00.000000
43,emma.v_43,Cyberdyne Systems,Basic,Japan,2023-01-14 00:00:00.000000
44,henry.m_44,Umbrella Corp,Basic,India,2023-05-15 00:00:00.000000
45,david.l_45,Cyberdyne Systems,Enterprise,Singapore,2025-01-27 00:00:00.000000
46,iris_p_46,Vehement Capital,Basic,France,2025-04-30 00:00:00.000000
47,david.l_47,Acme Corp,Premium,Brazil,2024-11-16 00:00:00.000000
48,bob.smith_48,Wayne Enterprises,Premium,Japan,2023-12-11 00:00:00.000000
49,charlie_k_49,Stark Industries,Enterprise,Japan,2025-10-29 00:00:00.000000
50,bob.smith_50,Acme Corp,Premium,Germany,2024-06-30 00:00:00.000000
51,bob.smith_51,Globex,Enterprise,United States,2024-05-26 00:00:00.000000
52,alice_w_52,Cyberdyne Systems,Enterprise,Australia,2023-12-29 07:11:03.040791
53,henry.m_53,Cyberdyne Systems,Premium,India,2022-02-22 00:00:00.000000
54,frank_g_54,Unknowm,Free,Brazil,2023-06-29 00:00:00.000000
55,bob.smith_48,Hooli,Enterprise,France,2023-08-21 00:00:00.000000
56,charlie_k_56,Acme Corp,Premium,Japan,2024-02-04 00:00:00.000000
57,charlie_k_57,Vehement Capital,Premium,United States,2023-03-20 00:00:00.000000
58,charlie_k_58,Initech,Basic,Singapore,2025-12-01 00:00:00.000000
59,alice_w_59,Vehement Capital,Basic,Japan,2023-10-15 00:00:00.000000
60,alice_w_60,Umbrella Corp,Free,Singapore,2022-09-11 00:00:00.000000
61,david.l_61,Wayne Enterprises,Premium,United States,2022-09-14 00:00:00.000000
62,david.l_62,Stark Industries,Free,United States,2024-03-04 00:00:00.000000
63,frank_g_63,Vehement Capital,Free,France,2025-03-06 00:00:00.000000
64,charlie_k_64,Wayne Enterprises,Free,United Kingdom,2022-05-15 00:00:00.000000
65,charlie_k_65,Cyberdyne Systems,Basic,Singapore,2025-11-28 00:00:00.000000
66,charlie_k_66,Vehement Capital,Enterprise,Germany,2023-07-31 00:00:00.000000
67,jack_r_67,Hooli,Premium,France,2022-01-04 00:00:00.000000
68,david.l_68,Initech,Basic,India,2023-12-08 00:00:00.000000
69,alice_w_38,Wayne Enterprises,Free,Germany,2024-10-02 00:00:00.000000
70,bob.smith_70,Acme Corp,Enterprise,Japan,2025-05-07 00:00:00.000000
71,emma.v_71,Initech,Basic,Australia,2025-05-20 00:00:00.000000
72,charlie_k_72,Cyberdyne Systems,Free,India,2024-12-27 00:00:00.000000
73,iris_p_73,Vehement Capital,Basic,Singapore,2024-06-08 00:00:00.000000
74,emma.v_74,Cyberdyne Systems,Premium,United States,2025-12-22 00:00:00.000000
75,david.l_75,Tyrell Corp,Premium,Australia,2023-08-21 00:00:00.000000
76,cléo.b_76,Tyrell Corp,Basic,India,2025-06-21 00:00:00.000000
77,frank_g_77,Acme Corp,Basic,United Kingdom,2022-10-31 00:00:00.000000
78,alice_w_60,Vehement Capital,Basic,Japan,2025-12-18 00:00:00.000000
79,iris_p_79,Stark Industries,Basic,Australia,2022-09-08 00:00:00.000000
80,jack_r_80,Unknowm,Enterprise,Germany,2024-01-16 00:00:00.000000
81,jack_r_81,Hooli,Enterprise,Singapore,2024-05-20 00:00:00.000000
82,bob.smith_82,Globex,Premium,Japan,2023-01-13 00:00:00.000000
83,iris_p_83,Cyberdyne Systems,Premium,United States,2023-10-14 00:00:00.000000
84,charlie_k_84,Umbrella Corp,Enterprise,Germany,2024-05-18 00:00:00.000000
85,emma.v_85,Stark Industries,Premium,United States,2024-05-05 00:00:00.000000
86,grace_h_86,Cyberdyne Systems,Basic,Brazil,2024-05-02 00:00:00.000000
87,charlie_k_87,Globex,Basic,France,2023-11-04 00:00:00.000000
88,david.l_88,Globex,Enterprise,Singapore,2025-11-06 00:00:00.000000
89,david.l_89,Unknowm,Unknown,Canada,2023-07-18 00:00:00.000000
90,charlie_k_90,Cyberdyne Systems,Premium,Japan,2023-01-09 00:00:00.000000
91,bob.smith_91,Globex,Free,United States,2024-08-04 00:00:00.000000
92,jack_r_92,Globex,Enterprise,Australia,2025-06-02 00:00:00.000000
93,iris_p_93,Stark Industries,Premium,Australia,2023-04-18 00:00:00.000000
94,frank_g_94,Tyrell Corp,Enterprise,Australia,2023-11-13 00:00:00.000000
95,emma.v_95,Initech,Enterprise,Australia,2023-10-13 00:00:00.000000
96,charlie_k_96,Vehement Capital,Free,Japan,2025-06-04 00:00:00.000000
97,henry.m_97,Initech,Enterprise,United States,2023-08-17 00:00:00.000000
98,emma.v_98,Acme Corp,Basic,Brazil,2024-06-21 00:00:00.000000
99,alice_w_99,Vehement Capital,Basic,United Kingdom,2025-03-14 00:00:00.000000
100,jack_r_100,Tyrell Corp,Basic,Brazil,2025-02-25 00:00:00.000000
101,jack_r_101,Wayne Enterprises,Enterprise,Singapore,2023-05-07 00:00:00.000000
102,david.l_102,Unknowm,Basic,United Kingdom,2024-10-01 00:00:00.000000
103,alice_w_103,Acme Corp,Premium,France,2022-06-26 00:00:00.000000
104,david.l_104,Cyberdyne Systems,Premium,Australia,2022-11-11 00:00:00.000000
105,frank_g_105,Globex,Free,Singapore,2023-02-02 00:00:00.000000
106,grace_h_106,Stark Industries,Free,Australia,2024-03-03 00:00:00.000000
107,charlie_k_107,Acme Corp,Basic,Germany,2023-04-17 00:00:00.000000
108,henry.m_108,Acme Corp,Basic,United States,2023-09-06 00:00:00.000000
109,bob.smith_109,Stark Industries,Free,Canada,2022-06-04 00:00:00.000000
110,bob.smith_110,Tyrell Corp,Free,Brazil,2022-12-21 00:00:00.000000
111,bob.smith_111,Tyrell Corp,Basic,Singapore,2025-03-22 00:00:00.000000
112,bob.smith_39,Vehement Capital,Free,United Kingdom,2024-10-05 00:00:00.000000
113,iris_p_113,Tyrell Corp,Free,France,2023-07-25 00:00:00.000000
114,jack_r_114,Cyberdyne Systems,Basic,Japan,2023-05-25 00:00:00.000000
115,charlie_k_115,Stark Industries,Basic,India,2025-09-28 00:00:00.000000
116,henry.m_116,Tyrell Corp,Basic,United Kingdom,2024-09-23 00:00:00.000000
117,iris_p_117,Hooli,Premium,United States,2024-05-20 00:00:00.000000
118,charlie_k_118,Umbrella Corp,Free,Canada,2024-06-25 00:00:00.000000
119,david.l_119,Acme Corp,Basic,Germany,2025-02-18 00:00:00.000000
120,cléo.b_120,Initech,Premium,United Kingdom,2024-02-23 00:00:00.000000
121,jack_r_121,Acme Corp,Basic,Germany,2022-09-28 00:00:00.000000
122,jack_r_122,Globex,Free,India,2022-05-01 00:00:00.000000
123,jack_r_123,Cyberdyne Systems,Basic,Singapore,2025-09-24 00:00:00.000000
124,bob.smith_124,Hooli,Free,France,2022-06-26 00:00:00.000000
125,frank_g_125,Stark Industries,Basic,Brazil,2023-04-21 00:00:00.000000
126,alice_w_126,Globex,Basic,France,2023-10-10 00:00:00.000000
127,jack_r_127,Initech,Enterprise,United Kingdom,2025-09-18 00:00:00.000000
128,bob.smith_128,Initech,Premium,Canada,2024-08-23 00:00:00.000000
129,henry.m_129,Cyberdyne Systems,Basic,France,2023-05-23 00:00:00.000000
130,frank_g_130,Cyberdyne Systems,Enterprise,Canada,2022-10-03 00:00:00.000000
131,grace_h_131,Tyrell Corp,Basic,France,2024-05-20 00:00:00.000000
132,emma.v_132,Globex,Enterprise,Germany,2023-09-30 00:00:00.000000
133,frank_g_133,Cyberdyne Systems,Premium,Japan,2022-09-13 00:00:00.000000
134,bob.smith_134,Acme Corp,Enterprise,France,2023-06-09 00:00:00.000000
135,david.l_135,Umbrella Corp,Free,France,2023-06-12 00:00:00.000000
136,charlie_k_136,Vehement Capital,Premium,United Kingdom,2025-10-16 00:00:00.000000
137,bob.smith_137,Hooli,Basic,Canada,2024-01-21 00:00:00.000000
138,emma.v_138,Tyrell Corp,Basic,United Kingdom,2025-11-23 00:00:00.000000
139,alice_w_139,Stark Industries,Premium,United States,2023-06-21 00:00:00.000000
140,frank_g_140,Hooli,Premium,Canada,2025-08-16 00:00:00.000000
141,emma.v_141,Stark Industries,Enterprise,United States,2023-02-21 00:00:00.000000
142,bob.smith_142,Acme Corp,Enterprise,Canada,2024-05-25 00:00:00.000000
143,alice_w_143,Cyberdyne Systems,Enterprise,Canada,2022-02-07 00:00:00.000000
144,jack_r_144,Stark Industries,Enterprise,Canada,2022-07-03 00:00:00.000000
145,müller_a_145,Umbrella Corp,Enterprise,Australia,2023-02-12 00:00:00.000000
146,grace_h_34,Vehement Capital,Basic,Singapore,2024-12-18 00:00:00.000000
147,jack_r_147,Wayne Enterprises,Free,Brazil,2025-10-07 00:00:00.000000
148,bob.smith_148,Hooli,Premium,Australia,2024-05-12 00:00:00.000000
149,henry.m_149,Vehement Capital,Basic,United States,2023-09-15 00:00:00.000000
150,frank_g_150,Tyrell Corp,Premium,Canada,2023-03-11 00:00:00.000000
151,grace_h_151,Cyberdyne Systems,Free,France,2024-09-22 00:00:00.000000
152,emma.v_152,Hooli,Premium,Canada,2023-05-30 00:00:00.000000
153,emma.v_153,Tyrell Corp,Premium,Singapore,2022-12-10 00:00:00.000000
154,bob.smith_154,Unknowm,Basic,Australia,2022-04-02 00:00:00.000000
155,henry.m_155,Cyberdyne Systems,Free,Canada,2025-11-18 00:00:00.000000
156,bob.smith_156,Stark Industries,Basic,Canada,2024-06-17 00:00:00.000000
157,emma.v_157,Cyberdyne Systems,Free,France,2025-10-11 00:00:00.000000
158,grace_h_158,Tyrell Corp,Enterprise,United States,2024-03-21 00:00:00.000000
159,henry.m_159,Globex,Basic,India,2022-03-26 00:00:00.000000
160,jack_r_160,Cyberdyne Systems,Enterprise,United States,2023-09-26 00:00:00.000000
161,bob.smith_148,Initech,Free,India,2023-01-29 00:00:00.000000
162,renee_s_162,Tyrell Corp,Unknown,Germany,2022-05-09 00:00:00.000000
163,henry.m_163,Umbrella Corp,Basic,Canada,2022-06-03 00:00:00.000000
164,frank_g_164,Umbrella Corp,Free,India,2024-02-02 00:00:00.000000
165,iris_p_165,Wayne Enterprises,Free,India,2025-03-17 00:00:00.000000
166,jack_r_166,Wayne Enterprises,Premium,France,2023-09-01 00:00:00.000000
167,grace_h_86,Tyrell Corp,Premium,United States,2024-02-22 00:00:00.000000
168,david.l_168,Hooli,Enterprise,Brazil,2025-11-08 00:00:00.000000
169,grace_h_169,Stark Industries,Basic,Brazil,2025-04-06 00:00:00.000000
170,jack_r_170,Umbrella Corp,Basic,Australia,2025-05-22 00:00:00.000000
171,frank_g_171,Tyrell Corp,Free,Brazil,2024-04-09 00:00:00.000000
172,alice_w_172,Wayne Enterprises,Basic,Singapore,2023-01-27 00:00:00.000000
173,grace_h_173,Tyrell Corp,Enterprise,Japan,2025-04-07 00:00:00.000000
174,grace_h_174,Cyberdyne Systems,Enterprise,Canada,2025-11-13 00:00:00.000000
175,cléo.b_175,Globex,Free,United Kingdom,2022-03-19 00:00:00.000000
176,charlie_k_176,Hooli,Basic,France,2025-04-20 00:00:00.000000
177,alice_w_177,Acme Corp,Enterprise,United Kingdom,2022-03-20 00:00:00.000000
178,emma.v_74,Initech,Basic,Singapore,2025-04-05 00:00:00.000000
179,frank_g_179,Hooli,Free,United Kingdom,2025-07-08 00:00:00.000000
180,iris_p_180,Initech,Enterprise,United Kingdom,2024-12-21 00:00:00.000000
181,cléo.b_181,Initech,Enterprise,Germany,2025-01-12 00:00:00.000000
182,iris_p_182,Hooli,Premium,France,2022-01-12 00:00:00.000000
183,alice_w_183,Vehement Capital,Free,Japan,2025-03-13 00:00:00.000000
184,henry.m_184,Stark Industries,Enterprise,Germany,2022-06-25 00:00:00.000000
185,henry.m_185,Cyberdyne Systems,Free,Canada,2023-02-07 00:00:00.000000
186,david.l_47,Tyrell Corp,Enterprise,Brazil,2023-07-30 00:00:00.000000
187,alice_w_187,Globex,Enterprise,United Kingdom,2024-10-27 00:00:00.000000
188,emma.v_188,Globex,Enterprise,France,2022-06-16 00:00:00.000000
189,emma.v_189,Unknowm,Free,Unknown,2025-04-27 00:00:00.000000
190,alice_w_190,Vehement Capital,Basic,Brazil,2025-08-23 00:00:00.000000
191,henry.m_191,Unknowm,Unknown,United Kingdom,2023-12-16 00:00:00.000000
192,grace_h_192,Umbrella Corp,Basic,Australia,2023-08-30 00:00:00.000000
193,bob.smith_193,Cyberdyne Systems,Enterprise,India,2025-10-19 00:00:00.000000
194,bob.smith_194,Stark Industries,Basic,Australia,2023-01-03 00:00:00.000000
195,alice_w_195,Globex,Enterprise,Singapore,2024-11-14 00:00:00.000000
196,charlie_k_196,Wayne Enterprises,Free,Singapore,2023-02-09 00:00:00.000000
197,iris_p_197,Acme Corp,Free,Brazil,2025-08-14 00:00:00.000000
198,frank_g_198,Umbrella Corp,Enterprise,United States,2022-02-03 00:00:00.000000
199,jack_r_199,Stark Industries,Enterprise,Australia,2024-05-31 00:00:00.000000
200,henry.m_200,Stark Industries,Enterprise,Japan,2024-08-17 00:00:00.000000
201,henry.m_201,Hooli,Free,India,2022-09-28 00:00:00.000000
202,bob.smith_202,Cyberdyne Systems,Free,Canada,2022-08-09 00:00:00.000000
203,bob.smith_203,Hooli,Free,Singapore,2023-07-08 00:00:00.000000
204,emma.v_204,Stark Industries,Enterprise,France,2024-11-19 00:00:00.000000
205,grace_h_205,Tyrell Corp,Basic,Brazil,2025-10-07 00:00:00.000000
206,henry.m_206,Initech,Basic,India,2025-06-25 00:00:00.000000
207,david.l_207,Vehement Capital,Free,India,2022-08-18 00:00:00.000000
208,grace_h_208,Cyberdyne Systems,Premium,Brazil,2024-10-20 00:00:00.000000
209,bob.smith_209,Initech,Basic,Germany,2023-12-08 00:00:00.000000
210,frank_g_210,Wayne Enterprises,Basic,Brazil,2023-07-26 00:00:00.000000
211,iris_p_211,Vehement Capital,Premium,Canada,2022-07-09 00:00:00.000000
212,jack_r_212,Unknowm,Enterprise,United Kingdom,2022-09-26 00:00:00.000000
213,emma.v_213,Unknowm,Enterprise,Unknown,2024-06-13 00:00:00.000000
214,henry.m_214,Cyberdyne Systems,Free,Japan,2023-03-25 00:00:00.000000
215,jack_r_215,Globex,Premium,Canada,2022-01-12 00:00:00.000000
216,david.l_216,Wayne Enterprises,Free,Germany,2024-09-09 00:00:00.000000
217,grace_h_217,Cyberdyne Systems,Premium,Brazil,2024-09-21 00:00:00.000000
218,bob.smith_218,Hooli,Enterprise,Japan,2024-12-12 00:00:00.000000
219,grace_h_219,Acme Corp,Premium,Singapore,2024-05-22 00:00:00.000000
220,alice_w_220,Tyrell Corp,Free,Japan,2022-02-16 00:00:00.000000
221,david.l_221,Globex,Basic,Australia,2025-07-10 00:00:00.000000
222,grace_h_222,Tyrell Corp,Enterprise,United Kingdom,2022-01-08 00:00:00.000000
223,henry.m_223,Vehement Capital,Enterprise,Brazil,2025-01-11 00:00:00.000000
224,emma.v_224,Acme Corp,Free,United States,2022-05-26 00:00:00.000000
225,frank_g_225,Wayne Enterprises,Enterprise,France,2023-09-06 00:00:00.000000
226,cléo.b_226,Hooli,Free,Australia,2023-05-21 00:00:00.000000
227,jack_r_227,Stark Industries,Unknown,United States,2023-07-27 00:00:00.000000
228,emma.v_228,Umbrella Corp,Free,Australia,2024-01-06 00:00:00.000000
229,alice_w_229,Cyberdyne Systems,Premium,Canada,2024-11-16 00:00:00.000000
230,iris_p_230,Umbrella Corp,Free,India,2024-09-24 00:00:00.000000
231,bob.smith_231,Hooli,Premium,Japan,2024-05-13 00:00:00.000000
232,henry.m_232,Vehement Capital,Enterprise,Unknown,2025-11-18 00:00:00.000000
233,bob.smith_233,Stark Industries,Free,Australia,2024-09-08 00:00:00.000000
234,alice_w_234,Globex,Basic,United Kingdom,2024-12-11 00:00:00.000000
235,emma.v_235,Hooli,Enterprise,United States,2023-01-20 00:00:00.000000
236,bob.smith_236,Hooli,Premium,India,2022-11-27 00:00:00.000000
237,charlie_k_237,Umbrella Corp,Basic,Japan,2025-06-21 00:00:00.000000
238,alice_w_238,Cyberdyne Systems,Free,Unknown,2024-01-01 00:00:00.000000
239,alice_w_239,Umbrella Corp,Enterprise,France,2023-05-20 00:00:00.000000
240,frank_g_240,Stark Industries,Basic,Australia,2024-01-12 00:00:00.000000
241,frank_g_241,Acme Corp,Free,India,2022-07-23 00:00:00.000000
242,grace_h_242,Tyrell Corp,Basic,United Kingdom,2022-06-22 00:00:00.000000
243,iris_p_243,Initech,Free,India,2023-04-19 00:00:00.000000
244,josé_m_244,Acme Corp,Free,Canada,2023-01-09 00:00:00.000000
245,frank_g_245,Tyrell Corp,Enterprise,United Kingdom,2025-05-24 00:00:00.000000
246,jean-luc_246,Tyrell Corp,Enterprise,Germany,2023-06-09 00:00:00.000000
247,grace_h_247,Stark Industries,Enterprise,Australia,2022-09-30 00:00:00.000000
248,frank_g_248,Initech,Free,Brazil,2024-06-28 00:00:00.000000
249,bob.smith_231,Globex,Free,Australia,2023-06-12 00:00:00.000000
250,jack_r_147,Stark Industries,Premium,United States,2022-12-31 00:00:00.000000
251,charlie_k_251,Tyrell Corp,Basic,United States,2022-10-23 00:00:00.000000
252,jack_r_252,Unknowm,Premium,Brazil,2025-05-10 00:00:00.000000
253,frank_g_253,Stark Industries,Basic,United Kingdom,2022-11-10 00:00:00.000000
254,david.l_254,Tyrell Corp,Free,Canada,2022-06-13 00:00:00.000000
255,henry.m_19,Cyberdyne Systems,Enterprise,United Kingdom,2022-06-10 00:00:00.000000
256,charlie_k_256,Wayne Enterprises,Basic,United Kingdom,2022-10-28 00:00:00.000000
257,grace_h_247,Wayne Enterprises,Enterprise,United Kingdom,2023-08-15 00:00:00.000000
258,grace_h_258,Initech,Premium,Brazil,2025-08-09 00:00:00.000000
259,jack_r_259,Unknowm,Basic,United States,2023-08-17 00:00:00.000000
260,frank_g_260,Cyberdyne Systems,Enterprise,India,2025-09-15 00:00:00.000000
261,jack_r_261,Tyrell Corp,Premium,Brazil,2023-09-05 00:00:00.000000
262,emma.v_262,Vehement Capital,Enterprise,India,2024-03-15 00:00:00.000000
263,bob.smith_263,Vehement Capital,Basic,India,2025-04-16 00:00:00.000000
264,alice_w_264,Cyberdyne Systems,Free,Japan,2025-06-18 00:00:00.000000
265,jack_r_265,Acme Corp,Basic,France,2023-05-23 00:00:00.000000
266,henry.m_266,Hooli,Enterprise,Germany,2022-12-29 00:00:00.000000
267,henry.m_267,Globex,Free,Australia,2023-12-29 07:11:03.040791
268,henry.m_268,Wayne Enterprises,Premium,Canada,2023-02-23 00:00:00.000000
269,frank_g_269,Cyberdyne Systems,Enterprise,France,2025-03-07 00:00:00.000000
270,frank_g_270,Hooli,Premium,Canada,2024-08-29 00:00:00.000000
271,jack_r_271,Initech,Basic,Singapore,2022-03-22 00:00:00.000000
272,alice_w_272,Umbrella Corp,Unknown,Unknown,2024-05-25 00:00:00.000000
273,charlie_k_273,Cyberdyne Systems,Free,United Kingdom,2024-01-04 00:00:00.000000
274,iris_p_274,Vehement Capital,Premium,Australia,2022-01-22 00:00:00.000000
275,henry.m_275,Wayne Enterprises,Free,Germany,2025-05-15 00:00:00.000000
276,emma.v_276,Acme Corp,Free,France,2022-04-02 00:00:00.000000
277,cléo.b_277,Umbrella Corp,Free,Canada,2022-06-17 00:00:00.000000
278,emma.v_278,Stark Industries,Premium,Brazil,2023-01-18 00:00:00.000000
279,grace_h_279,Wayne Enterprises,Free,Canada,2024-11-26 00:00:00.000000
280,jean-luc_280,Hooli,Premium,United States,2023-02-12 00:00:00.000000
281,frank_g_281,Vehement Capital,Basic,United Kingdom,2022-01-05 00:00:00.000000
282,frank_g_282,Cyberdyne Systems,Free,United Kingdom,2025-09-29 00:00:00.000000
283,frank_g_283,Globex,Enterprise,Germany,2024-10-01 00:00:00.000000
284,bob.smith_284,Wayne Enterprises,Premium,India,2025-07-07 00:00:00.000000
285,alice_w_285,Vehement Capital,Free,Brazil,2022-12-18 00:00:00.000000
286,bob.smith_286,Tyrell Corp,Free,United States,2024-04-26 00:00:00.000000
287,iris_p_287,Wayne Enterprises,Basic,Australia,2023-09-22 00:00:00.000000
288,frank_g_288,Initech,Free,Brazil,2022-10-06 00:00:00.000000
289,jack_r_289,Unknowm,Free,Unknown,2022-06-22 00:00:00.000000
290,frank_g_290,Acme Corp,Premium,Unknown,2022-02-21 00:00:00.000000
291,henry.m_291,Tyrell Corp,Premium,Brazil,2025-10-31 00:00:00.000000
292,david.l_292,Wayne Enterprises,Enterprise,Germany,2024-08-07 00:00:00.000000
293,david.l_293,Stark Industries,Free,Canada,2025-01-06 00:00:00.000000
294,charlie_k_294,Globex,Free,United States,2023-08-24 00:00:00.000000
295,frank_g_295,Vehement Capital,Free,United States,2024-12-24 00:00:00.000000
296,charlie_k_296,Tyrell Corp,Basic,India,2023-09-17 00:00:00.000000
297,bob.smith_297,Vehement Capital,Enterprise,Japan,2024-11-09 00:00:00.000000
298,alice_w_298,Initech,Enterprise,Singapore,2025-08-09 00:00:00.000000
299,bob.smith_299,Umbrella Corp,Premium,Singapore,2025-10-30 00:00:00.000000
300,emma.v_300,Umbrella Corp,Premium,Singapore,2022-02-24 00:00:00.000000
301,frank_g_301,Hooli,Premium,United Kingdom,2024-10-13 00:00:00.000000
302,emma.v_302,Umbrella Corp,Premium,Germany,2023-04-05 00:00:00.000000
303,bob.smith_303,Vehement Capital,Enterprise,United Kingdom,2025-03-20 00:00:00.000000
304,alice_w_304,Hooli,Basic,Germany,2025-03-24 00:00:00.000000
305,charlie_k_305,Hooli,Premium,Australia,2022-10-28 00:00:00.000000
306,emma.v_306,Stark Industries,Enterprise,United Kingdom,2024-02-27 00:00:00.000000
307,emma.v_307,Globex,Premium,India,2025-11-30 00:00:00.000000
308,david.l_308,Tyrell Corp,Enterprise,United States,2025-05-19 00:00:00.000000
309,david.l_309,Cyberdyne Systems,Basic,Canada,2025-07-18 00:00:00.000000
310,josé_m_244,Vehement Capital,Basic,Germany,2024-12-10 00:00:00.000000
311,bob.smith_311,Acme Corp,Basic,United States,2023-06-09 00:00:00.000000
312,charlie_k_312,Cyberdyne Systems,Premium,Singapore,2022-07-25 00:00:00.000000
313,jack_r_313,Vehement Capital,Basic,Germany,2022-10-06 00:00:00.000000
314,henry.m_314,Stark Industries,Enterprise,France,2023-08-14 00:00:00.000000
315,grace_h_315,Initech,Enterprise,United States,2022-01-03 00:00:00.000000
316,jack_r_316,Acme Corp,Premium,United Kingdom,2024-08-10 00:00:00.000000
317,grace_h_317,Stark Industries,Basic,Brazil,2024-09-02 00:00:00.000000
318,charlie_k_318,Cyberdyne Systems,Enterprise,Germany,2025-02-13 00:00:00.000000
319,alice_w_319,Globex,Unknown,United Kingdom,2024-02-19 00:00:00.000000
320,iris_p_320,Wayne Enterprises,Basic,Germany,2025-04-29 00:00:00.000000
321,jack_r_321,Tyrell Corp,Enterprise,France,2024-11-09 00:00:00.000000
322,bob.smith_322,Tyrell Corp,Basic,Brazil,2023-08-02 00:00:00.000000
323,emma.v_323,Initech,Free,France,2024-08-24 00:00:00.000000
324,henry.m_324,Unknowm,Unknown,India,2024-05-18 00:00:00.000000
325,alice_w_325,Initech,Free,Japan,2023-02-05 00:00:00.000000
326,jack_r_326,Initech,Basic,Japan,2024-03-15 00:00:00.000000
327,iris_p_46,Globex,Basic,Singapore,2023-09-24 00:00:00.000000
328,alice_w_328,Vehement Capital,Free,Brazil,2024-11-08 00:00:00.000000
329,charlie_k_329,Vehement Capital,Basic,India,2022-09-07 00:00:00.000000
330,henry.m_330,Tyrell Corp,Enterprise,Canada,2022-03-05 00:00:00.000000
331,bob.smith_331,Tyrell Corp,Free,Japan,2025-03-14 00:00:00.000000
332,jack_r_332,Wayne Enterprises,Enterprise,Australia,2022-07-10 00:00:00.000000
333,frank_g_333,Initech,Free,Japan,2023-10-14 00:00:00.000000
334,bob.smith_334,Initech,Enterprise,United States,2023-03-29 00:00:00.000000
335,bob.smith_335,Initech,Enterprise,India,2023-11-03 00:00:00.000000
336,jack_r_336,Cyberdyne Systems,Basic,Japan,2025-03-29 00:00:00.000000
337,bob.smith_337,Initech,Basic,United States,2023-10-06 00:00:00.000000
338,frank_g_338,Vehement Capital,Basic,United Kingdom,2022-01-01 00:00:00.000000
339,emma.v_339,Globex,Enterprise,United Kingdom,2023-07-14 00:00:00.000000
340,frank_g_340,Vehement Capital,Premium,Australia,2022-06-29 00:00:00.000000
341,bob.smith_341,Acme Corp,Free,Japan,2022-05-17 00:00:00.000000
342,frank_g_342,Cyberdyne Systems,Basic,Singapore,2022-03-29 00:00:00.000000
343,alice_w_343,Wayne Enterprises,Enterprise,Germany,2022-10-11 00:00:00.000000
344,frank_g_344,Unknowm,Free,Canada,2023-09-24 00:00:00.000000
345,frank_g_345,Umbrella Corp,Enterprise,France,2024-08-29 00:00:00.000000
346,emma.v_346,Umbrella Corp,Enterprise,France,2023-12-30 00:00:00.000000
347,alice_w_347,Initech,Enterprise,India,2023-12-29 07:11:03.040791
348,iris_p_348,Hooli,Basic,Japan,2022-04-24 00:00:00.000000
349,david.l_349,Stark Industries,Premium,Brazil,2024-04-11 00:00:00.000000
350,jack_r_350,Initech,Premium,Brazil,2023-10-21 00:00:00.000000
351,charlie_k_351,Initech,Enterprise,Australia,2023-07-11 00:00:00.000000
352,david.l_352,Hooli,Premium,Australia,2025-11-16 00:00:00.000000
353,frank_g_353,Acme Corp,Basic,France,2022-02-08 00:00:00.000000
354,charlie_k_354,Globex,Basic,Canada,2025-10-12 00:00:00.000000
355,david.l_355,Tyrell Corp,Enterprise,Australia,2023-12-20 00:00:00.000000
356,grace_h_356,Hooli,Basic,Germany,2024-05-09 00:00:00.000000
357,grace_h_357,Unknowm,Premium,Brazil,2023-10-22 00:00:00.000000
358,henry.m_358,Initech,Premium,Germany,2025-03-09 00:00:00.000000
359,iris_p_359,Globex,Enterprise,United Kingdom,2025-02-20 00:00:00.000000
360,grace_h_360,Vehement Capital,Unknown,France,2022-10-22 00:00:00.000000
361,grace_h_361,Vehement Capital,Basic,Brazil,2025-09-05 00:00:00.000000
362,grace_h_362,Vehement Capital,Premium,India,2024-11-28 00:00:00.000000
363,renee_s_363,Hooli,Free,Germany,2023-01-26 00:00:00.000000
364,charlie_k_364,Umbrella Corp,Enterprise,Australia,2023-03-30 00:00:00.000000
365,alice_w_365,Globex,Enterprise,France,2022-04-21 00:00:00.000000
366,david.l_366,Tyrell Corp,Free,Germany,2024-12-28 00:00:00.000000
367,grace_h_367,Cyberdyne Systems,Basic,Japan,2024-10-25 00:00:00.000000
368,charlie_k_368,Hooli,Free,France,2025-05-06 00:00:00.000000
369,iris_p_274,Cyberdyne Systems,Basic,Japan,2024-01-28 00:00:00.000000
370,frank_g_370,Cyberdyne Systems,Enterprise,United Kingdom,2023-12-29 07:11:03.040791
371,frank_g_371,Unknowm,Premium,Unknown,2025-09-02 00:00:00.000000
372,alice_w_372,Globex,Gold,United Kingdom,2023-11-03 00:00:00.000000
373,david.l_373,Cyberdyne Systems,Enterprise,Australia,2025-02-28 00:00:00.000000
374,alice_w_374,Stark Industries,Basic,India,2023-12-29 07:11:03.040791
375,charlie_k_375,Wayne Enterprises,Enterprise,United Kingdom,2022-11-12 00:00:00.000000
376,frank_g_376,Vehement Capital,Enterprise,Unknown,2025-10-31 00:00:00.000000
377,charlie_k_377,Acme Corp,Free,France,2024-10-09 00:00:00.000000
378,alice_w_378,Globex,Free,United Kingdom,2025-09-29 00:00:00.000000
379,charlie_k_379,Umbrella Corp,Free,France,2025-02-18 00:00:00.000000
380,emma.v_380,Globex,Free,United Kingdom,2022-09-03 00:00:00.000000
381,iris_p_381,Wayne Enterprises,Premium,India,2024-08-28 00:00:00.000000
382,jean-luc_382,Stark Industries,Premium,United Kingdom,2022-05-05 00:00:00.000000
383,alice_w_383,Cyberdyne Systems,Enterprise,Australia,2022-08-07 00:00:00.000000
384,jack_r_384,Cyberdyne Systems,Enterprise,Japan,2025-09-05 00:00:00.000000
385,charlie_k_385,Globex,Premium,United States,2024-06-07 00:00:00.000000
386,jack_r_386,Cyberdyne Systems,Free,Singapore,2025-09-08 00:00:00.000000
387,iris_p_387,Tyrell Corp,Free,Germany,2022-10-29 00:00:00.000000
388,david.l_388,Tyrell Corp,Premium,Australia,2025-05-21 00:00:00.000000
389,iris_p_389,Initech,Enterprise,United States,2024-11-25 00:00:00.000000
390,müller_a_390,Hooli,Premium,Australia,2023-12-29 07:11:03.040791
391,renee_s_391,Wayne Enterprises,Free,France,2022-12-02 00:00:00.000000
392,frank_g_392,Globex,Basic,India,2023-09-18 00:00:00.000000
393,frank_g_393,Wayne Enterprises,Basic,Japan,2023-12-29 07:11:03.040791
394,grace_h_394,Wayne Enterprises,Premium,Japan,2024-07-28 00:00:00.000000
395,david.l_395,Acme Corp,Enterprise,Japan,2024-01-16 00:00:00.000000
396,david.l_396,Wayne Enterprises,Enterprise,Brazil,2023-07-15 00:00:00.000000
397,bob.smith_397,Globex,Basic,United Kingdom,2022-05-24 00:00:00.000000
398,josé_m_398,Acme Corp,Premium,United Kingdom,2024-02-24 00:00:00.000000
399,alice_w_399,Wayne Enterprises,Premium,United Kingdom,2024-09-23 00:00:00.000000
400,david.l_400,Globex,Basic,France,2025-05-24 00:00:00.000000
401,alice_w_401,Acme Corp,Enterprise,India,2023-01-29 00:00:00.000000
402,iris_p_402,Initech,Basic,Germany,2024-09-10 00:00:00.000000
403,henry.m_403,Wayne Enterprises,Basic,Japan,2024-11-24 00:00:00.000000
404,david.l_404,Stark Industries,Enterprise,France,2023-10-16 00:00:00.000000
405,jean-luc_405,Initech,Premium,Brazil,2025-05-02 00:00:00.000000
406,emma.v_406,Acme Corp,Enterprise,France,2025-07-05 00:00:00.000000
407,bob.smith_407,Cyberdyne Systems,Basic,Canada,2024-01-10 00:00:00.000000
408,grace_h_408,Wayne Enterprises,Enterprise,Germany,2023-11-04 00:00:00.000000
409,charlie_k_409,Vehement Capital,Enterprise,India,2022-11-13 00:00:00.000000
410,iris_p_410,Initech,Free,India,2025-08-18 00:00:00.000000
411,jack_r_411,Umbrella Corp,Basic,Japan,2025-05-13 00:00:00.000000
412,charlie_k_412,Cyberdyne Systems,Free,United States,2024-01-17 00:00:00.000000
413,bob.smith_413,Vehement Capital,Enterprise,Germany,2023-08-16 00:00:00.000000
414,henry.m_414,Hooli,Basic,Australia,2025-04-09 00:00:00.000000
415,alice_w_415,Tyrell Corp,Free,Singapore,2025-09-29 00:00:00.000000
416,bob.smith_416,Globex,Free,Canada,2023-11-04 00:00:00.000000
417,grace_h_417,Hooli,Premium,Brazil,2022-08-23 00:00:00.000000
418,frank_g_418,Tyrell Corp,Basic,Australia,2022-09-29 00:00:00.000000
419,iris_p_419,Tyrell Corp,Enterprise,Japan,2023-08-13 00:00:00.000000
420,frank_g_420,Initech,Basic,Germany,2025-04-08 00:00:00.000000
421,iris_p_421,Initech,Enterprise,Germany,2024-06-09 00:00:00.000000
422,grace_h_422,Acme Corp,Premium,Brazil,2022-01-06 00:00:00.000000
423,henry.m_423,Stark Industries,Free,Canada,2025-08-05 00:00:00.000000
424,bob.smith_424,Stark Industries,Enterprise,France,2022-03-03 00:00:00.000000
425,jack_r_425,Cyberdyne Systems,Enterprise,United States,2023-06-06 00:00:00.000000
426,bob.smith_426,Hooli,Free,Australia,2024-12-09 00:00:00.000000
427,henry.m_427,Acme Corp,Free,Brazil,2022-03-08 00:00:00.000000
428,grace_h_428,Vehement Capital,Enterprise,India,2024-06-04 00:00:00.000000
429,henry.m_429,Unknowm,Unknown,Unknown,2023-07-19 00:00:00.000000
430,david.l_430,Wayne Enterprises,Premium,Japan,2025-02-02 00:00:00.000000
431,charlie_k_431,Globex,Premium,Japan,2025-08-17 00:00:00.000000
432,david.l_432,Umbrella Corp,Free,France,2023-05-14 00:00:00.000000
433,charlie_k_433,Stark Industries,Enterprise,Singapore,2022-01-03 00:00:00.000000
434,frank_g_434,Hooli,Basic,Brazil,2022-03-28 00:00:00.000000
435,iris_p_435,Initech,Basic,France,2023-11-11 00:00:00.000000
436,alice_w_436,Acme Corp,Free,Canada,2022-06-17 00:00:00.000000
437,iris_p_437,Hooli,Enterprise,United Kingdom,2024-05-13 00:00:00.000000
438,david.l_438,Globex,Premium,India,2024-05-05 00:00:00.000000
439,david.l_439,Umbrella Corp,Enterprise,France,2025-11-22 00:00:00.000000
440,alice_w_440,Cyberdyne Systems,Unknown,India,2023-01-06 00:00:00.000000
441,iris_p_441,Acme Corp,Free,Canada,2025-12-20 00:00:00.000000
442,iris_p_442,Acme Corp,Free,Canada,2022-10-16 00:00:00.000000
443,david.l_443,Cyberdyne Systems,Free,Canada,2024-05-06 00:00:00.000000
444,charlie_k_444,Vehement Capital,Basic,Japan,2023-12-29 07:11:03.040791
445,jack_r_445,Tyrell Corp,Enterprise,Brazil,2023-02-15 00:00:00.000000
446,jack_r_446,Wayne Enterprises,Enterprise,Australia,2024-11-07 00:00:00.000000
447,grace_h_174,Cyberdyne Systems,Enterprise,India,2023-04-26 00:00:00.000000
448,emma.v_448,Cyberdyne Systems,Enterprise,Brazil,2024-01-08 00:00:00.000000
449,alice_w_449,Tyrell Corp,Basic,Canada,2023-09-16 00:00:00.000000
450,müller_a_450,Umbrella Corp,Enterprise,Japan,2025-02-16 00:00:00.000000
451,henry.m_451,Stark Industries,Premium,Japan,2022-05-17 00:00:00.000000
452,jack_r_452,Tyrell Corp,Free,France,2023-05-14 00:00:00.000000
453,frank_g_453,Wayne Enterprises,Premium,Australia,2023-10-10 00:00:00.000000
454,david.l_454,Unknowm,Premium,India,2025-03-08 00:00:00.000000
455,bob.smith_455,Wayne Enterprises,Enterprise,France,2022-12-23 00:00:00.000000
456,charlie_k_456,Globex,Basic,Australia,2022-03-04 00:00:00.000000
457,alice_w_457,Wayne Enterprises,Basic,United Kingdom,2025-06-05 00:00:00.000000
458,alice_w_458,Cyberdyne Systems,Basic,Canada,2022-05-08 00:00:00.000000
459,grace_h_459,Globex,Basic,United Kingdom,2025-11-12 00:00:00.000000
460,henry.m_460,Acme Corp,Free,France,2022-07-03 00:00:00.000000
461,alice_w_461,Initech,Enterprise,Australia,2025-10-21 00:00:00.000000
462,david.l_462,Globex,Premium,India,2024-05-17 00:00:00.000000
463,emma.v_463,Cyberdyne Systems,Free,Japan,2025-05-01 00:00:00.000000
464,bob.smith_464,Stark Industries,Basic,United Kingdom,2024-06-10 00:00:00.000000
465,emma.v_346,Stark Industries,Free,Canada,2022-11-25 00:00:00.000000
466,iris_p_466,Acme Corp,Basic,Germany,2025-04-01 00:00:00.000000
467,henry.m_467,Umbrella Corp,Free,India,2024-11-04 00:00:00.000000
468,iris_p_468,Hooli,Premium,United Kingdom,2022-06-19 00:00:00.000000
469,bob.smith_469,Umbrella Corp,Free,Japan,2024-05-13 00:00:00.000000
470,jack_r_470,Initech,Basic,Germany,2025-05-31 00:00:00.000000
471,grace_h_471,Hooli,Free,Canada,2022-12-27 00:00:00.000000
472,bob.smith_472,Unknowm,Enterprise,United Kingdom,2024-03-18 00:00:00.000000
473,alice_w_473,Hooli,Enterprise,Singapore,2022-03-16 00:00:00.000000
474,grace_h_474,Wayne Enterprises,Premium,Australia,2024-02-19 00:00:00.000000
475,jack_r_475,Hooli,Basic,United Kingdom,2023-05-08 00:00:00.000000
476,alice_w_476,Stark Industries,Free,India,2022-03-14 00:00:00.000000
477,charlie_k_477,Cyberdyne Systems,Basic,Canada,2024-03-18 00:00:00.000000
478,henry.m_478,Stark Industries,Free,Brazil,2025-09-04 00:00:00.000000
479,bob.smith_479,Globex,Enterprise,United Kingdom,2025-07-02 00:00:00.000000
480,frank_g_480,Vehement Capital,Premium,United States,2022-01-04 00:00:00.000000
481,emma.v_481,Unknowm,Unknown,Brazil,2022-06-23 00:00:00.000000
482,bob.smith_482,Vehement Capital,Basic,Brazil,2025-03-29 00:00:00.000000
483,grace_h_483,Cyberdyne Systems,Premium,Canada,2023-06-22 00:00:00.000000
484,grace_h_484,Cyberdyne Systems,Enterprise,India,2024-09-29 00:00:00.000000
485,frank_g_485,Stark Industries,Basic,Australia,2024-11-05 00:00:00.000000
486,alice_w_486,Wayne Enterprises,Premium,Japan,2023-02-16 00:00:00.000000
487,emma.v_487,Initech,Corporate,India,2023-01-10 00:00:00.000000
488,frank_g_488,Umbrella Corp,Premium,Canada,2023-11-02 00:00:00.000000
489,bob.smith_489,Initech,Basic,France,2024-03-11 00:00:00.000000
490,grace_h_490,Umbrella Corp,Premium,India,2025-02-03 00:00:00.000000
491,iris_p_491,Hooli,Premium,Japan,2025-03-29 00:00:00.000000
492,grace_h_492,Globex,Enterprise,Germany,2022-01-13 00:00:00.000000
493,henry.m_493,Acme Corp,Free,France,2024-05-20 00:00:00.000000
494,david.l_494,Vehement Capital,Enterprise,Germany,2023-10-27 00:00:00.000000
495,david.l_495,Acme Corp,Free,Germany,2023-02-06 00:00:00.000000
496,charlie_k_496,Tyrell Corp,Basic,United Kingdom,2022-11-18 00:00:00.000000
497,jean-luc_497,Hooli,Enterprise,United Kingdom,2023-02-25 00:00:00.000000
498,david.l_498,Globex,Free,France,2025-04-20 00:00:00.000000
499,david.l_499,Globex,Enterprise,Japan,2023-08-16 00:00:00.000000
500,iris_p_500,Vehement Capital,Gold,Brazil,2025-03-04 00:00:00.000000
501,alice_w_501,Hooli,Premium,Canada,2022-01-14 00:00:00.000000
502,henry.m_502,Wayne Enterprises,Free,Japan,2023-04-13 00:00:00.000000
503,grace_h_503,Stark Industries,Enterprise,Japan,2023-05-09 00:00:00.000000
504,alice_w_504,Acme Corp,Enterprise,Singapore,2022-01-14 00:00:00.000000
505,emma.v_505,Acme Corp,Enterprise,France,2023-11-15 00:00:00.000000
506,henry.m_506,Hooli,Premium,United States,2022-01-12 00:00:00.000000
507,iris_p_507,Unknowm,Enterprise,India,2023-06-06 00:00:00.000000
508,grace_h_508,Acme Corp,Basic,Germany,2024-04-20 00:00:00.000000
509,emma.v_509,Initech,Basic,United Kingdom,2023-07-02 00:00:00.000000
510,david.l_510,Cyberdyne Systems,Free,Singapore,2025-01-21 00:00:00.000000
511,jack_r_511,Cyberdyne Systems,Basic,France,2025-06-03 00:00:00.000000
512,iris_p_512,Acme Corp,Enterprise,United Kingdom,2023-11-06 00:00:00.000000
513,emma.v_513,Stark Industries,Basic,Australia,2022-10-09 00:00:00.000000
514,jack_r_514,Wayne Enterprises,Premium,Australia,2024-10-13 00:00:00.000000
515,frank_g_515,Tyrell Corp,Premium,Japan,2022-08-07 00:00:00.000000
516,grace_h_516,Tyrell Corp,Enterprise,United States,2024-04-09 00:00:00.000000
517,iris_p_517,Wayne Enterprises,Basic,Japan,2024-02-07 00:00:00.000000
518,charlie_k_518,Wayne Enterprises,Enterprise,United States,2023-05-17 00:00:00.000000
519,emma.v_519,Globex,Free,Canada,2022-07-14 00:00:00.000000
520,grace_h_34,Hooli,Basic,United Kingdom,2022-01-05 00:00:00.000000
521,iris_p_521,Wayne Enterprises,Enterprise,Canada,2025-09-23 00:00:00.000000
522,jack_r_522,Stark Industries,Basic,Germany,2022-07-26 00:00:00.000000
523,henry.m_523,Stark Industries,Premium,Germany,2024-04-12 00:00:00.000000
524,emma.v_524,Acme Corp,Free,Japan,2023-02-20 00:00:00.000000
525,bob.smith_525,Hooli,Basic,Japan,2024-04-22 00:00:00.000000
526,grace_h_526,Stark Industries,Enterprise,Australia,2022-03-25 00:00:00.000000
527,henry.m_527,Tyrell Corp,Basic,United Kingdom,2025-04-15 00:00:00.000000
528,iris_p_528,Cyberdyne Systems,Unknown,Singapore,2022-01-17 00:00:00.000000
529,henry.m_529,Tyrell Corp,Premium,Canada,2024-05-15 00:00:00.000000
530,alice_w_530,Hooli,Enterprise,Japan,2025-03-09 00:00:00.000000
531,alice_w_531,Hooli,Premium,Australia,2024-09-08 00:00:00.000000
532,bob.smith_532,Tyrell Corp,Free,India,2023-02-15 00:00:00.000000
533,jean-luc_533,Tyrell Corp,Basic,Germany,2022-08-05 00:00:00.000000
534,jack_r_534,Cyberdyne Systems,Premium,Brazil,2023-01-20 00:00:00.000000
535,emma.v_535,Umbrella Corp,Enterprise,India,2025-05-09 00:00:00.000000
536,grace_h_536,Cyberdyne Systems,Free,Canada,2024-05-13 00:00:00.000000
537,alice_w_537,Initech,Basic,India,2022-01-22 00:00:00.000000
538,cléo.b_538,Acme Corp,Free,India,2025-02-17 00:00:00.000000
539,bob.smith_539,Umbrella Corp,Enterprise,Brazil,2025-05-07 00:00:00.000000
540,frank_g_540,Wayne Enterprises,Basic,United States,2024-07-11 00:00:00.000000
541,frank_g_541,Cyberdyne Systems,Basic,Singapore,2025-01-24 00:00:00.000000
542,jack_r_542,Vehement Capital,Basic,United States,2025-01-22 00:00:00.000000
543,emma.v_543,Hooli,Premium,Singapore,2023-08-08 00:00:00.000000
544,henry.m_544,Hooli,Premium,Unknown,2022-09-27 00:00:00.000000
545,emma.v_545,Vehement Capital,Free,France,2023-01-31 00:00:00.000000
546,frank_g_546,Hooli,Enterprise,France,2024-07-04 00:00:00.000000
547,emma.v_547,Unknowm,Enterprise,United Kingdom,2025-07-21 00:00:00.000000
548,grace_h_548,Initech,Basic,Canada,2022-11-18 00:00:00.000000
549,iris_p_549,Vehement Capital,Basic,Brazil,2023-12-29 07:11:03.040791
550,frank_g_550,Vehement Capital,Enterprise,Brazil,2023-02-05 00:00:00.000000
551,henry.m_551,Tyrell Corp,Basic,United Kingdom,2025-10-22 00:00:00.000000
552,alice_w_552,Globex,Premium,Germany,2023-08-28 00:00:00.000000
553,bob.smith_553,Unknowm,Enterprise,Unknown,2024-02-06 00:00:00.000000
554,bob.smith_554,Umbrella Corp,Basic,Germany,2022-04-19 00:00:00.000000
555,henry.m_555,Acme Corp,Unknown,Unknown,2023-07-24 00:00:00.000000
556,emma.v_556,Umbrella Corp,Premium,Brazil,2025-05-27 00:00:00.000000
557,frank_g_557,Cyberdyne Systems,Premium,Brazil,2024-02-05 00:00:00.000000
558,frank_g_558,Wayne Enterprises,Free,Australia,2022-08-11 00:00:00.000000
559,charlie_k_559,Acme Corp,Basic,Australia,2024-07-03 00:00:00.000000
560,grace_h_560,Wayne Enterprises,Enterprise,United States,2025-04-21 00:00:00.000000
561,grace_h_561,Globex,Enterprise,Singapore,2024-12-19 00:00:00.000000
562,henry.m_562,Globex,Free,India,2023-08-07 00:00:00.000000
563,emma.v_563,Globex,Basic,Australia,2024-11-05 00:00:00.000000
564,iris_p_564,Stark Industries,Basic,Germany,2022-02-02 00:00:00.000000
565,charlie_k_565,Stark Industries,Premium,Singapore,2025-12-22 00:00:00.000000
566,bob.smith_566,Wayne Enterprises,Premium,Canada,2022-03-12 00:00:00.000000
567,henry.m_567,Wayne Enterprises,Premium,Brazil,2023-01-29 00:00:00.000000
568,henry.m_568,Tyrell Corp,Basic,Brazil,2025-12-28 00:00:00.000000
569,jack_r_569,Acme Corp,Free,Brazil,2023-11-30 00:00:00.000000
570,grace_h_570,Tyrell Corp,Basic,India,2022-10-29 00:00:00.000000
571,iris_p_571,Cyberdyne Systems,Enterprise,United Kingdom,2025-05-18 00:00:00.000000
572,henry.m_572,Stark Industries,Basic,Canada,2025-06-18 00:00:00.000000
573,müller_a_573,Cyberdyne Systems,Enterprise,India,2023-04-28 00:00:00.000000
574,emma.v_574,Initech,Enterprise,India,2023-09-24 00:00:00.000000
575,david.l_575,Hooli,Basic,Germany,2024-05-01 00:00:00.000000
576,charlie_k_312,Umbrella Corp,Free,France,2025-10-28 00:00:00.000000
577,jack_r_577,Cyberdyne Systems,Enterprise,Australia,2025-12-15 00:00:00.000000
578,alice_w_578,Umbrella Corp,Enterprise,Germany,2022-05-01 00:00:00.000000
579,iris_p_579,Initech,Free,Canada,2025-09-02 00:00:00.000000
580,frank_g_580,Globex,Basic,France,2022-03-19 00:00:00.000000
581,grace_h_581,Unknowm,Enterprise,Unknown,2025-10-24 00:00:00.000000
582,charlie_k_582,Hooli,Enterprise,Germany,2023-04-11 00:00:00.000000
583,iris_p_583,Stark Industries,Basic,India,2022-10-13 00:00:00.000000
584,emma.v_584,Hooli,Premium,Brazil,2023-08-30 00:00:00.000000
585,charlie_k_585,Cyberdyne Systems,Enterprise,Japan,2023-03-14 00:00:00.000000
586,grace_h_586,Umbrella Corp,Free,Brazil,2024-06-03 00:00:00.000000
587,frank_g_587,Vehement Capital,Basic,Canada,2024-09-02 00:00:00.000000
588,bob.smith_588,Globex,Enterprise,United Kingdom,2023-10-17 00:00:00.000000
589,iris_p_589,Hooli,Premium,Australia,2025-08-10 00:00:00.000000
590,david.l_590,Stark Industries,Free,France,2025-01-24 00:00:00.000000
591,charlie_k_591,Globex,Enterprise,Australia,2025-09-20 00:00:00.000000
592,alice_w_592,Tyrell Corp,Free,Brazil,2023-01-03 00:00:00.000000
593,iris_p_593,Globex,Free,Singapore,2023-03-15 00:00:00.000000
594,henry.m_594,Unknowm,Unknown,Unknown,2023-12-28 00:00:00.000000
595,iris_p_595,Cyberdyne Systems,Basic,United States,2022-06-17 00:00:00.000000
596,henry.m_596,Tyrell Corp,Basic,Germany,2025-08-27 00:00:00.000000
597,charlie_k_597,Stark Industries,Enterprise,India,2024-04-05 00:00:00.000000
598,david.l_598,Vehement Capital,Premium,United Kingdom,2023-11-07 00:00:00.000000
599,david.l_599,Globex,Premium,Singapore,2023-07-15 00:00:00.000000
600,henry.m_600,Initech,Premium,United Kingdom,2025-08-02 00:00:00.000000
601,frank_g_601,Hooli,Premium,Germany,2023-11-24 00:00:00.000000
602,charlie_k_585,Initech,Free,United States,2022-01-06 00:00:00.000000
603,emma.v_603,Initech,Basic,Singapore,2024-06-28 00:00:00.000000
604,bob.smith_604,Tyrell Corp,Enterprise,Japan,2024-09-07 00:00:00.000000
605,jack_r_605,Acme Corp,Standard,Brazil,2025-11-21 00:00:00.000000
606,emma.v_606,Initech,Basic,United States,2022-05-04 00:00:00.000000
607,emma.v_607,Tyrell Corp,Free,Singapore,2023-10-03 00:00:00.000000
608,frank_g_608,Unknowm,Unknown,India,2022-11-03 00:00:00.000000
609,alice_w_609,Globex,Basic,Canada,2023-12-29 07:11:03.040791
610,grace_h_610,Unknowm,Unknown,Canada,2023-04-18 00:00:00.000000
611,iris_p_611,Initech,Free,France,2025-10-21 00:00:00.000000
612,david.l_612,Globex,Basic,Germany,2022-09-23 00:00:00.000000
613,bob.smith_613,Wayne Enterprises,Enterprise,Canada,2023-05-23 00:00:00.000000
614,bob.smith_614,Acme Corp,Free,Canada,2023-01-31 00:00:00.000000
615,david.l_615,Acme Corp,Free,Japan,2023-03-14 00:00:00.000000
616,bob.smith_616,Acme Corp,Premium,Germany,2022-12-26 00:00:00.000000
617,charlie_k_617,Tyrell Corp,Free,Australia,2024-03-30 00:00:00.000000
618,henry.m_324,Wayne Enterprises,Basic,India,2025-03-27 00:00:00.000000
619,jack_r_619,Umbrella Corp,Enterprise,India,2025-01-08 00:00:00.000000
620,frank_g_620,Wayne Enterprises,Premium,Brazil,2022-06-23 00:00:00.000000
621,henry.m_621,Cyberdyne Systems,Free,Singapore,2024-06-19 00:00:00.000000
622,charlie_k_622,Globex,Free,France,2023-11-05 00:00:00.000000
623,frank_g_623,Acme Corp,Basic,Australia,2024-07-22 00:00:00.000000
624,jean-luc_624,Wayne Enterprises,Free,Australia,2022-12-21 00:00:00.000000
625,frank_g_625,Vehement Capital,Premium,United Kingdom,2025-02-01 00:00:00.000000
626,iris_p_626,Initech,Basic,India,2022-04-15 00:00:00.000000
627,grace_h_627,Cyberdyne Systems,Free,France,2025-10-20 00:00:00.000000
628,charlie_k_628,Globex,Free,Germany,2023-04-27 00:00:00.000000
629,grace_h_629,Hooli,Basic,France,2023-12-18 00:00:00.000000
630,emma.v_630,Globex,Enterprise,United Kingdom,2025-12-13 00:00:00.000000
631,frank_g_631,Stark Industries,Premium,France,2025-10-28 00:00:00.000000
632,grace_h_632,Wayne Enterprises,Free,Germany,2025-12-10 00:00:00.000000
633,jack_r_633,Umbrella Corp,Premium,Australia,2025-11-21 00:00:00.000000
634,david.l_634,Tyrell Corp,Premium,Singapore,2023-05-24 00:00:00.000000
635,emma.v_635,Tyrell Corp,Free,Germany,2023-05-03 00:00:00.000000
636,charlie_k_636,Hooli,Enterprise,Germany,2024-05-26 00:00:00.000000
637,jack_r_637,Acme Corp,Enterprise,Brazil,2024-04-19 00:00:00.000000
638,iris_p_638,Wayne Enterprises,Basic,Canada,2023-04-19 00:00:00.000000
639,henry.m_639,Hooli,Premium,France,2022-04-19 00:00:00.000000
640,charlie_k_617,Umbrella Corp,Enterprise,Australia,2022-05-18 00:00:00.000000
641,henry.m_641,Cyberdyne Systems,Premium,Germany,2023-10-24 00:00:00.000000
642,charlie_k_642,Hooli,Enterprise,India,2024-08-04 00:00:00.000000
643,charlie_k_643,Hooli,Basic,Germany,2022-01-19 00:00:00.000000
644,frank_g_644,Acme Corp,Basic,France,2025-09-30 00:00:00.000000
645,alice_w_645,Umbrella Corp,Premium,United Kingdom,2025-09-15 00:00:00.000000
646,emma.v_646,Tyrell Corp,Free,United States,2022-05-09 00:00:00.000000
647,david.l_647,Initech,Basic,Unknown,2024-11-16 00:00:00.000000
648,grace_h_648,Unknowm,Unknown,Unknown,2023-03-07 00:00:00.000000
649,iris_p_649,Globex,Premium,Japan,2025-11-27 00:00:00.000000
650,emma.v_650,Umbrella Corp,Premium,United Kingdom,2022-08-18 00:00:00.000000
651,david.l_651,Wayne Enterprises,Free,Germany,2023-06-23 00:00:00.000000
652,jean-luc_652,Globex,Basic,Australia,2023-06-13 00:00:00.000000
653,bob.smith_653,Tyrell Corp,Basic,Australia,2025-03-24 00:00:00.000000
654,charlie_k_654,Umbrella Corp,Premium,United Kingdom,2023-06-28 00:00:00.000000
655,bob.smith_655,Initech,Enterprise,Singapore,2022-10-02 00:00:00.000000
656,alice_w_656,Stark Industries,Premium,United Kingdom,2022-09-30 00:00:00.000000
657,iris_p_657,Cyberdyne Systems,Premium,United States,2025-01-16 00:00:00.000000
658,jack_r_658,Tyrell Corp,Free,Brazil,2022-07-30 00:00:00.000000
659,charlie_k_659,Cyberdyne Systems,Enterprise,Australia,2025-09-26 00:00:00.000000
660,frank_g_660,Acme Corp,Unknown,Australia,2023-11-23 00:00:00.000000
661,grace_h_661,Cyberdyne Systems,Premium,Singapore,2022-03-11 00:00:00.000000
662,henry.m_662,Hooli,Premium,United Kingdom,2023-10-26 00:00:00.000000
663,josé_m_663,Hooli,Basic,Brazil,2023-08-09 00:00:00.000000
664,bob.smith_664,Cyberdyne Systems,Basic,Singapore,2022-09-23 00:00:00.000000
665,bob.smith_665,Umbrella Corp,Basic,Brazil,2023-02-06 00:00:00.000000
666,charlie_k_666,Cyberdyne Systems,Premium,Brazil,2024-02-10 00:00:00.000000
667,jack_r_667,Acme Corp,Free,United States,2025-07-05 00:00:00.000000
668,henry.m_668,Cyberdyne Systems,Premium,India,2025-09-12 00:00:00.000000
669,jack_r_669,Vehement Capital,Enterprise,United Kingdom,2023-01-22 00:00:00.000000
670,alice_w_670,Acme Corp,Basic,Japan,2025-12-09 00:00:00.000000
671,alice_w_671,Stark Industries,Enterprise,United Kingdom,2023-05-25 00:00:00.000000
672,jack_r_672,Cyberdyne Systems,Enterprise,Australia,2023-06-20 00:00:00.000000
673,frank_g_673,Cyberdyne Systems,Basic,Australia,2024-05-13 00:00:00.000000
674,henry.m_674,Tyrell Corp,Basic,Australia,2022-07-18 00:00:00.000000
675,david.l_675,Globex,Premium,United Kingdom,2023-09-02 00:00:00.000000
676,josé_m_676,Unknowm,Free,Unknown,2023-01-26 00:00:00.000000
677,henry.m_677,Acme Corp,Basic,United States,2024-08-29 00:00:00.000000
678,emma.v_678,Initech,Premium,Germany,2025-11-08 00:00:00.000000
679,frank_g_679,Vehement Capital,Free,Brazil,2025-11-27 00:00:00.000000
680,david.l_680,Wayne Enterprises,Basic,Australia,2024-07-26 00:00:00.000000
681,alice_w_681,Cyberdyne Systems,Free,Japan,2022-08-13 00:00:00.000000
682,henry.m_682,Globex,Basic,Australia,2022-09-26 00:00:00.000000
683,emma.v_683,Vehement Capital,Premium,Brazil,2025-08-25 00:00:00.000000
684,iris_p_684,Tyrell Corp,Premium,Singapore,2022-02-15 00:00:00.000000
685,david.l_685,Cyberdyne Systems,Basic,Singapore,2023-09-09 00:00:00.000000
686,henry.m_686,Umbrella Corp,Unknown,Brazil,2024-12-04 00:00:00.000000
687,iris_p_687,Cyberdyne Systems,Basic,Canada,2025-05-19 00:00:00.000000
688,grace_h_688,Hooli,Free,Germany,2025-04-26 00:00:00.000000
689,david.l_689,Wayne Enterprises,Free,Singapore,2023-08-02 00:00:00.000000
690,frank_g_690,Vehement Capital,Unknown,Unknown,2023-12-31 00:00:00.000000
691,jack_r_691,Initech,Enterprise,United Kingdom,2023-09-17 00:00:00.000000
692,david.l_692,Vehement Capital,Premium,Japan,2022-12-22 00:00:00.000000
693,grace_h_693,Cyberdyne Systems,Basic,Singapore,2025-06-12 00:00:00.000000
694,emma.v_694,Tyrell Corp,Free,Singapore,2022-09-29 00:00:00.000000
695,david.l_695,Globex,Enterprise,India,2023-02-27 00:00:00.000000
696,josé_m_696,Umbrella Corp,Premium,Canada,2025-12-01 00:00:00.000000
697,henry.m_697,Globex,Unknown,Unknown,2024-07-31 00:00:00.000000
698,frank_g_698,Stark Industries,Premium,United States,2022-08-14 00:00:00.000000
699,frank_g_699,Hooli,Free,United Kingdom,2023-05-03 00:00:00.000000
700,jack_r_700,Initech,Free,Singapore,2025-02-12 00:00:00.000000
701,frank_g_701,Acme Corp,Free,France,2023-12-29 07:11:03.040791
702,henry.m_702,Initech,Premium,Germany,2025-01-28 00:00:00.000000
703,frank_g_703,Hooli,Enterprise,Singapore,2025-12-28 00:00:00.000000
704,alice_w_704,Cyberdyne Systems,Enterprise,United Kingdom,2024-09-30 00:00:00.000000
705,frank_g_705,Initech,Premium,United Kingdom,2025-06-21 00:00:00.000000
706,iris_p_706,Cyberdyne Systems,Basic,France,2022-11-09 00:00:00.000000
707,david.l_707,Tyrell Corp,Premium,France,2022-08-15 00:00:00.000000
708,alice_w_708,Wayne Enterprises,Enterprise,Unknown,2023-05-01 00:00:00.000000
709,alice_w_709,Initech,Enterprise,Australia,2023-05-05 00:00:00.000000
710,jean-luc_710,Umbrella Corp,Free,Unknown,2024-11-25 00:00:00.000000
711,grace_h_711,Stark Industries,Enterprise,Singapore,2024-07-02 00:00:00.000000
712,frank_g_712,Tyrell Corp,Enterprise,Canada,2025-09-17 00:00:00.000000
713,jack_r_713,Umbrella Corp,Free,Japan,2022-12-23 00:00:00.000000
714,frank_g_714,Wayne Enterprises,Premium,Singapore,2024-01-07 00:00:00.000000
715,bob.smith_715,Tyrell Corp,Enterprise,United States,2024-04-15 00:00:00.000000
716,bob.smith_716,Initech,Premium,Japan,2025-04-19 00:00:00.000000
717,henry.m_717,Globex,Enterprise,United States,2024-02-04 00:00:00.000000
718,iris_p_718,Initech,Corporate,France,2025-08-09 00:00:00.000000
719,emma.v_719,Vehement Capital,Premium,United Kingdom,2022-04-22 00:00:00.000000
720,bob.smith_720,Acme Corp,Enterprise,France,2024-10-18 00:00:00.000000
721,david.l_721,Globex,Basic,Brazil,2023-05-11 00:00:00.000000
722,grace_h_722,Globex,Enterprise,Unknown,2023-06-26 00:00:00.000000
723,bob.smith_723,Stark Industries,Premium,Singapore,2025-08-26 00:00:00.000000
724,alice_w_724,Wayne Enterprises,Premium,Canada,2023-03-25 00:00:00.000000
725,alice_w_725,Globex,Premium,Japan,2023-03-04 00:00:00.000000
726,emma.v_726,Hooli,Basic,Japan,2024-09-11 00:00:00.000000
727,iris_p_727,Acme Corp,Enterprise,Brazil,2023-12-11 00:00:00.000000
728,iris_p_728,Wayne Enterprises,Premium,United States,2024-01-09 00:00:00.000000
729,iris_p_729,Acme Corp,Enterprise,Germany,2025-01-18 00:00:00.000000
730,alice_w_730,Vehement Capital,Premium,India,2025-10-14 00:00:00.000000
731,grace_h_731,Acme Corp,Enterprise,United Kingdom,2022-05-16 00:00:00.000000
732,henry.m_732,Cyberdyne Systems,Premium,India,2022-02-05 00:00:00.000000
733,david.l_733,Stark Industries,Free,Germany,2023-09-22 00:00:00.000000
734,emma.v_734,Hooli,Basic,Germany,2025-06-26 00:00:00.000000
735,david.l_735,Acme Corp,Free,United Kingdom,2025-02-23 00:00:00.000000
736,iris_p_736,Cyberdyne Systems,Enterprise,United Kingdom,2022-06-29 00:00:00.000000
737,frank_g_737,Tyrell Corp,Enterprise,Canada,2024-09-06 00:00:00.000000
738,iris_p_738,Umbrella Corp,Free,Australia,2025-08-10 00:00:00.000000
739,iris_p_739,Hooli,Premium,Australia,2022-01-13 00:00:00.000000
740,frank_g_740,Vehement Capital,Free,Canada,2025-01-21 00:00:00.000000
741,charlie_k_741,Stark Industries,Enterprise,Germany,2025-12-27 00:00:00.000000
742,grace_h_742,Wayne Enterprises,Basic,India,2025-08-04 00:00:00.000000
743,josé_m_743,Cyberdyne Systems,Enterprise,Canada,2025-07-27 00:00:00.000000
744,david.l_744,Tyrell Corp,Premium,United States,2022-11-18 00:00:00.000000
745,charlie_k_745,Umbrella Corp,Basic,Singapore,2025-08-28 00:00:00.000000
746,charlie_k_746,Cyberdyne Systems,Premium,Singapore,2024-11-19 00:00:00.000000
747,bob.smith_747,Globex,Free,India,2024-07-25 00:00:00.000000
748,bob.smith_748,Stark Industries,Premium,United States,2025-07-11 00:00:00.000000
749,bob.smith_91,Acme Corp,Premium,United Kingdom,2023-05-18 00:00:00.000000
750,jack_r_750,Tyrell Corp,Basic,United Kingdom,2022-12-02 00:00:00.000000
751,jack_r_751,Stark Industries,Basic,United States,2023-12-02 00:00:00.000000
752,david.l_752,Globex,Free,United Kingdom,2023-04-04 00:00:00.000000
753,alice_w_753,Vehement Capital,Premium,Germany,2024-06-28 00:00:00.000000
754,charlie_k_754,Initech,Premium,Canada,2025-07-22 00:00:00.000000
755,charlie_k_755,Initech,Free,Australia,2023-06-03 00:00:00.000000
756,david.l_756,Tyrell Corp,Enterprise,United States,2023-10-19 00:00:00.000000
757,david.l_757,Umbrella Corp,Enterprise,Germany,2023-12-29 07:11:03.040791
758,iris_p_758,Vehement Capital,Free,Germany,2023-12-29 07:11:03.040791
759,david.l_759,Cyberdyne Systems,Premium,India,2025-10-10 00:00:00.000000
760,iris_p_760,Cyberdyne Systems,Basic,Japan,2023-12-13 00:00:00.000000
761,alice_w_761,Initech,Premium,Canada,2023-09-09 00:00:00.000000
762,bob.smith_762,Umbrella Corp,Basic,Japan,2024-02-07 00:00:00.000000
763,david.l_763,Stark Industries,Enterprise,India,2023-07-17 00:00:00.000000
764,bob.smith_764,Wayne Enterprises,Premium,United States,2023-08-06 00:00:00.000000
765,iris_p_765,Tyrell Corp,Enterprise,United Kingdom,2024-11-13 00:00:00.000000
766,bob.smith_766,Acme Corp,Enterprise,United Kingdom,2024-10-01 00:00:00.000000
767,charlie_k_767,Vehement Capital,Premium,Canada,2024-11-01 00:00:00.000000
768,henry.m_768,Stark Industries,Free,United Kingdom,2025-06-17 00:00:00.000000
769,grace_h_769,Stark Industries,Basic,Germany,2024-12-06 00:00:00.000000
770,henry.m_770,Tyrell Corp,Free,Singapore,2022-08-18 00:00:00.000000
771,emma.v_771,Globex,Enterprise,United States,2023-03-18 00:00:00.000000
772,frank_g_772,Vehement Capital,Unknown,Germany,2024-04-07 00:00:00.000000
773,david.l_773,Acme Corp,Free,Singapore,2022-06-08 00:00:00.000000
774,müller_a_774,Wayne Enterprises,Basic,United States,2023-12-29 07:11:03.040791
775,jack_r_775,Acme Corp,Unknown,Germany,2024-09-13 00:00:00.000000
776,henry.m_200,Hooli,Enterprise,Singapore,2024-02-26 00:00:00.000000
777,david.l_777,Wayne Enterprises,Premium,United States,2023-09-26 00:00:00.000000
778,iris_p_778,Stark Industries,Enterprise,Canada,2025-10-07 00:00:00.000000
779,iris_p_779,Acme Corp,Premium,Singapore,2025-12-04 00:00:00.000000
780,jack_r_780,Tyrell Corp,Enterprise,France,2024-01-10 00:00:00.000000
781,charlie_k_781,Hooli,Free,Germany,2023-11-21 00:00:00.000000
782,emma.v_782,Cyberdyne Systems,Premium,Brazil,2025-11-16 00:00:00.000000
783,iris_p_783,Acme Corp,Enterprise,France,2025-09-14 00:00:00.000000
784,charlie_k_784,Hooli,Free,United States,2025-06-24 00:00:00.000000
785,bob.smith_785,Cyberdyne Systems,Enterprise,United States,2024-06-12 00:00:00.000000
786,charlie_k_786,Acme Corp,Premium,France,2022-02-03 00:00:00.000000
787,david.l_787,Vehement Capital,Basic,Singapore,2023-08-09 00:00:00.000000
788,emma.v_788,Tyrell Corp,Free,United States,2024-11-15 00:00:00.000000
789,frank_g_789,Stark Industries,Premium,United States,2025-11-06 00:00:00.000000
790,david.l_790,Wayne Enterprises,Enterprise,United States,2022-12-03 00:00:00.000000
791,emma.v_791,Hooli,Basic,France,2022-05-30 00:00:00.000000
792,iris_p_792,Cyberdyne Systems,Free,Japan,2022-05-20 00:00:00.000000
793,emma.v_793,Unknowm,Free,Unknown,2025-04-03 00:00:00.000000
794,frank_g_794,Acme Corp,Free,Singapore,2025-08-08 00:00:00.000000
795,henry.m_795,Vehement Capital,Basic,Canada,2023-08-10 00:00:00.000000
796,iris_p_796,Hooli,Premium,India,2025-12-17 00:00:00.000000
797,jack_r_797,Tyrell Corp,Unknown,Singapore,2024-05-16 00:00:00.000000
798,renee_s_798,Initech,Premium,Singapore,2025-07-30 00:00:00.000000
799,charlie_k_799,Initech,Basic,United States,2023-03-09 00:00:00.000000
800,jack_r_800,Tyrell Corp,Basic,Australia,2025-09-05 00:00:00.000000
801,david.l_801,Umbrella Corp,Basic,United Kingdom,2024-06-03 00:00:00.000000
802,alice_w_802,Initech,Enterprise,Brazil,2022-09-28 00:00:00.000000
803,jack_r_803,Unknowm,Enterprise,Canada,2024-12-30 00:00:00.000000
804,frank_g_804,Wayne Enterprises,Basic,India,2023-08-18 00:00:00.000000
805,grace_h_805,Vehement Capital,Enterprise,France,2024-05-29 00:00:00.000000
806,david.l_806,Globex,Enterprise,Germany,2025-10-18 00:00:00.000000
807,jack_r_807,Tyrell Corp,Premium,Australia,2025-01-17 00:00:00.000000
808,henry.m_808,Umbrella Corp,Basic,Japan,2022-07-03 00:00:00.000000
809,alice_w_809,Initech,Premium,Japan,2025-10-31 00:00:00.000000
810,henry.m_810,Vehement Capital,Premium,Singapore,2025-02-04 00:00:00.000000
811,david.l_811,Wayne Enterprises,Free,India,2023-04-12 00:00:00.000000
812,grace_h_812,Wayne Enterprises,Basic,Germany,2024-04-17 00:00:00.000000
813,henry.m_813,Unknowm,Premium,United Kingdom,2022-08-03 00:00:00.000000
814,david.l_814,Hooli,Unknown,India,2023-06-14 00:00:00.000000
815,henry.m_815,Acme Corp,Premium,India,2024-07-05 00:00:00.000000
816,alice_w_816,Cyberdyne Systems,Free,India,2022-02-27 00:00:00.000000
817,david.l_817,Unknowm,Unknown,Canada,2023-01-03 00:00:00.000000
818,emma.v_818,Initech,Enterprise,Brazil,2024-04-02 00:00:00.000000
819,jack_r_819,Stark Industries,Free,United Kingdom,2022-03-05 00:00:00.000000
820,emma.v_820,Wayne Enterprises,Enterprise,Japan,2023-12-29 07:11:03.040791
821,jack_r_821,Cyberdyne Systems,Basic,France,2023-07-19 00:00:00.000000
822,bob.smith_822,Unknowm,Unknown,India,2025-05-19 00:00:00.000000
823,grace_h_823,Globex,Basic,United States,2022-08-25 00:00:00.000000
824,bob.smith_824,Globex,Basic,France,2025-10-10 00:00:00.000000
825,bob.smith_825,Hooli,Premium,Brazil,2024-09-23 00:00:00.000000
826,charlie_k_826,Hooli,Premium,Canada,2024-04-15 00:00:00.000000
827,bob.smith_827,Vehement Capital,Basic,Canada,2025-03-16 00:00:00.000000
828,frank_g_828,Tyrell Corp,Enterprise,Australia,2025-02-15 00:00:00.000000
829,charlie_k_829,Initech,Unknown,Unknown,2024-01-16 00:00:00.000000
830,jean-luc_830,Umbrella Corp,Basic,Brazil,2023-03-26 00:00:00.000000
831,henry.m_831,Acme Corp,Free,Japan,2024-06-30 00:00:00.000000
832,charlie_k_832,Umbrella Corp,Enterprise,United States,2022-01-10 00:00:00.000000
833,grace_h_833,Cyberdyne Systems,Free,United Kingdom,2024-08-28 00:00:00.000000
834,bob.smith_834,Unknowm,Basic,Japan,2025-12-02 00:00:00.000000
835,bob.smith_835,Wayne Enterprises,Premium,Singapore,2023-02-10 00:00:00.000000
836,alice_w_836,Tyrell Corp,Basic,United States,2023-11-25 00:00:00.000000
837,bob.smith_837,Stark Industries,Enterprise,Brazil,2023-01-21 00:00:00.000000
838,bob.smith_838,Tyrell Corp,Enterprise,Singapore,2023-11-23 00:00:00.000000
839,jean-luc_839,Wayne Enterprises,Free,Singapore,2022-10-27 00:00:00.000000
840,alice_w_840,Tyrell Corp,Premium,Singapore,2025-12-08 00:00:00.000000
841,jack_r_841,Hooli,Basic,Australia,2022-10-15 00:00:00.000000
842,iris_p_842,Vehement Capital,Premium,Germany,2023-09-15 00:00:00.000000
843,henry.m_843,Wayne Enterprises,Premium,Japan,2023-01-17 00:00:00.000000
844,david.l_844,Initech,Premium,Germany,2025-10-12 00:00:00.000000
845,henry.m_845,Umbrella Corp,Basic,India,2022-04-23 00:00:00.000000
846,emma.v_846,Vehement Capital,Free,India,2023-05-19 00:00:00.000000
847,grace_h_847,Umbrella Corp,Premium,Germany,2022-08-26 00:00:00.000000
848,charlie_k_848,Wayne Enterprises,Basic,Singapore,2022-09-10 00:00:00.000000
849,bob.smith_849,Globex,Free,United Kingdom,2022-08-02 00:00:00.000000
850,grace_h_850,Vehement Capital,Free,Singapore,2024-08-08 00:00:00.000000
851,emma.v_851,Vehement Capital,Premium,Brazil,2024-02-22 00:00:00.000000
852,bob.smith_852,Stark Industries,Basic,Australia,2025-12-10 00:00:00.000000
853,grace_h_853,Cyberdyne Systems,Basic,France,2023-12-17 00:00:00.000000
854,henry.m_854,Hooli,Enterprise,United States,2022-08-19 00:00:00.000000
855,emma.v_855,Cyberdyne Systems,Basic,United States,2023-05-02 00:00:00.000000
856,iris_p_856,Vehement Capital,Basic,United States,2024-05-08 00:00:00.000000
857,jack_r_857,Umbrella Corp,Premium,United Kingdom,2024-03-19 00:00:00.000000
858,bob.smith_858,Stark Industries,Premium,Japan,2022-03-01 00:00:00.000000
859,jack_r_859,Acme Corp,Free,Germany,2023-01-31 00:00:00.000000
860,david.l_860,Cyberdyne Systems,Basic,Brazil,2024-03-19 00:00:00.000000
861,charlie_k_861,Initech,Basic,Germany,2025-11-17 00:00:00.000000
862,iris_p_862,Hooli,Enterprise,France,2023-11-23 00:00:00.000000
863,emma.v_863,Hooli,Premium,United Kingdom,2022-04-13 00:00:00.000000
864,henry.m_864,Unknowm,Unknown,Singapore,2024-10-28 00:00:00.000000
865,charlie_k_865,Stark Industries,Basic,Germany,2024-09-08 00:00:00.000000
866,iris_p_866,Hooli,Basic,France,2022-06-25 00:00:00.000000
867,iris_p_727,Tyrell Corp,Enterprise,United Kingdom,2022-11-02 00:00:00.000000
868,alice_w_868,Umbrella Corp,Enterprise,United Kingdom,2025-03-09 00:00:00.000000
869,renee_s_869,Vehement Capital,Free,Germany,2023-05-24 00:00:00.000000
870,jack_r_870,Stark Industries,Free,Germany,2023-11-07 00:00:00.000000
871,bob.smith_871,Acme Corp,Unknown,Germany,2022-04-11 00:00:00.000000
872,bob.smith_872,Globex,Enterprise,Australia,2025-05-04 00:00:00.000000
873,henry.m_873,Umbrella Corp,Basic,Singapore,2024-11-29 00:00:00.000000
874,grace_h_874,Wayne Enterprises,Basic,Japan,2022-04-07 00:00:00.000000
875,emma.v_875,Cyberdyne Systems,Basic,Germany,2023-02-04 00:00:00.000000
876,iris_p_876,Stark Industries,Premium,Singapore,2025-06-25 00:00:00.000000
877,henry.m_877,Wayne Enterprises,Premium,Germany,2024-07-05 00:00:00.000000
878,iris_p_878,Tyrell Corp,Enterprise,India,2025-02-03 00:00:00.000000
879,alice_w_879,Stark Industries,Free,United Kingdom,2024-06-07 00:00:00.000000
880,grace_h_880,Vehement Capital,Basic,Singapore,2024-12-01 00:00:00.000000
881,david.l_881,Hooli,Premium,Japan,2023-05-20 00:00:00.000000
882,grace_h_882,Initech,Basic,India,2024-01-08 00:00:00.000000
883,jack_r_883,Globex,Enterprise,Japan,2023-12-30 00:00:00.000000
884,emma.v_884,Wayne Enterprises,Enterprise,Singapore,2022-11-26 00:00:00.000000
885,bob.smith_885,Globex,Premium,Australia,2024-03-17 00:00:00.000000
886,charlie_k_886,Unknowm,Enterprise,Australia,2024-04-23 00:00:00.000000
887,frank_g_703,Stark Industries,Basic,India,2025-01-20 00:00:00.000000
888,charlie_k_888,Vehement Capital,Basic,Brazil,2024-04-11 00:00:00.000000
889,david.l_889,Acme Corp,Premium,Japan,2023-04-21 00:00:00.000000
890,henry.m_890,Cyberdyne Systems,Enterprise,United States,2023-10-24 00:00:00.000000
891,grace_h_891,Hooli,Basic,United Kingdom,2025-12-26 00:00:00.000000
892,henry.m_892,Vehement Capital,Basic,Germany,2024-10-18 00:00:00.000000
893,henry.m_893,Acme Corp,Basic,Canada,2024-03-24 00:00:00.000000
894,charlie_k_894,Wayne Enterprises,Premium,United States,2024-03-23 00:00:00.000000
895,jack_r_895,Wayne Enterprises,Enterprise,Brazil,2023-06-04 00:00:00.000000
896,david.l_896,Tyrell Corp,Free,Japan,2024-06-18 00:00:00.000000
897,david.l_897,Wayne Enterprises,Enterprise,Canada,2022-09-29 00:00:00.000000
898,jack_r_898,Initech,Free,United States,2023-09-20 00:00:00.000000
899,bob.smith_899,Wayne Enterprises,Premium,Brazil,2023-07-30 00:00:00.000000
900,iris_p_900,Acme Corp,Premium,Australia,2024-07-25 00:00:00.000000
901,david.l_901,Umbrella Corp,Enterprise,India,2025-05-30 00:00:00.000000
902,iris_p_902,Stark Industries,Enterprise,United Kingdom,2023-04-13 00:00:00.000000
903,grace_h_903,Globex,Free,Singapore,2025-06-04 00:00:00.000000
904,charlie_k_904,Globex,Basic,India,2024-03-27 00:00:00.000000
905,emma.v_905,Cyberdyne Systems,Premium,France,2023-02-27 00:00:00.000000
906,iris_p_906,Vehement Capital,Free,United States,2022-11-16 00:00:00.000000
907,charlie_k_907,Acme Corp,Enterprise,Germany,2023-08-14 00:00:00.000000
908,charlie_k_908,Acme Corp,Enterprise,Australia,2025-10-23 00:00:00.000000
909,bob.smith_909,Unknowm,Unknown,Japan,2023-02-02 00:00:00.000000
910,david.l_910,Acme Corp,Basic,Australia,2022-11-19 00:00:00.000000
911,charlie_k_911,Hooli,Free,Germany,2022-05-30 00:00:00.000000
912,grace_h_912,Tyrell Corp,Free,Brazil,2025-04-21 00:00:00.000000
913,emma.v_913,Globex,Basic,United Kingdom,2024-06-04 00:00:00.000000
914,grace_h_914,Vehement Capital,Unknown,Australia,2024-05-04 00:00:00.000000
915,henry.m_915,Acme Corp,Basic,France,2024-07-31 00:00:00.000000
916,henry.m_916,Cyberdyne Systems,Enterprise,Singapore,2022-11-27 00:00:00.000000
917,grace_h_917,Stark Industries,Basic,United States,2023-12-29 07:11:03.040791
918,iris_p_918,Unknowm,Basic,Unknown,2023-08-09 00:00:00.000000
919,david.l_919,Wayne Enterprises,Basic,France,2025-12-30 00:00:00.000000
920,frank_g_920,Hooli,Enterprise,Singapore,2022-06-08 00:00:00.000000
921,emma.v_921,Cyberdyne Systems,Enterprise,Australia,2023-01-13 00:00:00.000000
922,frank_g_922,Hooli,Free,Australia,2022-04-30 00:00:00.000000
923,emma.v_923,Tyrell Corp,Premium,Canada,2025-08-29 00:00:00.000000
924,alice_w_924,Hooli,Enterprise,Japan,2024-01-25 00:00:00.000000
925,david.l_925,Wayne Enterprises,Enterprise,United Kingdom,2022-11-04 00:00:00.000000
926,bob.smith_926,Cyberdyne Systems,Basic,United States,2023-06-20 00:00:00.000000
927,grace_h_927,Globex,Premium,Brazil,2023-01-08 00:00:00.000000
928,charlie_k_928,Hooli,Basic,Singapore,2025-10-10 00:00:00.000000
929,charlie_k_929,Cyberdyne Systems,Enterprise,Australia,2025-12-25 00:00:00.000000
930,alice_w_930,Unknowm,Enterprise,France,2022-07-24 00:00:00.000000
931,charlie_k_296,Initech,Premium,Brazil,2025-11-26 00:00:00.000000
932,emma.v_932,Initech,Premium,Japan,2025-01-28 00:00:00.000000
933,charlie_k_933,Cyberdyne Systems,Enterprise,Canada,2025-05-27 00:00:00.000000
934,bob.smith_934,Acme Corp,Free,Japan,2023-01-13 00:00:00.000000
935,alice_w_935,Vehement Capital,Free,Canada,2025-07-31 00:00:00.000000
936,henry.m_936,Acme Corp,Premium,France,2022-01-27 00:00:00.000000
937,grace_h_937,Vehement Capital,Basic,India,2024-12-12 00:00:00.000000
938,henry.m_938,Stark Industries,Free,India,2022-03-22 00:00:00.000000
939,müller_a_939,Acme Corp,Premium,Canada,2025-12-26 00:00:00.000000
940,iris_p_940,Unknowm,Unknown,Unknown,2024-07-09 00:00:00.000000
941,david.l_941,Initech,Unknown,Japan,2025-10-12 00:00:00.000000
942,jack_r_942,Acme Corp,Enterprise,Australia,2024-04-11 00:00:00.000000
943,grace_h_943,Stark Industries,Enterprise,United Kingdom,2022-04-11 00:00:00.000000
944,charlie_k_944,Stark Industries,Basic,Singapore,2024-12-18 00:00:00.000000
945,jack_r_945,Hooli,Enterprise,France,2022-08-28 00:00:00.000000
946,jack_r_946,Globex,Free,United States,2023-11-26 00:00:00.000000
947,charlie_k_947,Wayne Enterprises,Premium,Australia,2025-06-16 00:00:00.000000
948,jack_r_948,Vehement Capital,Free,United Kingdom,2022-03-11 00:00:00.000000
949,jack_r_949,Umbrella Corp,Basic,Brazil,2025-10-23 00:00:00.000000
950,frank_g_950,Acme Corp,Premium,France,2023-12-29 07:11:03.040791
951,jack_r_951,Hooli,Free,Brazil,2025-08-29 00:00:00.000000
952,jean-luc_952,Cyberdyne Systems,Basic,United Kingdom,2022-11-06 00:00:00.000000
953,emma.v_953,Acme Corp,Enterprise,United States,2024-07-17 00:00:00.000000
954,iris_p_954,Hooli,Premium,United States,2023-02-20 00:00:00.000000
955,iris_p_955,Vehement Capital,Unknown,Australia,2023-06-16 00:00:00.000000
956,jack_r_956,Initech,Premium,Japan,2024-12-05 00:00:00.000000
957,alice_w_957,Tyrell Corp,Basic,Canada,2022-02-03 00:00:00.000000
958,david.l_958,Wayne Enterprises,Enterprise,France,2023-11-18 00:00:00.000000
959,frank_g_959,Globex,Enterprise,Canada,2022-05-03 00:00:00.000000
960,charlie_k_960,Vehement Capital,Basic,Brazil,2024-11-17 00:00:00.000000
961,david.l_961,Hooli,Free,Canada,2025-01-27 00:00:00.000000
962,david.l_962,Unknowm,Premium,Brazil,2022-02-11 00:00:00.000000
963,bob.smith_963,Wayne Enterprises,Enterprise,United States,2023-09-20 00:00:00.000000
964,grace_h_964,Tyrell Corp,Premium,Singapore,2025-04-27 00:00:00.000000
965,jack_r_965,Umbrella Corp,Free,Australia,2024-12-31 00:00:00.000000
966,david.l_966,Unknowm,Enterprise,United States,2024-10-11 00:00:00.000000
967,jack_r_967,Umbrella Corp,Enterprise,France,2024-10-06 00:00:00.000000
968,henry.m_968,Globex,Enterprise,Germany,2023-12-29 07:11:03.040791
969,grace_h_969,Unknowm,Premium,United Kingdom,2024-03-02 00:00:00.000000
970,david.l_970,Globex,Premium,United States,2024-01-20 00:00:00.000000
971,grace_h_971,Initech,Basic,Brazil,2025-08-09 00:00:00.000000
972,alice_w_972,Umbrella Corp,Enterprise,France,2023-11-06 00:00:00.000000
973,frank_g_973,Hooli,Basic,Germany,2022-09-16 00:00:00.000000
974,grace_h_974,Stark Industries,Enterprise,United States,2024-11-28 00:00:00.000000
975,emma.v_975,Acme Corp,Premium,United States,2022-05-27 00:00:00.000000
976,david.l_976,Tyrell Corp,Premium,India,2023-04-12 00:00:00.000000
977,emma.v_977,Acme Corp,Basic,Australia,2025-08-19 00:00:00.000000
978,grace_h_853,Initech,Basic,Australia,2023-01-20 00:00:00.000000
979,alice_w_979,Stark Industries,Free,United States,2023-02-12 00:00:00.000000
980,jack_r_980,Acme Corp,Basic,Brazil,2024-06-15 00:00:00.000000
981,grace_h_981,Cyberdyne Systems,Basic,Germany,2025-03-04 00:00:00.000000
982,jean-luc_982,Globex,Free,France,2022-01-17 00:00:00.000000
983,alice_w_983,Acme Corp,Premium,United Kingdom,2023-12-09 00:00:00.000000
984,grace_h_984,Hooli,Premium,Japan,2025-07-12 00:00:00.000000
985,henry.m_985,Stark Industries,Free,Japan,2023-01-25 00:00:00.000000
986,bob.smith_986,Cyberdyne Systems,Free,United Kingdom,2024-05-08 00:00:00.000000
987,charlie_k_987,Stark Industries,Premium,Canada,2025-08-10 00:00:00.000000
988,iris_p_988,Hooli,Enterprise,Singapore,2025-11-20 00:00:00.000000
989,frank_g_989,Acme Corp,Free,United States,2022-12-04 00:00:00.000000
990,emma.v_990,Hooli,Enterprise,Singapore,2022-03-24 00:00:00.000000
991,grace_h_991,Globex,Free,United Kingdom,2024-02-21 00:00:00.000000
992,jean-luc_992,Stark Industries,Enterprise,India,2024-09-15 00:00:00.000000
993,grace_h_993,Vehement Capital,Free,India,2025-10-03 00:00:00.000000
994,alice_w_994,Globex,Premium,Unknown,2024-04-07 00:00:00.000000
995,emma.v_995,Globex,Enterprise,Brazil,2024-01-23 00:00:00.000000
996,alice_w_996,Umbrella Corp,Basic,Brazil,2023-06-08 00:00:00.000000
997,david.l_997,Tyrell Corp,Enterprise,Canada,2023-07-21 00:00:00.000000
998,emma.v_998,Initech,Free,Unknown,2022-12-01 00:00:00.000000
999,alice_w_999,Unknowm,Free,Japan,2022-03-25 00:00:00.000000
1000,frank_g_1000,Globex,Basic,Japan,2023-12-29 07:11:03.040791
1001,grace_h_1001,Wayne Enterprises,Premium,Germany,2025-11-21 00:00:00.000000
1002,henry.m_1002,Wayne Enterprises,Premium,India,2022-06-14 00:00:00.000000
1003,henry.m_1003,Wayne Enterprises,Premium,Germany,2025-04-06 00:00:00.000000
1004,renee_s_1004,Wayne Enterprises,Enterprise,Japan,2025-06-05 00:00:00.000000
1005,bob.smith_1005,Globex,Enterprise,France,2025-10-21 00:00:00.000000
1006,henry.m_1006,Stark Industries,Enterprise,United Kingdom,2022-01-22 00:00:00.000000
1007,david.l_1007,Hooli,Basic,France,2025-08-21 00:00:00.000000
1008,bob.smith_82,Wayne Enterprises,Basic,Japan,2024-05-04 00:00:00.000000
1009,grace_h_1009,Wayne Enterprises,Premium,Singapore,2022-03-04 00:00:00.000000
1010,charlie_k_1010,Globex,Basic,Japan,2023-10-21 00:00:00.000000
1011,henry.m_1011,Cyberdyne Systems,Basic,Germany,2025-08-03 00:00:00.000000
1012,charlie_k_1012,Globex,Enterprise,United Kingdom,2023-10-19 00:00:00.000000
1013,david.l_1013,Hooli,Premium,France,2024-03-13 00:00:00.000000
1014,henry.m_1014,Globex,Enterprise,India,2025-08-03 00:00:00.000000
1015,grace_h_1015,Wayne Enterprises,Enterprise,India,2022-12-13 00:00:00.000000
1016,henry.m_1016,Stark Industries,Free,Japan,2025-10-14 00:00:00.000000
1017,alice_w_1017,Stark Industries,Free,Germany,2025-09-07 00:00:00.000000
1018,grace_h_1018,Stark Industries,Free,United States,2022-02-26 00:00:00.000000
1019,alice_w_1019,Cyberdyne Systems,Enterprise,Australia,2023-03-03 00:00:00.000000
1020,charlie_k_1020,Stark Industries,Free,Japan,2024-03-28 00:00:00.000000
1021,jack_r_1021,Hooli,Basic,Japan,2024-10-18 00:00:00.000000
1022,henry.m_1022,Globex,Enterprise,Singapore,2024-12-17 00:00:00.000000
1023,iris_p_1023,Vehement Capital,Basic,Singapore,2023-07-19 00:00:00.000000
1024,grace_h_1024,Cyberdyne Systems,Free,Brazil,2025-05-18 00:00:00.000000
1025,henry.m_1025,Acme Corp,Basic,Singapore,2024-04-20 00:00:00.000000
1026,grace_h_1026,Vehement Capital,Premium,Germany,2025-10-28 00:00:00.000000
1027,iris_p_1027,Hooli,Basic,Germany,2023-04-07 00:00:00.000000
1028,alice_w_1028,Cyberdyne Systems,Enterprise,Germany,2025-06-10 00:00:00.000000
1029,alice_w_1029,Stark Industries,Premium,Singapore,2023-08-07 00:00:00.000000
1030,emma.v_1030,Initech,Free,Canada,2024-08-12 00:00:00.000000
1031,charlie_k_1031,Stark Industries,Premium,India,2023-07-16 00:00:00.000000
1032,grace_h_1032,Hooli,Basic,United Kingdom,2022-10-03 00:00:00.000000
1033,frank_g_1033,Wayne Enterprises,Enterprise,Brazil,2023-02-16 00:00:00.000000
1034,david.l_1034,Globex,Enterprise,United States,2025-02-16 00:00:00.000000
1035,david.l_1035,Initech,Premium,Brazil,2024-04-02 00:00:00.000000
1036,grace_h_1036,Globex,Basic,United States,2025-05-30 00:00:00.000000
1037,grace_h_1037,Cyberdyne Systems,Premium,Japan,2022-04-02 00:00:00.000000
1038,grace_h_1038,Vehement Capital,Free,Singapore,2025-03-27 00:00:00.000000
1039,frank_g_1039,Globex,Premium,Canada,2025-09-01 00:00:00.000000
1040,david.l_1040,Initech,Premium,Germany,2023-04-29 00:00:00.000000
1041,bob.smith_1041,Initech,Basic,United States,2023-12-29 07:11:03.040791
1042,charlie_k_1042,Tyrell Corp,Enterprise,Singapore,2022-08-29 00:00:00.000000
1043,henry.m_1043,Tyrell Corp,Enterprise,France,2024-08-17 00:00:00.000000
1044,emma.v_1044,Unknowm,Enterprise,United Kingdom,2025-02-21 00:00:00.000000
1045,henry.m_1045,Initech,Free,Singapore,2025-02-16 00:00:00.000000
1046,iris_p_1046,Acme Corp,Free,Brazil,2023-04-20 00:00:00.000000
1047,bob.smith_1047,Acme Corp,Basic,Germany,2022-12-01 00:00:00.000000
1048,jack_r_1048,Tyrell Corp,Basic,India,2025-09-19 00:00:00.000000
1049,frank_g_1049,Hooli,Enterprise,Japan,2023-09-05 00:00:00.000000
1050,emma.v_1050,Acme Corp,Premium,United Kingdom,2022-07-31 00:00:00.000000
1051,alice_w_1051,Umbrella Corp,Free,Brazil,2024-09-06 00:00:00.000000
1052,grace_h_1052,Cyberdyne Systems,Basic,India,2025-05-01 00:00:00.000000
1053,emma.v_1053,Hooli,Enterprise,France,2025-09-29 00:00:00.000000
1054,alice_w_1054,Umbrella Corp,Enterprise,Brazil,2022-12-03 00:00:00.000000
1055,david.l_1055,Acme Corp,Basic,United Kingdom,2025-06-06 00:00:00.000000
1056,iris_p_1056,Wayne Enterprises,Enterprise,Canada,2023-03-09 00:00:00.000000
1057,henry.m_1057,Acme Corp,Premium,France,2025-04-30 00:00:00.000000
1058,alice_w_1058,Cyberdyne Systems,Free,France,2025-07-20 00:00:00.000000
1059,jack_r_1059,Tyrell Corp,Premium,Brazil,2024-11-06 00:00:00.000000
1060,david.l_1060,Globex,Premium,Japan,2024-04-15 00:00:00.000000
1061,frank_g_1061,Cyberdyne Systems,Premium,Singapore,2025-06-27 00:00:00.000000
1062,jack_r_1062,Vehement Capital,Premium,United Kingdom,2023-08-11 00:00:00.000000
1063,jack_r_1063,Tyrell Corp,Premium,United States,2022-03-28 00:00:00.000000
1064,charlie_k_1064,Initech,Enterprise,United States,2022-01-11 00:00:00.000000
1065,jack_r_1065,Acme Corp,Enterprise,Singapore,2022-11-20 00:00:00.000000
1066,frank_g_1066,Initech,Free,Canada,2023-01-20 00:00:00.000000
1067,alice_w_1067,Cyberdyne Systems,Premium,Australia,2022-04-20 00:00:00.000000
1068,bob.smith_1068,Wayne Enterprises,Enterprise,Japan,2025-04-17 00:00:00.000000
1069,charlie_k_1069,Tyrell Corp,Basic,India,2023-12-11 00:00:00.000000
1070,emma.v_1070,Tyrell Corp,Enterprise,United Kingdom,2022-05-23 00:00:00.000000
1071,frank_g_1071,Stark Industries,Enterprise,France,2022-09-06 00:00:00.000000
1072,emma.v_1072,Vehement Capital,Enterprise,Japan,2024-11-27 00:00:00.000000
1073,alice_w_1073,Vehement Capital,Enterprise,Germany,2022-03-20 00:00:00.000000
1074,grace_h_1074,Vehement Capital,Enterprise,Singapore,2025-02-22 00:00:00.000000
1075,charlie_k_1075,Vehement Capital,Free,Canada,2023-12-29 07:11:03.040791
1076,frank_g_1076,Stark Industries,Free,Singapore,2023-05-23 00:00:00.000000
1077,grace_h_1077,Wayne Enterprises,Premium,Singapore,2025-12-26 00:00:00.000000
1078,jack_r_1078,Cyberdyne Systems,Premium,Japan,2023-03-29 00:00:00.000000
1079,charlie_k_1079,Tyrell Corp,Enterprise,Canada,2024-05-12 00:00:00.000000
1080,renee_s_1080,Initech,Free,France,2022-06-18 00:00:00.000000
1081,charlie_k_1081,Wayne Enterprises,Enterprise,United States,2022-08-19 00:00:00.000000
1082,bob.smith_1082,Tyrell Corp,Basic,Japan,2023-05-20 00:00:00.000000
1083,frank_g_1083,Stark Industries,Enterprise,France,2023-12-29 07:11:03.040791
1084,grace_h_1084,Unknowm,Basic,Unknown,2024-10-18 00:00:00.000000
1085,henry.m_1085,Vehement Capital,Free,Singapore,2023-12-02 00:00:00.000000
1086,frank_g_1086,Globex,Enterprise,Brazil,2024-05-02 00:00:00.000000
1087,henry.m_1087,Hooli,Basic,France,2023-08-14 00:00:00.000000
1088,emma.v_1088,Cyberdyne Systems,Premium,Brazil,2024-07-11 00:00:00.000000
1089,charlie_k_1089,Wayne Enterprises,Premium,Australia,2023-03-23 00:00:00.000000
1090,david.l_1090,Cyberdyne Systems,Enterprise,India,2025-08-04 00:00:00.000000
1091,grace_h_1091,Umbrella Corp,Basic,United Kingdom,2024-06-17 00:00:00.000000
1092,david.l_1092,Tyrell Corp,Enterprise,Japan,2022-08-07 00:00:00.000000
1093,emma.v_1030,Umbrella Corp,Free,France,2025-01-07 00:00:00.000000
1094,iris_p_1094,Hooli,Enterprise,Singapore,2025-10-29 00:00:00.000000
1095,grace_h_1095,Stark Industries,Free,Brazil,2024-09-08 00:00:00.000000
1096,cléo.b_1096,Hooli,Enterprise,France,2023-07-21 00:00:00.000000
1097,frank_g_1097,Vehement Capital,Free,India,2025-12-08 00:00:00.000000
1098,frank_g_1098,Initech,Premium,Japan,2025-04-25 00:00:00.000000
1099,alice_w_1099,Stark Industries,Free,Brazil,2025-11-01 00:00:00.000000
1100,bob.smith_1100,Cyberdyne Systems,Basic,France,2025-01-31 00:00:00.000000
1101,charlie_k_1101,Umbrella Corp,Free,Singapore,2025-11-06 00:00:00.000000
1102,jack_r_1102,Stark Industries,Enterprise,United Kingdom,2023-08-08 00:00:00.000000
1103,grace_h_1103,Tyrell Corp,Enterprise,Singapore,2023-09-10 00:00:00.000000
1104,jack_r_1104,Unknowm,Free,Germany,2025-11-27 00:00:00.000000
1105,jack_r_1105,Umbrella Corp,Enterprise,United Kingdom,2022-03-18 00:00:00.000000
1106,grace_h_1106,Cyberdyne Systems,Enterprise,Germany,2022-05-16 00:00:00.000000
1107,bob.smith_1107,Vehement Capital,Premium,Japan,2025-01-29 00:00:00.000000
1108,bob.smith_1108,Vehement Capital,Basic,Canada,2022-01-16 00:00:00.000000
1109,grace_h_1091,Tyrell Corp,Enterprise,France,2023-02-24 00:00:00.000000
1110,alice_w_1110,Globex,Basic,Canada,2025-10-10 00:00:00.000000
1111,iris_p_1056,Acme Corp,Enterprise,India,2025-10-05 00:00:00.000000
1112,jack_r_1112,Umbrella Corp,Premium,India,2024-03-17 00:00:00.000000
1113,charlie_k_1113,Stark Industries,Premium,Germany,2022-04-20 00:00:00.000000
1114,emma.v_1114,Umbrella Corp,Premium,Brazil,2025-02-20 00:00:00.000000
1115,grace_h_1115,Tyrell Corp,Enterprise,France,2022-05-18 00:00:00.000000
1116,emma.v_1116,Hooli,Premium,United Kingdom,2025-04-24 00:00:00.000000
1117,david.l_1117,Unknowm,Free,Brazil,2022-04-22 00:00:00.000000
1118,david.l_1118,Hooli,Unknown,Canada,2024-09-30 00:00:00.000000
1119,frank_g_1119,Stark Industries,Basic,Brazil,2023-02-13 00:00:00.000000
1120,alice_w_1120,Initech,Premium,India,2024-10-22 00:00:00.000000
1121,jack_r_1121,Wayne Enterprises,Free,Canada,2024-03-12 00:00:00.000000
1122,grace_h_1122,Tyrell Corp,Basic,Japan,2024-01-30 00:00:00.000000
1123,frank_g_1123,Tyrell Corp,Premium,Canada,2022-03-11 00:00:00.000000
1124,charlie_k_1124,Umbrella Corp,Enterprise,Brazil,2025-10-24 00:00:00.000000
1125,charlie_k_1125,Acme Corp,Enterprise,Brazil,2022-04-12 00:00:00.000000
1126,jack_r_1126,Initech,Basic,Singapore,2023-07-30 00:00:00.000000
1127,grace_h_1127,Initech,Unknown,Australia,2022-12-24 00:00:00.000000
1128,emma.v_1128,Tyrell Corp,Enterprise,Brazil,2024-02-28 00:00:00.000000
1129,bob.smith_1129,Hooli,Basic,Germany,2025-01-18 00:00:00.000000
1130,frank_g_1130,Tyrell Corp,Free,Canada,2024-01-31 00:00:00.000000
1131,frank_g_1131,Stark Industries,Premium,India,2022-07-05 00:00:00.000000
1132,henry.m_1132,Wayne Enterprises,Enterprise,United Kingdom,2023-06-11 00:00:00.000000
1133,jack_r_1133,Wayne Enterprises,Free,Japan,2024-05-29 00:00:00.000000
1134,charlie_k_1134,Umbrella Corp,Premium,United Kingdom,2024-08-25 00:00:00.000000
1135,frank_g_1135,Hooli,Premium,India,2025-10-27 00:00:00.000000
1136,frank_g_1136,Initech,Enterprise,Unknown,2024-05-19 00:00:00.000000
1137,jack_r_1137,Wayne Enterprises,Enterprise,Germany,2025-01-28 00:00:00.000000
1138,alice_w_1138,Wayne Enterprises,Free,Japan,2025-02-14 00:00:00.000000
1139,renee_s_1139,Stark Industries,Enterprise,United States,2025-11-06 00:00:00.000000
1140,david.l_1140,Globex,Enterprise,United States,2024-06-05 00:00:00.000000
1141,iris_p_1141,Acme Corp,Free,Brazil,2024-09-10 00:00:00.000000
1142,frank_g_1142,Hooli,Free,Canada,2023-05-31 00:00:00.000000
1143,iris_p_1143,Tyrell Corp,Basic,Japan,2025-04-21 00:00:00.000000
1144,david.l_1144,Cyberdyne Systems,Premium,United Kingdom,2023-03-04 00:00:00.000000
1145,charlie_k_1145,Stark Industries,Basic,Japan,2023-12-21 00:00:00.000000
1146,bob.smith_1146,Hooli,Basic,Brazil,2025-03-09 00:00:00.000000
1147,alice_w_1147,Vehement Capital,Basic,United Kingdom,2022-08-11 00:00:00.000000
1148,grace_h_1148,Stark Industries,Free,India,2024-08-16 00:00:00.000000
1149,iris_p_1149,Vehement Capital,Basic,United Kingdom,2022-10-16 00:00:00.000000
1150,jack_r_1150,Tyrell Corp,Basic,India,2022-08-28 00:00:00.000000
1151,henry.m_1151,Tyrell Corp,Premium,Singapore,2022-02-25 00:00:00.000000
1152,bob.smith_1152,Initech,Premium,Japan,2025-08-03 00:00:00.000000
1153,henry.m_1153,Cyberdyne Systems,Premium,France,2023-01-18 00:00:00.000000
1154,bob.smith_1154,Wayne Enterprises,Premium,India,2025-03-05 00:00:00.000000
1155,emma.v_1155,Wayne Enterprises,Basic,Japan,2025-10-09 00:00:00.000000
1156,david.l_1156,Vehement Capital,Basic,India,2024-08-16 00:00:00.000000
1157,charlie_k_1157,Wayne Enterprises,Enterprise,France,2025-10-20 00:00:00.000000
1158,charlie_k_1158,Hooli,Enterprise,United Kingdom,2023-07-01 00:00:00.000000
1159,frank_g_1159,Wayne Enterprises,Basic,Germany,2025-06-12 00:00:00.000000
1160,charlie_k_1160,Tyrell Corp,Premium,United Kingdom,2023-03-14 00:00:00.000000
1161,emma.v_1161,Acme Corp,Free,Brazil,2022-09-07 00:00:00.000000
1162,iris_p_1162,Unknowm,Unknown,France,2024-03-01 00:00:00.000000
1163,grace_h_1163,Vehement Capital,Free,Brazil,2023-07-31 00:00:00.000000
1164,grace_h_1164,Hooli,Free,Canada,2023-02-16 00:00:00.000000
1165,jack_r_1165,Acme Corp,Premium,United Kingdom,2022-05-27 00:00:00.000000
1166,iris_p_1166,Unknowm,Unknown,Brazil,2022-07-30 00:00:00.000000
1167,frank_g_1131,Cyberdyne Systems,Basic,United States,2024-12-11 00:00:00.000000
1168,frank_g_1168,Initech,Free,United Kingdom,2024-02-02 00:00:00.000000
1169,henry.m_1169,Cyberdyne Systems,Standard,Australia,2025-07-28 00:00:00.000000
1170,frank_g_1170,Initech,Premium,Japan,2023-09-15 00:00:00.000000
1171,david.l_1171,Hooli,Free,France,2022-08-12 00:00:00.000000
1172,charlie_k_1172,Stark Industries,Premium,Singapore,2023-11-07 00:00:00.000000
1173,bob.smith_1173,Vehement Capital,Premium,Canada,2025-11-07 00:00:00.000000
1174,charlie_k_1174,Globex,Premium,Singapore,2025-08-21 00:00:00.000000
1175,bob.smith_1175,Acme Corp,Basic,Japan,2024-01-23 00:00:00.000000
1176,david.l_1176,Tyrell Corp,Free,Germany,2023-05-13 00:00:00.000000
1177,alice_w_1177,Unknowm,Free,United States,2024-03-01 00:00:00.000000
1178,iris_p_1178,Cyberdyne Systems,Basic,Canada,2023-08-22 00:00:00.000000
1179,david.l_1179,Hooli,Basic,Germany,2022-02-12 00:00:00.000000
1180,charlie_k_1180,Hooli,Basic,Canada,2025-11-14 00:00:00.000000
1181,henry.m_1181,Acme Corp,Enterprise,Singapore,2024-05-20 00:00:00.000000
1182,renee_s_1182,Vehement Capital,Enterprise,Australia,2025-05-15 00:00:00.000000
1183,bob.smith_1183,Umbrella Corp,Enterprise,United Kingdom,2022-06-15 00:00:00.000000
1184,henry.m_1184,Globex,Free,United Kingdom,2023-01-14 00:00:00.000000
1185,henry.m_1185,Cyberdyne Systems,Free,United Kingdom,2022-12-02 00:00:00.000000
1186,jack_r_1186,Hooli,Premium,United States,2023-04-16 00:00:00.000000
1187,iris_p_1187,Hooli,Premium,Singapore,2023-09-02 00:00:00.000000
1188,iris_p_1188,Unknowm,Basic,Japan,2025-08-17 00:00:00.000000
1189,alice_w_1189,Umbrella Corp,Premium,United Kingdom,2022-04-29 00:00:00.000000
1190,alice_w_1190,Acme Corp,Basic,Singapore,2025-05-08 00:00:00.000000
1191,henry.m_1191,Initech,Basic,Singapore,2024-08-29 00:00:00.000000
1192,alice_w_1192,Wayne Enterprises,Premium,Canada,2023-02-02 00:00:00.000000
1193,grace_h_1193,Vehement Capital,Enterprise,United States,2023-07-28 00:00:00.000000
1194,alice_w_1194,Cyberdyne Systems,Free,United States,2022-03-06 00:00:00.000000
1195,charlie_k_1195,Vehement Capital,Enterprise,Australia,2022-04-29 00:00:00.000000
1196,iris_p_1196,Vehement Capital,Enterprise,Germany,2025-07-20 00:00:00.000000
1197,iris_p_1197,Vehement Capital,Premium,India,2024-11-19 00:00:00.000000
1198,jack_r_1198,Initech,Free,Brazil,2024-07-18 00:00:00.000000
1199,alice_w_1199,Initech,Free,Australia,2025-04-18 00:00:00.000000
1200,frank_g_1200,Vehement Capital,Free,France,2022-12-16 00:00:00.000000
1201,emma.v_1201,Initech,Basic,Japan,2023-12-29 07:11:03.040791
1202,frank_g_1202,Cyberdyne Systems,Free,Germany,2022-07-06 00:00:00.000000
1203,henry.m_1203,Acme Corp,Basic,France,2022-12-01 00:00:00.000000
1204,grace_h_1204,Acme Corp,Premium,United Kingdom,2025-06-15 00:00:00.000000
1205,frank_g_1205,Tyrell Corp,Enterprise,Canada,2025-11-07 00:00:00.000000
1206,bob.smith_1206,Stark Industries,Enterprise,Canada,2023-12-29 07:11:03.040791
1207,jean-luc_1207,Hooli,Premium,Singapore,2024-11-18 00:00:00.000000
1208,iris_p_1208,Stark Industries,Enterprise,France,2025-11-21 00:00:00.000000
1209,emma.v_1209,Vehement Capital,Premium,Germany,2022-08-10 00:00:00.000000
1210,emma.v_1210,Tyrell Corp,Basic,United Kingdom,2025-09-27 00:00:00.000000
1211,müller_a_1211,Stark Industries,Free,India,2024-05-12 00:00:00.000000
1212,frank_g_1212,Acme Corp,Enterprise,Singapore,2025-08-04 00:00:00.000000
1213,frank_g_1213,Tyrell Corp,Basic,United States,2024-05-13 00:00:00.000000
1214,bob.smith_1214,Initech,Enterprise,Brazil,2022-05-20 00:00:00.000000
1215,jack_r_1215,Stark Industries,Free,Japan,2025-07-13 00:00:00.000000
1216,emma.v_1216,Cyberdyne Systems,Free,Canada,2024-08-16 00:00:00.000000
1217,iris_p_1217,Globex,Premium,Brazil,2025-07-17 00:00:00.000000
1218,david.l_1218,Vehement Capital,Free,Japan,2023-12-18 00:00:00.000000
1219,iris_p_1219,Tyrell Corp,Premium,Germany,2025-05-18 00:00:00.000000
1220,jack_r_1220,Acme Corp,Enterprise,United Kingdom,2023-05-25 00:00:00.000000
1221,alice_w_1221,Umbrella Corp,Basic,Japan,2024-03-15 00:00:00.000000
1222,iris_p_1222,Cyberdyne Systems,Free,Australia,2025-07-13 00:00:00.000000
1223,frank_g_1223,Tyrell Corp,Enterprise,Australia,2025-03-28 00:00:00.000000
1224,frank_g_1224,Tyrell Corp,Premium,Singapore,2022-01-21 00:00:00.000000
1225,alice_w_1225,Globex,Basic,Singapore,2024-06-23 00:00:00.000000
1226,alice_w_1226,Stark Industries,Premium,Australia,2022-04-12 00:00:00.000000
1227,jean-luc_1227,Hooli,Free,Brazil,2024-12-01 00:00:00.000000
1228,david.l_1228,Acme Corp,Premium,United States,2024-09-21 00:00:00.000000
1229,henry.m_1229,Vehement Capital,Basic,Singapore,2023-08-08 00:00:00.000000
1230,alice_w_1230,Tyrell Corp,Basic,Australia,2022-04-18 00:00:00.000000
1231,alice_w_1231,Umbrella Corp,Enterprise,Germany,2024-07-15 00:00:00.000000
1232,grace_h_1232,Initech,Premium,United Kingdom,2023-02-12 00:00:00.000000
1233,emma.v_1233,Initech,Premium,Australia,2024-09-05 00:00:00.000000
1234,charlie_k_1234,Stark Industries,Enterprise,Canada,2022-07-09 00:00:00.000000
1235,grace_h_1235,Hooli,Enterprise,United States,2023-03-22 00:00:00.000000
1236,grace_h_1236,Initech,Free,Brazil,2025-08-31 00:00:00.000000
1237,iris_p_1237,Initech,Basic,Brazil,2025-07-25 00:00:00.000000
1238,iris_p_1238,Vehement Capital,Enterprise,United States,2025-06-04 00:00:00.000000
1239,grace_h_1239,Globex,Basic,United Kingdom,2025-07-04 00:00:00.000000
1240,henry.m_1240,Acme Corp,Basic,Australia,2023-10-04 00:00:00.000000
1241,iris_p_1241,Umbrella Corp,Free,Australia,2025-02-02 00:00:00.000000
1242,charlie_k_1242,Cyberdyne Systems,Enterprise,United States,2025-04-05 00:00:00.000000
1243,cléo.b_1243,Initech,Free,India,2022-06-10 00:00:00.000000
1244,grace_h_1244,Umbrella Corp,Free,United Kingdom,2024-06-06 00:00:00.000000
1245,alice_w_1245,Unknowm,Free,France,2022-03-25 00:00:00.000000
1246,bob.smith_1246,Globex,Premium,Germany,2024-10-04 00:00:00.000000
1247,emma.v_1247,Stark Industries,Free,India,2022-10-18 00:00:00.000000
1248,emma.v_1248,Tyrell Corp,Enterprise,Australia,2023-08-12 00:00:00.000000
1249,frank_g_1249,Wayne Enterprises,Basic,Germany,2022-05-19 00:00:00.000000
1250,alice_w_1250,Stark Industries,Enterprise,Singapore,2023-09-10 00:00:00.000000
1251,jack_r_1251,Cyberdyne Systems,Enterprise,United Kingdom,2025-12-19 00:00:00.000000
1252,charlie_k_1252,Tyrell Corp,Basic,Germany,2024-05-17 00:00:00.000000
1253,iris_p_1253,Cyberdyne Systems,Enterprise,Germany,2022-10-18 00:00:00.000000
1254,jack_r_1254,Acme Corp,Free,Canada,2024-06-20 00:00:00.000000
1255,grace_h_1255,Acme Corp,Enterprise,France,2022-03-05 00:00:00.000000
1256,grace_h_1256,Globex,Enterprise,Singapore,2024-08-10 00:00:00.000000
1257,bob.smith_1257,Tyrell Corp,Premium,India,2025-07-10 00:00:00.000000
1258,frank_g_1258,Stark Industries,Standard,United Kingdom,2024-03-25 00:00:00.000000
1259,emma.v_1259,Initech,Free,Japan,2022-08-08 00:00:00.000000
1260,david.l_1260,Vehement Capital,Premium,United Kingdom,2024-05-05 00:00:00.000000
1261,bob.smith_1261,Acme Corp,Premium,Brazil,2023-08-12 00:00:00.000000
1262,jack_r_1262,Initech,Free,United States,2024-04-13 00:00:00.000000
1263,müller_a_1263,Umbrella Corp,Premium,United States,2023-09-03 00:00:00.000000
1264,grace_h_1264,Cyberdyne Systems,Basic,Singapore,2022-11-25 00:00:00.000000
1265,bob.smith_1265,Globex,Premium,United States,2024-03-27 00:00:00.000000
1266,iris_p_1266,Wayne Enterprises,Basic,Japan,2022-03-14 00:00:00.000000
1267,emma.v_1267,Acme Corp,Free,Unknown,2022-02-24 00:00:00.000000
1268,jack_r_1268,Stark Industries,Basic,Germany,2024-07-11 00:00:00.000000
1269,david.l_1269,Umbrella Corp,Corporate,Singapore,2022-12-31 00:00:00.000000
1270,charlie_k_1270,Umbrella Corp,Standard,Singapore,2025-06-12 00:00:00.000000
1271,jack_r_1271,Wayne Enterprises,Premium,Brazil,2022-10-13 00:00:00.000000
1272,grace_h_1272,Vehement Capital,Enterprise,Australia,2022-09-02 00:00:00.000000
1273,bob.smith_1273,Cyberdyne Systems,Enterprise,France,2025-09-05 00:00:00.000000
1274,emma.v_1274,Cyberdyne Systems,Free,United States,2024-03-05 00:00:00.000000
1275,frank_g_1275,Initech,Enterprise,Singapore,2022-03-30 00:00:00.000000
1276,david.l_1276,Umbrella Corp,Premium,Germany,2023-09-18 00:00:00.000000
1277,henry.m_1277,Vehement Capital,Basic,India,2022-12-11 00:00:00.000000
1278,iris_p_1278,Umbrella Corp,Premium,Brazil,2024-09-25 00:00:00.000000
1279,henry.m_1279,Initech,Free,India,2024-10-07 00:00:00.000000
1280,david.l_1280,Umbrella Corp,Basic,Australia,2023-12-25 00:00:00.000000
1281,frank_g_1281,Wayne Enterprises,Premium,France,2025-05-07 00:00:00.000000
1282,iris_p_1282,Initech,Enterprise,Japan,2022-04-21 00:00:00.000000
1283,iris_p_1283,Umbrella Corp,Basic,Germany,2022-10-29 00:00:00.000000
1284,henry.m_568,Tyrell Corp,Basic,Japan,2022-05-02 00:00:00.000000
1285,charlie_k_1285,Globex,Free,United Kingdom,2025-08-09 00:00:00.000000
1286,iris_p_1286,Cyberdyne Systems,Basic,Germany,2024-11-26 00:00:00.000000
1287,david.l_1287,Hooli,Free,Singapore,2024-05-23 00:00:00.000000
1288,bob.smith_1288,Globex,Basic,Canada,2025-08-30 00:00:00.000000
1289,charlie_k_1289,Umbrella Corp,Enterprise,United States,2024-10-08 00:00:00.000000
1290,grace_h_1290,Hooli,Enterprise,Brazil,2025-04-04 00:00:00.000000
1291,jack_r_67,Hooli,Free,France,2024-07-01 00:00:00.000000
1292,iris_p_1292,Hooli,Free,United Kingdom,2025-03-01 00:00:00.000000
1293,jean-luc_1293,Cyberdyne Systems,Premium,Singapore,2025-06-12 00:00:00.000000
1294,emma.v_1294,Acme Corp,Basic,Australia,2022-11-26 00:00:00.000000
1295,alice_w_1295,Hooli,Free,Singapore,2025-02-26 00:00:00.000000
1296,charlie_k_1296,Tyrell Corp,Free,United States,2024-10-23 00:00:00.000000
1297,emma.v_1297,Initech,Free,United States,2024-05-07 00:00:00.000000
1298,bob.smith_1298,Unknowm,Basic,France,2025-07-17 00:00:00.000000
1299,iris_p_1299,Hooli,Unknown,France,2022-06-14 00:00:00.000000
1300,henry.m_1300,Cyberdyne Systems,Enterprise,United Kingdom,2024-11-14 00:00:00.000000
1301,charlie_k_1301,Globex,Premium,Singapore,2022-05-27 00:00:00.000000
1302,frank_g_1302,Wayne Enterprises,Enterprise,France,2023-12-29 07:11:03.040791
1303,jean-luc_1303,Globex,Free,Canada,2022-04-06 00:00:00.000000
1304,henry.m_1304,Stark Industries,Basic,United States,2022-06-08 00:00:00.000000
1305,emma.v_1305,Initech,Free,Canada,2023-07-13 00:00:00.000000
1306,david.l_1306,Unknowm,Enterprise,Canada,2024-05-21 00:00:00.000000
1307,emma.v_1307,Tyrell Corp,Premium,United States,2023-08-31 00:00:00.000000
1308,jack_r_1308,Vehement Capital,Enterprise,Australia,2025-09-29 00:00:00.000000
1309,henry.m_1309,Hooli,Premium,Germany,2024-04-24 00:00:00.000000
1310,emma.v_1310,Cyberdyne Systems,Enterprise,Singapore,2023-09-17 00:00:00.000000
1311,iris_p_1311,Acme Corp,Free,Germany,2023-02-18 00:00:00.000000
1312,bob.smith_1312,Tyrell Corp,Enterprise,France,2024-05-05 00:00:00.000000
1313,iris_p_1313,Tyrell Corp,Free,France,2022-02-27 00:00:00.000000
1314,grace_h_1314,Tyrell Corp,Free,France,2022-10-14 00:00:00.000000
1315,bob.smith_1315,Wayne Enterprises,Premium,United States,2025-01-03 00:00:00.000000
1316,jack_r_1316,Wayne Enterprises,Free,France,2024-02-20 00:00:00.000000
1317,emma.v_1317,Hooli,Basic,Japan,2023-03-19 00:00:00.000000
1318,frank_g_1318,Tyrell Corp,Corporate,India,2023-02-20 00:00:00.000000
1319,iris_p_1319,Initech,Basic,Germany,2022-02-07 00:00:00.000000
1320,jack_r_1320,Stark Industries,Free,United Kingdom,2024-01-13 00:00:00.000000
1321,cléo.b_1321,Unknowm,Basic,Singapore,2025-02-21 00:00:00.000000
1322,bob.smith_1322,Unknowm,Enterprise,France,2024-05-30 00:00:00.000000
1323,iris_p_1323,Hooli,Basic,Singapore,2024-10-02 00:00:00.000000
1324,bob.smith_1324,Hooli,Premium,Singapore,2022-05-29 00:00:00.000000
1325,josé_m_1325,Stark Industries,Free,Canada,2025-03-20 00:00:00.000000
1326,alice_w_1326,Initech,Basic,United States,2024-11-25 00:00:00.000000
1327,bob.smith_1327,Wayne Enterprises,Enterprise,United States,2023-02-13 00:00:00.000000
1328,bob.smith_1328,Cyberdyne Systems,Enterprise,United Kingdom,2024-04-03 00:00:00.000000
1329,david.l_1329,Hooli,Standard,Australia,2023-12-27 00:00:00.000000
1330,david.l_1330,Hooli,Premium,Singapore,2024-03-02 00:00:00.000000
1331,grace_h_1331,Wayne Enterprises,Basic,India,2024-10-29 00:00:00.000000
1332,grace_h_1332,Vehement Capital,Basic,Canada,2024-09-29 00:00:00.000000
1333,frank_g_1333,Cyberdyne Systems,Premium,Singapore,2022-05-26 00:00:00.000000
1334,henry.m_1334,Globex,Enterprise,Australia,2022-01-12 00:00:00.000000
1335,alice_w_1335,Umbrella Corp,Basic,Japan,2024-10-21 00:00:00.000000
1336,charlie_k_1336,Initech,Basic,United States,2025-08-02 00:00:00.000000
1337,alice_w_1337,Unknowm,Basic,United Kingdom,2024-05-31 00:00:00.000000
1338,grace_h_1338,Tyrell Corp,Premium,United States,2024-03-02 00:00:00.000000
1339,bob.smith_1339,Stark Industries,Unknown,Unknown,2022-01-02 00:00:00.000000
1340,iris_p_1340,Globex,Free,France,2022-01-12 00:00:00.000000
1341,iris_p_1341,Acme Corp,Enterprise,Germany,2022-02-03 00:00:00.000000
1342,grace_h_1342,Umbrella Corp,Premium,United Kingdom,2022-08-05 00:00:00.000000
1343,charlie_k_1343,Initech,Premium,Japan,2024-02-05 00:00:00.000000
1344,iris_p_1344,Cyberdyne Systems,Standard,India,2022-07-23 00:00:00.000000
1345,henry.m_1345,Umbrella Corp,Free,Australia,2024-06-04 00:00:00.000000
1346,grace_h_1346,Vehement Capital,Premium,India,2024-12-09 00:00:00.000000
1347,emma.v_1347,Globex,Premium,Germany,2023-12-21 00:00:00.000000
1348,charlie_k_1348,Umbrella Corp,Enterprise,France,2023-07-06 00:00:00.000000
1349,emma.v_1349,Umbrella Corp,Enterprise,India,2022-10-04 00:00:00.000000
1350,david.l_1350,Vehement Capital,Free,Brazil,2024-09-27 00:00:00.000000
1351,grace_h_823,Wayne Enterprises,Basic,France,2022-10-31 00:00:00.000000
1352,charlie_k_1352,Tyrell Corp,Free,Canada,2024-04-18 00:00:00.000000
1353,bob.smith_1353,Vehement Capital,Free,Singapore,2024-07-06 00:00:00.000000
1354,müller_a_1354,Globex,Basic,Brazil,2023-09-17 00:00:00.000000
1355,frank_g_1355,Globex,Basic,Brazil,2025-12-28 00:00:00.000000
1356,david.l_1356,Stark Industries,Premium,Singapore,2022-06-30 00:00:00.000000
1357,emma.v_1357,Initech,Free,Japan,2022-09-07 00:00:00.000000
1358,josé_m_1358,Cyberdyne Systems,Basic,Canada,2023-04-12 00:00:00.000000
1359,emma.v_1359,Stark Industries,Enterprise,Canada,2024-10-06 00:00:00.000000
1360,frank_g_434,Umbrella Corp,Basic,India,2024-06-09 00:00:00.000000
1361,david.l_1361,Tyrell Corp,Enterprise,Brazil,2022-07-07 00:00:00.000000
1362,emma.v_1362,Vehement Capital,Premium,India,2023-08-12 00:00:00.000000
1363,charlie_k_1363,Wayne Enterprises,Premium,Japan,2025-04-06 00:00:00.000000
1364,charlie_k_1364,Hooli,Basic,Japan,2022-03-04 00:00:00.000000
1365,iris_p_1365,Globex,Enterprise,Germany,2022-05-19 00:00:00.000000
1366,emma.v_1366,Tyrell Corp,Enterprise,Singapore,2025-06-03 00:00:00.000000
1367,david.l_1367,Stark Industries,Premium,France,2024-04-28 00:00:00.000000
1368,grace_h_1368,Globex,Basic,Australia,2022-09-17 00:00:00.000000
1369,david.l_1369,Acme Corp,Enterprise,Japan,2024-12-08 00:00:00.000000
1370,bob.smith_1370,Tyrell Corp,Basic,Brazil,2023-10-04 00:00:00.000000
1371,alice_w_1371,Vehement Capital,Enterprise,United States,2022-05-06 00:00:00.000000
1372,david.l_1372,Acme Corp,Enterprise,France,2024-08-16 00:00:00.000000
1373,bob.smith_1373,Umbrella Corp,Basic,Brazil,2023-08-26 00:00:00.000000
1374,emma.v_1374,Acme Corp,Enterprise,France,2022-10-30 00:00:00.000000
1375,grace_h_1375,Umbrella Corp,Premium,Germany,2023-09-21 00:00:00.000000
1376,charlie_k_1376,Hooli,Free,United Kingdom,2024-01-09 00:00:00.000000
1377,alice_w_1377,Tyrell Corp,Basic,Japan,2023-07-15 00:00:00.000000
1378,alice_w_1378,Vehement Capital,Premium,Australia,2025-04-18 00:00:00.000000
1379,emma.v_1379,Hooli,Premium,France,2024-03-15 00:00:00.000000
1380,alice_w_1380,Wayne Enterprises,Free,Brazil,2025-06-10 00:00:00.000000
1381,emma.v_1381,Globex,Premium,France,2023-10-14 00:00:00.000000
1382,emma.v_1382,Initech,Enterprise,France,2025-05-20 00:00:00.000000
1383,david.l_1383,Wayne Enterprises,Enterprise,Germany,2022-04-01 00:00:00.000000
1384,iris_p_1384,Stark Industries,Free,Japan,2023-09-20 00:00:00.000000
1385,charlie_k_1385,Stark Industries,Premium,France,2025-12-16 00:00:00.000000
1386,frank_g_1386,Acme Corp,Free,India,2023-08-16 00:00:00.000000
1387,grace_h_1387,Umbrella Corp,Enterprise,Japan,2024-08-21 00:00:00.000000
1388,emma.v_1388,Umbrella Corp,Basic,India,2024-09-06 00:00:00.000000
1389,iris_p_1389,Unknowm,Basic,Brazil,2023-02-27 00:00:00.000000
1390,iris_p_1390,Globex,Basic,Singapore,2024-10-28 00:00:00.000000
1391,bob.smith_1391,Unknowm,Unknown,France,2022-03-09 00:00:00.000000
1392,bob.smith_1392,Globex,Enterprise,Japan,2024-11-10 00:00:00.000000
1393,david.l_1393,Stark Industries,Free,Japan,2024-10-29 00:00:00.000000
1394,frank_g_1394,Acme Corp,Basic,Brazil,2025-11-17 00:00:00.000000
1395,charlie_k_1395,Stark Industries,Basic,France,2024-12-01 00:00:00.000000
1396,david.l_1396,Stark Industries,Basic,Germany,2023-04-08 00:00:00.000000
1397,frank_g_1397,Globex,Enterprise,Australia,2022-09-05 00:00:00.000000
1398,emma.v_1398,Cyberdyne Systems,Premium,Brazil,2023-10-27 00:00:00.000000
1399,frank_g_1399,Vehement Capital,Basic,United States,2024-10-27 00:00:00.000000
1400,david.l_1400,Initech,Enterprise,United Kingdom,2025-09-02 00:00:00.000000
1401,emma.v_1401,Wayne Enterprises,Free,France,2023-11-27 00:00:00.000000
1402,emma.v_1402,Globex,Enterprise,Canada,2022-11-23 00:00:00.000000
1403,iris_p_1403,Acme Corp,Basic,India,2024-03-23 00:00:00.000000
1404,renee_s_1404,Cyberdyne Systems,Premium,Australia,2024-10-07 00:00:00.000000
1405,emma.v_1405,Cyberdyne Systems,Enterprise,Australia,2022-07-03 00:00:00.000000
1406,charlie_k_1406,Stark Industries,Enterprise,Singapore,2024-04-26 00:00:00.000000
1407,frank_g_1407,Umbrella Corp,Premium,Singapore,2024-03-29 00:00:00.000000
1408,iris_p_1408,Globex,Gold,Singapore,2024-07-28 00:00:00.000000
1409,grace_h_1409,Vehement Capital,Basic,France,2023-03-08 00:00:00.000000
1410,jack_r_1410,Globex,Basic,India,2022-10-21 00:00:00.000000
1411,iris_p_1411,Cyberdyne Systems,Basic,United Kingdom,2024-09-13 00:00:00.000000
1412,alice_w_1412,Hooli,Basic,Singapore,2023-12-11 00:00:00.000000
1413,jack_r_1413,Tyrell Corp,Basic,Australia,2023-08-25 00:00:00.000000
1414,grace_h_1414,Vehement Capital,Basic,India,2024-03-20 00:00:00.000000
1415,alice_w_1415,Acme Corp,Free,United States,2022-12-23 00:00:00.000000
1416,alice_w_1416,Globex,Free,India,2023-03-19 00:00:00.000000
1417,david.l_1417,Wayne Enterprises,Basic,United States,2022-05-22 00:00:00.000000
1418,emma.v_1418,Vehement Capital,Premium,Germany,2022-08-26 00:00:00.000000
1419,bob.smith_1419,Globex,Enterprise,Australia,2023-12-04 00:00:00.000000
1420,bob.smith_1420,Hooli,Enterprise,Australia,2022-05-08 00:00:00.000000
1421,frank_g_1421,Vehement Capital,Enterprise,India,2022-03-24 00:00:00.000000
1422,frank_g_1422,Tyrell Corp,Free,Canada,2025-07-08 00:00:00.000000
1423,iris_p_738,Hooli,Basic,Australia,2025-05-25 00:00:00.000000
1424,david.l_1424,Acme Corp,Premium,India,2023-07-02 00:00:00.000000
1425,david.l_1425,Globex,Enterprise,India,2023-04-10 00:00:00.000000
1426,müller_a_1426,Acme Corp,Enterprise,France,2024-08-19 00:00:00.000000
1427,bob.smith_1427,Stark Industries,Enterprise,Brazil,2022-11-08 00:00:00.000000
1428,iris_p_1428,Acme Corp,Basic,United Kingdom,2022-04-04 00:00:00.000000
1429,bob.smith_1429,Hooli,Gold,Japan,2022-01-10 00:00:00.000000
1430,frank_g_1430,Wayne Enterprises,Premium,United States,2025-01-27 00:00:00.000000
1431,jack_r_1431,Initech,Premium,Japan,2023-07-03 00:00:00.000000
1432,charlie_k_1432,Wayne Enterprises,Enterprise,United Kingdom,2024-07-30 00:00:00.000000
1433,josé_m_1433,Hooli,Enterprise,India,2024-05-08 00:00:00.000000
1434,david.l_1434,Globex,Enterprise,Germany,2025-06-24 00:00:00.000000
1435,david.l_1435,Wayne Enterprises,Basic,Japan,2022-01-06 00:00:00.000000
1436,alice_w_1436,Initech,Enterprise,Singapore,2024-05-30 00:00:00.000000
1437,frank_g_1437,Wayne Enterprises,Enterprise,France,2024-07-25 00:00:00.000000
1438,alice_w_1438,Acme Corp,Enterprise,United States,2023-01-19 00:00:00.000000
1439,emma.v_1439,Cyberdyne Systems,Enterprise,United Kingdom,2024-12-22 00:00:00.000000
1440,alice_w_1440,Tyrell Corp,Basic,Unknown,2024-04-20 00:00:00.000000
1441,david.l_1441,Stark Industries,Free,Australia,2022-12-15 00:00:00.000000
1442,henry.m_1442,Globex,Free,Australia,2025-12-14 00:00:00.000000
1443,jack_r_1443,Initech,Premium,France,2024-07-17 00:00:00.000000
1444,jack_r_1444,Globex,Basic,Canada,2025-09-26 00:00:00.000000
1445,david.l_1445,Acme Corp,Free,United States,2024-09-01 00:00:00.000000
1446,alice_w_1446,Globex,Basic,France,2024-09-22 00:00:00.000000
1447,bob.smith_1447,Initech,Unknown,United States,2025-11-09 00:00:00.000000
1448,charlie_k_1448,Initech,Free,Germany,2022-08-07 00:00:00.000000
1449,henry.m_1449,Stark Industries,Enterprise,United States,2022-03-25 00:00:00.000000
1450,grace_h_1450,Tyrell Corp,Free,United Kingdom,2024-01-27 00:00:00.000000
1451,müller_a_1451,Acme Corp,Basic,United States,2025-12-01 00:00:00.000000
1452,charlie_k_1452,Stark Industries,Basic,United States,2024-09-28 00:00:00.000000
1453,jack_r_1453,Hooli,Enterprise,Brazil,2023-10-14 00:00:00.000000
1454,bob.smith_1298,Acme Corp,Free,Japan,2025-10-10 00:00:00.000000
1455,bob.smith_1455,Acme Corp,Enterprise,United States,2022-02-09 00:00:00.000000
1456,henry.m_1456,Cyberdyne Systems,Enterprise,India,2024-05-02 00:00:00.000000
1457,emma.v_1457,Tyrell Corp,Enterprise,Brazil,2024-04-29 00:00:00.000000
1458,grace_h_1458,Vehement Capital,Basic,Canada,2025-07-24 00:00:00.000000
1459,müller_a_145,Vehement Capital,Basic,Australia,2022-09-29 00:00:00.000000
1460,alice_w_1460,Umbrella Corp,Free,United Kingdom,2022-08-26 00:00:00.000000
1461,charlie_k_1461,Stark Industries,Premium,United Kingdom,2025-11-30 00:00:00.000000
1462,iris_p_1462,Initech,Enterprise,Australia,2022-10-16 00:00:00.000000
1463,alice_w_1463,Cyberdyne Systems,Enterprise,Singapore,2023-09-27 00:00:00.000000
1464,alice_w_1464,Acme Corp,Enterprise,Singapore,2025-08-06 00:00:00.000000
1465,emma.v_1465,Umbrella Corp,Enterprise,Japan,2022-06-10 00:00:00.000000
1466,alice_w_1466,Umbrella Corp,Enterprise,France,2025-04-26 00:00:00.000000
1467,henry.m_1442,Cyberdyne Systems,Basic,Singapore,2022-02-09 00:00:00.000000
1468,grace_h_1468,Initech,Premium,Unknown,2023-05-22 00:00:00.000000
1469,jack_r_1469,Umbrella Corp,Basic,United Kingdom,2023-05-26 00:00:00.000000
1470,alice_w_1470,Tyrell Corp,Premium,Australia,2025-06-22 00:00:00.000000
1471,frank_g_1471,Cyberdyne Systems,Enterprise,United States,2025-09-15 00:00:00.000000
1472,grace_h_1472,Vehement Capital,Basic,Brazil,2024-12-23 00:00:00.000000
1473,alice_w_1473,Acme Corp,Free,Brazil,2022-06-22 00:00:00.000000
1474,charlie_k_1474,Hooli,Enterprise,India,2023-09-16 00:00:00.000000
1475,david.l_1475,Cyberdyne Systems,Free,Australia,2025-10-05 00:00:00.000000
1476,frank_g_1476,Hooli,Basic,United Kingdom,2023-02-04 00:00:00.000000
1477,iris_p_1477,Hooli,Basic,Germany,2025-12-15 00:00:00.000000
1478,henry.m_1478,Vehement Capital,Free,Germany,2023-05-22 00:00:00.000000
1479,david.l_1479,Stark Industries,Premium,Brazil,2025-08-19 00:00:00.000000
1480,bob.smith_1480,Initech,Enterprise,Singapore,2023-01-03 00:00:00.000000
1481,bob.smith_1481,Vehement Capital,Premium,Unknown,2022-03-29 00:00:00.000000
1482,henry.m_1482,Hooli,Enterprise,Germany,2022-01-25 00:00:00.000000
1483,alice_w_1483,Acme Corp,Premium,United States,2025-06-17 00:00:00.000000
1484,grace_h_1484,Umbrella Corp,Basic,United Kingdom,2023-05-14 00:00:00.000000
1485,frank_g_1485,Globex,Unknown,Unknown,2024-05-12 00:00:00.000000
1486,david.l_1486,Vehement Capital,Enterprise,Singapore,2023-12-29 07:11:03.040791
1487,henry.m_1487,Tyrell Corp,Premium,Singapore,2024-08-18 00:00:00.000000
1488,jack_r_1488,Initech,Basic,Australia,2022-07-26 00:00:00.000000
1489,frank_g_1489,Hooli,Enterprise,United States,2023-05-13 00:00:00.000000
1490,iris_p_1490,Wayne Enterprises,Premium,United Kingdom,2024-10-17 00:00:00.000000
1491,iris_p_442,Stark Industries,Premium,United Kingdom,2023-02-05 00:00:00.000000
1492,david.l_1492,Cyberdyne Systems,Free,United States,2024-11-20 00:00:00.000000
1493,henry.m_1493,Hooli,Enterprise,United Kingdom,2024-02-29 00:00:00.000000
1494,charlie_k_1494,Globex,Premium,Canada,2025-12-26 00:00:00.000000
1495,david.l_1495,Wayne Enterprises,Enterprise,Australia,2024-04-26 00:00:00.000000
1496,charlie_k_1496,Vehement Capital,Free,Singapore,2022-02-20 00:00:00.000000
1497,grace_h_1077,Stark Industries,Basic,Australia,2023-03-31 00:00:00.000000
1498,jean-luc_1498,Acme Corp,Enterprise,United States,2025-10-13 00:00:00.000000
1499,charlie_k_1499,Tyrell Corp,Free,United States,2024-01-11 00:00:00.000000
1500,charlie_k_1500,Globex,Enterprise,United Kingdom,2023-09-16 00:00:00.000000
1501,frank_g_1501,Initech,Free,India,2024-09-20 00:00:00.000000
1502,david.l_1502,Hooli,Basic,India,2022-05-20 00:00:00.000000
1503,david.l_1503,Cyberdyne Systems,Premium,Germany,2023-11-26 00:00:00.000000
1504,david.l_1504,Hooli,Enterprise,France,2023-07-12 00:00:00.000000
1505,alice_w_1505,Acme Corp,Premium,India,2024-06-22 00:00:00.000000
1506,jack_r_1506,Umbrella Corp,Enterprise,Japan,2024-06-16 00:00:00.000000
1507,frank_g_1507,Globex,Enterprise,Singapore,2025-07-28 00:00:00.000000
1508,emma.v_1508,Vehement Capital,Basic,Canada,2022-03-28 00:00:00.000000
1509,grace_h_1509,Wayne Enterprises,Enterprise,Brazil,2022-10-12 00:00:00.000000
1510,charlie_k_1510,Acme Corp,Premium,Japan,2023-12-02 00:00:00.000000
1511,frank_g_1511,Acme Corp,Unknown,Unknown,2025-05-10 00:00:00.000000
1512,david.l_1512,Unknowm,Enterprise,Unknown,2022-03-14 00:00:00.000000
1513,iris_p_1513,Wayne Enterprises,Enterprise,Germany,2022-06-11 00:00:00.000000
1514,david.l_1514,Stark Industries,Premium,Australia,2022-09-10 00:00:00.000000
1515,grace_h_1515,Acme Corp,Premium,Germany,2023-08-27 00:00:00.000000
1516,iris_p_1516,Acme Corp,Free,Canada,2024-09-29 00:00:00.000000
1517,charlie_k_1517,Stark Industries,Enterprise,Germany,2023-05-01 00:00:00.000000
1518,charlie_k_1518,Hooli,Enterprise,Australia,2023-10-20 00:00:00.000000
1519,jack_r_1519,Initech,Free,Brazil,2023-11-19 00:00:00.000000
1520,alice_w_1520,Acme Corp,Premium,France,2024-03-25 00:00:00.000000
1521,grace_h_1521,Cyberdyne Systems,Premium,Australia,2023-11-12 00:00:00.000000
1522,henry.m_1522,Vehement Capital,Premium,Canada,2024-10-28 00:00:00.000000
1523,grace_h_1523,Hooli,Enterprise,Singapore,2022-04-13 00:00:00.000000
1524,henry.m_1524,Stark Industries,Basic,Brazil,2023-04-21 00:00:00.000000
1525,bob.smith_1525,Acme Corp,Enterprise,United Kingdom,2024-01-25 00:00:00.000000
1526,emma.v_1526,Hooli,Free,Australia,2023-10-29 00:00:00.000000
1527,david.l_1527,Cyberdyne Systems,Premium,Singapore,2023-12-19 00:00:00.000000
1528,bob.smith_1528,Tyrell Corp,Basic,Australia,2022-12-13 00:00:00.000000
1529,charlie_k_1529,Wayne Enterprises,Free,India,2024-04-25 00:00:00.000000
1530,grace_h_1530,Umbrella Corp,Free,France,2024-05-06 00:00:00.000000
1531,emma.v_913,Tyrell Corp,Free,United Kingdom,2022-04-20 00:00:00.000000
1532,charlie_k_1532,Vehement Capital,Basic,United States,2023-03-01 00:00:00.000000
1533,iris_p_1533,Initech,Enterprise,Japan,2024-12-29 00:00:00.000000
1534,alice_w_1534,Vehement Capital,Premium,India,2023-01-16 00:00:00.000000
1535,henry.m_1535,Cyberdyne Systems,Basic,Germany,2023-04-28 00:00:00.000000
1536,alice_w_1536,Vehement Capital,Premium,United Kingdom,2023-10-22 00:00:00.000000
1537,emma.v_1537,Wayne Enterprises,Premium,Singapore,2024-12-02 00:00:00.000000
1538,iris_p_1538,Cyberdyne Systems,Free,Singapore,2023-09-30 00:00:00.000000
1539,emma.v_1539,Hooli,Premium,United States,2023-12-29 07:11:03.040791
1540,emma.v_1540,Vehement Capital,Free,Germany,2024-03-16 00:00:00.000000
1541,frank_g_1202,Vehement Capital,Free,India,2023-09-13 00:00:00.000000
1542,iris_p_1542,Cyberdyne Systems,Free,Singapore,2024-04-06 00:00:00.000000
1543,alice_w_1543,Globex,Premium,Australia,2025-08-04 00:00:00.000000
1544,iris_p_1544,Stark Industries,Free,India,2022-10-31 00:00:00.000000
1545,emma.v_1545,Wayne Enterprises,Free,Brazil,2025-01-14 00:00:00.000000
1546,jack_r_1546,Cyberdyne Systems,Premium,Canada,2024-12-24 00:00:00.000000
1547,bob.smith_1547,Stark Industries,Enterprise,United States,2022-05-24 00:00:00.000000
1548,alice_w_1548,Initech,Premium,United States,2022-12-23 00:00:00.000000
1549,bob.smith_1549,Stark Industries,Enterprise,France,2022-04-13 00:00:00.000000
1550,henry.m_1550,Unknowm,Unknown,Unknown,2023-10-31 00:00:00.000000
1551,david.l_1551,Tyrell Corp,Premium,Japan,2023-08-15 00:00:00.000000
1552,frank_g_198,Umbrella Corp,Enterprise,India,2023-02-12 00:00:00.000000
1553,jean-luc_1553,Cyberdyne Systems,Free,Canada,2023-10-22 00:00:00.000000
1554,bob.smith_1554,Acme Corp,Enterprise,Japan,2025-11-23 00:00:00.000000
1555,bob.smith_51,Initech,Basic,Japan,2025-09-07 00:00:00.000000
1556,alice_w_1556,Unknowm,Free,Unknown,2022-10-02 00:00:00.000000
1557,bob.smith_1557,Acme Corp,Enterprise,Canada,2025-07-20 00:00:00.000000
1558,david.l_1558,Unknowm,Premium,Unknown,2023-07-06 00:00:00.000000
1559,henry.m_1559,Umbrella Corp,Free,Brazil,2023-09-14 00:00:00.000000
1560,bob.smith_1560,Umbrella Corp,Free,Germany,2023-03-02 00:00:00.000000
1561,charlie_k_1561,Initech,Enterprise,Japan,2022-06-27 00:00:00.000000
1562,alice_w_1562,Unknowm,Enterprise,Unknown,2024-04-04 00:00:00.000000
1563,charlie_k_1563,Tyrell Corp,Basic,Singapore,2024-03-21 00:00:00.000000
1564,charlie_k_1564,Umbrella Corp,Premium,Germany,2025-12-21 00:00:00.000000
1565,bob.smith_1565,Globex,Basic,France,2024-06-01 00:00:00.000000
1566,jack_r_1566,Wayne Enterprises,Basic,Germany,2023-05-06 00:00:00.000000
1567,emma.v_1567,Globex,Basic,Unknown,2022-09-23 00:00:00.000000
1568,frank_g_1568,Unknowm,Basic,France,2022-01-11 00:00:00.000000
1569,charlie_k_1518,Hooli,Basic,Canada,2023-07-27 00:00:00.000000
1570,bob.smith_1570,Hooli,Enterprise,Brazil,2024-12-18 00:00:00.000000
1571,iris_p_1571,Globex,Premium,Canada,2024-03-12 00:00:00.000000
1572,david.l_1572,Wayne Enterprises,Premium,United Kingdom,2023-12-29 07:11:03.040791
1573,david.l_1573,Initech,Enterprise,Brazil,2024-05-05 00:00:00.000000
1574,emma.v_1574,Cyberdyne Systems,Basic,France,2023-07-20 00:00:00.000000
1575,charlie_k_1575,Cyberdyne Systems,Premium,United States,2022-08-17 00:00:00.000000
1576,david.l_1576,Tyrell Corp,Basic,Brazil,2022-02-13 00:00:00.000000
1577,charlie_k_1577,Initech,Free,Australia,2022-05-16 00:00:00.000000
1578,grace_h_1578,Cyberdyne Systems,Corporate,Canada,2025-05-10 00:00:00.000000
1579,frank_g_1579,Tyrell Corp,Basic,Japan,2025-10-06 00:00:00.000000
1580,iris_p_1580,Cyberdyne Systems,Enterprise,India,2024-09-02 00:00:00.000000
1581,alice_w_1581,Cyberdyne Systems,Premium,United Kingdom,2023-12-29 07:11:03.040791
1582,emma.v_1582,Tyrell Corp,Premium,United States,2023-06-19 00:00:00.000000
1583,bob.smith_1583,Cyberdyne Systems,Enterprise,Japan,2024-02-19 00:00:00.000000
1584,henry.m_1584,Umbrella Corp,Enterprise,Japan,2023-09-04 00:00:00.000000
1585,bob.smith_1585,Tyrell Corp,Enterprise,Germany,2022-06-04 00:00:00.000000
1586,josé_m_1586,Initech,Enterprise,Japan,2024-10-07 00:00:00.000000
1587,frank_g_1587,Globex,Enterprise,France,2023-11-16 00:00:00.000000
1588,david.l_1588,Initech,Free,France,2025-04-30 00:00:00.000000
1589,charlie_k_379,Hooli,Basic,Brazil,2025-08-30 00:00:00.000000
1590,alice_w_1590,Acme Corp,Enterprise,France,2024-04-19 00:00:00.000000
1591,bob.smith_1591,Globex,Basic,Canada,2022-11-11 00:00:00.000000
1592,iris_p_1592,Globex,Premium,France,2025-02-28 00:00:00.000000
1593,emma.v_1593,Initech,Free,Germany,2024-09-28 00:00:00.000000
1594,emma.v_1594,Wayne Enterprises,Premium,United Kingdom,2025-05-14 00:00:00.000000
1595,frank_g_1595,Vehement Capital,Premium,Germany,2025-09-29 00:00:00.000000
1596,henry.m_1596,Stark Industries,Enterprise,Singapore,2022-12-18 00:00:00.000000
1597,alice_w_1597,Umbrella Corp,Basic,United States,2025-07-22 00:00:00.000000
1598,iris_p_1598,Hooli,Free,Canada,2025-10-02 00:00:00.000000
1599,jean-luc_1599,Vehement Capital,Enterprise,Germany,2024-04-25 00:00:00.000000
1600,iris_p_1600,Stark Industries,Basic,Canada,2023-12-11 00:00:00.000000
1601,david.l_1601,Vehement Capital,Free,Germany,2024-04-07 00:00:00.000000
1602,renee_s_1602,Stark Industries,Enterprise,United Kingdom,2025-01-30 00:00:00.000000
1603,emma.v_1603,Tyrell Corp,Basic,Brazil,2025-12-06 00:00:00.000000
1604,jack_r_1604,Tyrell Corp,Basic,Canada,2024-09-03 00:00:00.000000
1605,bob.smith_1605,Tyrell Corp,Enterprise,Japan,2024-05-31 00:00:00.000000
1606,grace_h_1606,Initech,Basic,Germany,2023-12-29 07:11:03.040791
1607,grace_h_1607,Wayne Enterprises,Free,India,2025-04-21 00:00:00.000000
1608,frank_g_1608,Cyberdyne Systems,Basic,India,2025-04-12 00:00:00.000000
1609,iris_p_1609,Tyrell Corp,Basic,France,2024-11-20 00:00:00.000000
1610,emma.v_1610,Umbrella Corp,Free,United States,2025-02-03 00:00:00.000000
1611,david.l_1611,Acme Corp,Premium,Canada,2022-09-11 00:00:00.000000
1612,grace_h_1612,Stark Industries,Basic,Australia,2022-01-01 00:00:00.000000
1613,bob.smith_1613,Hooli,Enterprise,Brazil,2023-06-17 00:00:00.000000
1614,emma.v_1614,Tyrell Corp,Free,United Kingdom,2024-06-22 00:00:00.000000
1615,henry.m_429,Globex,Enterprise,Germany,2024-12-22 00:00:00.000000
1616,bob.smith_1616,Vehement Capital,Premium,France,2024-08-30 00:00:00.000000
1617,bob.smith_1617,Initech,Enterprise,Germany,2022-03-22 00:00:00.000000
1618,david.l_1618,Unknowm,Basic,Brazil,2025-04-30 00:00:00.000000
1619,charlie_k_1619,Unknowm,Unknown,United States,2023-10-24 00:00:00.000000
1620,iris_p_1620,Stark Industries,Premium,India,2023-07-20 00:00:00.000000
1621,charlie_k_1621,Wayne Enterprises,Premium,India,2023-05-04 00:00:00.000000
1622,emma.v_276,Initech,Free,France,2022-12-09 00:00:00.000000
1623,bob.smith_1623,Wayne Enterprises,Basic,Canada,2025-01-06 00:00:00.000000
1624,müller_a_1624,Umbrella Corp,Enterprise,Singapore,2024-07-23 00:00:00.000000
1625,emma.v_1625,Acme Corp,Enterprise,United States,2023-12-29 07:11:03.040791
1626,bob.smith_1626,Cyberdyne Systems,Premium,United States,2023-01-14 00:00:00.000000
1627,jack_r_1627,Initech,Premium,Australia,2025-08-28 00:00:00.000000
1628,emma.v_1628,Tyrell Corp,Free,United Kingdom,2025-10-29 00:00:00.000000
1629,emma.v_1629,Hooli,Enterprise,India,2022-08-24 00:00:00.000000
1630,emma.v_1630,Cyberdyne Systems,Free,France,2025-08-24 00:00:00.000000
1631,grace_h_1631,Globex,Free,Japan,2024-07-08 00:00:00.000000
1632,grace_h_1632,Cyberdyne Systems,Free,United States,2023-12-05 00:00:00.000000
1633,iris_p_1633,Wayne Enterprises,Premium,United Kingdom,2025-12-19 00:00:00.000000
1634,iris_p_1634,Unknowm,Free,United States,2024-01-18 00:00:00.000000
1635,alice_w_1635,Hooli,Enterprise,Germany,2023-10-24 00:00:00.000000
1636,henry.m_1636,Hooli,Enterprise,Japan,2024-10-23 00:00:00.000000
1637,alice_w_1637,Umbrella Corp,Premium,Brazil,2024-05-06 00:00:00.000000
1638,henry.m_1638,Umbrella Corp,Free,Canada,2022-06-08 00:00:00.000000
1639,bob.smith_1639,Stark Industries,Enterprise,Singapore,2025-09-25 00:00:00.000000
1640,charlie_k_1640,Tyrell Corp,Free,Canada,2024-01-01 00:00:00.000000
1641,iris_p_1641,Stark Industries,Premium,Canada,2025-08-26 00:00:00.000000
1642,jack_r_1642,Tyrell Corp,Basic,United Kingdom,2025-10-03 00:00:00.000000
1643,iris_p_1643,Stark Industries,Basic,Canada,2022-06-20 00:00:00.000000
1644,alice_w_1644,Cyberdyne Systems,Premium,United Kingdom,2025-09-29 00:00:00.000000
1645,emma.v_1645,Umbrella Corp,Enterprise,Japan,2022-08-20 00:00:00.000000
1646,emma.v_1646,Cyberdyne Systems,Basic,Canada,2023-10-02 00:00:00.000000
1647,grace_h_1647,Hooli,Basic,France,2023-11-11 00:00:00.000000
1648,charlie_k_1648,Acme Corp,Premium,Germany,2025-06-08 00:00:00.000000
1649,frank_g_1649,Acme Corp,Premium,Brazil,2023-09-28 00:00:00.000000
1650,grace_h_1650,Stark Industries,Free,United Kingdom,2024-04-27 00:00:00.000000
1651,david.l_1651,Stark Industries,Free,France,2025-01-22 00:00:00.000000
1652,henry.m_1652,Acme Corp,Premium,Germany,2022-05-29 00:00:00.000000
1653,bob.smith_1653,Cyberdyne Systems,Enterprise,India,2025-11-19 00:00:00.000000
1654,alice_w_1654,Unknowm,Unknown,Australia,2022-05-15 00:00:00.000000
1655,alice_w_1655,Umbrella Corp,Premium,Singapore,2023-06-25 00:00:00.000000
1656,alice_w_1656,Tyrell Corp,Basic,United Kingdom,2023-12-10 00:00:00.000000
1657,iris_p_1657,Acme Corp,Premium,United Kingdom,2024-09-14 00:00:00.000000
1658,iris_p_1658,Cyberdyne Systems,Enterprise,Australia,2024-09-20 00:00:00.000000
1659,charlie_k_1659,Vehement Capital,Enterprise,Singapore,2024-04-11 00:00:00.000000
1660,frank_g_1660,Tyrell Corp,Basic,Australia,2025-01-09 00:00:00.000000
1661,iris_p_1661,Initech,Basic,Japan,2024-04-01 00:00:00.000000
1662,alice_w_1662,Umbrella Corp,Enterprise,Canada,2024-06-06 00:00:00.000000
1663,henry.m_1663,Hooli,Free,Germany,2023-08-26 00:00:00.000000
1664,frank_g_1664,Cyberdyne Systems,Basic,Singapore,2022-04-24 00:00:00.000000
1665,josé_m_1665,Stark Industries,Basic,Unknown,2022-10-20 00:00:00.000000
1666,grace_h_1666,Vehement Capital,Enterprise,France,2024-06-26 00:00:00.000000
1667,bob.smith_1667,Stark Industries,Premium,Japan,2022-12-09 00:00:00.000000
1668,alice_w_1668,Hooli,Premium,Canada,2022-02-20 00:00:00.000000
1669,emma.v_1669,Hooli,Enterprise,India,2023-09-19 00:00:00.000000
1670,charlie_k_1670,Wayne Enterprises,Free,Germany,2023-03-05 00:00:00.000000
1671,renee_s_1671,Cyberdyne Systems,Free,Singapore,2024-01-09 00:00:00.000000
1672,bob.smith_1672,Cyberdyne Systems,Premium,Germany,2025-03-13 00:00:00.000000
1673,bob.smith_1673,Stark Industries,Basic,Japan,2025-04-29 00:00:00.000000
1674,charlie_k_1674,Cyberdyne Systems,Basic,Australia,2022-03-28 00:00:00.000000
1675,bob.smith_1675,Acme Corp,Premium,Singapore,2024-08-26 00:00:00.000000
1676,alice_w_1676,Hooli,Free,Australia,2024-02-15 00:00:00.000000
1677,henry.m_1677,Stark Industries,Premium,France,2023-10-02 00:00:00.000000
1678,frank_g_1678,Hooli,Premium,United Kingdom,2023-12-29 07:11:03.040791
1679,grace_h_1679,Stark Industries,Free,India,2023-01-22 00:00:00.000000
1680,bob.smith_1680,Hooli,Free,France,2025-01-01 00:00:00.000000
1681,charlie_k_1681,Stark Industries,Basic,Brazil,2023-10-10 00:00:00.000000
1682,henry.m_1682,Acme Corp,Free,United States,2025-01-08 00:00:00.000000
1683,bob.smith_1683,Initech,Basic,France,2025-11-07 00:00:00.000000
1684,iris_p_1684,Globex,Enterprise,Germany,2023-12-29 07:11:03.040791
1685,david.l_1685,Vehement Capital,Basic,Japan,2023-07-24 00:00:00.000000
1686,charlie_k_1686,Unknowm,Unknown,Brazil,2024-02-08 00:00:00.000000
1687,grace_h_1687,Wayne Enterprises,Basic,Brazil,2023-09-19 00:00:00.000000
1688,jean-luc_1688,Vehement Capital,Basic,Australia,2024-12-26 00:00:00.000000
1689,josé_m_1689,Cyberdyne Systems,Premium,Canada,2024-05-30 00:00:00.000000
1690,henry.m_1690,Globex,Unknown,Singapore,2025-08-15 00:00:00.000000
1691,grace_h_1691,Tyrell Corp,Premium,United Kingdom,2025-01-23 00:00:00.000000
1692,bob.smith_1692,Hooli,Free,Germany,2022-10-02 00:00:00.000000
1693,charlie_k_1693,Stark Industries,Free,United States,2024-11-13 00:00:00.000000
1694,grace_h_1694,Globex,Free,United Kingdom,2024-09-02 00:00:00.000000
1695,grace_h_1695,Acme Corp,Basic,Singapore,2025-02-10 00:00:00.000000
1696,henry.m_1696,Vehement Capital,Free,Australia,2022-07-21 00:00:00.000000
1697,bob.smith_1697,Hooli,Free,Australia,2024-03-21 00:00:00.000000
1698,jack_r_1698,Wayne Enterprises,Premium,Canada,2022-09-22 00:00:00.000000
1699,bob.smith_1699,Stark Industries,Free,Australia,2022-08-14 00:00:00.000000
1700,grace_h_1700,Unknowm,Enterprise,Germany,2024-10-13 00:00:00.000000
1701,david.l_1701,Tyrell Corp,Free,United Kingdom,2024-05-17 00:00:00.000000
1702,iris_p_1702,Wayne Enterprises,Basic,United Kingdom,2023-02-17 00:00:00.000000
1703,david.l_1703,Initech,Premium,Brazil,2024-11-06 00:00:00.000000
1704,iris_p_1704,Wayne Enterprises,Basic,France,2022-11-20 00:00:00.000000
1705,iris_p_1705,Stark Industries,Free,United States,2025-11-26 00:00:00.000000
1706,jack_r_1706,Hooli,Premium,India,2022-09-28 00:00:00.000000
1707,charlie_k_1707,Globex,Basic,India,2025-07-18 00:00:00.000000
1708,david.l_1708,Globex,Basic,United Kingdom,2025-09-14 00:00:00.000000
1709,renee_s_1709,Globex,Premium,France,2022-03-27 00:00:00.000000
1710,iris_p_1710,Hooli,Basic,Australia,2022-10-09 00:00:00.000000
1711,david.l_1711,Stark Industries,Enterprise,Germany,2022-01-12 00:00:00.000000
1712,henry.m_1712,Acme Corp,Basic,United Kingdom,2024-07-29 00:00:00.000000
1713,henry.m_1713,Vehement Capital,Basic,United States,2025-10-29 00:00:00.000000
1714,david.l_1714,Cyberdyne Systems,Premium,Brazil,2022-10-04 00:00:00.000000
1715,charlie_k_1715,Stark Industries,Premium,India,2025-03-13 00:00:00.000000
1716,henry.m_1716,Acme Corp,Free,United Kingdom,2022-10-29 00:00:00.000000
1717,alice_w_1717,Cyberdyne Systems,Free,United Kingdom,2022-04-06 00:00:00.000000
1718,bob.smith_1718,Vehement Capital,Premium,Germany,2024-03-22 00:00:00.000000
1719,jean-luc_1719,Umbrella Corp,Corporate,United Kingdom,2022-07-13 00:00:00.000000
1720,henry.m_1720,Cyberdyne Systems,Premium,Japan,2023-03-01 00:00:00.000000
1721,bob.smith_1721,Umbrella Corp,Basic,Brazil,2024-10-23 00:00:00.000000
1722,charlie_k_1722,Hooli,Basic,Singapore,2024-12-06 00:00:00.000000
1723,bob.smith_1723,Hooli,Basic,Germany,2022-01-12 00:00:00.000000
1724,henry.m_1724,Initech,Enterprise,United States,2025-10-31 00:00:00.000000
1725,bob.smith_1725,Acme Corp,Enterprise,Brazil,2022-01-11 00:00:00.000000
1726,iris_p_1726,Globex,Basic,Canada,2023-08-20 00:00:00.000000
1727,jack_r_1727,Unknowm,Free,Germany,2025-08-31 00:00:00.000000
1728,iris_p_1728,Unknowm,Basic,Brazil,2023-06-23 00:00:00.000000
1729,bob.smith_1729,Umbrella Corp,Free,Germany,2023-08-23 00:00:00.000000
1730,alice_w_1730,Unknowm,Enterprise,Germany,2025-12-11 00:00:00.000000
1731,alice_w_1731,Vehement Capital,Basic,India,2025-07-29 00:00:00.000000
1732,grace_h_1732,Umbrella Corp,Premium,Brazil,2022-05-10 00:00:00.000000
1733,jack_r_1733,Initech,Free,United States,2022-07-03 00:00:00.000000
1734,alice_w_1581,Hooli,Basic,Canada,2024-12-29 00:00:00.000000
1735,frank_g_1735,Tyrell Corp,Premium,France,2024-08-11 00:00:00.000000
1736,jean-luc_1736,Tyrell Corp,Premium,India,2024-06-17 00:00:00.000000
1737,bob.smith_1737,Wayne Enterprises,Enterprise,France,2022-04-04 00:00:00.000000
1738,frank_g_1738,Hooli,Basic,United Kingdom,2023-03-15 00:00:00.000000
1739,alice_w_1739,Cyberdyne Systems,Basic,Canada,2022-03-21 00:00:00.000000
1740,charlie_k_1740,Hooli,Basic,United States,2024-10-30 00:00:00.000000
1741,bob.smith_1741,Vehement Capital,Basic,Canada,2025-05-18 00:00:00.000000
1742,frank_g_1742,Globex,Free,United Kingdom,2024-03-06 00:00:00.000000
1743,emma.v_1743,Vehement Capital,Enterprise,Germany,2022-06-12 00:00:00.000000
1744,frank_g_1744,Cyberdyne Systems,Free,Unknown,2025-04-28 00:00:00.000000
1745,bob.smith_1745,Umbrella Corp,Premium,Australia,2024-05-04 00:00:00.000000
1746,iris_p_1746,Stark Industries,Basic,Singapore,2025-11-11 00:00:00.000000
1747,grace_h_1747,Vehement Capital,Premium,Brazil,2024-09-27 00:00:00.000000
1748,jean-luc_1303,Hooli,Premium,Singapore,2024-06-23 00:00:00.000000
1749,frank_g_1749,Vehement Capital,Enterprise,Australia,2024-07-12 00:00:00.000000
1750,iris_p_1750,Acme Corp,Basic,Brazil,2025-11-03 00:00:00.000000
1751,david.l_1751,Umbrella Corp,Premium,Germany,2023-10-05 00:00:00.000000
1752,jack_r_1752,Cyberdyne Systems,Free,Brazil,2025-09-03 00:00:00.000000
1753,jack_r_1753,Tyrell Corp,Basic,Japan,2022-11-25 00:00:00.000000
1754,charlie_k_1754,Stark Industries,Enterprise,India,2024-03-08 00:00:00.000000
1755,jack_r_1165,Initech,Premium,Germany,2022-08-14 00:00:00.000000
1756,iris_p_1756,Stark Industries,Free,Brazil,2024-08-15 00:00:00.000000
1757,alice_w_1757,Wayne Enterprises,Premium,Germany,2025-10-06 00:00:00.000000
1758,cléo.b_1758,Stark Industries,Enterprise,India,2024-04-17 00:00:00.000000
1759,grace_h_1759,Globex,Enterprise,France,2025-09-08 00:00:00.000000
1760,emma.v_1760,Initech,Free,Australia,2023-06-20 00:00:00.000000
1761,henry.m_1761,Vehement Capital,Premium,United States,2024-01-10 00:00:00.000000
1762,henry.m_1762,Cyberdyne Systems,Free,France,2023-05-22 00:00:00.000000
1763,bob.smith_1763,Acme Corp,Basic,United Kingdom,2023-12-10 00:00:00.000000
1764,grace_h_1764,Globex,Enterprise,Canada,2022-05-07 00:00:00.000000
1765,frank_g_1765,Wayne Enterprises,Free,United Kingdom,2025-04-16 00:00:00.000000
1766,iris_p_1766,Stark Industries,Basic,Germany,2023-04-23 00:00:00.000000
1767,jack_r_1767,Tyrell Corp,Basic,United Kingdom,2025-06-15 00:00:00.000000
1768,bob.smith_1768,Vehement Capital,Standard,India,2024-06-28 00:00:00.000000
1769,henry.m_1769,Vehement Capital,Basic,Australia,2025-04-03 00:00:00.000000
1770,henry.m_275,Wayne Enterprises,Basic,Canada,2025-12-24 00:00:00.000000
1771,jack_r_1771,Vehement Capital,Premium,United States,2024-07-26 00:00:00.000000
1772,charlie_k_1772,Umbrella Corp,Premium,Canada,2024-08-31 00:00:00.000000
1773,frank_g_1773,Acme Corp,Basic,France,2022-07-30 00:00:00.000000
1774,frank_g_1774,Wayne Enterprises,Basic,Japan,2023-12-29 07:11:03.040791
1775,david.l_1775,Tyrell Corp,Unknown,Unknown,2022-04-15 00:00:00.000000
1776,frank_g_1776,Globex,Premium,Singapore,2024-09-08 00:00:00.000000
1777,jack_r_1777,Stark Industries,Premium,United States,2023-06-14 00:00:00.000000
1778,henry.m_1778,Initech,Premium,Singapore,2022-02-24 00:00:00.000000
1779,emma.v_1779,Wayne Enterprises,Premium,Singapore,2024-05-19 00:00:00.000000
1780,david.l_787,Acme Corp,Premium,Australia,2025-11-04 00:00:00.000000
1781,emma.v_1781,Initech,Premium,Brazil,2022-01-06 00:00:00.000000
1782,iris_p_1782,Hooli,Basic,Canada,2024-07-04 00:00:00.000000
1783,alice_w_1783,Stark Industries,Enterprise,Japan,2023-08-10 00:00:00.000000
1784,jack_r_1784,Globex,Free,India,2025-09-11 00:00:00.000000
1785,alice_w_1548,Stark Industries,Enterprise,India,2023-12-31 00:00:00.000000
1786,charlie_k_1786,Globex,Enterprise,Canada,2024-09-05 00:00:00.000000
1787,iris_p_1787,Stark Industries,Basic,Germany,2022-05-19 00:00:00.000000
1788,charlie_k_1788,Wayne Enterprises,Free,India,2023-06-08 00:00:00.000000
1789,henry.m_1789,Vehement Capital,Enterprise,United States,2024-08-17 00:00:00.000000
1790,alice_w_1790,Vehement Capital,Enterprise,United States,2023-06-07 00:00:00.000000
1791,grace_h_1791,Umbrella Corp,Premium,France,2023-12-27 00:00:00.000000
1792,grace_h_1792,Unknowm,Premium,France,2023-06-28 00:00:00.000000
1793,bob.smith_1793,Initech,Basic,Singapore,2024-04-06 00:00:00.000000
1794,alice_w_1794,Stark Industries,Unknown,Unknown,2022-02-23 00:00:00.000000
1795,bob.smith_1795,Acme Corp,Free,India,2024-11-16 00:00:00.000000
1796,jack_r_1796,Acme Corp,Free,Singapore,2022-01-14 00:00:00.000000
1797,bob.smith_1797,Hooli,Basic,Singapore,2023-11-24 00:00:00.000000
1798,david.l_1798,Initech,Corporate,United Kingdom,2025-04-11 00:00:00.000000
1799,frank_g_1799,Wayne Enterprises,Free,Singapore,2023-09-20 00:00:00.000000
1800,david.l_1800,Unknowm,Free,Australia,2022-11-13 00:00:00.000000
1801,bob.smith_1801,Stark Industries,Basic,Brazil,2024-10-10 00:00:00.000000
1802,emma.v_1802,Globex,Free,Australia,2024-05-29 00:00:00.000000
1803,emma.v_1803,Initech,Basic,Germany,2025-06-08 00:00:00.000000
1804,grace_h_1804,Globex,Enterprise,Australia,2022-07-07 00:00:00.000000
1805,david.l_1805,Globex,Enterprise,Australia,2025-05-02 00:00:00.000000
1806,iris_p_1806,Vehement Capital,Enterprise,France,2025-02-23 00:00:00.000000
1807,henry.m_1807,Cyberdyne Systems,Basic,Japan,2022-02-21 00:00:00.000000
1808,david.l_1808,Tyrell Corp,Free,India,2025-12-19 00:00:00.000000
1809,bob.smith_1809,Initech,Basic,United Kingdom,2025-03-29 00:00:00.000000
1810,jack_r_1810,Tyrell Corp,Free,Japan,2024-04-10 00:00:00.000000
1811,henry.m_1811,Globex,Premium,Canada,2025-09-07 00:00:00.000000
1812,alice_w_1812,Globex,Free,United Kingdom,2022-07-29 00:00:00.000000
1813,henry.m_1813,Stark Industries,Enterprise,Singapore,2025-10-11 00:00:00.000000
1814,müller_a_1814,Acme Corp,Enterprise,India,2024-11-23 00:00:00.000000
1815,henry.m_1815,Initech,Premium,Canada,2025-11-06 00:00:00.000000
1816,bob.smith_1816,Globex,Basic,Australia,2024-08-15 00:00:00.000000
1817,charlie_k_1817,Wayne Enterprises,Basic,United Kingdom,2022-02-25 00:00:00.000000
1818,frank_g_1818,Cyberdyne Systems,Basic,Singapore,2024-10-30 00:00:00.000000
1819,iris_p_1819,Stark Industries,Enterprise,France,2024-01-08 00:00:00.000000
1820,emma.v_1820,Initech,Basic,Brazil,2023-02-19 00:00:00.000000
1821,grace_h_217,Wayne Enterprises,Free,Brazil,2022-09-11 00:00:00.000000
1822,charlie_k_1822,Tyrell Corp,Premium,India,2022-11-09 00:00:00.000000
1823,iris_p_1823,Globex,Free,France,2023-06-11 00:00:00.000000
1824,grace_h_1824,Initech,Premium,Germany,2024-06-01 00:00:00.000000
1825,charlie_k_1825,Wayne Enterprises,Enterprise,India,2025-07-16 00:00:00.000000
1826,alice_w_1826,Tyrell Corp,Basic,India,2025-04-30 00:00:00.000000
1827,david.l_1827,Hooli,Basic,United Kingdom,2023-03-05 00:00:00.000000
1828,frank_g_1828,Hooli,Free,France,2025-08-14 00:00:00.000000
1829,jack_r_1829,Hooli,Basic,Canada,2023-06-24 00:00:00.000000
1830,alice_w_1830,Wayne Enterprises,Gold,Brazil,2024-04-01 00:00:00.000000
1831,frank_g_1831,Hooli,Premium,France,2023-12-29 07:11:03.040791
1832,alice_w_1832,Unknowm,Basic,Unknown,2023-05-27 00:00:00.000000
1833,grace_h_1833,Stark Industries,Premium,Germany,2023-01-19 00:00:00.000000
1834,frank_g_1834,Tyrell Corp,Premium,Canada,2025-10-05 00:00:00.000000
1835,grace_h_1835,Tyrell Corp,Basic,Japan,2024-11-13 00:00:00.000000
1836,henry.m_1836,Acme Corp,Enterprise,Canada,2023-12-15 00:00:00.000000
1837,alice_w_1837,Stark Industries,Basic,India,2025-06-24 00:00:00.000000
1838,iris_p_1838,Vehement Capital,Enterprise,Australia,2022-08-02 00:00:00.000000
1839,david.l_1839,Stark Industries,Enterprise,Japan,2022-07-09 00:00:00.000000
1840,henry.m_1840,Initech,Enterprise,Brazil,2023-10-13 00:00:00.000000
1841,iris_p_1841,Hooli,Premium,France,2023-05-12 00:00:00.000000
1842,jack_r_1842,Umbrella Corp,Premium,Japan,2025-05-25 00:00:00.000000
1843,iris_p_1843,Hooli,Premium,France,2022-01-19 00:00:00.000000
1844,jack_r_1844,Cyberdyne Systems,Enterprise,Unknown,2025-11-28 00:00:00.000000
1845,henry.m_1845,Initech,Basic,United States,2022-06-26 00:00:00.000000
1846,henry.m_1846,Hooli,Basic,India,2024-06-04 00:00:00.000000
1847,alice_w_1847,Acme Corp,Basic,Australia,2023-12-29 07:11:03.040791
1848,david.l_1848,Vehement Capital,Free,France,2022-06-23 00:00:00.000000
1849,jack_r_1849,Hooli,Basic,Japan,2023-10-17 00:00:00.000000
1850,iris_p_1850,Umbrella Corp,Free,Singapore,2025-11-03 00:00:00.000000
1851,frank_g_1851,Tyrell Corp,Free,Unknown,2024-08-28 00:00:00.000000
1852,iris_p_1852,Hooli,Enterprise,Singapore,2023-05-06 00:00:00.000000
1853,grace_h_1853,Acme Corp,Enterprise,Canada,2022-03-26 00:00:00.000000
1854,grace_h_1854,Wayne Enterprises,Enterprise,France,2023-06-19 00:00:00.000000
1855,david.l_1855,Acme Corp,Basic,Germany,2023-01-13 00:00:00.000000
1856,henry.m_1856,Umbrella Corp,Basic,France,2024-01-27 00:00:00.000000
1857,alice_w_1857,Globex,Premium,France,2022-10-11 00:00:00.000000
1858,grace_h_1858,Acme Corp,Free,India,2024-02-28 00:00:00.000000
1859,emma.v_1859,Stark Industries,Basic,Australia,2022-07-01 00:00:00.000000
1860,henry.m_1860,Unknowm,Enterprise,Unknown,2023-07-16 00:00:00.000000
1861,bob.smith_1861,Vehement Capital,Free,Germany,2022-10-04 00:00:00.000000
1862,grace_h_1862,Umbrella Corp,Free,Australia,2022-04-29 00:00:00.000000
1863,alice_w_1863,Wayne Enterprises,Enterprise,India,2025-12-23 00:00:00.000000
1864,emma.v_1864,Cyberdyne Systems,Free,Brazil,2022-04-04 00:00:00.000000
1865,david.l_1865,Wayne Enterprises,Enterprise,United States,2022-01-17 00:00:00.000000
1866,jack_r_1866,Globex,Premium,United Kingdom,2025-10-07 00:00:00.000000
1867,jack_r_1867,Vehement Capital,Free,Singapore,2022-06-06 00:00:00.000000
1868,grace_h_1868,Umbrella Corp,Basic,Singapore,2024-06-24 00:00:00.000000
1869,alice_w_1869,Globex,Basic,Brazil,2023-03-26 00:00:00.000000
1870,müller_a_1354,Hooli,Free,Germany,2025-08-23 00:00:00.000000
1871,iris_p_1871,Acme Corp,Premium,Australia,2023-11-01 00:00:00.000000
1872,jack_r_1872,Initech,Premium,Singapore,2024-03-28 00:00:00.000000
1873,bob.smith_1873,Vehement Capital,Premium,Canada,2025-09-09 00:00:00.000000
1874,iris_p_1874,Initech,Free,Australia,2025-03-01 00:00:00.000000
1875,emma.v_1875,Globex,Basic,United States,2023-04-07 00:00:00.000000
1876,grace_h_1876,Acme Corp,Premium,Japan,2022-10-08 00:00:00.000000
1877,renee_s_1877,Cyberdyne Systems,Free,Singapore,2023-03-09 00:00:00.000000
1878,iris_p_1878,Umbrella Corp,Free,Australia,2025-09-02 00:00:00.000000
1879,henry.m_1879,Umbrella Corp,Free,Canada,2024-10-06 00:00:00.000000
1880,josé_m_1689,Tyrell Corp,Basic,United States,2022-10-09 00:00:00.000000
1881,grace_h_1881,Umbrella Corp,Basic,Singapore,2022-03-17 00:00:00.000000
1882,bob.smith_1882,Cyberdyne Systems,Basic,Singapore,2025-06-19 00:00:00.000000
1883,charlie_k_1883,Wayne Enterprises,Free,Singapore,2023-12-29 07:11:03.040791
1884,jack_r_1884,Acme Corp,Free,France,2022-03-18 00:00:00.000000
1885,alice_w_1885,Acme Corp,Premium,Australia,2023-12-29 07:11:03.040791
1886,iris_p_1886,Vehement Capital,Enterprise,India,2024-03-24 00:00:00.000000
1887,frank_g_1887,Stark Industries,Enterprise,France,2025-06-13 00:00:00.000000
1888,frank_g_1888,Hooli,Free,Singapore,2023-10-07 00:00:00.000000
1889,henry.m_1889,Vehement Capital,Enterprise,United Kingdom,2022-12-11 00:00:00.000000
1890,emma.v_1890,Stark Industries,Free,India,2022-09-01 00:00:00.000000
1891,alice_w_1891,Cyberdyne Systems,Enterprise,Germany,2022-12-02 00:00:00.000000
1892,bob.smith_1892,Globex,Enterprise,France,2024-09-25 00:00:00.000000
1893,bob.smith_1893,Wayne Enterprises,Premium,United States,2025-11-14 00:00:00.000000
1894,david.l_1894,Globex,Enterprise,United Kingdom,2024-09-08 00:00:00.000000
1895,david.l_1895,Stark Industries,Unknown,Unknown,2025-08-25 00:00:00.000000
1896,iris_p_1896,Umbrella Corp,Free,India,2022-07-08 00:00:00.000000
1897,jack_r_1897,Cyberdyne Systems,Basic,Germany,2022-03-08 00:00:00.000000
1898,alice_w_1898,Vehement Capital,Basic,France,2022-12-06 00:00:00.000000
1899,charlie_k_1899,Hooli,Free,United Kingdom,2022-03-28 00:00:00.000000
1900,alice_w_1900,Umbrella Corp,Basic,Japan,2023-12-22 00:00:00.000000
1901,bob.smith_1901,Stark Industries,Basic,India,2023-12-29 07:11:03.040791
1902,charlie_k_1902,Initech,Premium,United Kingdom,2025-02-22 00:00:00.000000
1903,charlie_k_1903,Vehement Capital,Premium,France,2024-01-12 00:00:00.000000
1904,henry.m_1904,Wayne Enterprises,Premium,Brazil,2023-06-13 00:00:00.000000
1905,grace_h_1905,Acme Corp,Premium,Canada,2023-12-29 07:11:03.040791
1906,henry.m_1906,Stark Industries,Free,India,2025-12-06 00:00:00.000000
1907,grace_h_1907,Acme Corp,Free,India,2022-01-06 00:00:00.000000
1908,henry.m_1908,Hooli,Enterprise,Brazil,2022-03-26 00:00:00.000000
1909,bob.smith_1909,Tyrell Corp,Premium,United Kingdom,2023-03-27 00:00:00.000000
1910,frank_g_1910,Tyrell Corp,Basic,Brazil,2024-03-09 00:00:00.000000
1911,jack_r_1911,Hooli,Enterprise,Singapore,2023-05-29 00:00:00.000000
1912,alice_w_1912,Wayne Enterprises,Enterprise,India,2024-06-03 00:00:00.000000
1913,jack_r_1913,Stark Industries,Basic,Germany,2022-05-17 00:00:00.000000
1914,frank_g_1914,Cyberdyne Systems,Free,Germany,2025-10-18 00:00:00.000000
1915,henry.m_1915,Cyberdyne Systems,Enterprise,Germany,2022-12-13 00:00:00.000000
1916,iris_p_1916,Acme Corp,Premium,Japan,2023-03-05 00:00:00.000000
1917,henry.m_1917,Wayne Enterprises,Basic,Japan,2025-07-22 00:00:00.000000
1918,charlie_k_1918,Hooli,Enterprise,Germany,2024-03-10 00:00:00.000000
1919,henry.m_1919,Initech,Basic,Singapore,2023-12-29 07:11:03.040791
1920,iris_p_1684,Initech,Basic,Brazil,2022-05-08 00:00:00.000000
1921,frank_g_1921,Vehement Capital,Premium,Australia,2022-11-01 00:00:00.000000
1922,emma.v_1922,Stark Industries,Premium,United States,2024-03-27 00:00:00.000000
1923,iris_p_1923,Initech,Basic,India,2025-10-20 00:00:00.000000
1924,emma.v_1924,Acme Corp,Free,France,2022-02-07 00:00:00.000000
1925,charlie_k_1925,Cyberdyne Systems,Free,France,2023-09-09 00:00:00.000000
1926,jack_r_1926,Stark Industries,Premium,Brazil,2023-05-22 00:00:00.000000
1927,frank_g_1927,Tyrell Corp,Premium,Canada,2022-05-12 00:00:00.000000
1928,charlie_k_1928,Tyrell Corp,Premium,Singapore,2022-02-01 00:00:00.000000
1929,iris_p_1929,Vehement Capital,Enterprise,Singapore,2023-03-11 00:00:00.000000
1930,frank_g_1930,Wayne Enterprises,Basic,Australia,2023-10-04 00:00:00.000000
1931,frank_g_1931,Umbrella Corp,Basic,Australia,2023-12-29 07:11:03.040791
1932,jack_r_1932,Hooli,Enterprise,Singapore,2023-04-08 00:00:00.000000
1933,frank_g_1933,Tyrell Corp,Enterprise,United Kingdom,2023-01-02 00:00:00.000000
1934,müller_a_1934,Initech,Free,United States,2024-07-08 00:00:00.000000
1935,emma.v_1935,Initech,Free,France,2023-09-27 00:00:00.000000
1936,emma.v_1936,Hooli,Premium,Singapore,2022-04-23 00:00:00.000000
1937,alice_w_1937,Stark Industries,Premium,India,2024-02-26 00:00:00.000000
1938,charlie_k_1938,Acme Corp,Basic,Brazil,2022-04-12 00:00:00.000000
1939,josé_m_1939,Hooli,Basic,Singapore,2023-03-27 00:00:00.000000
1940,david.l_1940,Vehement Capital,Premium,United Kingdom,2024-01-12 00:00:00.000000
1941,jack_r_1941,Stark Industries,Premium,Germany,2025-12-14 00:00:00.000000
1942,frank_g_1942,Umbrella Corp,Basic,Canada,2024-07-31 00:00:00.000000
1943,iris_p_1943,Umbrella Corp,Premium,Germany,2025-04-28 00:00:00.000000
1944,frank_g_1944,Stark Industries,Basic,France,2022-06-28 00:00:00.000000
1945,charlie_k_1945,Vehement Capital,Premium,India,2022-09-10 00:00:00.000000
1946,charlie_k_1946,Initech,Enterprise,Germany,2022-06-10 00:00:00.000000
1947,emma.v_1947,Wayne Enterprises,Enterprise,Canada,2024-02-27 00:00:00.000000
1948,iris_p_1948,Acme Corp,Enterprise,Germany,2025-03-28 00:00:00.000000
1949,bob.smith_1949,Cyberdyne Systems,Enterprise,Brazil,2022-05-14 00:00:00.000000
1950,charlie_k_1950,Initech,Free,Singapore,2024-11-25 00:00:00.000000
1951,bob.smith_1951,Initech,Free,Japan,2024-08-02 00:00:00.000000
1952,alice_w_1952,Initech,Basic,Singapore,2024-07-08 00:00:00.000000
1953,iris_p_1953,Tyrell Corp,Basic,Japan,2023-01-24 00:00:00.000000
1954,frank_g_1954,Hooli,Premium,Japan,2023-10-19 00:00:00.000000
1955,iris_p_1955,Initech,Enterprise,Brazil,2024-07-20 00:00:00.000000
1956,david.l_1956,Initech,Enterprise,Canada,2023-06-14 00:00:00.000000
1957,iris_p_1957,Hooli,Enterprise,Singapore,2024-01-12 00:00:00.000000
1958,david.l_1958,Wayne Enterprises,Free,United States,2022-12-22 00:00:00.000000
1959,emma.v_1959,Acme Corp,Basic,Brazil,2023-04-05 00:00:00.000000
1960,emma.v_1960,Tyrell Corp,Basic,Australia,2022-09-13 00:00:00.000000
1961,david.l_1961,Umbrella Corp,Free,Brazil,2022-04-01 00:00:00.000000
1962,henry.m_1962,Vehement Capital,Premium,India,2024-04-25 00:00:00.000000
1963,grace_h_1963,Umbrella Corp,Premium,Canada,2024-12-02 00:00:00.000000
1964,jack_r_1964,Tyrell Corp,Free,Japan,2022-10-02 00:00:00.000000
1965,henry.m_1965,Acme Corp,Premium,Singapore,2022-02-10 00:00:00.000000
1966,josé_m_1966,Globex,Free,Australia,2024-06-05 00:00:00.000000
1967,henry.m_1967,Wayne Enterprises,Premium,United States,2025-11-08 00:00:00.000000
1968,alice_w_1968,Initech,Free,France,2024-11-04 00:00:00.000000
1969,cléo.b_1969,Wayne Enterprises,Enterprise,India,2025-01-24 00:00:00.000000
1970,frank_g_1970,Cyberdyne Systems,Free,Singapore,2024-09-18 00:00:00.000000
1971,david.l_1971,Globex,Basic,India,2022-07-11 00:00:00.000000
1972,grace_h_1972,Stark Industries,Free,Germany,2024-02-22 00:00:00.000000
1973,renee_s_1973,Acme Corp,Enterprise,Canada,2025-02-16 00:00:00.000000
1974,bob.smith_1974,Umbrella Corp,Premium,United States,2023-06-26 00:00:00.000000
1975,bob.smith_1975,Wayne Enterprises,Basic,Australia,2024-11-26 00:00:00.000000
1976,bob.smith_1976,Acme Corp,Basic,India,2022-09-13 00:00:00.000000
1977,charlie_k_1977,Vehement Capital,Enterprise,Singapore,2024-04-13 00:00:00.000000
1978,jack_r_1978,Wayne Enterprises,Free,Canada,2022-07-11 00:00:00.000000
1979,alice_w_1979,Acme Corp,Basic,India,2023-04-16 00:00:00.000000
1980,david.l_1980,Hooli,Premium,United Kingdom,2025-07-22 00:00:00.000000
1981,charlie_k_1981,Hooli,Free,Germany,2023-11-14 00:00:00.000000
1982,emma.v_1982,Vehement Capital,Basic,Canada,2022-05-15 00:00:00.000000
1983,bob.smith_1983,Vehement Capital,Premium,United Kingdom,2022-10-07 00:00:00.000000
1984,frank_g_1984,Stark Industries,Free,Singapore,2024-07-27 00:00:00.000000
1985,josé_m_1985,Acme Corp,Free,Singapore,2025-01-07 00:00:00.000000
1986,frank_g_1986,Globex,Basic,Australia,2024-11-12 00:00:00.000000
1987,emma.v_1987,Vehement Capital,Premium,France,2025-04-06 00:00:00.000000
1988,alice_w_1988,Tyrell Corp,Premium,India,2025-01-29 00:00:00.000000
1989,alice_w_1989,Globex,Enterprise,India,2025-04-22 00:00:00.000000
1990,cléo.b_1990,Wayne Enterprises,Enterprise,Australia,2023-12-29 00:00:00.000000
1991,renee_s_1991,Acme Corp,Enterprise,Canada,2022-05-23 00:00:00.000000
1992,charlie_k_1992,Acme Corp,Premium,France,2024-03-20 00:00:00.000000
1993,emma.v_1993,Stark Industries,Basic,Singapore,2023-07-19 00:00:00.000000
1994,henry.m_1994,Acme Corp,Basic,Canada,2022-04-14 00:00:00.000000
1995,bob.smith_1995,Vehement Capital,Enterprise,United States,2025-05-26 00:00:00.000000
1996,grace_h_1996,Tyrell Corp,Premium,Unknown,2022-11-19 00:00:00.000000
1997,grace_h_1997,Unknowm,Unknown,India,2024-02-26 00:00:00.000000
1998,david.l_1998,Tyrell Corp,Basic,France,2022-09-24 00:00:00.000000
1999,grace_h_1999,Stark Industries,Enterprise,India,2024-07-23 00:00:00.000000
2000,david.l_2000,Vehement Capital,Premium,Japan,2025-08-10 00:00:00.000000
2001,david.l_2001,Acme Corp,Enterprise,Australia,2022-07-02 00:00:00.000000
2002,henry.m_2002,Vehement Capital,Basic,Germany,2023-02-25 00:00:00.000000
2003,iris_p_2003,Umbrella Corp,Unknown,Singapore,2025-03-31 00:00:00.000000
2004,frank_g_2004,Acme Corp,Basic,Japan,2022-02-07 00:00:00.000000
2005,charlie_k_2005,Tyrell Corp,Basic,United Kingdom,2025-05-09 00:00:00.000000
2006,emma.v_2006,Tyrell Corp,Free,Brazil,2023-04-19 00:00:00.000000
2007,david.l_5,Cyberdyne Systems,Free,United States,2025-02-05 00:00:00.000000
2008,jean-luc_2008,Initech,Free,United Kingdom,2023-09-19 00:00:00.000000
2009,bob.smith_2009,Vehement Capital,Enterprise,India,2024-01-03 00:00:00.000000
2010,iris_p_2010,Cyberdyne Systems,Premium,Australia,2022-03-12 00:00:00.000000
2011,david.l_2011,Stark Industries,Premium,United Kingdom,2024-08-07 00:00:00.000000
2012,iris_p_2012,Wayne Enterprises,Basic,Brazil,2022-01-15 00:00:00.000000
2013,iris_p_2013,Initech,Enterprise,Australia,2024-05-16 00:00:00.000000
2014,emma.v_307,Wayne Enterprises,Free,Singapore,2023-05-13 00:00:00.000000
2015,grace_h_2015,Wayne Enterprises,Premium,United States,2025-08-20 00:00:00.000000
2016,david.l_2016,Unknowm,Free,France,2023-06-10 00:00:00.000000
2017,henry.m_2017,Wayne Enterprises,Free,United Kingdom,2024-06-06 00:00:00.000000
2018,charlie_k_2018,Globex,Premium,Germany,2024-02-18 00:00:00.000000
2019,emma.v_2019,Hooli,Free,Singapore,2025-11-02 00:00:00.000000
2020,grace_h_2020,Tyrell Corp,Enterprise,United Kingdom,2023-04-22 00:00:00.000000
2021,henry.m_2021,Wayne Enterprises,Free,Japan,2025-08-19 00:00:00.000000
2022,emma.v_2022,Hooli,Free,Singapore,2023-11-28 00:00:00.000000
2023,charlie_k_2023,Acme Corp,Basic,India,2023-12-29 07:11:03.040791
2024,frank_g_2024,Hooli,Enterprise,United States,2022-07-21 00:00:00.000000
2025,emma.v_2025,Vehement Capital,Basic,United Kingdom,2022-11-16 00:00:00.000000
2026,iris_p_2026,Initech,Free,Australia,2024-12-05 00:00:00.000000
2027,charlie_k_2027,Unknowm,Basic,Unknown,2022-08-11 00:00:00.000000
2028,alice_w_2028,Hooli,Free,France,2023-02-06 00:00:00.000000
2029,alice_w_2029,Acme Corp,Premium,United Kingdom,2023-06-24 00:00:00.000000
2030,david.l_2030,Tyrell Corp,Premium,India,2023-03-22 00:00:00.000000
2031,david.l_889,Globex,Enterprise,Canada,2024-11-14 00:00:00.000000
2032,henry.m_2032,Initech,Enterprise,Australia,2025-01-19 00:00:00.000000
2033,josé_m_2033,Stark Industries,Free,India,2023-03-31 00:00:00.000000
2034,henry.m_2034,Acme Corp,Free,Australia,2025-08-15 00:00:00.000000
2035,emma.v_2035,Initech,Free,United States,2023-01-06 00:00:00.000000
2036,alice_w_2036,Wayne Enterprises,Premium,Singapore,2024-10-13 00:00:00.000000
2037,alice_w_2037,Tyrell Corp,Free,Singapore,2024-03-08 00:00:00.000000
2038,charlie_k_2038,Tyrell Corp,Premium,United Kingdom,2022-10-15 00:00:00.000000
2039,henry.m_2039,Acme Corp,Free,France,2023-11-07 00:00:00.000000
2040,jack_r_2040,Wayne Enterprises,Free,Japan,2025-03-17 00:00:00.000000
2041,emma.v_2041,Wayne Enterprises,Free,Germany,2025-01-01 00:00:00.000000
2042,emma.v_2042,Umbrella Corp,Basic,France,2024-04-20 00:00:00.000000
2043,emma.v_2043,Tyrell Corp,Enterprise,Japan,2022-11-10 00:00:00.000000
2044,iris_p_2044,Tyrell Corp,Enterprise,Singapore,2025-10-10 00:00:00.000000
2045,frank_g_2045,Vehement Capital,Free,United Kingdom,2022-08-19 00:00:00.000000
2046,frank_g_2046,Globex,Free,France,2025-05-20 00:00:00.000000
2047,charlie_k_2047,Globex,Free,France,2023-09-05 00:00:00.000000
2048,bob.smith_2048,Stark Industries,Free,Germany,2024-09-08 00:00:00.000000
2049,charlie_k_2049,Stark Industries,Premium,United Kingdom,2022-07-20 00:00:00.000000
2050,jack_r_2050,Tyrell Corp,Premium,United Kingdom,2025-09-04 00:00:00.000000
2051,grace_h_2051,Stark Industries,Free,United Kingdom,2022-05-08 00:00:00.000000
2052,iris_p_2052,Tyrell Corp,Basic,Canada,2023-01-25 00:00:00.000000
2053,emma.v_2053,Umbrella Corp,Premium,Brazil,2025-09-11 00:00:00.000000
2054,alice_w_2054,Globex,Basic,United States,2025-04-21 00:00:00.000000
2055,frank_g_2055,Tyrell Corp,Enterprise,Canada,2022-03-06 00:00:00.000000
2056,bob.smith_2056,Tyrell Corp,Free,India,2023-12-29 07:11:03.040791
2057,charlie_k_2057,Vehement Capital,Basic,United States,2024-03-08 00:00:00.000000
2058,bob.smith_986,Cyberdyne Systems,Basic,United Kingdom,2024-09-03 00:00:00.000000
2059,iris_p_2059,Tyrell Corp,Enterprise,Australia,2023-09-06 00:00:00.000000
2060,grace_h_217,Hooli,Premium,Singapore,2022-11-07 00:00:00.000000
2061,iris_p_2061,Wayne Enterprises,Basic,United Kingdom,2025-05-13 00:00:00.000000
2062,david.l_2062,Globex,Free,Germany,2022-02-28 00:00:00.000000
2063,bob.smith_2063,Globex,Enterprise,Germany,2025-01-02 00:00:00.000000
2064,frank_g_2064,Vehement Capital,Enterprise,Brazil,2023-09-19 00:00:00.000000
2065,cléo.b_2065,Acme Corp,Free,Japan,2022-12-14 00:00:00.000000
2066,jean-luc_2066,Globex,Premium,France,2025-04-28 00:00:00.000000
2067,iris_p_2067,Cyberdyne Systems,Basic,France,2025-11-02 00:00:00.000000
2068,iris_p_2068,Vehement Capital,Free,Japan,2025-10-13 00:00:00.000000
2069,charlie_k_2069,Stark Industries,Basic,Germany,2025-04-11 00:00:00.000000
2070,david.l_1372,Acme Corp,Free,Australia,2024-08-26 00:00:00.000000
2071,henry.m_2071,Tyrell Corp,Premium,Singapore,2025-04-11 00:00:00.000000
2072,bob.smith_2072,Cyberdyne Systems,Basic,Australia,2024-06-01 00:00:00.000000
2073,emma.v_2073,Globex,Enterprise,Japan,2024-07-26 00:00:00.000000
2074,iris_p_2074,Vehement Capital,Enterprise,Canada,2025-08-13 00:00:00.000000
2075,grace_h_2075,Stark Industries,Premium,United States,2024-09-16 00:00:00.000000
2076,jack_r_2076,Acme Corp,Basic,France,2022-06-16 00:00:00.000000
2077,iris_p_2077,Acme Corp,Basic,Japan,2023-10-05 00:00:00.000000
2078,emma.v_2078,Vehement Capital,Enterprise,Australia,2025-10-19 00:00:00.000000
2079,grace_h_2079,Globex,Enterprise,Japan,2025-01-07 00:00:00.000000
2080,henry.m_2080,Tyrell Corp,Premium,Unknown,2025-02-01 00:00:00.000000
2081,iris_p_2081,Wayne Enterprises,Unknown,India,2024-06-11 00:00:00.000000
2082,charlie_k_2082,Initech,Enterprise,Germany,2024-04-21 00:00:00.000000
2083,grace_h_2083,Acme Corp,Free,Canada,2024-06-11 00:00:00.000000
2084,david.l_2084,Globex,Basic,Japan,2025-10-28 00:00:00.000000
2085,david.l_2085,Wayne Enterprises,Premium,United States,2023-10-16 00:00:00.000000
2086,david.l_2086,Hooli,Free,Singapore,2024-08-27 00:00:00.000000
2087,charlie_k_2087,Umbrella Corp,Enterprise,Germany,2024-08-13 00:00:00.000000
2088,david.l_2088,Wayne Enterprises,Enterprise,Brazil,2022-04-23 00:00:00.000000
2089,henry.m_2089,Vehement Capital,Premium,Germany,2023-12-29 07:11:03.040791
2090,bob.smith_2090,Initech,Free,Japan,2023-01-16 00:00:00.000000
2091,charlie_k_2091,Hooli,Free,France,2023-11-07 00:00:00.000000
2092,david.l_2092,Acme Corp,Enterprise,Singapore,2023-01-25 00:00:00.000000
2093,alice_w_2093,Vehement Capital,Free,France,2025-10-28 00:00:00.000000
2094,david.l_2094,Globex,Free,Japan,2023-05-30 00:00:00.000000
2095,charlie_k_2095,Wayne Enterprises,Unknown,Brazil,2025-09-29 00:00:00.000000
2096,frank_g_2096,Umbrella Corp,Enterprise,Japan,2025-08-25 00:00:00.000000
2097,bob.smith_2097,Hooli,Enterprise,United States,2025-10-04 00:00:00.000000
2098,cléo.b_2098,Tyrell Corp,Free,India,2023-02-15 00:00:00.000000
2099,david.l_2099,Tyrell Corp,Free,France,2023-11-17 00:00:00.000000
2100,iris_p_2100,Initech,Free,Brazil,2023-03-20 00:00:00.000000
2101,frank_g_2101,Stark Industries,Basic,United Kingdom,2022-10-06 00:00:00.000000
2102,jack_r_2102,Wayne Enterprises,Basic,Singapore,2022-09-22 00:00:00.000000
2103,henry.m_2103,Tyrell Corp,Basic,Singapore,2022-12-26 00:00:00.000000
2104,bob.smith_2104,Initech,Enterprise,Brazil,2023-08-21 00:00:00.000000
2105,bob.smith_2105,Umbrella Corp,Basic,India,2024-02-25 00:00:00.000000
2106,charlie_k_2106,Globex,Basic,Singapore,2023-04-26 00:00:00.000000
2107,iris_p_2107,Initech,Basic,Germany,2023-02-24 00:00:00.000000
2108,charlie_k_2108,Acme Corp,Free,Germany,2023-02-16 00:00:00.000000
2109,frank_g_282,Umbrella Corp,Basic,Singapore,2025-04-30 00:00:00.000000
2110,frank_g_2110,Wayne Enterprises,Enterprise,India,2022-10-16 00:00:00.000000
2111,jack_r_2111,Wayne Enterprises,Basic,United States,2023-06-20 00:00:00.000000
2112,charlie_k_2112,Hooli,Basic,United Kingdom,2025-07-03 00:00:00.000000
2113,frank_g_2113,Acme Corp,Enterprise,India,2023-01-01 00:00:00.000000
2114,charlie_k_2114,Unknowm,Free,Brazil,2022-08-16 00:00:00.000000
2115,grace_h_2115,Globex,Free,Brazil,2023-02-13 00:00:00.000000
2116,david.l_2116,Acme Corp,Enterprise,United Kingdom,2025-07-24 00:00:00.000000
2117,iris_p_2117,Wayne Enterprises,Premium,Canada,2025-01-27 00:00:00.000000
2118,grace_h_2118,Initech,Premium,France,2024-04-21 00:00:00.000000
2119,bob.smith_2119,Hooli,Basic,Germany,2023-11-20 00:00:00.000000
2120,grace_h_2120,Stark Industries,Enterprise,Japan,2022-08-02 00:00:00.000000
2121,charlie_k_2121,Stark Industries,Enterprise,Australia,2023-07-30 00:00:00.000000
2122,emma.v_2122,Hooli,Basic,Japan,2022-02-20 00:00:00.000000
2123,alice_w_2123,Cyberdyne Systems,Free,United States,2022-05-04 00:00:00.000000
2124,iris_p_2124,Unknowm,Unknown,United Kingdom,2023-10-11 00:00:00.000000
2125,emma.v_2125,Hooli,Premium,United Kingdom,2025-05-03 00:00:00.000000
2126,david.l_2126,Wayne Enterprises,Basic,India,2024-12-30 00:00:00.000000
2127,grace_h_2127,Tyrell Corp,Enterprise,Singapore,2023-12-04 00:00:00.000000
2128,frank_g_2128,Tyrell Corp,Enterprise,Brazil,2022-03-29 00:00:00.000000
2129,iris_p_2129,Hooli,Basic,Unknown,2024-03-14 00:00:00.000000
2130,grace_h_2130,Cyberdyne Systems,Basic,Australia,2022-02-05 00:00:00.000000
2131,emma.v_2131,Hooli,Standard,Singapore,2024-02-28 00:00:00.000000
2132,iris_p_2132,Globex,Enterprise,Brazil,2023-03-13 00:00:00.000000
2133,frank_g_2133,Vehement Capital,Basic,United States,2023-01-15 00:00:00.000000
2134,iris_p_2134,Cyberdyne Systems,Free,Canada,2024-11-27 00:00:00.000000
2135,charlie_k_2135,Hooli,Premium,United Kingdom,2025-05-06 00:00:00.000000
2136,charlie_k_2136,Umbrella Corp,Enterprise,Brazil,2025-09-01 00:00:00.000000
2137,grace_h_2137,Globex,Enterprise,Brazil,2022-12-23 00:00:00.000000
2138,iris_p_2138,Stark Industries,Enterprise,United States,2023-06-08 00:00:00.000000
2139,jean-luc_2139,Wayne Enterprises,Basic,Brazil,2024-03-07 00:00:00.000000
2140,henry.m_2140,Acme Corp,Free,United States,2022-04-25 00:00:00.000000
2141,charlie_k_2141,Hooli,Premium,Brazil,2023-12-29 07:11:03.040791
2142,charlie_k_2142,Cyberdyne Systems,Premium,Brazil,2025-12-29 00:00:00.000000
2143,grace_h_2143,Stark Industries,Enterprise,India,2025-10-24 00:00:00.000000
2144,bob.smith_2144,Stark Industries,Enterprise,Australia,2024-05-03 00:00:00.000000
2145,frank_g_2145,Tyrell Corp,Premium,Brazil,2025-02-18 00:00:00.000000
2146,cléo.b_2146,Tyrell Corp,Free,Canada,2025-07-29 00:00:00.000000
2147,david.l_2147,Tyrell Corp,Premium,Germany,2023-01-13 00:00:00.000000
2148,grace_h_2148,Initech,Free,Japan,2025-01-25 00:00:00.000000
2149,jack_r_2149,Vehement Capital,Basic,Germany,2025-06-09 00:00:00.000000
2150,alice_w_2150,Cyberdyne Systems,Premium,United States,2022-05-29 00:00:00.000000
2151,frank_g_2151,Vehement Capital,Free,France,2022-11-21 00:00:00.000000
2152,jack_r_2152,Vehement Capital,Premium,India,2025-07-04 00:00:00.000000
2153,alice_w_2153,Wayne Enterprises,Enterprise,Germany,2024-07-26 00:00:00.000000
2154,emma.v_2154,Cyberdyne Systems,Enterprise,Brazil,2024-02-28 00:00:00.000000
2155,henry.m_2155,Cyberdyne Systems,Enterprise,Singapore,2023-06-23 00:00:00.000000
2156,frank_g_2156,Cyberdyne Systems,Enterprise,France,2023-03-10 00:00:00.000000
2157,charlie_k_2157,Acme Corp,Free,India,2025-02-06 00:00:00.000000
2158,iris_p_2158,Unknowm,Unknown,Unknown,2022-09-25 00:00:00.000000
2159,alice_w_2159,Stark Industries,Premium,France,2025-04-14 00:00:00.000000
2160,frank_g_2160,Umbrella Corp,Basic,France,2024-09-29 00:00:00.000000
2161,jack_r_2161,Tyrell Corp,Premium,United States,2023-12-29 07:11:03.040791
2162,alice_w_2162,Wayne Enterprises,Basic,Singapore,2022-03-17 00:00:00.000000
2163,frank_g_2163,Cyberdyne Systems,Premium,United States,2022-07-26 00:00:00.000000
2164,iris_p_2164,Wayne Enterprises,Basic,United States,2022-11-27 00:00:00.000000
2165,iris_p_2165,Unknowm,Basic,United States,2025-07-06 00:00:00.000000
2166,david.l_2166,Tyrell Corp,Standard,India,2024-11-21 00:00:00.000000
2167,henry.m_1815,Globex,Premium,India,2022-04-17 00:00:00.000000
2168,iris_p_2168,Umbrella Corp,Free,Canada,2024-03-26 00:00:00.000000
2169,david.l_2169,Initech,Basic,Canada,2023-05-10 00:00:00.000000
2170,jack_r_2170,Globex,Free,Australia,2025-05-26 00:00:00.000000
2171,bob.smith_2171,Cyberdyne Systems,Premium,France,2022-09-16 00:00:00.000000
2172,charlie_k_2172,Initech,Basic,Japan,2024-02-23 00:00:00.000000
2173,emma.v_2173,Stark Industries,Basic,United Kingdom,2022-08-13 00:00:00.000000
2174,emma.v_2174,Initech,Basic,Unknown,2025-11-25 00:00:00.000000
2175,grace_h_2175,Vehement Capital,Premium,United States,2022-06-23 00:00:00.000000
2176,iris_p_2176,Stark Industries,Free,Singapore,2024-05-14 00:00:00.000000
2177,alice_w_2177,Acme Corp,Basic,United States,2025-04-23 00:00:00.000000
2178,grace_h_2178,Globex,Enterprise,France,2023-05-18 00:00:00.000000
2179,bob.smith_2179,Cyberdyne Systems,Free,India,2024-12-31 00:00:00.000000
2180,charlie_k_2180,Initech,Enterprise,Germany,2024-01-16 00:00:00.000000
2181,bob.smith_2181,Stark Industries,Enterprise,Australia,2022-12-29 00:00:00.000000
2182,grace_h_2182,Tyrell Corp,Basic,Australia,2023-06-16 00:00:00.000000
2183,henry.m_2183,Cyberdyne Systems,Premium,Singapore,2024-10-20 00:00:00.000000
2184,grace_h_2184,Vehement Capital,Basic,Canada,2024-08-11 00:00:00.000000
2185,jack_r_1897,Wayne Enterprises,Enterprise,France,2024-05-17 00:00:00.000000
2186,jack_r_2186,Tyrell Corp,Basic,Brazil,2023-03-06 00:00:00.000000
2187,alice_w_2187,Umbrella Corp,Premium,Singapore,2022-02-01 00:00:00.000000
2188,david.l_2188,Globex,Basic,France,2025-09-20 00:00:00.000000
2189,emma.v_2189,Acme Corp,Basic,Japan,2023-11-30 00:00:00.000000
2190,jack_r_1271,Umbrella Corp,Enterprise,Australia,2023-12-18 00:00:00.000000
2191,iris_p_2191,Tyrell Corp,Enterprise,Japan,2024-03-08 00:00:00.000000
2192,henry.m_2192,Wayne Enterprises,Free,Canada,2022-08-27 00:00:00.000000
2193,emma.v_2193,Acme Corp,Premium,Japan,2022-01-23 00:00:00.000000
2194,jack_r_2194,Tyrell Corp,Enterprise,Brazil,2025-08-24 00:00:00.000000
2195,emma.v_2195,Cyberdyne Systems,Free,France,2024-01-11 00:00:00.000000
2196,frank_g_2196,Wayne Enterprises,Basic,India,2023-12-22 00:00:00.000000
2197,grace_h_356,Stark Industries,Basic,Germany,2024-05-10 00:00:00.000000
2198,charlie_k_2198,Stark Industries,Unknown,United Kingdom,2022-07-30 00:00:00.000000
2199,charlie_k_2199,Hooli,Free,Brazil,2025-09-20 00:00:00.000000
2200,grace_h_2200,Globex,Free,Singapore,2024-12-08 00:00:00.000000
2201,alice_w_2201,Globex,Unknown,Unknown,2025-08-02 00:00:00.000000
2202,jack_r_2202,Cyberdyne Systems,Enterprise,Japan,2023-11-11 00:00:00.000000
2203,renee_s_2203,Acme Corp,Premium,Australia,2025-03-02 00:00:00.000000
2204,henry.m_2204,Unknowm,Unknown,Canada,2024-12-16 00:00:00.000000
2205,charlie_k_2205,Initech,Basic,Japan,2023-08-25 00:00:00.000000
2206,grace_h_2206,Stark Industries,Free,Germany,2022-04-27 00:00:00.000000
2207,frank_g_2207,Initech,Premium,United Kingdom,2025-01-01 00:00:00.000000
2208,charlie_k_2208,Unknowm,Enterprise,Unknown,2024-01-20 00:00:00.000000
2209,henry.m_2209,Umbrella Corp,Enterprise,Germany,2023-12-06 00:00:00.000000
2210,bob.smith_2210,Umbrella Corp,Premium,Brazil,2023-06-29 00:00:00.000000
2211,frank_g_2211,Hooli,Enterprise,Canada,2022-06-03 00:00:00.000000
2212,müller_a_2212,Acme Corp,Basic,United States,2024-08-15 00:00:00.000000
2213,frank_g_2213,Umbrella Corp,Free,Australia,2025-11-17 00:00:00.000000
2214,frank_g_2214,Globex,Enterprise,India,2022-09-26 00:00:00.000000
2215,iris_p_2215,Stark Industries,Enterprise,Germany,2023-01-28 00:00:00.000000
2216,müller_a_2216,Hooli,Basic,United States,2024-04-22 00:00:00.000000
2217,charlie_k_2217,Initech,Premium,Brazil,2022-08-25 00:00:00.000000
2218,bob.smith_2218,Vehement Capital,Premium,United Kingdom,2022-10-22 00:00:00.000000
2219,frank_g_2219,Umbrella Corp,Enterprise,Singapore,2022-11-16 00:00:00.000000
2220,bob.smith_2220,Wayne Enterprises,Enterprise,Singapore,2024-04-16 00:00:00.000000
2221,renee_s_2221,Hooli,Free,Canada,2024-05-15 00:00:00.000000
2222,charlie_k_2222,Hooli,Premium,Germany,2025-03-10 00:00:00.000000
2223,charlie_k_2223,Cyberdyne Systems,Premium,Canada,2024-06-08 00:00:00.000000
2224,charlie_k_2224,Acme Corp,Enterprise,Australia,2023-08-25 00:00:00.000000
2225,bob.smith_2225,Umbrella Corp,Free,Germany,2023-11-15 00:00:00.000000
2226,jack_r_2226,Umbrella Corp,Unknown,India,2023-11-25 00:00:00.000000
2227,charlie_k_2227,Globex,Basic,Germany,2024-01-04 00:00:00.000000
2228,david.l_2228,Umbrella Corp,Premium,Canada,2023-01-30 00:00:00.000000
2229,frank_g_2229,Acme Corp,Premium,United States,2023-10-19 00:00:00.000000
2230,jack_r_2230,Stark Industries,Free,India,2024-12-25 00:00:00.000000
2231,jack_r_2231,Acme Corp,Free,Brazil,2024-07-05 00:00:00.000000
2232,frank_g_2232,Globex,Basic,United Kingdom,2025-06-21 00:00:00.000000
2233,charlie_k_2233,Vehement Capital,Unknown,Canada,2023-12-28 00:00:00.000000
2234,david.l_2234,Cyberdyne Systems,Enterprise,United States,2025-08-15 00:00:00.000000
2235,jack_r_2235,Unknowm,Basic,Brazil,2024-09-27 00:00:00.000000
2236,jack_r_2236,Stark Industries,Premium,Germany,2022-02-21 00:00:00.000000
2237,alice_w_2237,Acme Corp,Basic,Germany,2022-06-11 00:00:00.000000
2238,bob.smith_2238,Initech,Free,Germany,2022-12-04 00:00:00.000000
2239,iris_p_2239,Stark Industries,Enterprise,United Kingdom,2022-01-14 00:00:00.000000
2240,david.l_2240,Wayne Enterprises,Premium,Brazil,2023-12-29 07:11:03.040791
2241,alice_w_2241,Acme Corp,Basic,United Kingdom,2025-12-10 00:00:00.000000
2242,charlie_k_2242,Stark Industries,Enterprise,Germany,2022-01-23 00:00:00.000000
2243,henry.m_2243,Initech,Basic,Brazil,2022-01-10 00:00:00.000000
2244,david.l_293,Globex,Basic,Germany,2024-07-28 00:00:00.000000
2245,jack_r_2245,Vehement Capital,Enterprise,Japan,2024-02-21 00:00:00.000000
2246,charlie_k_2082,Umbrella Corp,Free,Japan,2022-03-26 00:00:00.000000
2247,charlie_k_2247,Globex,Premium,France,2024-11-19 00:00:00.000000
2248,bob.smith_2248,Unknowm,Free,Brazil,2024-03-16 00:00:00.000000
2249,grace_h_2249,Hooli,Basic,United Kingdom,2023-11-17 00:00:00.000000
2250,david.l_2250,Tyrell Corp,Premium,United States,2024-11-06 00:00:00.000000
2251,iris_p_2251,Tyrell Corp,Free,United Kingdom,2024-11-21 00:00:00.000000
2252,frank_g_2252,Stark Industries,Basic,Singapore,2022-03-20 00:00:00.000000
2253,emma.v_2253,Cyberdyne Systems,Free,Brazil,2025-07-11 00:00:00.000000
2254,henry.m_2254,Stark Industries,Free,Germany,2024-10-26 00:00:00.000000
2255,jack_r_2255,Wayne Enterprises,Free,France,2022-03-02 00:00:00.000000
2256,jack_r_2256,Globex,Premium,India,2024-06-22 00:00:00.000000
2257,grace_h_2257,Umbrella Corp,Free,Singapore,2023-08-23 00:00:00.000000
2258,frank_g_2258,Hooli,Premium,Singapore,2024-12-27 00:00:00.000000
2259,jean-luc_2259,Stark Industries,Unknown,Unknown,2024-10-08 00:00:00.000000
2260,jack_r_2260,Wayne Enterprises,Enterprise,Canada,2023-12-29 07:11:03.040791
2261,emma.v_2261,Acme Corp,Enterprise,United States,2024-09-07 00:00:00.000000
2262,bob.smith_2262,Initech,Free,Australia,2025-03-01 00:00:00.000000
2263,grace_h_2263,Acme Corp,Free,United States,2025-05-11 00:00:00.000000
2264,alice_w_2264,Initech,Free,Australia,2024-06-19 00:00:00.000000
2265,alice_w_2265,Acme Corp,Free,United States,2025-03-27 00:00:00.000000
2266,josé_m_2266,Globex,Free,Singapore,2024-07-23 00:00:00.000000
2267,henry.m_2267,Cyberdyne Systems,Basic,Japan,2025-04-07 00:00:00.000000
2268,charlie_k_2268,Wayne Enterprises,Free,Germany,2024-06-01 00:00:00.000000
2269,grace_h_2269,Cyberdyne Systems,Basic,United States,2023-03-31 00:00:00.000000
2270,iris_p_2270,Wayne Enterprises,Free,Canada,2022-09-05 00:00:00.000000
2271,bob.smith_1261,Initech,Premium,United Kingdom,2025-01-23 00:00:00.000000
2272,david.l_2272,Acme Corp,Enterprise,India,2024-04-03 00:00:00.000000
2273,henry.m_2273,Unknowm,Free,United Kingdom,2025-06-08 00:00:00.000000
2274,henry.m_2274,Tyrell Corp,Basic,France,2025-07-24 00:00:00.000000
2275,iris_p_2275,Initech,Free,Australia,2025-10-18 00:00:00.000000
2276,iris_p_2276,Initech,Free,United States,2023-11-28 00:00:00.000000
2277,jack_r_2277,Unknowm,Premium,France,2025-03-04 00:00:00.000000
2278,david.l_2278,Stark Industries,Free,Japan,2025-08-16 00:00:00.000000
2279,iris_p_2279,Globex,Free,Canada,2023-12-26 00:00:00.000000
2280,iris_p_2280,Globex,Enterprise,United Kingdom,2023-10-29 00:00:00.000000
2281,charlie_k_2281,Globex,Premium,Japan,2023-07-19 00:00:00.000000
2282,jack_r_1165,Umbrella Corp,Free,Brazil,2023-11-22 00:00:00.000000
2283,emma.v_2283,Acme Corp,Enterprise,Australia,2022-07-26 00:00:00.000000
2284,renee_s_2284,Globex,Basic,Japan,2022-06-22 00:00:00.000000
2285,henry.m_2285,Unknowm,Unknown,Australia,2023-09-10 00:00:00.000000
2286,iris_p_2286,Hooli,Free,Singapore,2024-11-14 00:00:00.000000
2287,alice_w_2287,Hooli,Premium,United Kingdom,2022-02-07 00:00:00.000000
2288,charlie_k_2288,Vehement Capital,Premium,Singapore,2022-05-28 00:00:00.000000
2289,frank_g_2289,Wayne Enterprises,Premium,India,2025-06-11 00:00:00.000000
2290,jack_r_2290,Wayne Enterprises,Basic,Brazil,2024-06-07 00:00:00.000000
2291,bob.smith_2291,Acme Corp,Enterprise,United Kingdom,2025-10-26 00:00:00.000000
2292,henry.m_2292,Tyrell Corp,Premium,Canada,2022-09-12 00:00:00.000000
2293,müller_a_2293,Stark Industries,Premium,Canada,2025-11-15 00:00:00.000000
2294,grace_h_2294,Vehement Capital,Premium,Canada,2024-01-01 00:00:00.000000
2295,bob.smith_2295,Wayne Enterprises,Enterprise,Japan,2023-08-01 00:00:00.000000
2296,grace_h_2296,Unknowm,Premium,Australia,2022-04-06 00:00:00.000000
2297,david.l_2297,Globex,Free,Germany,2023-12-29 07:11:03.040791
2298,iris_p_2298,Acme Corp,Basic,United States,2025-06-30 00:00:00.000000
2299,henry.m_2299,Globex,Basic,Singapore,2022-03-20 00:00:00.000000
2300,jack_r_2300,Initech,Premium,United Kingdom,2025-08-16 00:00:00.000000
2301,iris_p_2301,Cyberdyne Systems,Free,Australia,2023-10-21 00:00:00.000000
2302,grace_h_2302,Acme Corp,Premium,India,2023-07-16 00:00:00.000000
2303,bob.smith_2303,Tyrell Corp,Free,Singapore,2025-07-25 00:00:00.000000
2304,bob.smith_2304,Acme Corp,Premium,Canada,2022-10-17 00:00:00.000000
2305,frank_g_2305,Acme Corp,Enterprise,Japan,2025-10-28 00:00:00.000000
2306,alice_w_2306,Globex,Enterprise,France,2022-04-28 00:00:00.000000
2307,alice_w_2307,Hooli,Enterprise,United Kingdom,2022-08-10 00:00:00.000000
2308,emma.v_2308,Vehement Capital,Free,United Kingdom,2025-08-19 00:00:00.000000
2309,emma.v_2309,Vehement Capital,Premium,Canada,2022-07-27 00:00:00.000000
2310,grace_h_2310,Wayne Enterprises,Free,Brazil,2022-10-24 00:00:00.000000
2311,charlie_k_2311,Vehement Capital,Basic,France,2025-05-17 00:00:00.000000
2312,grace_h_2312,Cyberdyne Systems,Basic,United States,2024-04-14 00:00:00.000000
2313,bob.smith_2313,Hooli,Free,Australia,2023-11-01 00:00:00.000000
2314,frank_g_2314,Initech,Free,Brazil,2023-08-29 00:00:00.000000
2315,charlie_k_2315,Initech,Unknown,Unknown,2022-11-06 00:00:00.000000
2316,bob.smith_2316,Wayne Enterprises,Basic,United Kingdom,2025-08-20 00:00:00.000000
2317,emma.v_2317,Initech,Enterprise,United Kingdom,2025-04-04 00:00:00.000000
2318,bob.smith_2318,Cyberdyne Systems,Premium,United Kingdom,2023-06-17 00:00:00.000000
2319,henry.m_2319,Hooli,Premium,Germany,2023-12-23 00:00:00.000000
2320,alice_w_2320,Cyberdyne Systems,Enterprise,Canada,2024-12-23 00:00:00.000000
2321,frank_g_2321,Tyrell Corp,Basic,Japan,2023-09-02 00:00:00.000000
2322,jack_r_2322,Initech,Enterprise,India,2023-04-10 00:00:00.000000
2323,iris_p_2323,Cyberdyne Systems,Premium,Japan,2024-04-11 00:00:00.000000
2324,frank_g_2324,Wayne Enterprises,Basic,Australia,2024-01-28 00:00:00.000000
2325,alice_w_2325,Initech,Basic,Japan,2025-10-18 00:00:00.000000
2326,jack_r_2326,Hooli,Enterprise,France,2023-11-02 00:00:00.000000
2327,emma.v_2327,Hooli,Enterprise,Australia,2023-03-16 00:00:00.000000
2328,jack_r_2328,Acme Corp,Basic,Singapore,2023-10-01 00:00:00.000000
2329,grace_h_2329,Umbrella Corp,Basic,Singapore,2025-03-18 00:00:00.000000
2330,david.l_2330,Vehement Capital,Free,Germany,2024-05-23 00:00:00.000000
2331,iris_p_2331,Stark Industries,Basic,Singapore,2022-08-07 00:00:00.000000
2332,alice_w_2332,Umbrella Corp,Basic,Brazil,2023-10-28 00:00:00.000000
2333,alice_w_2333,Stark Industries,Premium,Canada,2023-08-22 00:00:00.000000
2334,grace_h_2334,Initech,Basic,United Kingdom,2022-12-30 00:00:00.000000
2335,david.l_2335,Tyrell Corp,Premium,United States,2024-08-05 00:00:00.000000
2336,henry.m_2336,Initech,Enterprise,Singapore,2023-08-13 00:00:00.000000
2337,frank_g_2337,Initech,Basic,India,2024-10-07 00:00:00.000000
2338,grace_h_2338,Initech,Enterprise,Unknown,2025-03-11 00:00:00.000000
2339,alice_w_2339,Tyrell Corp,Enterprise,United Kingdom,2022-08-16 00:00:00.000000
2340,jack_r_2340,Vehement Capital,Free,Canada,2023-01-29 00:00:00.000000
2341,alice_w_2341,Umbrella Corp,Free,United States,2024-12-15 00:00:00.000000
2342,henry.m_2342,Initech,Free,Brazil,2022-10-01 00:00:00.000000
2343,henry.m_2343,Globex,Premium,United Kingdom,2025-09-18 00:00:00.000000
2344,henry.m_2344,Acme Corp,Premium,Japan,2025-12-14 00:00:00.000000
2345,david.l_2345,Vehement Capital,Free,United States,2024-02-01 00:00:00.000000
2346,bob.smith_2346,Vehement Capital,Basic,Singapore,2023-12-27 00:00:00.000000
2347,frank_g_2347,Umbrella Corp,Basic,Brazil,2024-11-02 00:00:00.000000
2348,emma.v_2348,Globex,Basic,United States,2023-01-23 00:00:00.000000
2349,emma.v_2349,Stark Industries,Basic,India,2023-04-24 00:00:00.000000
2350,bob.smith_2350,Stark Industries,Premium,Singapore,2024-06-05 00:00:00.000000
2351,jack_r_2351,Initech,Enterprise,Singapore,2022-08-22 00:00:00.000000
2352,iris_p_2352,Globex,Enterprise,United States,2022-03-02 00:00:00.000000
2353,emma.v_2353,Stark Industries,Free,Japan,2024-07-19 00:00:00.000000
2354,alice_w_2354,Vehement Capital,Premium,Germany,2024-11-11 00:00:00.000000
2355,iris_p_2355,Acme Corp,Unknown,Germany,2024-12-12 00:00:00.000000
2356,charlie_k_2356,Globex,Enterprise,United Kingdom,2025-07-28 00:00:00.000000
2357,jack_r_2357,Vehement Capital,Free,Canada,2022-07-04 00:00:00.000000
2358,david.l_2358,Wayne Enterprises,Premium,United States,2022-05-24 00:00:00.000000
2359,renee_s_2359,Stark Industries,Free,United States,2022-12-29 00:00:00.000000
2360,frank_g_2360,Tyrell Corp,Premium,Canada,2022-06-22 00:00:00.000000
2361,david.l_2361,Globex,Premium,Germany,2022-08-22 00:00:00.000000
2362,emma.v_2362,Cyberdyne Systems,Premium,United Kingdom,2022-04-21 00:00:00.000000
2363,emma.v_2363,Hooli,Basic,Singapore,2022-05-13 00:00:00.000000
2364,jack_r_2364,Unknowm,Basic,India,2025-04-29 00:00:00.000000
2365,jack_r_1320,Wayne Enterprises,Basic,France,2022-05-06 00:00:00.000000
2366,alice_w_2366,Globex,Free,United Kingdom,2022-01-17 00:00:00.000000
2367,henry.m_2367,Cyberdyne Systems,Basic,Australia,2022-03-08 00:00:00.000000
2368,emma.v_2368,Cyberdyne Systems,Premium,Brazil,2023-04-03 00:00:00.000000
2369,emma.v_2369,Globex,Enterprise,Germany,2024-10-22 00:00:00.000000
2370,grace_h_2370,Stark Industries,Free,Australia,2025-03-06 00:00:00.000000
2371,jack_r_2371,Initech,Basic,India,2024-10-28 00:00:00.000000
2372,jack_r_2372,Initech,Basic,United States,2023-12-21 00:00:00.000000
2373,henry.m_2373,Globex,Free,Japan,2023-08-14 00:00:00.000000
2374,emma.v_2374,Stark Industries,Basic,India,2024-05-28 00:00:00.000000
2375,david.l_2375,Globex,Free,France,2024-01-16 00:00:00.000000
2376,emma.v_2376,Hooli,Basic,Australia,2023-07-13 00:00:00.000000
2377,henry.m_2377,Vehement Capital,Premium,Singapore,2022-08-13 00:00:00.000000
2378,jack_r_2378,Umbrella Corp,Premium,Brazil,2023-04-16 00:00:00.000000
2379,charlie_k_2379,Hooli,Premium,United Kingdom,2025-10-24 00:00:00.000000
2380,henry.m_2380,Vehement Capital,Basic,Brazil,2022-10-25 00:00:00.000000
2381,henry.m_2381,Tyrell Corp,Basic,Japan,2024-08-20 00:00:00.000000
2382,henry.m_2382,Hooli,Basic,Australia,2022-08-04 00:00:00.000000
2383,emma.v_2383,Globex,Basic,Singapore,2024-10-08 00:00:00.000000
2384,iris_p_2384,Hooli,Premium,India,2023-12-29 07:11:03.040791
2385,cléo.b_2385,Globex,Corporate,United States,2025-02-15 00:00:00.000000
2386,emma.v_2386,Tyrell Corp,Free,Brazil,2025-02-11 00:00:00.000000
2387,charlie_k_2387,Vehement Capital,Enterprise,United States,2023-10-13 00:00:00.000000
2388,iris_p_2388,Stark Industries,Premium,Japan,2023-01-10 00:00:00.000000
2389,david.l_2389,Wayne Enterprises,Free,Canada,2022-10-20 00:00:00.000000
2390,alice_w_2390,Globex,Premium,United Kingdom,2022-11-08 00:00:00.000000
2391,iris_p_2391,Unknowm,Basic,Australia,2024-01-09 00:00:00.000000
2392,charlie_k_2392,Vehement Capital,Premium,United States,2022-02-20 00:00:00.000000
2393,alice_w_2393,Tyrell Corp,Premium,Canada,2023-03-06 00:00:00.000000
2394,alice_w_2394,Globex,Unknown,India,2024-07-01 00:00:00.000000
2395,josé_m_2395,Initech,Basic,Brazil,2022-11-28 00:00:00.000000
2396,jack_r_2396,Wayne Enterprises,Free,Germany,2023-10-23 00:00:00.000000
2397,david.l_2397,Wayne Enterprises,Premium,Singapore,2024-07-15 00:00:00.000000
2398,bob.smith_2398,Initech,Premium,United Kingdom,2022-11-09 00:00:00.000000
2399,alice_w_930,Cyberdyne Systems,Free,Australia,2023-11-22 00:00:00.000000
2400,bob.smith_2400,Globex,Enterprise,India,2023-01-08 00:00:00.000000
2401,henry.m_2401,Acme Corp,Enterprise,Canada,2024-05-16 00:00:00.000000
2402,bob.smith_2402,Tyrell Corp,Premium,France,2023-09-13 00:00:00.000000
2403,grace_h_2403,Unknowm,Unknown,Unknown,2023-06-08 00:00:00.000000
2404,jack_r_2404,Umbrella Corp,Premium,United Kingdom,2024-10-11 00:00:00.000000
2405,frank_g_2405,Hooli,Enterprise,Brazil,2022-07-09 00:00:00.000000
2406,david.l_2406,Initech,Basic,United States,2025-12-27 00:00:00.000000
2407,frank_g_2407,Initech,Basic,Japan,2023-02-28 00:00:00.000000
2408,bob.smith_2408,Umbrella Corp,Premium,France,2023-04-25 00:00:00.000000
2409,bob.smith_2409,Hooli,Premium,Canada,2022-12-18 00:00:00.000000
2410,iris_p_2410,Vehement Capital,Enterprise,United States,2024-11-08 00:00:00.000000
2411,alice_w_2411,Cyberdyne Systems,Basic,France,2025-05-17 00:00:00.000000
2412,henry.m_2412,Stark Industries,Free,France,2025-06-17 00:00:00.000000
2413,jack_r_2413,Cyberdyne Systems,Enterprise,Brazil,2024-11-14 00:00:00.000000
2414,david.l_2414,Cyberdyne Systems,Free,United States,2025-02-23 00:00:00.000000
2415,charlie_k_305,Initech,Premium,United Kingdom,2022-08-27 00:00:00.000000
2416,grace_h_2416,Globex,Enterprise,Australia,2024-05-22 00:00:00.000000
2417,frank_g_2417,Umbrella Corp,Premium,France,2024-07-01 00:00:00.000000
2418,david.l_2418,Umbrella Corp,Free,United Kingdom,2024-04-03 00:00:00.000000
2419,david.l_2419,Umbrella Corp,Basic,Singapore,2023-11-18 00:00:00.000000
2420,frank_g_2420,Cyberdyne Systems,Enterprise,Singapore,2022-01-17 00:00:00.000000
2421,jack_r_2421,Initech,Basic,India,2025-06-26 00:00:00.000000
2422,charlie_k_2422,Initech,Premium,Germany,2024-11-06 00:00:00.000000
2423,iris_p_2423,Globex,Free,Germany,2024-11-03 00:00:00.000000
2424,iris_p_2424,Vehement Capital,Premium,Australia,2022-11-14 00:00:00.000000
2425,jack_r_2425,Globex,Basic,Germany,2023-07-14 00:00:00.000000
2426,david.l_2426,Acme Corp,Corporate,Canada,2025-06-29 00:00:00.000000
2427,bob.smith_2427,Umbrella Corp,Premium,United Kingdom,2024-11-21 00:00:00.000000
2428,emma.v_2428,Initech,Free,Germany,2024-02-04 00:00:00.000000
2429,jack_r_2429,Unknowm,Unknown,Japan,2025-02-24 00:00:00.000000
2430,henry.m_2430,Wayne Enterprises,Free,Canada,2025-05-22 00:00:00.000000
2431,david.l_2431,Initech,Basic,United States,2022-07-23 00:00:00.000000
2432,emma.v_2432,Cyberdyne Systems,Premium,India,2022-04-20 00:00:00.000000
2433,david.l_2433,Hooli,Enterprise,Singapore,2022-04-21 00:00:00.000000
2434,david.l_2434,Cyberdyne Systems,Premium,Canada,2025-07-15 00:00:00.000000
2435,charlie_k_2435,Acme Corp,Basic,Germany,2023-10-05 00:00:00.000000
2436,charlie_k_2436,Vehement Capital,Basic,Singapore,2024-05-04 00:00:00.000000
2437,grace_h_2437,Tyrell Corp,Free,Germany,2025-10-07 00:00:00.000000
2438,iris_p_2438,Globex,Enterprise,United States,2024-10-03 00:00:00.000000
2439,emma.v_2439,Wayne Enterprises,Premium,Canada,2023-04-03 00:00:00.000000
2440,iris_p_2440,Initech,Free,Germany,2025-10-17 00:00:00.000000
2441,emma.v_2441,Acme Corp,Free,United States,2023-03-10 00:00:00.000000
2442,henry.m_2442,Umbrella Corp,Basic,Brazil,2022-12-02 00:00:00.000000
2443,emma.v_2443,Wayne Enterprises,Enterprise,United Kingdom,2025-03-26 00:00:00.000000
2444,charlie_k_2444,Acme Corp,Free,Singapore,2022-03-10 00:00:00.000000
2445,iris_p_2445,Acme Corp,Basic,United States,2024-02-16 00:00:00.000000
2446,bob.smith_2446,Hooli,Free,France,2024-07-22 00:00:00.000000
2447,emma.v_2447,Vehement Capital,Premium,Australia,2023-07-01 00:00:00.000000
2448,jack_r_2448,Initech,Basic,Singapore,2022-09-21 00:00:00.000000
2449,alice_w_2449,Tyrell Corp,Basic,Japan,2022-12-16 00:00:00.000000
2450,david.l_2450,Tyrell Corp,Enterprise,United States,2024-01-31 00:00:00.000000
2451,bob.smith_2451,Globex,Premium,Brazil,2025-05-12 00:00:00.000000
2452,grace_h_2452,Initech,Unknown,Japan,2023-07-07 00:00:00.000000
2453,iris_p_2453,Initech,Enterprise,Australia,2022-06-11 00:00:00.000000
2454,emma.v_224,Umbrella Corp,Premium,Canada,2023-03-31 00:00:00.000000
2455,jean-luc_2455,Umbrella Corp,Enterprise,France,2024-12-22 00:00:00.000000
2456,jack_r_2456,Stark Industries,Enterprise,France,2025-04-25 00:00:00.000000
2457,bob.smith_2457,Vehement Capital,Free,United States,2023-05-14 00:00:00.000000
2458,henry.m_2458,Umbrella Corp,Enterprise,Canada,2022-02-26 00:00:00.000000
2459,alice_w_2459,Initech,Basic,India,2024-03-05 00:00:00.000000
2460,emma.v_2460,Wayne Enterprises,Enterprise,India,2022-09-26 00:00:00.000000
2461,grace_h_2461,Umbrella Corp,Basic,Germany,2025-08-17 00:00:00.000000
2462,grace_h_2462,Globex,Enterprise,Singapore,2024-10-26 00:00:00.000000
2463,jack_r_2463,Stark Industries,Free,Brazil,2022-05-24 00:00:00.000000
2464,cléo.b_2464,Tyrell Corp,Basic,Germany,2022-02-17 00:00:00.000000
2465,bob.smith_2465,Wayne Enterprises,Premium,Australia,2025-08-24 00:00:00.000000
2466,henry.m_2466,Initech,Free,United Kingdom,2022-10-06 00:00:00.000000
2467,bob.smith_2467,Globex,Basic,Germany,2025-12-09 00:00:00.000000
2468,grace_h_2468,Initech,Enterprise,Australia,2023-07-18 00:00:00.000000
2469,bob.smith_2469,Umbrella Corp,Premium,United States,2023-11-19 00:00:00.000000
2470,grace_h_2470,Tyrell Corp,Basic,Japan,2023-01-14 00:00:00.000000
2471,jack_r_2471,Stark Industries,Enterprise,India,2024-02-01 00:00:00.000000
2472,iris_p_2472,Hooli,Enterprise,Japan,2022-10-26 00:00:00.000000
2473,iris_p_2473,Stark Industries,Premium,United Kingdom,2022-11-29 00:00:00.000000
2474,jack_r_2474,Acme Corp,Basic,Singapore,2022-11-13 00:00:00.000000
2475,frank_g_2475,Globex,Enterprise,India,2022-04-06 00:00:00.000000
2476,charlie_k_2476,Initech,Basic,United Kingdom,2022-06-06 00:00:00.000000
2477,bob.smith_2477,Umbrella Corp,Basic,United Kingdom,2024-03-15 00:00:00.000000
2478,charlie_k_2478,Cyberdyne Systems,Enterprise,United States,2022-01-18 00:00:00.000000
2479,bob.smith_2479,Acme Corp,Enterprise,United Kingdom,2025-11-27 00:00:00.000000
2480,emma.v_2480,Vehement Capital,Enterprise,India,2022-09-25 00:00:00.000000
2481,alice_w_2481,Initech,Premium,United States,2022-05-22 00:00:00.000000
2482,müller_a_2482,Tyrell Corp,Basic,Japan,2022-06-29 00:00:00.000000
2483,grace_h_2483,Umbrella Corp,Premium,United States,2023-11-03 00:00:00.000000
2484,charlie_k_2484,Umbrella Corp,Premium,India,2023-02-12 00:00:00.000000
2485,bob.smith_2485,Cyberdyne Systems,Enterprise,France,2025-10-01 00:00:00.000000
2486,emma.v_2486,Umbrella Corp,Premium,Brazil,2024-09-29 00:00:00.000000
2487,alice_w_2487,Tyrell Corp,Free,France,2023-04-11 00:00:00.000000
2488,charlie_k_2488,Acme Corp,Basic,Japan,2022-12-09 00:00:00.000000
2489,jack_r_2489,Initech,Enterprise,United States,2022-06-01 00:00:00.000000
2490,henry.m_2490,Acme Corp,Basic,Brazil,2023-08-10 00:00:00.000000
2491,jack_r_2491,Umbrella Corp,Enterprise,Canada,2022-10-11 00:00:00.000000
2492,charlie_k_2492,Globex,Premium,Canada,2022-05-26 00:00:00.000000
2493,david.l_2493,Globex,Free,France,2024-08-22 00:00:00.000000
2494,charlie_k_2494,Vehement Capital,Basic,Australia,2023-08-05 00:00:00.000000
2495,henry.m_2495,Wayne Enterprises,Free,Australia,2022-08-28 00:00:00.000000
2496,grace_h_2496,Globex,Premium,India,2022-08-21 00:00:00.000000
2497,henry.m_2497,Tyrell Corp,Basic,Canada,2022-11-11 00:00:00.000000
2498,alice_w_2498,Umbrella Corp,Basic,India,2024-10-26 00:00:00.000000
2499,jack_r_2499,Stark Industries,Free,Singapore,2023-09-13 00:00:00.000000
2500,alice_w_2500,Hooli,Basic,Singapore,2025-02-12 00:00:00.000000
2501,grace_h_2501,Globex,Free,Germany,2023-10-04 00:00:00.000000
2502,frank_g_2502,Acme Corp,Free,United Kingdom,2022-10-02 00:00:00.000000
2503,frank_g_2503,Tyrell Corp,Basic,United Kingdom,2024-03-25 00:00:00.000000
2504,david.l_2504,Tyrell Corp,Enterprise,United Kingdom,2025-09-01 00:00:00.000000
2505,iris_p_2505,Stark Industries,Premium,Canada,2022-02-28 00:00:00.000000
2506,renee_s_2506,Vehement Capital,Enterprise,Brazil,2023-04-06 00:00:00.000000
2507,alice_w_2507,Hooli,Premium,Japan,2025-08-14 00:00:00.000000
2508,david.l_2508,Umbrella Corp,Basic,Australia,2023-02-27 00:00:00.000000
2509,frank_g_2509,Globex,Enterprise,Brazil,2023-03-03 00:00:00.000000
2510,frank_g_2510,Unknowm,Unknown,Unknown,2023-07-06 00:00:00.000000
2511,emma.v_2511,Tyrell Corp,Enterprise,Canada,2022-01-08 00:00:00.000000
2512,bob.smith_2512,Hooli,Unknown,Unknown,2024-12-05 00:00:00.000000
2513,bob.smith_2513,Stark Industries,Basic,Germany,2025-06-01 00:00:00.000000
2514,iris_p_2514,Tyrell Corp,Free,Canada,2025-08-07 00:00:00.000000
2515,bob.smith_2515,Hooli,Premium,United States,2024-07-20 00:00:00.000000
2516,cléo.b_2516,Tyrell Corp,Enterprise,United States,2024-11-08 00:00:00.000000
2517,henry.m_2517,Cyberdyne Systems,Premium,Australia,2025-07-22 00:00:00.000000
2518,grace_h_2518,Hooli,Enterprise,Australia,2022-09-28 00:00:00.000000
2519,david.l_2519,Hooli,Enterprise,France,2024-04-29 00:00:00.000000
2520,david.l_2520,Umbrella Corp,Premium,Japan,2023-03-30 00:00:00.000000
2521,charlie_k_1532,Globex,Enterprise,Germany,2023-04-30 00:00:00.000000
2522,grace_h_2522,Vehement Capital,Basic,Australia,2025-06-08 00:00:00.000000
2523,frank_g_2523,Acme Corp,Premium,Brazil,2025-07-20 00:00:00.000000
2524,charlie_k_2524,Tyrell Corp,Enterprise,Singapore,2023-12-29 07:11:03.040791
2525,emma.v_2525,Globex,Enterprise,Brazil,2023-04-21 00:00:00.000000
2526,jack_r_2526,Stark Industries,Premium,Australia,2024-07-07 00:00:00.000000
2527,emma.v_509,Acme Corp,Free,India,2022-08-18 00:00:00.000000
2528,bob.smith_2528,Vehement Capital,Basic,United Kingdom,2024-02-02 00:00:00.000000
2529,emma.v_2529,Tyrell Corp,Free,Singapore,2023-12-01 00:00:00.000000
2530,jack_r_2530,Vehement Capital,Free,Canada,2022-07-10 00:00:00.000000
2531,alice_w_2531,Initech,Basic,Singapore,2022-04-27 00:00:00.000000
2532,emma.v_2532,Tyrell Corp,Basic,Brazil,2025-07-05 00:00:00.000000
2533,frank_g_2533,Wayne Enterprises,Enterprise,Australia,2023-08-04 00:00:00.000000
2534,henry.m_2534,Stark Industries,Premium,France,2025-04-13 00:00:00.000000
2535,grace_h_2535,Tyrell Corp,Premium,Canada,2024-12-18 00:00:00.000000
2536,bob.smith_2536,Wayne Enterprises,Premium,France,2023-02-22 00:00:00.000000
2537,frank_g_2537,Stark Industries,Free,Brazil,2023-05-30 00:00:00.000000
2538,bob.smith_2538,Stark Industries,Basic,France,2025-04-18 00:00:00.000000
2539,henry.m_2539,Hooli,Free,Australia,2024-12-02 00:00:00.000000
2540,henry.m_2540,Cyberdyne Systems,Enterprise,Brazil,2025-09-18 00:00:00.000000
2541,frank_g_2541,Initech,Enterprise,France,2023-09-15 00:00:00.000000
2542,charlie_k_2542,Tyrell Corp,Basic,United States,2023-12-19 00:00:00.000000
2543,emma.v_2543,Cyberdyne Systems,Free,India,2025-09-26 00:00:00.000000
2544,alice_w_2544,Vehement Capital,Enterprise,Brazil,2022-11-12 00:00:00.000000
2545,alice_w_2545,Stark Industries,Free,Japan,2024-10-19 00:00:00.000000
2546,emma.v_2546,Umbrella Corp,Premium,Canada,2023-08-21 00:00:00.000000
2547,bob.smith_2547,Wayne Enterprises,Free,Brazil,2024-04-17 00:00:00.000000
2548,frank_g_2548,Cyberdyne Systems,Premium,Brazil,2022-12-17 00:00:00.000000
2549,bob.smith_2549,Vehement Capital,Free,India,2023-07-16 00:00:00.000000
2550,grace_h_2550,Initech,Basic,United Kingdom,2022-03-03 00:00:00.000000
2551,henry.m_810,Cyberdyne Systems,Basic,France,2024-01-23 00:00:00.000000
2552,henry.m_2552,Vehement Capital,Enterprise,Germany,2022-05-08 00:00:00.000000
2553,david.l_2553,Umbrella Corp,Premium,Australia,2022-03-29 00:00:00.000000
2554,jack_r_2554,Hooli,Free,Australia,2024-09-13 00:00:00.000000
2555,bob.smith_2555,Umbrella Corp,Enterprise,Singapore,2025-02-16 00:00:00.000000
2556,emma.v_2556,Initech,Premium,United Kingdom,2023-05-15 00:00:00.000000
2557,bob.smith_2557,Initech,Premium,United States,2022-07-15 00:00:00.000000
2558,emma.v_2558,Wayne Enterprises,Premium,Japan,2025-08-23 00:00:00.000000
2559,bob.smith_2559,Tyrell Corp,Premium,Brazil,2025-04-01 00:00:00.000000
2560,bob.smith_2560,Stark Industries,Premium,India,2022-02-20 00:00:00.000000
2561,josé_m_2561,Hooli,Basic,Germany,2025-05-31 00:00:00.000000
2562,bob.smith_2562,Globex,Basic,Singapore,2023-07-16 00:00:00.000000
2563,emma.v_2563,Vehement Capital,Enterprise,Unknown,2025-10-31 00:00:00.000000
2564,iris_p_2564,Umbrella Corp,Enterprise,Australia,2024-12-31 00:00:00.000000
2565,jean-luc_2565,Globex,Free,Australia,2025-03-31 00:00:00.000000
2566,charlie_k_2566,Unknowm,Unknown,India,2023-02-12 00:00:00.000000
2567,david.l_2567,Stark Industries,Premium,Singapore,2022-07-21 00:00:00.000000
2568,jack_r_2568,Vehement Capital,Basic,Brazil,2023-11-15 00:00:00.000000
2569,charlie_k_2569,Acme Corp,Free,Singapore,2022-12-01 00:00:00.000000
2570,renee_s_2570,Hooli,Free,United Kingdom,2022-01-02 00:00:00.000000
2571,grace_h_2571,Cyberdyne Systems,Free,India,2024-11-09 00:00:00.000000
2572,emma.v_2572,Acme Corp,Premium,United States,2023-10-22 00:00:00.000000
2573,grace_h_2573,Tyrell Corp,Premium,India,2023-03-03 00:00:00.000000
2574,bob.smith_2574,Hooli,Enterprise,Canada,2024-09-17 00:00:00.000000
2575,emma.v_2575,Umbrella Corp,Basic,Brazil,2023-02-22 00:00:00.000000
2576,david.l_2576,Stark Industries,Premium,Canada,2023-11-20 00:00:00.000000
2577,emma.v_2577,Umbrella Corp,Free,India,2024-08-25 00:00:00.000000
2578,henry.m_2578,Initech,Basic,Germany,2022-07-06 00:00:00.000000
2579,henry.m_2579,Stark Industries,Premium,United States,2022-05-10 00:00:00.000000
2580,grace_h_2580,Hooli,Basic,France,2022-08-12 00:00:00.000000
2581,charlie_k_2581,Umbrella Corp,Free,United States,2024-02-10 00:00:00.000000
2582,frank_g_2582,Wayne Enterprises,Premium,Japan,2025-07-30 00:00:00.000000
2583,müller_a_2583,Stark Industries,Free,Brazil,2023-01-13 00:00:00.000000
2584,emma.v_2584,Unknowm,Enterprise,Unknown,2022-12-04 00:00:00.000000
2585,jack_r_2585,Globex,Enterprise,Singapore,2022-08-26 00:00:00.000000
2586,grace_h_2586,Vehement Capital,Free,Singapore,2024-04-30 00:00:00.000000
2587,renee_s_2587,Tyrell Corp,Enterprise,France,2022-01-29 00:00:00.000000
2588,frank_g_2588,Wayne Enterprises,Enterprise,Canada,2024-12-22 00:00:00.000000
2589,david.l_2589,Unknowm,Enterprise,India,2022-07-06 00:00:00.000000
2590,jack_r_2590,Globex,Premium,France,2023-07-30 00:00:00.000000
2591,iris_p_2591,Globex,Free,Canada,2023-11-24 00:00:00.000000
2592,emma.v_2592,Globex,Free,Germany,2024-07-07 00:00:00.000000
2593,david.l_2593,Cyberdyne Systems,Premium,Australia,2025-04-27 00:00:00.000000
2594,charlie_k_2594,Tyrell Corp,Enterprise,United Kingdom,2023-03-13 00:00:00.000000
2595,henry.m_2595,Globex,Premium,Japan,2023-03-11 00:00:00.000000
2596,iris_p_2596,Initech,Free,United Kingdom,2023-09-17 00:00:00.000000
2597,jack_r_2597,Tyrell Corp,Basic,Brazil,2024-10-27 00:00:00.000000
2598,frank_g_2598,Cyberdyne Systems,Basic,Singapore,2025-01-19 00:00:00.000000
2599,alice_w_2599,Tyrell Corp,Premium,Japan,2023-02-01 00:00:00.000000
2600,frank_g_2600,Initech,Enterprise,Singapore,2024-09-04 00:00:00.000000
2601,frank_g_2601,Unknowm,Free,Australia,2023-12-28 00:00:00.000000
2602,jack_r_2602,Initech,Basic,United Kingdom,2022-06-14 00:00:00.000000
2603,charlie_k_2603,Stark Industries,Enterprise,Canada,2025-11-12 00:00:00.000000
2604,david.l_2604,Unknowm,Basic,Unknown,2023-12-08 00:00:00.000000
2605,frank_g_2605,Vehement Capital,Premium,Singapore,2024-07-10 00:00:00.000000
2606,grace_h_2606,Initech,Premium,Japan,2023-06-24 00:00:00.000000
2607,charlie_k_2607,Stark Industries,Premium,Brazil,2024-07-21 00:00:00.000000
2608,david.l_2608,Vehement Capital,Enterprise,Unknown,2025-07-01 00:00:00.000000
2609,emma.v_2609,Hooli,Free,France,2025-11-29 00:00:00.000000
2610,henry.m_2610,Vehement Capital,Enterprise,Japan,2022-04-17 00:00:00.000000
2611,grace_h_86,Acme Corp,Enterprise,Japan,2025-05-10 00:00:00.000000
2612,alice_w_1979,Initech,Enterprise,Brazil,2022-05-10 00:00:00.000000
2613,charlie_k_2613,Stark Industries,Premium,United Kingdom,2022-03-10 00:00:00.000000
2614,henry.m_2614,Cyberdyne Systems,Enterprise,Singapore,2025-07-06 00:00:00.000000
2615,iris_p_2615,Umbrella Corp,Premium,India,2025-04-04 00:00:00.000000
2616,bob.smith_2616,Vehement Capital,Basic,Germany,2023-03-02 00:00:00.000000
2617,grace_h_2617,Initech,Basic,Japan,2024-08-30 00:00:00.000000
2618,charlie_k_2618,Initech,Free,France,2023-05-20 00:00:00.000000
2619,grace_h_2619,Wayne Enterprises,Basic,Japan,2022-12-19 00:00:00.000000
2620,iris_p_2620,Tyrell Corp,Premium,France,2023-01-17 00:00:00.000000
2621,alice_w_2621,Cyberdyne Systems,Free,Japan,2024-08-14 00:00:00.000000
2622,david.l_2622,Vehement Capital,Free,Unknown,2023-10-13 00:00:00.000000
2623,frank_g_2623,Stark Industries,Enterprise,Japan,2023-07-13 00:00:00.000000
2624,alice_w_2624,Cyberdyne Systems,Basic,India,2023-03-28 00:00:00.000000
2625,grace_h_2625,Acme Corp,Premium,France,2024-11-18 00:00:00.000000
2626,iris_p_2626,Tyrell Corp,Premium,Singapore,2025-01-19 00:00:00.000000
2627,henry.m_2627,Acme Corp,Enterprise,United States,2022-07-21 00:00:00.000000
2628,jack_r_2628,Tyrell Corp,Enterprise,Japan,2025-10-08 00:00:00.000000
2629,david.l_2629,Wayne Enterprises,Enterprise,India,2023-12-29 07:11:03.040791
2630,charlie_k_2630,Tyrell Corp,Basic,Japan,2022-09-18 00:00:00.000000
2631,bob.smith_2631,Initech,Premium,Brazil,2022-01-21 00:00:00.000000
2632,bob.smith_2632,Vehement Capital,Enterprise,United Kingdom,2023-09-10 00:00:00.000000
2633,henry.m_2633,Vehement Capital,Free,Germany,2025-08-11 00:00:00.000000
2634,frank_g_2634,Tyrell Corp,Premium,Australia,2023-02-21 00:00:00.000000
2635,jack_r_2635,Umbrella Corp,Premium,Canada,2023-01-07 00:00:00.000000
2636,henry.m_2636,Unknowm,Basic,Unknown,2024-02-19 00:00:00.000000
2637,grace_h_2637,Umbrella Corp,Free,Canada,2024-09-11 00:00:00.000000
2638,henry.m_2638,Vehement Capital,Basic,United States,2024-07-01 00:00:00.000000
2639,charlie_k_2639,Globex,Basic,United Kingdom,2022-01-15 00:00:00.000000
2640,iris_p_2640,Stark Industries,Enterprise,United States,2024-02-09 00:00:00.000000
2641,david.l_2641,Acme Corp,Basic,Brazil,2023-05-21 00:00:00.000000
2642,emma.v_2642,Acme Corp,Unknown,Singapore,2023-06-25 00:00:00.000000
2643,iris_p_2643,Hooli,Enterprise,India,2024-04-07 00:00:00.000000
2644,david.l_2644,Acme Corp,Enterprise,Singapore,2023-09-08 00:00:00.000000
2645,bob.smith_2645,Globex,Premium,United Kingdom,2024-03-04 00:00:00.000000
2646,alice_w_2646,Stark Industries,Premium,Canada,2025-11-24 00:00:00.000000
2647,emma.v_2647,Initech,Enterprise,Canada,2023-04-10 00:00:00.000000
2648,iris_p_2648,Stark Industries,Premium,India,2022-05-07 00:00:00.000000
2649,charlie_k_2649,Vehement Capital,Premium,France,2025-03-29 00:00:00.000000
2650,grace_h_2650,Wayne Enterprises,Premium,United States,2023-05-27 00:00:00.000000
2651,bob.smith_2651,Umbrella Corp,Basic,Australia,2024-04-15 00:00:00.000000
2652,henry.m_2652,Wayne Enterprises,Free,France,2025-03-13 00:00:00.000000
2653,bob.smith_2653,Unknowm,Free,Unknown,2022-07-28 00:00:00.000000
2654,bob.smith_2654,Vehement Capital,Enterprise,United States,2023-02-06 00:00:00.000000
2655,emma.v_2655,Acme Corp,Premium,Singapore,2025-07-16 00:00:00.000000
2656,jack_r_2656,Wayne Enterprises,Premium,Japan,2023-07-06 00:00:00.000000
2657,grace_h_2657,Wayne Enterprises,Premium,India,2023-12-01 00:00:00.000000
2658,josé_m_2658,Tyrell Corp,Premium,United States,2024-06-21 00:00:00.000000
2659,alice_w_2659,Hooli,Premium,Germany,2024-12-03 00:00:00.000000
2660,frank_g_2660,Initech,Free,Australia,2025-02-18 00:00:00.000000
2661,alice_w_2661,Stark Industries,Free,France,2025-07-14 00:00:00.000000
2662,grace_h_2662,Tyrell Corp,Basic,Brazil,2023-12-04 00:00:00.000000
2663,cléo.b_2663,Cyberdyne Systems,Premium,United Kingdom,2023-06-10 00:00:00.000000
2664,charlie_k_2664,Umbrella Corp,Premium,Australia,2024-10-13 00:00:00.000000
2665,henry.m_2665,Globex,Free,Germany,2023-05-16 00:00:00.000000
2666,henry.m_2666,Acme Corp,Enterprise,United States,2025-03-14 00:00:00.000000
2667,frank_g_2667,Acme Corp,Free,Singapore,2023-06-03 00:00:00.000000
2668,jack_r_2668,Tyrell Corp,Free,United Kingdom,2024-02-01 00:00:00.000000
2669,grace_h_208,Umbrella Corp,Enterprise,Germany,2022-10-12 00:00:00.000000
2670,emma.v_2670,Wayne Enterprises,Enterprise,Singapore,2023-03-14 00:00:00.000000
2671,iris_p_2671,Vehement Capital,Basic,United States,2025-03-20 00:00:00.000000
2672,jack_r_2672,Cyberdyne Systems,Free,Japan,2025-08-26 00:00:00.000000
2673,grace_h_2673,Cyberdyne Systems,Free,Australia,2023-08-07 00:00:00.000000
2674,alice_w_2674,Acme Corp,Enterprise,France,2022-06-18 00:00:00.000000
2675,bob.smith_2675,Vehement Capital,Basic,Japan,2024-08-18 00:00:00.000000
2676,grace_h_2676,Umbrella Corp,Premium,Australia,2024-01-01 00:00:00.000000
2677,charlie_k_2677,Cyberdyne Systems,Basic,India,2024-04-29 00:00:00.000000
2678,bob.smith_2678,Hooli,Premium,Germany,2022-06-29 00:00:00.000000
2679,david.l_2679,Initech,Premium,India,2024-03-08 00:00:00.000000
2680,bob.smith_2680,Tyrell Corp,Basic,Canada,2024-10-05 00:00:00.000000
2681,alice_w_2681,Stark Industries,Enterprise,Germany,2024-08-22 00:00:00.000000
2682,charlie_k_2682,Vehement Capital,Premium,United Kingdom,2025-10-28 00:00:00.000000
2683,frank_g_2683,Wayne Enterprises,Free,France,2025-03-01 00:00:00.000000
2684,renee_s_2684,Tyrell Corp,Free,India,2022-01-11 00:00:00.000000
2685,charlie_k_2685,Wayne Enterprises,Free,United States,2024-10-30 00:00:00.000000
2686,iris_p_2686,Vehement Capital,Enterprise,Japan,2025-08-22 00:00:00.000000
2687,iris_p_2687,Globex,Free,Germany,2025-08-19 00:00:00.000000
2688,emma.v_2688,Acme Corp,Free,Australia,2024-11-13 00:00:00.000000
2689,jack_r_2689,Umbrella Corp,Premium,Germany,2024-06-10 00:00:00.000000
2690,grace_h_2690,Tyrell Corp,Enterprise,Canada,2022-08-15 00:00:00.000000
2691,alice_w_2691,Umbrella Corp,Premium,India,2024-05-17 00:00:00.000000
2692,frank_g_2692,Globex,Free,Singapore,2023-12-04 00:00:00.000000
2693,alice_w_2693,Vehement Capital,Basic,Canada,2025-07-19 00:00:00.000000
2694,frank_g_2694,Acme Corp,Enterprise,United States,2024-11-02 00:00:00.000000
2695,charlie_k_2695,Umbrella Corp,Premium,United Kingdom,2024-03-11 00:00:00.000000
2696,david.l_2696,Hooli,Enterprise,Japan,2023-10-26 00:00:00.000000
2697,henry.m_2697,Globex,Enterprise,Canada,2022-01-04 00:00:00.000000
2698,bob.smith_2698,Cyberdyne Systems,Free,Canada,2023-08-06 00:00:00.000000
2699,frank_g_2699,Stark Industries,Enterprise,Japan,2022-01-02 00:00:00.000000
2700,bob.smith_2700,Globex,Premium,Japan,2022-03-02 00:00:00.000000
2701,grace_h_2701,Vehement Capital,Premium,Singapore,2023-12-29 07:11:03.040791
2702,charlie_k_2702,Globex,Free,Canada,2023-04-23 00:00:00.000000
2703,david.l_2703,Acme Corp,Basic,Canada,2022-09-28 00:00:00.000000
2704,emma.v_2704,Umbrella Corp,Free,France,2025-11-17 00:00:00.000000
2705,alice_w_2705,Umbrella Corp,Free,Canada,2022-01-31 00:00:00.000000
2706,iris_p_2706,Initech,Enterprise,Brazil,2024-08-23 00:00:00.000000
2707,bob.smith_2707,Wayne Enterprises,Free,United Kingdom,2022-07-29 00:00:00.000000
2708,jack_r_2708,Unknowm,Premium,France,2024-05-30 00:00:00.000000
2709,bob.smith_2709,Tyrell Corp,Enterprise,India,2023-09-08 00:00:00.000000
2710,alice_w_2710,Umbrella Corp,Basic,Singapore,2023-08-18 00:00:00.000000
2711,david.l_2711,Wayne Enterprises,Enterprise,Germany,2022-04-23 00:00:00.000000
2712,emma.v_2688,Wayne Enterprises,Premium,Australia,2025-04-15 00:00:00.000000
2713,iris_p_2713,Stark Industries,Enterprise,Singapore,2024-09-14 00:00:00.000000
2714,david.l_2714,Umbrella Corp,Corporate,Singapore,2022-02-12 00:00:00.000000
2715,bob.smith_2715,Cyberdyne Systems,Enterprise,France,2023-08-18 00:00:00.000000
2716,henry.m_2716,Cyberdyne Systems,Premium,India,2023-08-31 00:00:00.000000
2717,alice_w_2717,Globex,Enterprise,United States,2024-12-27 00:00:00.000000
2718,emma.v_2718,Umbrella Corp,Enterprise,France,2024-08-16 00:00:00.000000
2719,jack_r_2719,Stark Industries,Premium,France,2023-03-21 00:00:00.000000
2720,grace_h_2720,Umbrella Corp,Free,United Kingdom,2025-05-18 00:00:00.000000
2721,iris_p_2721,Cyberdyne Systems,Basic,Brazil,2024-01-11 00:00:00.000000
2722,frank_g_2722,Stark Industries,Enterprise,Brazil,2023-12-29 07:11:03.040791
2723,grace_h_2723,Stark Industries,Enterprise,Germany,2025-03-05 00:00:00.000000
2724,iris_p_2724,Hooli,Enterprise,Canada,2025-05-13 00:00:00.000000
2725,grace_h_2725,Vehement Capital,Premium,Japan,2024-02-03 00:00:00.000000
2726,grace_h_2726,Wayne Enterprises,Premium,France,2023-05-05 00:00:00.000000
2727,frank_g_2727,Wayne Enterprises,Basic,France,2024-07-27 00:00:00.000000
2728,frank_g_2728,Umbrella Corp,Premium,Germany,2024-02-28 00:00:00.000000
2729,bob.smith_2729,Hooli,Premium,United Kingdom,2022-12-05 00:00:00.000000
2730,charlie_k_2730,Tyrell Corp,Basic,India,2024-09-08 00:00:00.000000
2731,alice_w_2731,Tyrell Corp,Basic,Germany,2023-01-12 00:00:00.000000
2732,iris_p_2732,Tyrell Corp,Enterprise,France,2025-10-14 00:00:00.000000
2733,frank_g_2733,Tyrell Corp,Basic,Japan,2024-08-06 00:00:00.000000
2734,grace_h_2734,Tyrell Corp,Premium,India,2023-04-23 00:00:00.000000
2735,iris_p_2735,Acme Corp,Premium,Canada,2024-06-23 00:00:00.000000
2736,alice_w_2736,Acme Corp,Enterprise,Singapore,2025-07-05 00:00:00.000000
2737,jack_r_2737,Wayne Enterprises,Basic,Canada,2025-07-25 00:00:00.000000
2738,david.l_2738,Umbrella Corp,Premium,Germany,2025-08-26 00:00:00.000000
2739,jack_r_2739,Umbrella Corp,Enterprise,United Kingdom,2023-01-21 00:00:00.000000
2740,grace_h_2740,Acme Corp,Unknown,Australia,2024-11-24 00:00:00.000000
2741,grace_h_2741,Hooli,Enterprise,Singapore,2025-01-27 00:00:00.000000
2742,emma.v_2742,Wayne Enterprises,Basic,Australia,2025-02-10 00:00:00.000000
2743,jack_r_2743,Wayne Enterprises,Enterprise,Germany,2022-01-12 00:00:00.000000
2744,iris_p_2744,Stark Industries,Free,Singapore,2023-12-03 00:00:00.000000
2745,charlie_k_2745,Cyberdyne Systems,Enterprise,Japan,2022-10-27 00:00:00.000000
2746,alice_w_2746,Initech,Basic,United Kingdom,2025-02-13 00:00:00.000000
2747,alice_w_2747,Initech,Basic,United Kingdom,2025-12-09 00:00:00.000000
2748,charlie_k_2748,Cyberdyne Systems,Enterprise,United Kingdom,2025-09-28 00:00:00.000000
2749,charlie_k_2749,Cyberdyne Systems,Basic,Australia,2024-07-23 00:00:00.000000
2750,grace_h_2750,Wayne Enterprises,Free,France,2022-05-05 00:00:00.000000
2751,alice_w_2751,Unknowm,Premium,Japan,2024-05-06 00:00:00.000000
2752,frank_g_2752,Wayne Enterprises,Basic,France,2023-07-08 00:00:00.000000
2753,iris_p_2753,Stark Industries,Free,France,2022-10-20 00:00:00.000000
2754,jack_r_1431,Hooli,Premium,Canada,2022-01-28 00:00:00.000000
2755,charlie_k_2755,Cyberdyne Systems,Enterprise,Germany,2022-09-04 00:00:00.000000
2756,charlie_k_2756,Hooli,Premium,India,2025-01-28 00:00:00.000000
2757,emma.v_2757,Tyrell Corp,Free,United Kingdom,2023-03-31 00:00:00.000000
2758,emma.v_2758,Initech,Premium,Brazil,2025-04-09 00:00:00.000000
2759,charlie_k_2759,Wayne Enterprises,Basic,Brazil,2022-12-13 00:00:00.000000
2760,grace_h_2760,Initech,Basic,Australia,2024-02-29 00:00:00.000000
2761,alice_w_2761,Umbrella Corp,Premium,Australia,2022-11-09 00:00:00.000000
2762,cléo.b_2762,Acme Corp,Free,Germany,2022-06-04 00:00:00.000000
2763,emma.v_2763,Unknowm,Free,Australia,2022-05-01 00:00:00.000000
2764,emma.v_2764,Tyrell Corp,Enterprise,Brazil,2023-12-22 00:00:00.000000
2765,emma.v_2765,Vehement Capital,Free,Singapore,2024-06-19 00:00:00.000000
2766,alice_w_2766,Acme Corp,Premium,Unknown,2024-08-10 00:00:00.000000
2767,bob.smith_2767,Umbrella Corp,Free,Australia,2024-12-07 00:00:00.000000
2768,jack_r_2768,Hooli,Premium,France,2025-11-01 00:00:00.000000
2769,charlie_k_2769,Vehement Capital,Basic,Germany,2025-10-26 00:00:00.000000
2770,david.l_2770,Umbrella Corp,Premium,United Kingdom,2025-05-12 00:00:00.000000
2771,iris_p_2771,Hooli,Basic,Unknown,2022-09-06 00:00:00.000000
2772,bob.smith_2772,Umbrella Corp,Free,Brazil,2023-04-18 00:00:00.000000
2773,jack_r_2773,Hooli,Premium,Germany,2024-03-22 00:00:00.000000
2774,emma.v_2774,Tyrell Corp,Premium,Germany,2024-01-27 00:00:00.000000
2775,bob.smith_2775,Unknowm,Enterprise,Unknown,2025-09-19 00:00:00.000000
2776,josé_m_2776,Vehement Capital,Premium,Germany,2025-04-07 00:00:00.000000
2777,henry.m_2777,Globex,Basic,Australia,2024-12-09 00:00:00.000000
2778,grace_h_2778,Stark Industries,Premium,Brazil,2022-09-12 00:00:00.000000
2779,frank_g_2779,Wayne Enterprises,Free,Japan,2023-12-29 07:11:03.040791
2780,emma.v_2780,Tyrell Corp,Basic,France,2025-11-30 00:00:00.000000
2781,david.l_2781,Cyberdyne Systems,Enterprise,India,2022-05-31 00:00:00.000000
2782,alice_w_2782,Cyberdyne Systems,Premium,United States,2025-10-05 00:00:00.000000
2783,david.l_2783,Stark Industries,Basic,United States,2022-06-22 00:00:00.000000
2784,bob.smith_2784,Cyberdyne Systems,Free,India,2022-03-05 00:00:00.000000
2785,david.l_2785,Initech,Enterprise,India,2025-05-10 00:00:00.000000
2786,frank_g_2786,Umbrella Corp,Enterprise,United States,2023-07-09 00:00:00.000000
2787,iris_p_2787,Wayne Enterprises,Free,Canada,2024-06-25 00:00:00.000000
2788,jack_r_2788,Initech,Free,United Kingdom,2025-09-30 00:00:00.000000
2789,david.l_2789,Acme Corp,Premium,Canada,2022-07-20 00:00:00.000000
2790,henry.m_2790,Cyberdyne Systems,Premium,India,2024-06-11 00:00:00.000000
2791,bob.smith_2791,Umbrella Corp,Basic,Brazil,2023-06-27 00:00:00.000000
2792,david.l_2792,Hooli,Basic,Brazil,2023-11-30 00:00:00.000000
2793,david.l_2793,Tyrell Corp,Premium,United Kingdom,2025-05-16 00:00:00.000000
2794,alice_w_2794,Unknowm,Unknown,Brazil,2024-09-01 00:00:00.000000
2795,frank_g_2795,Hooli,Basic,Germany,2024-08-29 00:00:00.000000
2796,alice_w_2796,Acme Corp,Basic,Singapore,2022-03-12 00:00:00.000000
2797,jack_r_2797,Cyberdyne Systems,Basic,United Kingdom,2025-05-13 00:00:00.000000
2798,emma.v_2798,Tyrell Corp,Basic,Brazil,2024-11-27 00:00:00.000000
2799,david.l_2799,Stark Industries,Free,Japan,2023-08-02 00:00:00.000000
2800,iris_p_2800,Globex,Free,United States,2023-01-25 00:00:00.000000
2801,grace_h_2801,Acme Corp,Premium,Brazil,2025-11-26 00:00:00.000000
2802,charlie_k_2802,Umbrella Corp,Premium,Singapore,2025-06-10 00:00:00.000000
2803,frank_g_2803,Wayne Enterprises,Enterprise,United Kingdom,2025-01-09 00:00:00.000000
2804,bob.smith_2804,Hooli,Basic,India,2022-08-08 00:00:00.000000
2805,jack_r_2805,Hooli,Premium,Brazil,2022-09-01 00:00:00.000000
2806,alice_w_2806,Globex,Premium,Germany,2023-07-29 00:00:00.000000
2807,emma.v_2807,Unknowm,Unknown,Brazil,2025-03-05 00:00:00.000000
2808,grace_h_2808,Umbrella Corp,Enterprise,France,2022-06-06 00:00:00.000000
2809,grace_h_2809,Tyrell Corp,Premium,United Kingdom,2022-06-29 00:00:00.000000
2810,alice_w_2810,Wayne Enterprises,Enterprise,Brazil,2022-04-11 00:00:00.000000
2811,henry.m_2811,Wayne Enterprises,Basic,India,2023-05-15 00:00:00.000000
2812,emma.v_2812,Umbrella Corp,Enterprise,Germany,2024-12-01 00:00:00.000000
2813,emma.v_2813,Globex,Basic,United Kingdom,2023-06-14 00:00:00.000000
2814,frank_g_2814,Wayne Enterprises,Basic,France,2023-12-29 07:11:03.040791
2815,jack_r_2815,Wayne Enterprises,Premium,United Kingdom,2023-06-15 00:00:00.000000
2816,henry.m_2816,Stark Industries,Basic,Canada,2023-02-11 00:00:00.000000
2817,alice_w_2817,Wayne Enterprises,Enterprise,Singapore,2023-10-10 00:00:00.000000
2818,grace_h_2818,Wayne Enterprises,Free,Canada,2024-12-23 00:00:00.000000
2819,bob.smith_2819,Acme Corp,Enterprise,India,2022-10-04 00:00:00.000000
2820,alice_w_2820,Unknowm,Free,Canada,2024-06-10 00:00:00.000000
2821,henry.m_2821,Globex,Premium,United Kingdom,2022-02-17 00:00:00.000000
2822,emma.v_2822,Vehement Capital,Free,Brazil,2024-08-16 00:00:00.000000
2823,david.l_2823,Acme Corp,Basic,Canada,2024-06-15 00:00:00.000000
2824,iris_p_2824,Hooli,Free,Singapore,2025-10-08 00:00:00.000000
2825,emma.v_2825,Initech,Basic,France,2025-12-18 00:00:00.000000
2826,henry.m_2826,Globex,Basic,India,2024-12-05 00:00:00.000000
2827,bob.smith_2827,Vehement Capital,Free,United States,2023-04-06 00:00:00.000000
2828,david.l_2828,Acme Corp,Premium,United Kingdom,2025-01-07 00:00:00.000000
2829,jack_r_2829,Wayne Enterprises,Basic,Brazil,2024-12-18 00:00:00.000000
2830,jack_r_2830,Initech,Free,Unknown,2023-06-11 00:00:00.000000
2831,david.l_2831,Vehement Capital,Basic,Germany,2023-12-29 07:11:03.040791
2832,bob.smith_2832,Tyrell Corp,Free,Germany,2024-02-26 00:00:00.000000
2833,henry.m_2833,Hooli,Free,Unknown,2023-06-18 00:00:00.000000
2834,iris_p_2834,Tyrell Corp,Premium,India,2023-04-20 00:00:00.000000
2835,grace_h_2835,Initech,Basic,Singapore,2024-08-08 00:00:00.000000
2836,frank_g_2836,Stark Industries,Free,United Kingdom,2024-12-16 00:00:00.000000
2837,jack_r_2837,Initech,Basic,Australia,2025-01-01 00:00:00.000000
2838,alice_w_2838,Umbrella Corp,Basic,Germany,2022-10-09 00:00:00.000000
2839,henry.m_2839,Wayne Enterprises,Premium,Brazil,2022-01-14 00:00:00.000000
2840,jack_r_2840,Wayne Enterprises,Free,Australia,2023-12-29 07:11:03.040791
2841,iris_p_2841,Hooli,Enterprise,France,2023-12-29 07:11:03.040791
2842,david.l_2842,Stark Industries,Free,Germany,2025-12-29 00:00:00.000000
2843,bob.smith_2843,Tyrell Corp,Free,United Kingdom,2022-11-29 00:00:00.000000
2844,iris_p_2844,Vehement Capital,Premium,United States,2025-04-24 00:00:00.000000
2845,renee_s_2845,Wayne Enterprises,Enterprise,United States,2024-09-05 00:00:00.000000
2846,charlie_k_2846,Acme Corp,Basic,India,2022-09-23 00:00:00.000000
2847,bob.smith_2847,Stark Industries,Enterprise,Canada,2024-08-10 00:00:00.000000
2848,bob.smith_2848,Acme Corp,Enterprise,Singapore,2023-10-28 00:00:00.000000
2849,iris_p_2849,Vehement Capital,Free,France,2023-08-08 00:00:00.000000
2850,henry.m_2850,Globex,Premium,Canada,2025-08-18 00:00:00.000000
2851,iris_p_2275,Wayne Enterprises,Basic,Japan,2023-05-19 00:00:00.000000
2852,emma.v_791,Umbrella Corp,Free,Brazil,2022-03-02 00:00:00.000000
2853,henry.m_2853,Wayne Enterprises,Enterprise,Germany,2023-05-15 00:00:00.000000
2854,alice_w_2854,Vehement Capital,Enterprise,Brazil,2023-10-29 00:00:00.000000
2855,bob.smith_2855,Wayne Enterprises,Basic,Australia,2025-03-07 00:00:00.000000
2856,bob.smith_2856,Acme Corp,Free,United Kingdom,2025-06-14 00:00:00.000000
2857,david.l_2857,Initech,Enterprise,United States,2025-05-10 00:00:00.000000
2858,henry.m_2858,Vehement Capital,Unknown,Australia,2022-01-19 00:00:00.000000
2859,charlie_k_2859,Cyberdyne Systems,Premium,France,2023-06-14 00:00:00.000000
2860,bob.smith_2860,Wayne Enterprises,Basic,Germany,2022-06-26 00:00:00.000000
2861,alice_w_2861,Stark Industries,Free,United States,2024-11-18 00:00:00.000000
2862,müller_a_2862,Initech,Enterprise,United Kingdom,2024-07-29 00:00:00.000000
2863,iris_p_2863,Unknowm,Enterprise,Japan,2024-05-29 00:00:00.000000
2864,david.l_2864,Initech,Basic,France,2025-06-04 00:00:00.000000
2865,alice_w_2865,Umbrella Corp,Enterprise,Brazil,2022-03-15 00:00:00.000000
2866,bob.smith_2866,Umbrella Corp,Enterprise,Australia,2025-09-23 00:00:00.000000
2867,charlie_k_2867,Stark Industries,Enterprise,France,2025-01-31 00:00:00.000000
2868,david.l_2868,Tyrell Corp,Unknown,France,2025-12-09 00:00:00.000000
2869,david.l_2869,Globex,Premium,Japan,2022-09-19 00:00:00.000000
2870,david.l_2870,Hooli,Free,Brazil,2025-07-17 00:00:00.000000
2871,emma.v_2871,Umbrella Corp,Free,France,2022-02-27 00:00:00.000000
2872,iris_p_2872,Unknowm,Free,India,2023-01-01 00:00:00.000000
2873,bob.smith_2873,Tyrell Corp,Enterprise,India,2024-01-21 00:00:00.000000
2874,frank_g_2874,Hooli,Free,Brazil,2022-10-24 00:00:00.000000
2875,henry.m_2875,Stark Industries,Basic,Brazil,2022-11-20 00:00:00.000000
2876,alice_w_2876,Acme Corp,Premium,United States,2025-12-12 00:00:00.000000
2877,david.l_2877,Stark Industries,Basic,Japan,2023-12-29 07:11:03.040791
2878,charlie_k_2878,Hooli,Enterprise,Japan,2025-08-19 00:00:00.000000
2879,iris_p_2879,Globex,Basic,Brazil,2025-03-10 00:00:00.000000
2880,david.l_2880,Vehement Capital,Enterprise,France,2025-02-03 00:00:00.000000
2881,charlie_k_2881,Unknowm,Free,Singapore,2023-10-20 00:00:00.000000
2882,bob.smith_2882,Stark Industries,Premium,United States,2025-04-23 00:00:00.000000
2883,iris_p_2883,Hooli,Enterprise,India,2022-05-15 00:00:00.000000
2884,frank_g_2884,Umbrella Corp,Free,Japan,2025-04-30 00:00:00.000000
2885,jack_r_2885,Hooli,Enterprise,France,2025-08-17 00:00:00.000000
2886,grace_h_2886,Wayne Enterprises,Enterprise,United States,2022-05-09 00:00:00.000000
2887,david.l_2887,Hooli,Enterprise,United States,2023-02-22 00:00:00.000000
2888,grace_h_2888,Hooli,Basic,United Kingdom,2022-06-17 00:00:00.000000
2889,alice_w_2889,Globex,Basic,Australia,2022-03-18 00:00:00.000000
2890,david.l_2890,Acme Corp,Enterprise,India,2023-05-31 00:00:00.000000
2891,bob.smith_2891,Acme Corp,Premium,Brazil,2025-05-06 00:00:00.000000
2892,henry.m_2892,Globex,Free,India,2022-09-21 00:00:00.000000
2893,charlie_k_2893,Globex,Free,Australia,2025-02-21 00:00:00.000000
2894,iris_p_2894,Globex,Basic,France,2022-12-05 00:00:00.000000
2895,charlie_k_2895,Initech,Basic,Brazil,2025-01-30 00:00:00.000000
2896,grace_h_2896,Initech,Enterprise,Brazil,2023-02-26 00:00:00.000000
2897,bob.smith_1617,Acme Corp,Enterprise,Germany,2025-07-11 00:00:00.000000
2898,grace_h_2898,Stark Industries,Enterprise,Japan,2023-07-20 00:00:00.000000
2899,grace_h_2899,Stark Industries,Basic,Australia,2023-07-27 00:00:00.000000
2900,jack_r_2900,Cyberdyne Systems,Unknown,India,2023-08-21 00:00:00.000000
2901,bob.smith_2901,Globex,Premium,India,2023-09-26 00:00:00.000000
2902,emma.v_2902,Acme Corp,Free,Singapore,2022-04-11 00:00:00.000000
2903,david.l_2903,Tyrell Corp,Basic,Germany,2025-01-19 00:00:00.000000
2904,jack_r_2904,Initech,Premium,United States,2025-05-05 00:00:00.000000
2905,henry.m_2905,Stark Industries,Premium,United Kingdom,2022-10-01 00:00:00.000000
2906,henry.m_2906,Wayne Enterprises,Basic,France,2024-10-08 00:00:00.000000
2907,henry.m_2907,Cyberdyne Systems,Basic,France,2024-07-22 00:00:00.000000
2908,grace_h_2908,Globex,Basic,Canada,2022-02-21 00:00:00.000000
2909,grace_h_2909,Wayne Enterprises,Basic,Japan,2025-05-30 00:00:00.000000
2910,frank_g_2910,Globex,Basic,France,2024-05-04 00:00:00.000000
2911,grace_h_2911,Initech,Free,United Kingdom,2023-07-19 00:00:00.000000
2912,iris_p_2912,Tyrell Corp,Basic,Germany,2023-05-27 00:00:00.000000
2913,frank_g_2913,Tyrell Corp,Basic,India,2025-10-06 00:00:00.000000
2914,bob.smith_2914,Umbrella Corp,Enterprise,India,2023-08-10 00:00:00.000000
2915,alice_w_2915,Initech,Basic,Canada,2025-09-04 00:00:00.000000
2916,alice_w_2916,Wayne Enterprises,Premium,United Kingdom,2023-03-08 00:00:00.000000
2917,david.l_2917,Vehement Capital,Basic,Singapore,2022-08-21 00:00:00.000000
2918,david.l_2918,Acme Corp,Free,France,2023-12-29 07:11:03.040791
2919,jack_r_2919,Initech,Enterprise,France,2022-10-04 00:00:00.000000
2920,iris_p_491,Globex,Enterprise,United States,2023-11-26 00:00:00.000000
2921,emma.v_2921,Acme Corp,Enterprise,Australia,2023-08-11 00:00:00.000000
2922,alice_w_2922,Globex,Basic,United Kingdom,2023-01-21 00:00:00.000000
2923,henry.m_2923,Cyberdyne Systems,Free,France,2024-09-14 00:00:00.000000
2924,iris_p_2924,Wayne Enterprises,Basic,United Kingdom,2024-05-04 00:00:00.000000
2925,grace_h_2925,Umbrella Corp,Premium,Japan,2025-07-29 00:00:00.000000
2926,henry.m_2926,Wayne Enterprises,Premium,Brazil,2025-07-18 00:00:00.000000
2927,henry.m_2927,Wayne Enterprises,Premium,Singapore,2024-01-09 00:00:00.000000
2928,grace_h_2928,Acme Corp,Basic,Australia,2024-01-15 00:00:00.000000
2929,iris_p_2929,Initech,Standard,United Kingdom,2025-08-25 00:00:00.000000
2930,frank_g_2930,Stark Industries,Enterprise,Germany,2025-05-26 00:00:00.000000
2931,jack_r_2931,Acme Corp,Basic,United Kingdom,2023-02-18 00:00:00.000000
2932,grace_h_2932,Initech,Basic,United States,2025-10-24 00:00:00.000000
2933,bob.smith_2933,Acme Corp,Basic,Japan,2023-11-11 00:00:00.000000
2934,henry.m_2934,Stark Industries,Free,France,2023-06-08 00:00:00.000000
2935,bob.smith_2935,Hooli,Premium,France,2022-01-09 00:00:00.000000
2936,henry.m_2936,Umbrella Corp,Premium,Germany,2024-07-19 00:00:00.000000
2937,emma.v_2937,Tyrell Corp,Basic,India,2025-08-19 00:00:00.000000
2938,frank_g_2055,Hooli,Enterprise,France,2023-12-10 00:00:00.000000
2939,emma.v_2939,Initech,Premium,France,2024-07-06 00:00:00.000000
2940,alice_w_2940,Umbrella Corp,Basic,India,2022-07-10 00:00:00.000000
2941,iris_p_2941,Initech,Free,Singapore,2022-12-01 00:00:00.000000
2942,jack_r_2942,Tyrell Corp,Free,Canada,2023-08-07 00:00:00.000000
2943,alice_w_2943,Cyberdyne Systems,Basic,Australia,2024-04-05 00:00:00.000000
2944,jean-luc_2944,Cyberdyne Systems,Basic,Germany,2023-09-15 00:00:00.000000
2945,bob.smith_2945,Cyberdyne Systems,Premium,Japan,2023-06-24 00:00:00.000000
2946,henry.m_2946,Tyrell Corp,Free,India,2024-05-30 00:00:00.000000
2947,henry.m_2947,Wayne Enterprises,Enterprise,India,2023-02-11 00:00:00.000000
2948,charlie_k_2948,Globex,Basic,India,2024-10-02 00:00:00.000000
2949,renee_s_2949,Initech,Basic,Unknown,2025-09-17 00:00:00.000000
2950,charlie_k_2950,Globex,Free,France,2025-01-30 00:00:00.000000
2951,david.l_2951,Acme Corp,Free,United States,2025-07-09 00:00:00.000000
2952,frank_g_2952,Hooli,Free,Canada,2023-12-29 07:11:03.040791
2953,grace_h_2953,Vehement Capital,Enterprise,Singapore,2022-04-10 00:00:00.000000
2954,jack_r_2954,Globex,Basic,Germany,2023-09-12 00:00:00.000000
2955,bob.smith_2955,Tyrell Corp,Enterprise,Brazil,2023-08-08 00:00:00.000000
2956,emma.v_2956,Wayne Enterprises,Enterprise,Japan,2023-08-24 00:00:00.000000
2957,david.l_2957,Hooli,Free,United Kingdom,2024-04-22 00:00:00.000000
2958,cléo.b_2958,Unknowm,Enterprise,Germany,2023-01-06 00:00:00.000000
2959,alice_w_2959,Initech,Premium,United States,2023-12-29 07:11:03.040791
2960,grace_h_2960,Globex,Enterprise,United Kingdom,2022-01-14 00:00:00.000000
2961,henry.m_2961,Hooli,Enterprise,Brazil,2022-12-29 00:00:00.000000
2962,alice_w_2962,Initech,Premium,Unknown,2022-09-20 00:00:00.000000
2963,emma.v_2963,Unknowm,Basic,India,2025-05-08 00:00:00.000000
2964,alice_w_2964,Globex,Premium,India,2025-02-03 00:00:00.000000
2965,alice_w_2965,Acme Corp,Enterprise,United Kingdom,2023-12-29 07:11:03.040791
2966,jack_r_2966,Hooli,Basic,India,2023-03-17 00:00:00.000000
2967,müller_a_2967,Wayne Enterprises,Enterprise,Singapore,2022-04-25 00:00:00.000000
2968,bob.smith_2968,Unknowm,Enterprise,United Kingdom,2023-02-28 00:00:00.000000
2969,jack_r_2969,Wayne Enterprises,Basic,Japan,2022-04-17 00:00:00.000000
2970,grace_h_2970,Initech,Basic,United Kingdom,2023-01-29 00:00:00.000000
2971,iris_p_2971,Umbrella Corp,Premium,Australia,2025-08-06 00:00:00.000000
2972,grace_h_2972,Vehement Capital,Free,Brazil,2024-11-02 00:00:00.000000
2973,iris_p_2973,Hooli,Premium,India,2025-08-18 00:00:00.000000
2974,jack_r_2974,Wayne Enterprises,Premium,France,2025-12-16 00:00:00.000000
2975,henry.m_2975,Initech,Basic,Canada,2023-11-30 00:00:00.000000
2976,iris_p_2976,Hooli,Basic,United States,2024-01-15 00:00:00.000000
2977,henry.m_2977,Umbrella Corp,Basic,Japan,2023-12-29 07:11:03.040791
2978,alice_w_2978,Hooli,Premium,United Kingdom,2023-06-15 00:00:00.000000
2979,alice_w_2979,Wayne Enterprises,Free,Canada,2023-03-07 00:00:00.000000
2980,iris_p_2980,Initech,Basic,United States,2023-12-29 07:11:03.040791
2981,henry.m_2981,Wayne Enterprises,Enterprise,United States,2024-01-21 00:00:00.000000
2982,grace_h_2982,Tyrell Corp,Free,Canada,2023-01-27 00:00:00.000000
2983,alice_w_2983,Hooli,Enterprise,United States,2023-06-19 00:00:00.000000
2984,iris_p_2984,Vehement Capital,Enterprise,Australia,2022-07-21 00:00:00.000000
2985,alice_w_2985,Stark Industries,Basic,Australia,2023-11-18 00:00:00.000000
2986,iris_p_2986,Unknowm,Free,Japan,2023-08-11 00:00:00.000000
2987,iris_p_2987,Cyberdyne Systems,Premium,Singapore,2022-10-18 00:00:00.000000
2988,henry.m_2988,Hooli,Enterprise,Germany,2023-03-15 00:00:00.000000
2989,jack_r_2989,Hooli,Premium,Germany,2022-12-26 00:00:00.000000
2990,emma.v_2990,Stark Industries,Basic,India,2024-05-19 00:00:00.000000
2991,david.l_2991,Cyberdyne Systems,Enterprise,Japan,2022-11-07 00:00:00.000000
2992,bob.smith_2992,Stark Industries,Premium,India,2022-10-07 00:00:00.000000
2993,jack_r_2993,Umbrella Corp,Premium,Brazil,2023-05-09 00:00:00.000000
2994,grace_h_2994,Cyberdyne Systems,Free,India,2022-12-23 00:00:00.000000
2995,jack_r_2995,Cyberdyne Systems,Enterprise,Germany,2023-06-29 00:00:00.000000
2996,david.l_2996,Initech,Basic,United States,2024-01-08 00:00:00.000000
2997,iris_p_2997,Tyrell Corp,Basic,France,2024-06-17 00:00:00.000000
2998,henry.m_2998,Initech,Premium,Germany,2023-01-09 00:00:00.000000
2999,charlie_k_2999,Stark Industries,Premium,United States,2022-05-17 00:00:00.000000
3000,frank_g_3000,Acme Corp,Free,Germany,2022-11-27 00:00:00.000000
3001,frank_g_3001,Globex,Basic,Australia,2022-07-18 00:00:00.000000
3002,iris_p_1823,Cyberdyne Systems,Enterprise,Germany,2022-06-25 00:00:00.000000
3003,bob.smith_3003,Tyrell Corp,Premium,United States,2024-03-13 00:00:00.000000
3004,david.l_3004,Umbrella Corp,Enterprise,Japan,2022-09-30 00:00:00.000000
3005,david.l_3005,Wayne Enterprises,Premium,France,2022-11-15 00:00:00.000000
3006,frank_g_3006,Hooli,Premium,Australia,2023-07-12 00:00:00.000000
3007,henry.m_3007,Wayne Enterprises,Enterprise,Japan,2025-09-30 00:00:00.000000
3008,charlie_k_3008,Stark Industries,Free,France,2023-02-07 00:00:00.000000
3009,alice_w_3009,Initech,Enterprise,Japan,2023-05-08 00:00:00.000000
3010,alice_w_3010,Acme Corp,Free,Japan,2023-12-19 00:00:00.000000
3011,henry.m_3011,Initech,Corporate,India,2025-08-18 00:00:00.000000
3012,david.l_3012,Hooli,Premium,France,2023-02-24 00:00:00.000000
3013,grace_h_3013,Stark Industries,Basic,India,2024-02-10 00:00:00.000000
3014,emma.v_3014,Hooli,Enterprise,United States,2025-04-04 00:00:00.000000
3015,charlie_k_3015,Wayne Enterprises,Free,Germany,2024-05-10 00:00:00.000000
3016,charlie_k_3016,Globex,Premium,Germany,2025-11-03 00:00:00.000000
3017,renee_s_3017,Tyrell Corp,Basic,United States,2025-05-13 00:00:00.000000
3018,frank_g_3018,Globex,Unknown,Unknown,2023-12-05 00:00:00.000000
3019,henry.m_3019,Hooli,Free,France,2023-06-23 00:00:00.000000
3020,grace_h_3020,Wayne Enterprises,Premium,United Kingdom,2025-04-13 00:00:00.000000
3021,jack_r_3021,Globex,Enterprise,Singapore,2022-04-12 00:00:00.000000
3022,bob.smith_3022,Tyrell Corp,Basic,United Kingdom,2025-01-03 00:00:00.000000
3023,frank_g_3023,Globex,Free,India,2024-01-18 00:00:00.000000
3024,emma.v_3024,Wayne Enterprises,Free,United Kingdom,2024-11-07 00:00:00.000000
3025,charlie_k_3025,Wayne Enterprises,Premium,Canada,2022-06-21 00:00:00.000000
3026,frank_g_3026,Wayne Enterprises,Premium,India,2024-06-24 00:00:00.000000
3027,jack_r_3027,Acme Corp,Basic,United States,2022-12-14 00:00:00.000000
3028,cléo.b_3028,Stark Industries,Free,United Kingdom,2025-12-02 00:00:00.000000
3029,jack_r_3029,Initech,Basic,Japan,2022-12-04 00:00:00.000000
3030,müller_a_3030,Vehement Capital,Free,Canada,2024-09-23 00:00:00.000000
3031,jack_r_3031,Hooli,Basic,Singapore,2022-08-29 00:00:00.000000
3032,müller_a_3032,Wayne Enterprises,Enterprise,Germany,2023-11-01 00:00:00.000000
3033,alice_w_3033,Wayne Enterprises,Free,Singapore,2022-09-08 00:00:00.000000
3034,alice_w_3034,Tyrell Corp,Free,United Kingdom,2023-04-19 00:00:00.000000
3035,frank_g_3035,Hooli,Enterprise,Australia,2023-12-29 07:11:03.040791
3036,grace_h_3036,Umbrella Corp,Basic,France,2023-12-05 00:00:00.000000
3037,emma.v_3037,Stark Industries,Basic,Singapore,2022-12-21 00:00:00.000000
3038,grace_h_3038,Globex,Enterprise,Japan,2024-08-06 00:00:00.000000
3039,grace_h_3039,Stark Industries,Enterprise,Germany,2022-10-30 00:00:00.000000
3040,iris_p_3040,Umbrella Corp,Unknown,United Kingdom,2024-09-18 00:00:00.000000
3041,charlie_k_3041,Hooli,Free,Canada,2022-06-10 00:00:00.000000
3042,jack_r_3042,Hooli,Basic,Brazil,2025-01-05 00:00:00.000000
3043,emma.v_3043,Initech,Free,France,2023-12-02 00:00:00.000000
3044,david.l_3044,Umbrella Corp,Premium,Australia,2023-09-01 00:00:00.000000
3045,frank_g_3045,Umbrella Corp,Enterprise,United Kingdom,2023-03-23 00:00:00.000000
3046,grace_h_3046,Stark Industries,Basic,Germany,2023-08-04 00:00:00.000000
3047,david.l_3047,Acme Corp,Premium,Brazil,2023-12-20 00:00:00.000000
3048,jack_r_3048,Acme Corp,Free,Brazil,2023-08-06 00:00:00.000000
3049,emma.v_3049,Stark Industries,Basic,France,2025-09-02 00:00:00.000000
3050,grace_h_3050,Cyberdyne Systems,Premium,Japan,2022-05-05 00:00:00.000000
3051,iris_p_3051,Cyberdyne Systems,Free,Singapore,2023-05-02 00:00:00.000000
3052,jack_r_3052,Unknowm,Enterprise,Singapore,2024-09-28 00:00:00.000000
3053,grace_h_3053,Vehement Capital,Free,Singapore,2023-08-13 00:00:00.000000
3054,frank_g_3054,Globex,Free,Brazil,2024-08-11 00:00:00.000000
3055,cléo.b_3055,Wayne Enterprises,Premium,India,2022-12-24 00:00:00.000000
3056,jack_r_3056,Stark Industries,Free,Australia,2024-03-25 00:00:00.000000
3057,david.l_3057,Vehement Capital,Unknown,Singapore,2024-03-11 00:00:00.000000
3058,frank_g_3058,Wayne Enterprises,Free,Brazil,2025-02-16 00:00:00.000000
3059,iris_p_3059,Initech,Basic,Japan,2022-01-04 00:00:00.000000
3060,frank_g_3060,Vehement Capital,Basic,Brazil,2025-06-24 00:00:00.000000
3061,emma.v_3061,Hooli,Free,India,2022-10-10 00:00:00.000000
3062,david.l_3062,Cyberdyne Systems,Premium,Australia,2022-06-01 00:00:00.000000
3063,alice_w_3063,Umbrella Corp,Standard,Canada,2025-06-30 00:00:00.000000
3064,jack_r_3064,Stark Industries,Free,Brazil,2022-05-07 00:00:00.000000
3065,bob.smith_2632,Vehement Capital,Basic,United States,2023-12-02 00:00:00.000000
3066,grace_h_3066,Wayne Enterprises,Enterprise,France,2024-06-28 00:00:00.000000
3067,emma.v_3067,Umbrella Corp,Free,United States,2025-01-07 00:00:00.000000
3068,grace_h_3068,Umbrella Corp,Enterprise,India,2023-02-18 00:00:00.000000
3069,grace_h_3069,Globex,Basic,Japan,2023-09-05 00:00:00.000000
3070,jack_r_3070,Tyrell Corp,Free,India,2022-06-16 00:00:00.000000
3071,iris_p_3071,Stark Industries,Premium,India,2023-09-07 00:00:00.000000
3072,emma.v_3072,Vehement Capital,Basic,India,2025-06-30 00:00:00.000000
3073,alice_w_3073,Tyrell Corp,Standard,Brazil,2024-02-04 00:00:00.000000
3074,jack_r_3074,Hooli,Standard,Australia,2025-12-27 00:00:00.000000
3075,david.l_3075,Cyberdyne Systems,Free,United States,2022-01-14 00:00:00.000000
3076,grace_h_3076,Vehement Capital,Enterprise,United States,2025-03-09 00:00:00.000000
3077,grace_h_3077,Initech,Free,United Kingdom,2022-12-07 00:00:00.000000
3078,henry.m_3078,Stark Industries,Premium,India,2023-07-02 00:00:00.000000
3079,renee_s_3079,Hooli,Premium,United Kingdom,2025-04-14 00:00:00.000000
3080,iris_p_3080,Unknowm,Unknown,Japan,2024-10-31 00:00:00.000000
3081,david.l_3081,Globex,Basic,United States,2022-09-19 00:00:00.000000
3082,emma.v_3082,Vehement Capital,Premium,United States,2025-01-22 00:00:00.000000
3083,alice_w_3083,Vehement Capital,Basic,Germany,2025-04-18 00:00:00.000000
3084,alice_w_3084,Initech,Basic,Brazil,2022-01-13 00:00:00.000000
3085,alice_w_3085,Hooli,Premium,Japan,2025-05-15 00:00:00.000000
3086,david.l_3086,Initech,Free,Australia,2025-09-26 00:00:00.000000
3087,alice_w_3087,Vehement Capital,Premium,United Kingdom,2024-03-07 00:00:00.000000
3088,alice_w_3088,Initech,Basic,Canada,2024-09-22 00:00:00.000000
3089,henry.m_3089,Umbrella Corp,Premium,India,2025-07-25 00:00:00.000000
3090,grace_h_3090,Acme Corp,Basic,Japan,2023-08-23 00:00:00.000000
3091,emma.v_3091,Wayne Enterprises,Premium,Japan,2024-07-30 00:00:00.000000
3092,frank_g_3092,Stark Industries,Free,United Kingdom,2024-07-26 00:00:00.000000
3093,david.l_3093,Initech,Enterprise,France,2024-02-24 00:00:00.000000
3094,emma.v_3094,Vehement Capital,Free,Unknown,2025-07-03 00:00:00.000000
3095,grace_h_3095,Cyberdyne Systems,Premium,United States,2024-10-01 00:00:00.000000
3096,henry.m_3096,Wayne Enterprises,Enterprise,United States,2023-05-27 00:00:00.000000
3097,david.l_3097,Cyberdyne Systems,Basic,Germany,2022-11-23 00:00:00.000000
3098,jack_r_3098,Acme Corp,Enterprise,France,2023-09-27 00:00:00.000000
3099,jack_r_3099,Wayne Enterprises,Enterprise,Australia,2025-05-20 00:00:00.000000
3100,david.l_3100,Umbrella Corp,Premium,Australia,2024-05-06 00:00:00.000000
3101,jack_r_3101,Stark Industries,Enterprise,Germany,2024-09-09 00:00:00.000000
3102,emma.v_3102,Umbrella Corp,Premium,United States,2022-11-25 00:00:00.000000
3103,bob.smith_3103,Wayne Enterprises,Free,France,2024-08-02 00:00:00.000000
3104,alice_w_3104,Initech,Premium,Brazil,2024-04-22 00:00:00.000000
3105,frank_g_3105,Hooli,Free,France,2022-12-29 00:00:00.000000
3106,jean-luc_3106,Cyberdyne Systems,Enterprise,United Kingdom,2025-06-29 00:00:00.000000
3107,alice_w_3107,Vehement Capital,Free,Singapore,2023-12-03 00:00:00.000000
3108,alice_w_3108,Wayne Enterprises,Enterprise,France,2025-08-16 00:00:00.000000
3109,alice_w_3109,Hooli,Enterprise,United States,2025-11-22 00:00:00.000000
3110,frank_g_3110,Globex,Premium,Singapore,2025-02-14 00:00:00.000000
3111,alice_w_3111,Tyrell Corp,Free,Singapore,2025-07-24 00:00:00.000000
3112,frank_g_3112,Unknowm,Enterprise,Singapore,2025-04-05 00:00:00.000000
3113,iris_p_3113,Wayne Enterprises,Enterprise,Brazil,2023-09-22 00:00:00.000000
3114,grace_h_3114,Globex,Free,Canada,2024-05-22 00:00:00.000000
3115,frank_g_3115,Umbrella Corp,Free,Brazil,2025-01-24 00:00:00.000000
3116,iris_p_3116,Acme Corp,Enterprise,Brazil,2022-07-19 00:00:00.000000
3117,david.l_3117,Acme Corp,Free,India,2022-08-01 00:00:00.000000
3118,charlie_k_3118,Acme Corp,Premium,Singapore,2022-05-27 00:00:00.000000
3119,grace_h_3119,Tyrell Corp,Premium,Canada,2024-05-20 00:00:00.000000
3120,iris_p_3120,Vehement Capital,Free,Singapore,2025-04-22 00:00:00.000000
3121,alice_w_3121,Acme Corp,Basic,Australia,2025-04-11 00:00:00.000000
3122,henry.m_3122,Globex,Premium,India,2024-12-21 00:00:00.000000
3123,jack_r_3123,Acme Corp,Basic,India,2025-08-03 00:00:00.000000
3124,charlie_k_3124,Stark Industries,Enterprise,France,2022-06-22 00:00:00.000000
3125,jean-luc_3125,Umbrella Corp,Enterprise,Brazil,2024-06-24 00:00:00.000000
3126,emma.v_3126,Cyberdyne Systems,Free,Brazil,2022-08-17 00:00:00.000000
3127,henry.m_3127,Vehement Capital,Basic,Germany,2022-05-21 00:00:00.000000
3128,henry.m_3128,Vehement Capital,Basic,Canada,2024-05-14 00:00:00.000000
3129,iris_p_3129,Stark Industries,Free,Germany,2024-03-01 00:00:00.000000
3130,iris_p_3130,Tyrell Corp,Premium,United States,2022-11-14 00:00:00.000000
3131,david.l_3131,Stark Industries,Basic,India,2022-08-02 00:00:00.000000
3132,charlie_k_3132,Stark Industries,Enterprise,Canada,2024-03-21 00:00:00.000000
3133,alice_w_2705,Stark Industries,Premium,India,2025-10-26 00:00:00.000000
3134,bob.smith_3134,Cyberdyne Systems,Free,Brazil,2024-12-23 00:00:00.000000
3135,grace_h_3135,Globex,Basic,United Kingdom,2022-06-18 00:00:00.000000
3136,emma.v_3136,Umbrella Corp,Premium,Germany,2023-12-29 07:11:03.040791
3137,alice_w_3137,Hooli,Basic,Germany,2024-09-01 00:00:00.000000
3138,iris_p_3138,Umbrella Corp,Free,Canada,2024-04-02 00:00:00.000000
3139,emma.v_3139,Vehement Capital,Enterprise,United Kingdom,2022-11-05 00:00:00.000000
3140,henry.m_3140,Tyrell Corp,Basic,Germany,2024-02-16 00:00:00.000000
3141,jean-luc_3141,Stark Industries,Free,United States,2022-10-13 00:00:00.000000
3142,bob.smith_3142,Stark Industries,Basic,Australia,2023-06-19 00:00:00.000000
3143,alice_w_3143,Tyrell Corp,Premium,United Kingdom,2023-06-01 00:00:00.000000
3144,emma.v_3144,Umbrella Corp,Free,United States,2022-02-03 00:00:00.000000
3145,david.l_3145,Initech,Premium,France,2024-04-20 00:00:00.000000
3146,jack_r_3146,Stark Industries,Basic,Canada,2022-02-07 00:00:00.000000
3147,jack_r_3147,Globex,Premium,United States,2023-09-08 00:00:00.000000
3148,grace_h_3148,Cyberdyne Systems,Enterprise,Brazil,2023-07-29 00:00:00.000000
3149,jack_r_3149,Globex,Enterprise,Singapore,2022-06-26 00:00:00.000000
3150,emma.v_3150,Initech,Premium,Singapore,2023-11-20 00:00:00.000000
3151,jack_r_3151,Acme Corp,Basic,Germany,2024-09-13 00:00:00.000000
3152,bob.smith_3152,Stark Industries,Premium,United Kingdom,2023-12-29 07:11:03.040791
3153,frank_g_3153,Initech,Free,India,2024-06-21 00:00:00.000000
3154,emma.v_3154,Vehement Capital,Enterprise,Japan,2024-03-27 00:00:00.000000
3155,jack_r_3155,Globex,Enterprise,Germany,2024-03-26 00:00:00.000000
3156,emma.v_3156,Acme Corp,Enterprise,Australia,2024-10-09 00:00:00.000000
3157,frank_g_3157,Hooli,Premium,Japan,2023-10-27 00:00:00.000000
3158,henry.m_3158,Hooli,Enterprise,India,2023-01-02 00:00:00.000000
3159,jack_r_3159,Cyberdyne Systems,Basic,Singapore,2024-03-14 00:00:00.000000
3160,frank_g_3160,Vehement Capital,Basic,Japan,2025-09-24 00:00:00.000000
3161,emma.v_3161,Vehement Capital,Free,Singapore,2023-12-29 07:11:03.040791
3162,alice_w_3162,Hooli,Enterprise,India,2022-04-17 00:00:00.000000
3163,bob.smith_3163,Cyberdyne Systems,Free,United States,2024-04-20 00:00:00.000000
3164,iris_p_3164,Acme Corp,Premium,Brazil,2023-06-27 00:00:00.000000
3165,bob.smith_3165,Vehement Capital,Enterprise,India,2023-12-29 07:11:03.040791
3166,charlie_k_3166,Acme Corp,Premium,United Kingdom,2022-04-01 00:00:00.000000
3167,bob.smith_3167,Wayne Enterprises,Enterprise,Australia,2025-01-04 00:00:00.000000
3168,frank_g_3168,Cyberdyne Systems,Basic,India,2023-11-16 00:00:00.000000
3169,henry.m_3169,Cyberdyne Systems,Free,United States,2022-05-14 00:00:00.000000
3170,grace_h_3170,Hooli,Basic,Singapore,2025-02-20 00:00:00.000000
3171,iris_p_3171,Umbrella Corp,Premium,Singapore,2022-02-13 00:00:00.000000
3172,grace_h_3172,Tyrell Corp,Enterprise,United States,2022-07-03 00:00:00.000000
3173,bob.smith_3173,Stark Industries,Basic,France,2024-01-27 00:00:00.000000
3174,emma.v_3174,Stark Industries,Free,Canada,2024-09-16 00:00:00.000000
3175,alice_w_3175,Cyberdyne Systems,Enterprise,Canada,2025-08-05 00:00:00.000000
3176,henry.m_3176,Tyrell Corp,Basic,United States,2024-11-21 00:00:00.000000
3177,bob.smith_3177,Initech,Enterprise,France,2023-11-03 00:00:00.000000
3178,emma.v_3178,Cyberdyne Systems,Premium,Australia,2025-04-23 00:00:00.000000
3179,david.l_3179,Wayne Enterprises,Basic,Germany,2023-05-16 00:00:00.000000
3180,bob.smith_3180,Acme Corp,Free,France,2022-02-11 00:00:00.000000
3181,bob.smith_3181,Hooli,Enterprise,India,2023-09-09 00:00:00.000000
3182,grace_h_3182,Vehement Capital,Enterprise,Singapore,2023-12-29 07:11:03.040791
3183,charlie_k_3183,Wayne Enterprises,Free,Germany,2023-07-17 00:00:00.000000
3184,henry.m_3184,Tyrell Corp,Enterprise,United States,2023-02-22 00:00:00.000000
3185,jack_r_3185,Wayne Enterprises,Free,United States,2022-09-11 00:00:00.000000
3186,jean-luc_3186,Hooli,Unknown,Australia,2025-09-11 00:00:00.000000
3187,jack_r_3187,Wayne Enterprises,Basic,United Kingdom,2023-06-19 00:00:00.000000
3188,jack_r_3188,Umbrella Corp,Basic,United Kingdom,2022-02-26 00:00:00.000000
3189,jack_r_3189,Umbrella Corp,Premium,Japan,2025-04-17 00:00:00.000000
3190,charlie_k_3190,Globex,Enterprise,United Kingdom,2025-12-03 00:00:00.000000
3191,frank_g_3191,Wayne Enterprises,Premium,India,2025-05-17 00:00:00.000000
3192,grace_h_3192,Cyberdyne Systems,Premium,United States,2025-09-16 00:00:00.000000
3193,henry.m_3193,Globex,Basic,Brazil,2025-12-09 00:00:00.000000
3194,david.l_3194,Stark Industries,Basic,United Kingdom,2024-12-06 00:00:00.000000
3195,frank_g_703,Initech,Premium,France,2025-07-16 00:00:00.000000
3196,iris_p_3196,Hooli,Free,United States,2025-01-23 00:00:00.000000
3197,charlie_k_3197,Unknowm,Premium,Canada,2022-09-10 00:00:00.000000
3198,iris_p_3198,Cyberdyne Systems,Premium,Singapore,2023-07-05 00:00:00.000000
3199,iris_p_3199,Stark Industries,Premium,India,2022-01-08 00:00:00.000000
3200,charlie_k_3200,Umbrella Corp,Premium,Germany,2025-02-12 00:00:00.000000
3201,grace_h_3201,Tyrell Corp,Basic,Australia,2024-10-25 00:00:00.000000
3202,jack_r_3202,Hooli,Basic,Canada,2024-08-30 00:00:00.000000
3203,charlie_k_3203,Umbrella Corp,Basic,Singapore,2023-10-30 00:00:00.000000
3204,grace_h_3204,Globex,Premium,United States,2023-01-11 00:00:00.000000
3205,henry.m_3205,Acme Corp,Free,United Kingdom,2025-02-14 00:00:00.000000
3206,grace_h_3206,Hooli,Free,Australia,2023-12-29 07:11:03.040791
3207,frank_g_3207,Stark Industries,Basic,Australia,2022-03-24 00:00:00.000000
3208,iris_p_3208,Acme Corp,Enterprise,United States,2022-10-11 00:00:00.000000
3209,henry.m_3209,Globex,Enterprise,France,2024-04-18 00:00:00.000000
3210,charlie_k_3210,Hooli,Basic,Singapore,2022-12-20 00:00:00.000000
3211,alice_w_3211,Tyrell Corp,Premium,India,2025-01-13 00:00:00.000000
3212,grace_h_3212,Vehement Capital,Free,United Kingdom,2024-01-02 00:00:00.000000
3213,charlie_k_3213,Stark Industries,Enterprise,France,2022-07-20 00:00:00.000000
3214,iris_p_3214,Vehement Capital,Basic,Singapore,2024-06-13 00:00:00.000000
3215,henry.m_3215,Cyberdyne Systems,Free,India,2025-09-03 00:00:00.000000
3216,cléo.b_3216,Umbrella Corp,Free,India,2023-05-27 00:00:00.000000
3217,iris_p_3217,Cyberdyne Systems,Basic,United States,2023-06-28 00:00:00.000000
3218,jack_r_3218,Acme Corp,Basic,Brazil,2023-03-26 00:00:00.000000
3219,grace_h_3219,Stark Industries,Enterprise,India,2022-07-02 00:00:00.000000
3220,emma.v_3220,Vehement Capital,Enterprise,Canada,2025-10-24 00:00:00.000000
3221,charlie_k_3221,Cyberdyne Systems,Enterprise,Canada,2022-06-13 00:00:00.000000
3222,grace_h_2676,Umbrella Corp,Basic,France,2023-04-04 00:00:00.000000
3223,alice_w_3223,Globex,Enterprise,United Kingdom,2023-08-11 00:00:00.000000
3224,david.l_3224,Hooli,Free,Brazil,2023-10-22 00:00:00.000000
3225,frank_g_3225,Globex,Free,Germany,2022-04-21 00:00:00.000000
3226,charlie_k_3226,Initech,Basic,United States,2023-10-11 00:00:00.000000
3227,grace_h_3227,Stark Industries,Basic,France,2024-08-17 00:00:00.000000
3228,charlie_k_3228,Vehement Capital,Premium,Australia,2023-02-01 00:00:00.000000
3229,alice_w_3229,Unknowm,Unknown,Unknown,2024-03-05 00:00:00.000000
3230,david.l_3230,Wayne Enterprises,Basic,United States,2022-11-18 00:00:00.000000
3231,iris_p_3231,Tyrell Corp,Enterprise,Singapore,2023-09-13 00:00:00.000000
3232,emma.v_3232,Hooli,Free,Singapore,2024-10-02 00:00:00.000000
3233,jean-luc_3233,Stark Industries,Enterprise,Australia,2023-07-03 00:00:00.000000
3234,grace_h_3234,Hooli,Basic,Australia,2023-04-25 00:00:00.000000
3235,frank_g_3235,Wayne Enterprises,Free,Singapore,2022-02-05 00:00:00.000000
3236,bob.smith_3236,Initech,Enterprise,Brazil,2025-01-21 00:00:00.000000
3237,henry.m_3237,Initech,Basic,Brazil,2024-03-02 00:00:00.000000
3238,iris_p_3238,Tyrell Corp,Premium,India,2025-10-20 00:00:00.000000
3239,alice_w_3239,Cyberdyne Systems,Basic,United States,2022-07-03 00:00:00.000000
3240,charlie_k_3240,Globex,Free,Brazil,2023-12-07 00:00:00.000000
3241,alice_w_3241,Acme Corp,Enterprise,Australia,2022-07-09 00:00:00.000000
3242,bob.smith_3242,Vehement Capital,Enterprise,Singapore,2025-04-09 00:00:00.000000
3243,grace_h_2573,Vehement Capital,Premium,United States,2022-10-22 00:00:00.000000
3244,charlie_k_3244,Initech,Premium,Singapore,2024-03-24 00:00:00.000000
3245,henry.m_3245,Cyberdyne Systems,Premium,Canada,2023-05-21 00:00:00.000000
3246,alice_w_3246,Wayne Enterprises,Premium,United States,2022-06-11 00:00:00.000000
3247,iris_p_3247,Cyberdyne Systems,Enterprise,India,2022-11-28 00:00:00.000000
3248,henry.m_3248,Stark Industries,Premium,India,2022-09-30 00:00:00.000000
3249,frank_g_3249,Vehement Capital,Premium,Australia,2025-02-22 00:00:00.000000
3250,david.l_3250,Tyrell Corp,Basic,France,2023-02-16 00:00:00.000000
3251,henry.m_3251,Umbrella Corp,Basic,France,2023-07-13 00:00:00.000000
3252,david.l_3252,Wayne Enterprises,Basic,India,2024-05-31 00:00:00.000000
3253,charlie_k_3253,Stark Industries,Enterprise,India,2022-09-04 00:00:00.000000
3254,jack_r_3254,Cyberdyne Systems,Basic,Japan,2023-12-29 07:11:03.040791
3255,david.l_3255,Umbrella Corp,Basic,France,2023-09-23 00:00:00.000000
3256,grace_h_3256,Acme Corp,Basic,Brazil,2025-10-27 00:00:00.000000
3257,emma.v_3257,Stark Industries,Basic,Canada,2022-12-25 00:00:00.000000
3258,david.l_3258,Tyrell Corp,Enterprise,United States,2022-06-28 00:00:00.000000
3259,jack_r_3259,Initech,Free,Singapore,2022-12-29 00:00:00.000000
3260,frank_g_3260,Wayne Enterprises,Free,Canada,2022-05-27 00:00:00.000000
3261,charlie_k_3261,Acme Corp,Enterprise,Canada,2022-04-17 00:00:00.000000
3262,jack_r_3262,Cyberdyne Systems,Premium,Germany,2024-10-24 00:00:00.000000
3263,bob.smith_3263,Hooli,Basic,Canada,2022-10-14 00:00:00.000000
3264,bob.smith_3264,Globex,Basic,Singapore,2025-08-14 00:00:00.000000
3265,grace_h_3265,Umbrella Corp,Free,United States,2024-08-22 00:00:00.000000
3266,frank_g_3266,Umbrella Corp,Enterprise,United Kingdom,2022-04-06 00:00:00.000000
3267,alice_w_3267,Umbrella Corp,Enterprise,France,2025-12-26 00:00:00.000000
3268,jack_r_3268,Acme Corp,Enterprise,Canada,2024-02-24 00:00:00.000000
3269,henry.m_3269,Tyrell Corp,Free,Germany,2022-02-20 00:00:00.000000
3270,frank_g_3270,Initech,Basic,Germany,2022-01-17 00:00:00.000000
3271,henry.m_3271,Vehement Capital,Enterprise,United States,2024-12-07 00:00:00.000000
3272,emma.v_3272,Wayne Enterprises,Premium,Australia,2022-02-01 00:00:00.000000
3273,bob.smith_3273,Cyberdyne Systems,Premium,India,2022-08-30 00:00:00.000000
3274,iris_p_3274,Tyrell Corp,Premium,Brazil,2022-01-27 00:00:00.000000
3275,iris_p_3275,Hooli,Enterprise,United Kingdom,2024-11-19 00:00:00.000000
3276,henry.m_3276,Umbrella Corp,Free,India,2025-04-10 00:00:00.000000
3277,david.l_3277,Tyrell Corp,Basic,Canada,2024-09-12 00:00:00.000000
3278,grace_h_3278,Cyberdyne Systems,Premium,Japan,2024-03-25 00:00:00.000000
3279,grace_h_3279,Vehement Capital,Enterprise,France,2025-06-23 00:00:00.000000
3280,jack_r_3280,Vehement Capital,Basic,Japan,2025-12-25 00:00:00.000000
3281,frank_g_3281,Globex,Premium,United States,2024-04-28 00:00:00.000000
3282,emma.v_3282,Hooli,Basic,Japan,2025-04-12 00:00:00.000000
3283,charlie_k_3283,Acme Corp,Free,India,2023-05-27 00:00:00.000000
3284,bob.smith_3284,Globex,Free,Japan,2023-12-29 07:11:03.040791
3285,alice_w_3285,Umbrella Corp,Premium,United Kingdom,2023-05-04 00:00:00.000000
3286,jack_r_3286,Globex,Free,France,2022-08-30 00:00:00.000000
3287,iris_p_3287,Acme Corp,Free,Australia,2023-08-25 00:00:00.000000
3288,alice_w_3288,Umbrella Corp,Free,Japan,2022-04-05 00:00:00.000000
3289,emma.v_3289,Acme Corp,Free,India,2022-01-10 00:00:00.000000
3290,jack_r_3290,Vehement Capital,Basic,Singapore,2022-12-22 00:00:00.000000
3291,jack_r_3291,Hooli,Basic,Singapore,2024-11-19 00:00:00.000000
3292,grace_h_3292,Cyberdyne Systems,Free,Brazil,2023-10-31 00:00:00.000000
3293,frank_g_3293,Cyberdyne Systems,Basic,United States,2022-11-27 00:00:00.000000
3294,alice_w_3294,Umbrella Corp,Enterprise,Germany,2022-11-23 00:00:00.000000
3295,frank_g_3295,Acme Corp,Enterprise,Japan,2022-05-03 00:00:00.000000
3296,charlie_k_3296,Tyrell Corp,Premium,Japan,2022-05-04 00:00:00.000000
3297,charlie_k_3297,Globex,Enterprise,India,2025-06-29 00:00:00.000000
3298,iris_p_3298,Vehement Capital,Basic,Brazil,2023-12-28 00:00:00.000000
3299,alice_w_3299,Acme Corp,Free,Brazil,2023-08-14 00:00:00.000000
3300,frank_g_3300,Unknowm,Premium,United States,2023-11-08 00:00:00.000000
3301,david.l_1618,Globex,Basic,Singapore,2022-03-16 00:00:00.000000
3302,david.l_3302,Stark Industries,Premium,Japan,2024-08-01 00:00:00.000000
3303,charlie_k_3303,Tyrell Corp,Enterprise,Australia,2023-08-18 00:00:00.000000
3304,müller_a_3304,Initech,Basic,Brazil,2025-03-10 00:00:00.000000
3305,bob.smith_3305,Hooli,Free,Germany,2022-11-07 00:00:00.000000
3306,iris_p_3306,Stark Industries,Enterprise,India,2025-06-04 00:00:00.000000
3307,bob.smith_3307,Acme Corp,Basic,Brazil,2025-11-15 00:00:00.000000
3308,henry.m_129,Initech,Free,Singapore,2025-10-11 00:00:00.000000
3309,emma.v_3309,Unknowm,Enterprise,Australia,2023-07-28 00:00:00.000000
3310,david.l_3310,Cyberdyne Systems,Enterprise,Japan,2022-05-24 00:00:00.000000
3311,bob.smith_3311,Hooli,Enterprise,United Kingdom,2022-11-08 00:00:00.000000
3312,david.l_3312,Stark Industries,Free,France,2024-06-06 00:00:00.000000
3313,david.l_3313,Stark Industries,Enterprise,United Kingdom,2025-05-19 00:00:00.000000
3314,grace_h_3314,Acme Corp,Enterprise,Singapore,2025-12-16 00:00:00.000000
3315,david.l_3315,Unknowm,Unknown,France,2023-05-06 00:00:00.000000
3316,iris_p_3316,Globex,Enterprise,Canada,2022-04-08 00:00:00.000000
3317,alice_w_3317,Hooli,Premium,Unknown,2022-02-24 00:00:00.000000
3318,charlie_k_3318,Wayne Enterprises,Free,Japan,2023-01-30 00:00:00.000000
3319,emma.v_3319,Globex,Free,France,2025-06-06 00:00:00.000000
3320,alice_w_3320,Unknowm,Unknown,Germany,2025-11-06 00:00:00.000000
3321,alice_w_3321,Wayne Enterprises,Basic,Australia,2022-12-01 00:00:00.000000
3322,bob.smith_3322,Hooli,Enterprise,Singapore,2022-12-15 00:00:00.000000
3323,grace_h_3323,Hooli,Free,Singapore,2022-02-02 00:00:00.000000
3324,jack_r_3324,Initech,Premium,Singapore,2023-10-04 00:00:00.000000
3325,iris_p_3325,Acme Corp,Premium,Japan,2022-09-17 00:00:00.000000
3326,frank_g_3326,Umbrella Corp,Free,United States,2022-03-27 00:00:00.000000
3327,frank_g_3327,Hooli,Enterprise,United Kingdom,2024-03-04 00:00:00.000000
3328,bob.smith_3328,Stark Industries,Enterprise,Brazil,2023-09-27 00:00:00.000000
3329,grace_h_3329,Cyberdyne Systems,Basic,United States,2024-11-22 00:00:00.000000
3330,henry.m_3330,Umbrella Corp,Enterprise,Brazil,2025-02-09 00:00:00.000000
3331,alice_w_3331,Acme Corp,Enterprise,Brazil,2024-11-13 00:00:00.000000
3332,iris_p_387,Wayne Enterprises,Basic,Germany,2023-03-23 00:00:00.000000
3333,charlie_k_3333,Vehement Capital,Basic,Canada,2024-01-11 00:00:00.000000
3334,david.l_3334,Globex,Premium,Singapore,2025-03-16 00:00:00.000000
3335,jack_r_3335,Hooli,Basic,France,2022-10-14 00:00:00.000000
3336,charlie_k_3336,Stark Industries,Basic,India,2024-10-08 00:00:00.000000
3337,emma.v_3337,Cyberdyne Systems,Premium,Australia,2024-07-04 00:00:00.000000
3338,grace_h_3338,Cyberdyne Systems,Premium,Canada,2022-09-22 00:00:00.000000
3339,frank_g_3339,Stark Industries,Premium,Germany,2025-03-17 00:00:00.000000
3340,bob.smith_3340,Tyrell Corp,Free,Australia,2024-03-29 00:00:00.000000
3341,frank_g_3341,Vehement Capital,Free,India,2023-01-29 00:00:00.000000
3342,alice_w_3342,Stark Industries,Basic,Canada,2023-09-24 00:00:00.000000
3343,jack_r_3343,Stark Industries,Basic,Singapore,2025-03-21 00:00:00.000000
3344,iris_p_3344,Umbrella Corp,Enterprise,United Kingdom,2023-12-29 07:11:03.040791
3345,jack_r_3345,Hooli,Premium,Unknown,2022-01-19 00:00:00.000000
3346,frank_g_3346,Acme Corp,Basic,Germany,2022-11-20 00:00:00.000000
3347,grace_h_3347,Stark Industries,Premium,Japan,2025-07-01 00:00:00.000000
3348,iris_p_3348,Hooli,Free,Germany,2025-11-23 00:00:00.000000
3349,grace_h_3349,Cyberdyne Systems,Unknown,Unknown,2025-08-27 00:00:00.000000
3350,alice_w_3350,Cyberdyne Systems,Basic,Singapore,2025-10-17 00:00:00.000000
3351,henry.m_3248,Umbrella Corp,Free,Germany,2023-12-22 00:00:00.000000
3352,emma.v_3352,Umbrella Corp,Basic,Canada,2024-01-25 00:00:00.000000
3353,jack_r_3353,Globex,Premium,Brazil,2022-02-16 00:00:00.000000
3354,david.l_3354,Tyrell Corp,Free,France,2024-03-16 00:00:00.000000
3355,grace_h_3355,Globex,Free,India,2022-05-25 00:00:00.000000
3356,bob.smith_3356,Umbrella Corp,Premium,India,2024-01-19 00:00:00.000000
3357,frank_g_3357,Globex,Free,Canada,2024-12-18 00:00:00.000000
3358,frank_g_3358,Initech,Free,Brazil,2024-11-29 00:00:00.000000
3359,jack_r_3359,Umbrella Corp,Basic,France,2023-12-29 07:11:03.040791
3360,jack_r_3360,Globex,Free,Germany,2025-11-19 00:00:00.000000
3361,frank_g_3361,Wayne Enterprises,Basic,United States,2023-04-12 00:00:00.000000
3362,david.l_3362,Acme Corp,Enterprise,Germany,2023-01-04 00:00:00.000000
3363,iris_p_3363,Stark Industries,Free,United States,2024-04-20 00:00:00.000000
3364,jack_r_3364,Stark Industries,Free,India,2025-05-15 00:00:00.000000
3365,jack_r_3365,Wayne Enterprises,Premium,United Kingdom,2024-07-22 00:00:00.000000
3366,david.l_3366,Stark Industries,Enterprise,Japan,2024-06-14 00:00:00.000000
3367,bob.smith_3367,Vehement Capital,Free,Canada,2025-05-07 00:00:00.000000
3368,bob.smith_3368,Initech,Basic,United States,2024-04-13 00:00:00.000000
3369,alice_w_3369,Hooli,Basic,United Kingdom,2023-09-18 00:00:00.000000
3370,emma.v_3370,Globex,Premium,France,2024-12-25 00:00:00.000000
3371,alice_w_3371,Tyrell Corp,Basic,India,2024-02-07 00:00:00.000000
3372,alice_w_3372,Initech,Basic,United States,2022-05-20 00:00:00.000000
3373,iris_p_3373,Tyrell Corp,Enterprise,France,2022-06-10 00:00:00.000000
3374,emma.v_3374,Umbrella Corp,Basic,Singapore,2023-11-03 00:00:00.000000
3375,emma.v_3375,Cyberdyne Systems,Premium,United Kingdom,2023-09-28 00:00:00.000000
3376,alice_w_3376,Vehement Capital,Enterprise,Australia,2023-04-16 00:00:00.000000
3377,henry.m_3377,Acme Corp,Enterprise,India,2024-03-01 00:00:00.000000
3378,frank_g_3378,Stark Industries,Premium,Germany,2023-12-19 00:00:00.000000
3379,bob.smith_3379,Globex,Enterprise,India,2025-04-17 00:00:00.000000
3380,bob.smith_3380,Cyberdyne Systems,Enterprise,Germany,2025-01-04 00:00:00.000000
3381,bob.smith_3381,Stark Industries,Premium,Brazil,2025-12-24 00:00:00.000000
3382,grace_h_3382,Cyberdyne Systems,Basic,Japan,2024-11-13 00:00:00.000000
3383,grace_h_3383,Tyrell Corp,Premium,Germany,2022-07-05 00:00:00.000000
3384,emma.v_3384,Globex,Basic,Japan,2022-06-04 00:00:00.000000
3385,charlie_k_3385,Acme Corp,Premium,Germany,2022-05-04 00:00:00.000000
3386,bob.smith_3386,Tyrell Corp,Basic,Australia,2023-12-29 07:11:03.040791
3387,henry.m_3387,Cyberdyne Systems,Basic,India,2023-01-09 00:00:00.000000
3388,bob.smith_3388,Vehement Capital,Free,Germany,2025-11-13 00:00:00.000000
3389,bob.smith_1041,Umbrella Corp,Free,Australia,2023-08-17 00:00:00.000000
3390,bob.smith_3390,Hooli,Premium,Germany,2024-03-12 00:00:00.000000
3391,grace_h_3391,Initech,Premium,Japan,2023-11-08 00:00:00.000000
3392,frank_g_3392,Cyberdyne Systems,Premium,United States,2024-11-16 00:00:00.000000
3393,grace_h_3393,Cyberdyne Systems,Basic,Germany,2022-10-05 00:00:00.000000
3394,emma.v_3394,Umbrella Corp,Enterprise,Brazil,2022-03-08 00:00:00.000000
3395,alice_w_3395,Globex,Free,Brazil,2025-04-30 00:00:00.000000
3396,iris_p_3396,Stark Industries,Enterprise,United Kingdom,2023-02-23 00:00:00.000000
3397,david.l_3397,Vehement Capital,Premium,Japan,2023-12-29 07:11:03.040791
3398,alice_w_3398,Stark Industries,Free,France,2022-08-23 00:00:00.000000
3399,josé_m_3399,Wayne Enterprises,Free,India,2025-06-21 00:00:00.000000
3400,david.l_3400,Hooli,Enterprise,Brazil,2023-11-04 00:00:00.000000
3401,henry.m_3401,Globex,Enterprise,Japan,2022-04-20 00:00:00.000000
3402,jack_r_3402,Vehement Capital,Premium,United States,2022-08-25 00:00:00.000000
3403,jack_r_3403,Acme Corp,Premium,Japan,2023-11-22 00:00:00.000000
3404,emma.v_3404,Hooli,Premium,Canada,2024-12-10 00:00:00.000000
3405,alice_w_3405,Wayne Enterprises,Enterprise,France,2025-08-10 00:00:00.000000
3406,frank_g_3406,Cyberdyne Systems,Basic,Japan,2022-01-30 00:00:00.000000
3407,henry.m_3407,Initech,Basic,Japan,2022-02-04 00:00:00.000000
3408,alice_w_3408,Hooli,Basic,Canada,2024-12-29 00:00:00.000000
3409,iris_p_3409,Acme Corp,Enterprise,France,2022-11-24 00:00:00.000000
3410,emma.v_3410,Wayne Enterprises,Basic,Japan,2024-03-17 00:00:00.000000
3411,henry.m_3411,Cyberdyne Systems,Basic,Australia,2023-02-04 00:00:00.000000
3412,henry.m_3412,Tyrell Corp,Free,India,2022-04-21 00:00:00.000000
3413,grace_h_3413,Acme Corp,Enterprise,France,2024-10-31 00:00:00.000000
3414,iris_p_2134,Cyberdyne Systems,Free,India,2024-05-05 00:00:00.000000
3415,charlie_k_3415,Cyberdyne Systems,Premium,Unknown,2023-05-04 00:00:00.000000
3416,iris_p_3416,Stark Industries,Basic,France,2025-07-09 00:00:00.000000
3417,bob.smith_3417,Globex,Enterprise,Canada,2023-03-25 00:00:00.000000
3418,frank_g_3418,Stark Industries,Premium,United States,2022-07-03 00:00:00.000000
3419,david.l_3419,Tyrell Corp,Premium,Germany,2023-10-03 00:00:00.000000
3420,emma.v_3420,Cyberdyne Systems,Free,Singapore,2022-02-26 00:00:00.000000
3421,emma.v_3421,Unknowm,Premium,United Kingdom,2023-11-15 00:00:00.000000
3422,grace_h_3422,Unknowm,Free,Unknown,2022-08-10 00:00:00.000000
3423,jack_r_3423,Globex,Free,Canada,2022-07-26 00:00:00.000000
3424,jack_r_3424,Unknowm,Enterprise,Unknown,2024-12-20 00:00:00.000000
3425,josé_m_3425,Hooli,Premium,Brazil,2025-06-08 00:00:00.000000
3426,iris_p_3426,Cyberdyne Systems,Basic,Brazil,2023-05-09 00:00:00.000000
3427,grace_h_3427,Tyrell Corp,Free,Germany,2024-05-26 00:00:00.000000
3428,frank_g_3428,Hooli,Free,India,2024-04-01 00:00:00.000000
3429,charlie_k_3429,Wayne Enterprises,Free,Brazil,2023-01-13 00:00:00.000000
3430,iris_p_3430,Tyrell Corp,Basic,Japan,2024-06-26 00:00:00.000000
3431,charlie_k_3431,Umbrella Corp,Premium,India,2024-07-05 00:00:00.000000
3432,david.l_3432,Wayne Enterprises,Basic,Germany,2024-12-23 00:00:00.000000
3433,frank_g_3433,Stark Industries,Enterprise,Brazil,2022-09-11 00:00:00.000000
3434,bob.smith_3434,Initech,Premium,Australia,2025-11-08 00:00:00.000000
3435,frank_g_3435,Umbrella Corp,Free,India,2025-08-24 00:00:00.000000
3436,charlie_k_3436,Tyrell Corp,Premium,Canada,2025-02-13 00:00:00.000000
3437,emma.v_3437,Initech,Premium,Australia,2023-12-29 07:11:03.040791
3438,henry.m_3438,Stark Industries,Premium,Japan,2023-12-17 00:00:00.000000
3439,charlie_k_3439,Cyberdyne Systems,Basic,Canada,2023-03-15 00:00:00.000000
3440,iris_p_3440,Tyrell Corp,Free,Canada,2025-01-25 00:00:00.000000
3441,frank_g_3441,Initech,Premium,Brazil,2023-03-29 00:00:00.000000
3442,alice_w_3442,Vehement Capital,Enterprise,France,2024-03-09 00:00:00.000000
3443,alice_w_3443,Tyrell Corp,Basic,France,2025-03-08 00:00:00.000000
3444,emma.v_3444,Umbrella Corp,Basic,Australia,2024-03-28 00:00:00.000000
3445,alice_w_3445,Hooli,Free,United States,2022-07-18 00:00:00.000000
3446,david.l_3446,Umbrella Corp,Premium,Japan,2023-10-13 00:00:00.000000
3447,david.l_3447,Cyberdyne Systems,Premium,Germany,2025-05-26 00:00:00.000000
3448,bob.smith_3448,Umbrella Corp,Free,United Kingdom,2025-05-23 00:00:00.000000
3449,charlie_k_3449,Globex,Free,Germany,2022-02-08 00:00:00.000000
3450,frank_g_3450,Tyrell Corp,Basic,Canada,2024-07-30 00:00:00.000000
3451,emma.v_3451,Hooli,Enterprise,Germany,2022-03-01 00:00:00.000000
3452,jack_r_3262,Hooli,Basic,Japan,2022-05-08 00:00:00.000000
3453,josé_m_3453,Umbrella Corp,Premium,Singapore,2025-05-01 00:00:00.000000
3454,henry.m_3454,Vehement Capital,Premium,India,2024-05-15 00:00:00.000000
3455,iris_p_3455,Vehement Capital,Free,France,2025-09-19 00:00:00.000000
3456,emma.v_3456,Wayne Enterprises,Free,Japan,2022-05-18 00:00:00.000000
3457,david.l_3457,Tyrell Corp,Premium,Australia,2025-04-18 00:00:00.000000
3458,henry.m_3458,Globex,Free,Germany,2025-04-26 00:00:00.000000
3459,charlie_k_3459,Globex,Basic,Singapore,2022-09-30 00:00:00.000000
3460,charlie_k_3460,Tyrell Corp,Enterprise,France,2022-11-15 00:00:00.000000
3461,jack_r_3461,Wayne Enterprises,Premium,Canada,2025-07-02 00:00:00.000000
3462,david.l_3462,Cyberdyne Systems,Premium,Australia,2023-03-18 00:00:00.000000
3463,henry.m_3463,Wayne Enterprises,Premium,United States,2022-09-11 00:00:00.000000
3464,emma.v_3464,Wayne Enterprises,Free,Canada,2023-05-29 00:00:00.000000
3465,henry.m_3465,Globex,Basic,United States,2024-01-15 00:00:00.000000
3466,emma.v_3466,Tyrell Corp,Basic,United States,2024-06-04 00:00:00.000000
3467,alice_w_3467,Acme Corp,Enterprise,United States,2023-08-09 00:00:00.000000
3468,charlie_k_3468,Globex,Free,France,2023-09-05 00:00:00.000000
3469,grace_h_3469,Acme Corp,Enterprise,Canada,2023-09-04 00:00:00.000000
3470,iris_p_3470,Globex,Premium,Japan,2022-06-11 00:00:00.000000
3471,frank_g_3471,Hooli,Basic,United Kingdom,2024-01-07 00:00:00.000000
3472,jack_r_3472,Globex,Basic,Canada,2022-06-17 00:00:00.000000
3473,emma.v_3473,Cyberdyne Systems,Basic,Canada,2023-01-16 00:00:00.000000
3474,alice_w_3474,Umbrella Corp,Free,United States,2025-04-15 00:00:00.000000
3475,jack_r_3475,Cyberdyne Systems,Enterprise,France,2022-08-26 00:00:00.000000
3476,bob.smith_1273,Wayne Enterprises,Basic,Japan,2024-03-01 00:00:00.000000
3477,frank_g_3477,Wayne Enterprises,Premium,India,2024-05-16 00:00:00.000000
3478,frank_g_3478,Acme Corp,Premium,India,2025-09-09 00:00:00.000000
3479,jack_r_3479,Wayne Enterprises,Basic,France,2025-04-01 00:00:00.000000
3480,frank_g_3480,Vehement Capital,Premium,United Kingdom,2023-08-22 00:00:00.000000
3481,josé_m_3481,Vehement Capital,Free,United States,2024-12-11 00:00:00.000000
3482,david.l_3482,Globex,Basic,Australia,2024-06-06 00:00:00.000000
3483,charlie_k_3483,Initech,Basic,Australia,2025-05-19 00:00:00.000000
3484,charlie_k_3484,Vehement Capital,Free,Singapore,2022-04-19 00:00:00.000000
3485,alice_w_3485,Globex,Premium,Australia,2025-08-02 00:00:00.000000
3486,henry.m_3486,Tyrell Corp,Basic,Australia,2024-01-27 00:00:00.000000
3487,bob.smith_3487,Umbrella Corp,Free,United States,2022-05-12 00:00:00.000000
3488,jack_r_3488,Initech,Enterprise,Canada,2023-12-22 00:00:00.000000
3489,frank_g_3489,Globex,Premium,Australia,2025-01-29 00:00:00.000000
3490,iris_p_3490,Acme Corp,Basic,United Kingdom,2025-07-05 00:00:00.000000
3491,david.l_3491,Wayne Enterprises,Premium,France,2023-06-18 00:00:00.000000
3492,emma.v_3492,Initech,Free,United Kingdom,2023-12-29 07:11:03.040791
3493,alice_w_3493,Cyberdyne Systems,Free,India,2022-02-19 00:00:00.000000
3494,emma.v_3494,Unknowm,Basic,Australia,2023-04-05 00:00:00.000000
3495,iris_p_3495,Hooli,Enterprise,United Kingdom,2022-04-07 00:00:00.000000
3496,cléo.b_3496,Initech,Free,Germany,2023-08-04 00:00:00.000000
3497,henry.m_3497,Cyberdyne Systems,Basic,India,2024-02-07 00:00:00.000000
3498,bob.smith_3498,Initech,Basic,Brazil,2025-09-18 00:00:00.000000
3499,jack_r_3499,Initech,Enterprise,Australia,2025-03-02 00:00:00.000000
3500,grace_h_3500,Initech,Free,Canada,2022-01-29 00:00:00.000000
3501,henry.m_3501,Hooli,Enterprise,Canada,2024-03-30 00:00:00.000000
3502,alice_w_3502,Initech,Enterprise,Singapore,2022-09-21 00:00:00.000000
3503,charlie_k_3503,Initech,Enterprise,India,2024-05-04 00:00:00.000000
3504,alice_w_3504,Vehement Capital,Premium,Germany,2025-02-24 00:00:00.000000
3505,david.l_3505,Wayne Enterprises,Basic,Singapore,2025-07-21 00:00:00.000000
3506,henry.m_3506,Vehement Capital,Unknown,Brazil,2023-09-09 00:00:00.000000
3507,alice_w_3507,Wayne Enterprises,Basic,India,2023-02-05 00:00:00.000000
3508,jack_r_3508,Umbrella Corp,Basic,Australia,2025-03-14 00:00:00.000000
3509,henry.m_3509,Tyrell Corp,Premium,Germany,2023-04-24 00:00:00.000000
3510,bob.smith_3510,Vehement Capital,Free,France,2023-04-21 00:00:00.000000
3511,jack_r_3353,Umbrella Corp,Free,United States,2023-09-07 00:00:00.000000
3512,emma.v_3512,Initech,Premium,Australia,2023-09-26 00:00:00.000000
3513,bob.smith_3513,Initech,Free,United Kingdom,2025-08-25 00:00:00.000000
3514,henry.m_3514,Umbrella Corp,Enterprise,Japan,2023-09-26 00:00:00.000000
3515,henry.m_3515,Globex,Premium,Canada,2023-12-28 00:00:00.000000
3516,david.l_3516,Wayne Enterprises,Free,India,2024-03-11 00:00:00.000000
3517,bob.smith_3517,Hooli,Premium,United Kingdom,2023-12-15 00:00:00.000000
3518,charlie_k_3518,Umbrella Corp,Free,Japan,2023-05-31 00:00:00.000000
3519,iris_p_3519,Hooli,Premium,Germany,2025-12-20 00:00:00.000000
3520,frank_g_3520,Hooli,Premium,Australia,2023-12-06 00:00:00.000000
3521,charlie_k_3521,Umbrella Corp,Enterprise,Canada,2024-08-25 00:00:00.000000
3522,iris_p_3522,Stark Industries,Premium,United Kingdom,2024-11-21 00:00:00.000000
3523,grace_h_3523,Vehement Capital,Free,United Kingdom,2024-01-31 00:00:00.000000
3524,frank_g_3524,Globex,Premium,Australia,2024-02-06 00:00:00.000000
3525,charlie_k_3525,Stark Industries,Premium,Germany,2024-07-06 00:00:00.000000
3526,henry.m_3526,Unknowm,Enterprise,United Kingdom,2025-08-11 00:00:00.000000
3527,jack_r_3527,Hooli,Premium,Germany,2023-08-13 00:00:00.000000
3528,josé_m_3528,Tyrell Corp,Free,United States,2023-10-12 00:00:00.000000
3529,bob.smith_1745,Hooli,Basic,Australia,2025-03-16 00:00:00.000000
3530,grace_h_3530,Acme Corp,Free,Japan,2022-06-20 00:00:00.000000
3531,jack_r_3531,Umbrella Corp,Free,Singapore,2024-03-06 00:00:00.000000
3532,david.l_3532,Vehement Capital,Basic,United States,2025-03-28 00:00:00.000000
3533,jack_r_3533,Tyrell Corp,Premium,Japan,2023-10-07 00:00:00.000000
3534,david.l_3534,Umbrella Corp,Basic,France,2025-01-29 00:00:00.000000
3535,iris_p_3535,Hooli,Enterprise,France,2024-11-03 00:00:00.000000
3536,alice_w_3536,Wayne Enterprises,Premium,Germany,2022-11-10 00:00:00.000000
3537,bob.smith_3537,Initech,Premium,Australia,2025-06-08 00:00:00.000000
3538,jack_r_3538,Stark Industries,Enterprise,United States,2025-12-26 00:00:00.000000
3539,david.l_3539,Acme Corp,Enterprise,United Kingdom,2025-05-23 00:00:00.000000
3540,grace_h_3540,Stark Industries,Premium,Singapore,2023-07-08 00:00:00.000000
3541,frank_g_3541,Vehement Capital,Enterprise,Australia,2024-01-09 00:00:00.000000
3542,charlie_k_3542,Initech,Free,Japan,2024-01-28 00:00:00.000000
3543,grace_h_3543,Globex,Enterprise,Germany,2025-10-29 00:00:00.000000
3544,jack_r_3544,Hooli,Free,Brazil,2024-10-21 00:00:00.000000
3545,frank_g_3545,Umbrella Corp,Free,France,2023-05-01 00:00:00.000000
3546,frank_g_3546,Acme Corp,Basic,Japan,2024-02-17 00:00:00.000000
3547,david.l_3547,Stark Industries,Premium,United Kingdom,2023-10-18 00:00:00.000000
3548,iris_p_3548,Globex,Free,United States,2022-09-21 00:00:00.000000
3549,emma.v_3549,Umbrella Corp,Enterprise,Australia,2022-12-01 00:00:00.000000
3550,emma.v_3550,Acme Corp,Premium,France,2023-05-01 00:00:00.000000
3551,alice_w_3551,Tyrell Corp,Free,United Kingdom,2022-11-12 00:00:00.000000
3552,frank_g_3552,Vehement Capital,Basic,Canada,2023-02-03 00:00:00.000000
3553,henry.m_3553,Initech,Enterprise,France,2023-04-09 00:00:00.000000
3554,jack_r_3554,Cyberdyne Systems,Basic,Canada,2025-02-11 00:00:00.000000
3555,charlie_k_3555,Globex,Enterprise,Canada,2024-08-22 00:00:00.000000
3556,emma.v_3556,Acme Corp,Enterprise,Brazil,2023-08-30 00:00:00.000000
3557,iris_p_3557,Hooli,Free,Australia,2023-12-15 00:00:00.000000
3558,jack_r_3558,Tyrell Corp,Free,Singapore,2023-07-26 00:00:00.000000
3559,jack_r_3559,Cyberdyne Systems,Premium,Canada,2023-08-26 00:00:00.000000
3560,bob.smith_3560,Vehement Capital,Free,United States,2024-06-15 00:00:00.000000
3561,david.l_3561,Tyrell Corp,Enterprise,Germany,2024-04-19 00:00:00.000000
3562,emma.v_3562,Globex,Premium,India,2024-11-04 00:00:00.000000
3563,emma.v_3563,Wayne Enterprises,Basic,France,2024-06-24 00:00:00.000000
3564,jean-luc_3564,Initech,Free,India,2024-11-03 00:00:00.000000
3565,jack_r_3565,Vehement Capital,Premium,Japan,2023-11-12 00:00:00.000000
3566,henry.m_3566,Stark Industries,Premium,United States,2024-01-25 00:00:00.000000
3567,alice_w_3567,Cyberdyne Systems,Basic,Japan,2025-09-07 00:00:00.000000
3568,charlie_k_3568,Acme Corp,Corporate,Germany,2023-07-17 00:00:00.000000
3569,iris_p_3569,Wayne Enterprises,Premium,India,2024-02-06 00:00:00.000000
3570,frank_g_3570,Wayne Enterprises,Premium,Germany,2022-06-17 00:00:00.000000
3571,david.l_3571,Globex,Premium,United Kingdom,2025-05-30 00:00:00.000000
3572,charlie_k_3572,Umbrella Corp,Enterprise,Singapore,2025-12-15 00:00:00.000000
3573,frank_g_3573,Hooli,Free,France,2023-04-14 00:00:00.000000
3574,david.l_3574,Globex,Premium,India,2024-09-05 00:00:00.000000
3575,david.l_3575,Wayne Enterprises,Basic,Singapore,2022-12-15 00:00:00.000000
3576,henry.m_3576,Cyberdyne Systems,Free,India,2023-12-29 07:11:03.040791
3577,iris_p_3577,Stark Industries,Free,India,2025-05-05 00:00:00.000000
3578,henry.m_3578,Initech,Basic,France,2024-05-20 00:00:00.000000
3579,grace_h_3579,Wayne Enterprises,Basic,United Kingdom,2022-05-27 00:00:00.000000
3580,henry.m_3580,Acme Corp,Premium,India,2023-12-29 07:11:03.040791
3581,iris_p_3581,Wayne Enterprises,Free,Australia,2024-04-15 00:00:00.000000
3582,emma.v_3582,Globex,Free,India,2024-12-20 00:00:00.000000
3583,henry.m_3583,Vehement Capital,Basic,Canada,2025-11-20 00:00:00.000000
3584,iris_p_3584,Umbrella Corp,Premium,Australia,2023-12-29 07:11:03.040791
3585,frank_g_3585,Vehement Capital,Free,India,2024-10-15 00:00:00.000000
3586,cléo.b_3586,Umbrella Corp,Unknown,India,2024-10-14 00:00:00.000000
3587,frank_g_3587,Umbrella Corp,Basic,Canada,2022-06-21 00:00:00.000000
3588,charlie_k_3588,Tyrell Corp,Enterprise,Canada,2022-01-15 00:00:00.000000
3589,frank_g_3589,Stark Industries,Enterprise,India,2025-10-20 00:00:00.000000
3590,frank_g_3590,Globex,Free,Canada,2022-07-15 00:00:00.000000
3591,jack_r_3591,Globex,Enterprise,United Kingdom,2025-06-09 00:00:00.000000
3592,grace_h_3592,Wayne Enterprises,Free,Australia,2025-10-14 00:00:00.000000
3593,alice_w_3593,Umbrella Corp,Premium,Australia,2022-06-03 00:00:00.000000
3594,david.l_3594,Hooli,Premium,Japan,2023-04-28 00:00:00.000000
3595,frank_g_3595,Wayne Enterprises,Free,Brazil,2023-08-05 00:00:00.000000
3596,iris_p_3596,Stark Industries,Enterprise,India,2024-07-11 00:00:00.000000
3597,henry.m_3597,Tyrell Corp,Enterprise,Canada,2024-10-06 00:00:00.000000
3598,alice_w_3598,Initech,Basic,United Kingdom,2025-05-29 00:00:00.000000
3599,grace_h_3599,Unknowm,Enterprise,Unknown,2025-11-27 00:00:00.000000
3600,charlie_k_3600,Acme Corp,Enterprise,France,2024-12-16 00:00:00.000000
3601,henry.m_3601,Acme Corp,Premium,Singapore,2025-10-15 00:00:00.000000
3602,iris_p_3602,Umbrella Corp,Basic,United States,2024-02-09 00:00:00.000000
3603,jack_r_3603,Vehement Capital,Enterprise,Canada,2025-06-10 00:00:00.000000
3604,alice_w_3604,Tyrell Corp,Premium,Brazil,2023-02-16 00:00:00.000000
3605,jack_r_3605,Tyrell Corp,Basic,United Kingdom,2024-11-20 00:00:00.000000
3606,henry.m_3606,Umbrella Corp,Free,Germany,2025-05-17 00:00:00.000000
3607,jack_r_3607,Hooli,Basic,United Kingdom,2023-03-20 00:00:00.000000
3608,josé_m_3608,Stark Industries,Free,United Kingdom,2025-09-20 00:00:00.000000
3609,alice_w_3609,Initech,Premium,Canada,2025-06-26 00:00:00.000000
3610,david.l_3610,Hooli,Basic,France,2024-08-07 00:00:00.000000
3611,grace_h_3611,Umbrella Corp,Basic,United States,2023-10-03 00:00:00.000000
3612,alice_w_3612,Cyberdyne Systems,Basic,Australia,2024-10-14 00:00:00.000000
3613,grace_h_3613,Tyrell Corp,Premium,Germany,2023-02-27 00:00:00.000000
3614,emma.v_3614,Globex,Premium,France,2023-11-15 00:00:00.000000
3615,bob.smith_3615,Wayne Enterprises,Premium,France,2025-08-19 00:00:00.000000
3616,grace_h_3616,Stark Industries,Enterprise,Brazil,2023-08-03 00:00:00.000000
3617,iris_p_3617,Globex,Premium,Japan,2024-06-30 00:00:00.000000
3618,iris_p_3618,Initech,Premium,United States,2023-05-14 00:00:00.000000
3619,charlie_k_3619,Vehement Capital,Premium,Australia,2023-12-29 07:11:03.040791
3620,frank_g_3620,Hooli,Basic,Canada,2024-02-29 00:00:00.000000
3621,charlie_k_3621,Initech,Premium,Germany,2024-05-06 00:00:00.000000
3622,emma.v_3622,Stark Industries,Premium,Australia,2025-08-17 00:00:00.000000
3623,emma.v_3623,Globex,Basic,France,2022-03-01 00:00:00.000000
3624,frank_g_3624,Stark Industries,Free,Germany,2023-10-16 00:00:00.000000
3625,iris_p_3625,Globex,Enterprise,Brazil,2024-03-21 00:00:00.000000
3626,jack_r_3626,Initech,Free,India,2023-06-27 00:00:00.000000
3627,charlie_k_3627,Hooli,Enterprise,Australia,2023-10-19 00:00:00.000000
3628,bob.smith_3628,Globex,Enterprise,Japan,2024-07-06 00:00:00.000000
3629,frank_g_3629,Wayne Enterprises,Basic,Canada,2022-12-27 00:00:00.000000
3630,emma.v_3630,Tyrell Corp,Enterprise,Canada,2022-05-11 00:00:00.000000
3631,alice_w_3631,Acme Corp,Premium,Canada,2024-07-30 00:00:00.000000
3632,frank_g_3632,Stark Industries,Enterprise,Japan,2022-07-07 00:00:00.000000
3633,emma.v_3633,Wayne Enterprises,Basic,France,2025-05-07 00:00:00.000000
3634,emma.v_3634,Stark Industries,Basic,United States,2022-12-30 00:00:00.000000
3635,grace_h_3635,Globex,Free,India,2022-01-18 00:00:00.000000
3636,jack_r_3636,Acme Corp,Basic,France,2024-11-05 00:00:00.000000
3637,grace_h_3637,Umbrella Corp,Premium,United States,2022-10-17 00:00:00.000000
3638,jack_r_3638,Tyrell Corp,Free,United States,2024-10-26 00:00:00.000000
3639,charlie_k_3639,Cyberdyne Systems,Free,Canada,2025-09-16 00:00:00.000000
3640,grace_h_3640,Initech,Premium,Singapore,2025-07-23 00:00:00.000000
3641,bob.smith_3641,Hooli,Free,Germany,2023-11-30 00:00:00.000000
3642,bob.smith_3642,Acme Corp,Basic,Brazil,2022-04-27 00:00:00.000000
3643,david.l_3643,Initech,Enterprise,France,2023-09-05 00:00:00.000000
3644,frank_g_3644,Umbrella Corp,Premium,United States,2025-11-28 00:00:00.000000
3645,alice_w_3645,Vehement Capital,Basic,Germany,2024-02-22 00:00:00.000000
3646,henry.m_3646,Wayne Enterprises,Premium,India,2022-10-17 00:00:00.000000
3647,david.l_3647,Stark Industries,Free,United States,2023-09-03 00:00:00.000000
3648,bob.smith_3648,Stark Industries,Basic,United Kingdom,2023-10-13 00:00:00.000000
3649,grace_h_3649,Tyrell Corp,Enterprise,Australia,2024-07-26 00:00:00.000000
3650,müller_a_3650,Cyberdyne Systems,Free,France,2023-09-03 00:00:00.000000
3651,alice_w_3651,Vehement Capital,Premium,Singapore,2024-01-18 00:00:00.000000
3652,david.l_3652,Hooli,Basic,Germany,2023-04-26 00:00:00.000000
3653,frank_g_3653,Vehement Capital,Free,Canada,2022-01-17 00:00:00.000000
3654,alice_w_3654,Cyberdyne Systems,Enterprise,India,2024-01-18 00:00:00.000000
3655,frank_g_3655,Unknowm,Enterprise,United States,2023-06-03 00:00:00.000000
3656,emma.v_3656,Vehement Capital,Basic,Australia,2023-10-19 00:00:00.000000
3657,jack_r_3657,Umbrella Corp,Free,Canada,2024-08-01 00:00:00.000000
3658,grace_h_3658,Cyberdyne Systems,Free,Germany,2022-03-05 00:00:00.000000
3659,bob.smith_3659,Globex,Premium,France,2022-07-11 00:00:00.000000
3660,bob.smith_3660,Cyberdyne Systems,Free,Brazil,2025-10-08 00:00:00.000000
3661,david.l_3661,Umbrella Corp,Premium,Japan,2022-09-03 00:00:00.000000
3662,bob.smith_3662,Acme Corp,Premium,Canada,2022-10-06 00:00:00.000000
3663,grace_h_3663,Hooli,Enterprise,United Kingdom,2024-05-17 00:00:00.000000
3664,jack_r_3664,Umbrella Corp,Enterprise,India,2023-05-25 00:00:00.000000
3665,iris_p_3665,Umbrella Corp,Free,Japan,2023-10-16 00:00:00.000000
3666,iris_p_3666,Stark Industries,Basic,Brazil,2023-03-01 00:00:00.000000
3667,alice_w_3667,Wayne Enterprises,Free,United States,2025-07-22 00:00:00.000000
3668,cléo.b_3668,Vehement Capital,Free,Canada,2025-09-24 00:00:00.000000
3669,alice_w_3669,Vehement Capital,Free,Japan,2025-09-22 00:00:00.000000
3670,frank_g_3670,Globex,Basic,Brazil,2024-02-27 00:00:00.000000
3671,jack_r_3671,Cyberdyne Systems,Premium,Japan,2025-07-14 00:00:00.000000
3672,bob.smith_3672,Umbrella Corp,Enterprise,Germany,2025-01-16 00:00:00.000000
3673,frank_g_3673,Globex,Enterprise,Singapore,2023-12-29 07:11:03.040791
3674,iris_p_3674,Initech,Enterprise,India,2023-11-03 00:00:00.000000
3675,bob.smith_3675,Initech,Premium,Singapore,2023-12-28 00:00:00.000000
3676,emma.v_3676,Vehement Capital,Premium,France,2023-12-18 00:00:00.000000
3677,alice_w_3677,Initech,Premium,Singapore,2022-09-23 00:00:00.000000
3678,bob.smith_3678,Acme Corp,Enterprise,United States,2023-09-30 00:00:00.000000
3679,alice_w_3679,Stark Industries,Premium,Singapore,2022-01-18 00:00:00.000000
3680,henry.m_3680,Vehement Capital,Free,Japan,2024-10-07 00:00:00.000000
3681,emma.v_3681,Cyberdyne Systems,Premium,United States,2024-07-26 00:00:00.000000
3682,jack_r_3682,Acme Corp,Free,United States,2022-06-08 00:00:00.000000
3683,frank_g_3683,Hooli,Basic,Singapore,2025-02-12 00:00:00.000000
3684,emma.v_3684,Tyrell Corp,Premium,Singapore,2022-12-18 00:00:00.000000
3685,alice_w_3685,Acme Corp,Free,France,2025-12-28 00:00:00.000000
3686,bob.smith_3686,Stark Industries,Basic,Japan,2024-02-03 00:00:00.000000
3687,henry.m_3687,Wayne Enterprises,Basic,Australia,2023-10-21 00:00:00.000000
3688,henry.m_3688,Wayne Enterprises,Free,India,2023-02-26 00:00:00.000000
3689,alice_w_3689,Globex,Enterprise,France,2025-05-18 00:00:00.000000
3690,emma.v_3690,Tyrell Corp,Enterprise,Australia,2022-02-08 00:00:00.000000
3691,david.l_3691,Cyberdyne Systems,Premium,United States,2025-01-12 00:00:00.000000
3692,jack_r_3692,Initech,Basic,Australia,2022-10-15 00:00:00.000000
3693,bob.smith_1265,Acme Corp,Basic,United Kingdom,2022-12-10 00:00:00.000000
3694,renee_s_3694,Acme Corp,Basic,France,2022-10-05 00:00:00.000000
3695,frank_g_3695,Wayne Enterprises,Basic,India,2023-11-26 00:00:00.000000
3696,alice_w_3696,Initech,Free,Brazil,2023-01-04 00:00:00.000000
3697,grace_h_3697,Unknowm,Premium,Unknown,2023-09-13 00:00:00.000000
3698,alice_w_3698,Cyberdyne Systems,Enterprise,Australia,2025-02-10 00:00:00.000000
3699,bob.smith_3699,Hooli,Premium,United States,2025-12-18 00:00:00.000000
3700,bob.smith_3700,Umbrella Corp,Premium,United Kingdom,2025-08-26 00:00:00.000000
3701,iris_p_3701,Acme Corp,Free,United States,2024-12-31 00:00:00.000000
3702,frank_g_3702,Umbrella Corp,Enterprise,Australia,2023-12-29 07:11:03.040791
3703,david.l_3703,Umbrella Corp,Free,Australia,2024-12-27 00:00:00.000000
3704,jack_r_3704,Globex,Enterprise,Germany,2024-07-14 00:00:00.000000
3705,iris_p_46,Globex,Free,United Kingdom,2022-03-06 00:00:00.000000
3706,frank_g_3706,Stark Industries,Enterprise,United States,2023-10-28 00:00:00.000000
3707,david.l_3707,Hooli,Basic,Brazil,2025-01-17 00:00:00.000000
3708,bob.smith_3708,Acme Corp,Enterprise,France,2024-11-22 00:00:00.000000
3709,grace_h_3709,Hooli,Premium,Australia,2024-11-21 00:00:00.000000
3710,charlie_k_3710,Initech,Enterprise,Canada,2024-02-08 00:00:00.000000
3711,grace_h_3711,Hooli,Premium,Brazil,2024-04-24 00:00:00.000000
3712,iris_p_3712,Wayne Enterprises,Basic,India,2024-07-31 00:00:00.000000
3713,grace_h_1458,Umbrella Corp,Free,Australia,2023-06-08 00:00:00.000000
3714,david.l_3714,Hooli,Premium,Canada,2023-12-29 07:11:03.040791
3715,david.l_3715,Vehement Capital,Unknown,United Kingdom,2025-12-22 00:00:00.000000
3716,grace_h_3716,Initech,Enterprise,Brazil,2025-11-03 00:00:00.000000
3717,henry.m_3717,Hooli,Free,Japan,2023-05-19 00:00:00.000000
3718,jack_r_3718,Vehement Capital,Basic,Singapore,2025-05-30 00:00:00.000000
3719,charlie_k_3719,Globex,Free,India,2025-06-06 00:00:00.000000
3720,charlie_k_3720,Vehement Capital,Free,Japan,2023-01-09 00:00:00.000000
3721,henry.m_3721,Tyrell Corp,Corporate,Singapore,2023-08-26 00:00:00.000000
3722,jack_r_3722,Stark Industries,Basic,Japan,2023-03-11 00:00:00.000000
3723,charlie_k_3723,Acme Corp,Premium,France,2024-12-10 00:00:00.000000
3724,bob.smith_3724,Hooli,Free,Brazil,2024-11-12 00:00:00.000000
3725,henry.m_3725,Initech,Basic,United States,2022-01-13 00:00:00.000000
3726,bob.smith_3726,Cyberdyne Systems,Enterprise,Japan,2024-11-20 00:00:00.000000
3727,jack_r_3727,Hooli,Enterprise,United States,2023-05-11 00:00:00.000000
3728,jack_r_3728,Stark Industries,Basic,Germany,2025-03-13 00:00:00.000000
3729,frank_g_3729,Tyrell Corp,Premium,Singapore,2022-10-07 00:00:00.000000
3730,grace_h_3730,Hooli,Premium,Canada,2022-09-10 00:00:00.000000
3731,jack_r_3731,Acme Corp,Premium,Unknown,2023-01-06 00:00:00.000000
3732,grace_h_3732,Cyberdyne Systems,Unknown,Unknown,2025-10-18 00:00:00.000000
3733,alice_w_3733,Vehement Capital,Basic,Australia,2024-05-25 00:00:00.000000
3734,frank_g_3734,Stark Industries,Premium,India,2023-03-31 00:00:00.000000
3735,bob.smith_3735,Stark Industries,Basic,United Kingdom,2024-03-02 00:00:00.000000
3736,henry.m_3736,Umbrella Corp,Premium,India,2025-04-30 00:00:00.000000
3737,henry.m_3737,Vehement Capital,Premium,Japan,2025-12-01 00:00:00.000000
3738,henry.m_3738,Globex,Free,Japan,2023-08-20 00:00:00.000000
3739,iris_p_3739,Acme Corp,Enterprise,France,2022-05-03 00:00:00.000000
3740,henry.m_3740,Vehement Capital,Basic,Australia,2024-03-12 00:00:00.000000
3741,frank_g_3741,Globex,Free,United Kingdom,2022-07-23 00:00:00.000000
3742,frank_g_3742,Hooli,Basic,United States,2023-09-08 00:00:00.000000
3743,emma.v_905,Wayne Enterprises,Free,France,2024-04-26 00:00:00.000000
3744,charlie_k_3744,Wayne Enterprises,Enterprise,Australia,2024-03-04 00:00:00.000000
3745,jack_r_3745,Wayne Enterprises,Free,Japan,2025-12-09 00:00:00.000000
3746,charlie_k_3746,Stark Industries,Premium,Germany,2025-08-22 00:00:00.000000
3747,alice_w_3747,Acme Corp,Basic,Brazil,2022-04-08 00:00:00.000000
3748,david.l_3748,Vehement Capital,Free,India,2025-01-11 00:00:00.000000
3749,grace_h_1996,Tyrell Corp,Premium,Brazil,2024-05-02 00:00:00.000000
3750,frank_g_3750,Acme Corp,Premium,Brazil,2022-05-09 00:00:00.000000
3751,frank_g_3751,Acme Corp,Unknown,Brazil,2024-11-24 00:00:00.000000
3752,emma.v_3752,Umbrella Corp,Free,Singapore,2025-03-18 00:00:00.000000
3753,grace_h_3753,Stark Industries,Enterprise,India,2025-10-06 00:00:00.000000
3754,jack_r_3754,Vehement Capital,Premium,Canada,2024-04-29 00:00:00.000000
3755,charlie_k_3755,Globex,Premium,Singapore,2023-12-29 07:11:03.040791
3756,emma.v_3756,Cyberdyne Systems,Basic,Canada,2025-12-01 00:00:00.000000
3757,alice_w_3757,Wayne Enterprises,Enterprise,Japan,2023-02-09 00:00:00.000000
3758,grace_h_3758,Acme Corp,Free,India,2023-07-23 00:00:00.000000
3759,müller_a_3759,Wayne Enterprises,Free,Australia,2025-01-21 00:00:00.000000
3760,david.l_3760,Unknowm,Enterprise,France,2022-03-23 00:00:00.000000
3761,iris_p_3761,Vehement Capital,Basic,Germany,2025-03-27 00:00:00.000000
3762,henry.m_3762,Wayne Enterprises,Enterprise,Germany,2024-09-06 00:00:00.000000
3763,jack_r_3763,Stark Industries,Free,Canada,2025-11-29 00:00:00.000000
3764,emma.v_3764,Wayne Enterprises,Premium,France,2024-01-15 00:00:00.000000
3765,henry.m_3765,Globex,Enterprise,Canada,2022-04-21 00:00:00.000000
3766,david.l_3766,Hooli,Premium,Brazil,2023-12-04 00:00:00.000000
3767,bob.smith_3767,Acme Corp,Enterprise,Singapore,2023-04-23 00:00:00.000000
3768,grace_h_3768,Hooli,Basic,Australia,2025-04-19 00:00:00.000000
3769,emma.v_3769,Initech,Free,France,2023-08-04 00:00:00.000000
3770,grace_h_3770,Unknowm,Unknown,Japan,2022-09-25 00:00:00.000000
3771,müller_a_3771,Stark Industries,Premium,Brazil,2024-06-15 00:00:00.000000
3772,iris_p_3348,Vehement Capital,Free,Brazil,2022-01-06 00:00:00.000000
3773,charlie_k_3773,Acme Corp,Unknown,Canada,2024-10-04 00:00:00.000000
3774,grace_h_3774,Cyberdyne Systems,Enterprise,Canada,2023-02-12 00:00:00.000000
3775,alice_w_3775,Cyberdyne Systems,Enterprise,India,2025-09-26 00:00:00.000000
3776,iris_p_564,Tyrell Corp,Enterprise,India,2023-10-03 00:00:00.000000
3777,frank_g_3777,Acme Corp,Enterprise,Japan,2023-01-28 00:00:00.000000
3778,frank_g_3778,Wayne Enterprises,Basic,Japan,2022-03-16 00:00:00.000000
3779,bob.smith_3779,Initech,Premium,India,2023-12-29 07:11:03.040791
3780,iris_p_3780,Globex,Premium,Australia,2025-11-30 00:00:00.000000
3781,frank_g_3781,Initech,Enterprise,Germany,2023-09-19 00:00:00.000000
3782,alice_w_3782,Tyrell Corp,Enterprise,Canada,2024-04-14 00:00:00.000000
3783,henry.m_3783,Wayne Enterprises,Enterprise,Singapore,2025-07-27 00:00:00.000000
3784,iris_p_3784,Initech,Premium,Australia,2022-05-17 00:00:00.000000
3785,grace_h_3785,Cyberdyne Systems,Free,Canada,2023-06-21 00:00:00.000000
3786,bob.smith_3786,Wayne Enterprises,Enterprise,Japan,2024-04-12 00:00:00.000000
3787,frank_g_3787,Cyberdyne Systems,Premium,India,2025-08-12 00:00:00.000000
3788,henry.m_3788,Globex,Premium,Brazil,2024-01-12 00:00:00.000000
3789,emma.v_2798,Tyrell Corp,Free,United Kingdom,2022-12-23 00:00:00.000000
3790,bob.smith_3790,Tyrell Corp,Premium,United States,2025-09-16 00:00:00.000000
3791,bob.smith_3791,Wayne Enterprises,Enterprise,India,2022-03-06 00:00:00.000000
3792,david.l_3792,Tyrell Corp,Premium,Australia,2022-05-21 00:00:00.000000
3793,jack_r_3793,Stark Industries,Enterprise,United States,2022-12-31 00:00:00.000000
3794,emma.v_3794,Initech,Free,Brazil,2025-07-06 00:00:00.000000
3795,alice_w_3795,Cyberdyne Systems,Enterprise,Singapore,2022-08-30 00:00:00.000000
3796,grace_h_3796,Cyberdyne Systems,Free,Canada,2023-12-10 00:00:00.000000
3797,iris_p_3797,Tyrell Corp,Enterprise,Australia,2025-01-08 00:00:00.000000
3798,emma.v_3798,Umbrella Corp,Basic,Canada,2025-07-20 00:00:00.000000
3799,henry.m_3799,Acme Corp,Premium,Brazil,2023-07-06 00:00:00.000000
3800,charlie_k_3800,Globex,Unknown,United Kingdom,2025-12-20 00:00:00.000000
3801,charlie_k_3600,Wayne Enterprises,Basic,Singapore,2025-01-02 00:00:00.000000
3802,jack_r_3802,Unknowm,Basic,Singapore,2023-09-18 00:00:00.000000
3803,grace_h_3803,Acme Corp,Basic,Brazil,2024-04-14 00:00:00.000000
3804,frank_g_3804,Unknowm,Free,Canada,2022-11-12 00:00:00.000000
3805,frank_g_3805,Globex,Premium,France,2022-06-02 00:00:00.000000
3806,bob.smith_3806,Tyrell Corp,Basic,Singapore,2023-06-06 00:00:00.000000
3807,jack_r_3807,Cyberdyne Systems,Premium,Australia,2023-06-01 00:00:00.000000
3808,grace_h_3808,Wayne Enterprises,Premium,Australia,2022-10-03 00:00:00.000000
3809,iris_p_3809,Tyrell Corp,Enterprise,Singapore,2024-12-10 00:00:00.000000
3810,iris_p_3810,Stark Industries,Enterprise,India,2025-04-25 00:00:00.000000
3811,jack_r_3811,Vehement Capital,Basic,Singapore,2025-02-10 00:00:00.000000
3812,iris_p_3812,Stark Industries,Free,Brazil,2023-01-26 00:00:00.000000
3813,charlie_k_3813,Wayne Enterprises,Basic,Canada,2022-09-29 00:00:00.000000
3814,emma.v_3814,Umbrella Corp,Premium,Canada,2022-01-29 00:00:00.000000
3815,alice_w_3815,Stark Industries,Enterprise,Australia,2023-11-28 00:00:00.000000
3816,henry.m_3816,Umbrella Corp,Free,Brazil,2023-05-02 00:00:00.000000
3817,grace_h_3817,Tyrell Corp,Free,United States,2023-09-26 00:00:00.000000
3818,grace_h_3818,Tyrell Corp,Free,United States,2023-12-11 00:00:00.000000
3819,david.l_1306,Acme Corp,Basic,Japan,2024-02-21 00:00:00.000000
3820,charlie_k_3820,Vehement Capital,Free,Singapore,2024-01-30 00:00:00.000000
3821,charlie_k_3821,Unknowm,Enterprise,Unknown,2024-10-27 00:00:00.000000
3822,bob.smith_3822,Wayne Enterprises,Gold,Canada,2025-01-25 00:00:00.000000
3823,emma.v_3823,Initech,Premium,India,2024-03-01 00:00:00.000000
3824,bob.smith_3824,Acme Corp,Free,Japan,2024-09-11 00:00:00.000000
3825,alice_w_3825,Umbrella Corp,Enterprise,Singapore,2025-04-11 00:00:00.000000
3826,cléo.b_3826,Stark Industries,Free,Japan,2022-07-23 00:00:00.000000
3827,david.l_3827,Vehement Capital,Enterprise,India,2022-03-27 00:00:00.000000
3828,emma.v_3828,Umbrella Corp,Premium,Canada,2023-11-05 00:00:00.000000
3829,grace_h_3829,Vehement Capital,Free,United States,2022-07-03 00:00:00.000000
3830,grace_h_3830,Hooli,Free,Brazil,2025-02-09 00:00:00.000000
3831,charlie_k_3831,Initech,Premium,Brazil,2024-07-08 00:00:00.000000
3832,bob.smith_3832,Cyberdyne Systems,Enterprise,France,2023-12-29 07:11:03.040791
3833,charlie_k_3833,Cyberdyne Systems,Enterprise,Canada,2024-09-16 00:00:00.000000
3834,emma.v_3834,Globex,Premium,Canada,2024-10-16 00:00:00.000000
3835,charlie_k_3835,Acme Corp,Free,Australia,2022-08-04 00:00:00.000000
3836,emma.v_3836,Acme Corp,Premium,Brazil,2022-08-09 00:00:00.000000
3837,emma.v_3837,Tyrell Corp,Free,United Kingdom,2025-10-11 00:00:00.000000
3838,frank_g_3838,Cyberdyne Systems,Enterprise,United States,2024-06-19 00:00:00.000000
3839,emma.v_3839,Unknowm,Free,Japan,2023-08-14 00:00:00.000000
3840,bob.smith_3840,Unknowm,Unknown,India,2025-09-08 00:00:00.000000
3841,iris_p_3841,Globex,Basic,Germany,2025-12-19 00:00:00.000000
3842,henry.m_3842,Initech,Premium,France,2023-04-01 00:00:00.000000
3843,cléo.b_3843,Acme Corp,Free,India,2023-03-15 00:00:00.000000
3844,david.l_3844,Tyrell Corp,Enterprise,Brazil,2023-08-13 00:00:00.000000
3845,jack_r_3845,Umbrella Corp,Enterprise,United Kingdom,2022-03-19 00:00:00.000000
3846,alice_w_3846,Initech,Basic,Brazil,2022-04-26 00:00:00.000000
3847,henry.m_3847,Stark Industries,Basic,Canada,2022-04-07 00:00:00.000000
3848,iris_p_3848,Tyrell Corp,Free,Singapore,2023-10-27 00:00:00.000000
3849,emma.v_3849,Unknowm,Basic,United Kingdom,2022-03-01 00:00:00.000000
3850,jack_r_3850,Wayne Enterprises,Premium,Germany,2023-12-29 07:11:03.040791
3851,grace_h_3851,Acme Corp,Enterprise,India,2022-05-08 00:00:00.000000
3852,emma.v_3852,Stark Industries,Basic,Japan,2022-06-26 00:00:00.000000
3853,cléo.b_3853,Wayne Enterprises,Premium,Germany,2023-12-01 00:00:00.000000
3854,iris_p_2061,Acme Corp,Premium,India,2024-08-31 00:00:00.000000
3855,bob.smith_3855,Cyberdyne Systems,Free,Canada,2022-02-05 00:00:00.000000
3856,bob.smith_3856,Tyrell Corp,Enterprise,United States,2023-01-06 00:00:00.000000
3857,jack_r_3857,Hooli,Enterprise,India,2022-07-21 00:00:00.000000
3858,frank_g_3858,Hooli,Basic,Japan,2024-12-25 00:00:00.000000
3859,alice_w_3859,Stark Industries,Basic,Singapore,2022-01-11 00:00:00.000000
3860,jack_r_3860,Tyrell Corp,Premium,United Kingdom,2023-06-21 00:00:00.000000
3861,emma.v_3861,Vehement Capital,Premium,Australia,2023-01-02 00:00:00.000000
3862,david.l_3862,Stark Industries,Basic,Canada,2022-04-01 00:00:00.000000
3863,bob.smith_3863,Acme Corp,Free,Brazil,2023-06-14 00:00:00.000000
3864,emma.v_3864,Vehement Capital,Basic,Unknown,2023-10-10 00:00:00.000000
3865,alice_w_3865,Hooli,Premium,India,2023-05-30 00:00:00.000000
3866,iris_p_3866,Cyberdyne Systems,Unknown,Singapore,2024-03-23 00:00:00.000000
3867,grace_h_3867,Cyberdyne Systems,Enterprise,United Kingdom,2025-08-18 00:00:00.000000
3868,jack_r_3868,Cyberdyne Systems,Free,Australia,2022-01-28 00:00:00.000000
3869,bob.smith_3869,Stark Industries,Enterprise,Canada,2025-05-16 00:00:00.000000
3870,josé_m_3870,Stark Industries,Enterprise,Australia,2022-11-12 00:00:00.000000
3871,henry.m_3871,Globex,Unknown,Unknown,2023-03-25 00:00:00.000000
3872,grace_h_3872,Vehement Capital,Basic,Australia,2022-04-17 00:00:00.000000
3873,frank_g_3873,Hooli,Premium,India,2022-09-12 00:00:00.000000
3874,bob.smith_3874,Unknowm,Basic,Unknown,2022-11-15 00:00:00.000000
3875,jack_r_3875,Stark Industries,Free,Australia,2024-07-04 00:00:00.000000
3876,grace_h_3876,Stark Industries,Basic,United States,2025-03-04 00:00:00.000000
3877,jack_r_3877,Acme Corp,Free,Australia,2023-12-09 00:00:00.000000
3878,grace_h_3878,Hooli,Basic,Brazil,2024-07-31 00:00:00.000000
3879,emma.v_3879,Initech,Enterprise,Australia,2025-10-28 00:00:00.000000
3880,frank_g_3880,Stark Industries,Free,United States,2023-04-28 00:00:00.000000
3881,charlie_k_3881,Vehement Capital,Premium,France,2025-12-29 00:00:00.000000
3882,jack_r_3882,Vehement Capital,Enterprise,Japan,2023-10-20 00:00:00.000000
3883,jack_r_3883,Initech,Basic,Brazil,2024-10-20 00:00:00.000000
3884,charlie_k_3884,Umbrella Corp,Free,Brazil,2023-12-29 07:11:03.040791
3885,emma.v_3885,Globex,Enterprise,Germany,2025-11-18 00:00:00.000000
3886,david.l_3886,Vehement Capital,Basic,France,2023-06-16 00:00:00.000000
3887,alice_w_3887,Acme Corp,Premium,Japan,2022-06-11 00:00:00.000000
3888,bob.smith_3888,Wayne Enterprises,Premium,France,2023-03-04 00:00:00.000000
3889,frank_g_3889,Vehement Capital,Free,United Kingdom,2022-12-09 00:00:00.000000
3890,emma.v_3890,Globex,Enterprise,United States,2023-10-23 00:00:00.000000
3891,david.l_3891,Globex,Enterprise,France,2022-11-29 00:00:00.000000
3892,grace_h_3892,Tyrell Corp,Free,United Kingdom,2025-10-04 00:00:00.000000
3893,josé_m_3893,Umbrella Corp,Free,Brazil,2025-06-17 00:00:00.000000
3894,bob.smith_3894,Acme Corp,Enterprise,Singapore,2024-06-16 00:00:00.000000
3895,jack_r_3895,Vehement Capital,Enterprise,United Kingdom,2023-06-28 00:00:00.000000
3896,frank_g_3896,Globex,Premium,Canada,2024-12-19 00:00:00.000000
3897,emma.v_3897,Globex,Premium,Singapore,2022-04-11 00:00:00.000000
3898,charlie_k_3898,Acme Corp,Enterprise,United States,2023-08-08 00:00:00.000000
3899,charlie_k_3899,Vehement Capital,Premium,Australia,2023-06-13 00:00:00.000000
3900,grace_h_3900,Umbrella Corp,Premium,Singapore,2024-09-13 00:00:00.000000
3901,iris_p_3901,Tyrell Corp,Premium,Brazil,2023-04-06 00:00:00.000000
3902,charlie_k_3902,Cyberdyne Systems,Premium,Germany,2022-07-15 00:00:00.000000
3903,iris_p_3903,Tyrell Corp,Enterprise,Canada,2023-12-12 00:00:00.000000
3904,emma.v_3904,Tyrell Corp,Enterprise,United Kingdom,2023-12-29 07:11:03.040791
3905,frank_g_3905,Stark Industries,Free,United Kingdom,2023-04-21 00:00:00.000000
3906,emma.v_3906,Umbrella Corp,Basic,Japan,2025-09-12 00:00:00.000000
3907,jack_r_3907,Unknowm,Unknown,India,2025-05-30 00:00:00.000000
3908,bob.smith_3908,Acme Corp,Basic,United States,2022-04-26 00:00:00.000000
3909,henry.m_3909,Globex,Basic,Australia,2024-01-07 00:00:00.000000
3910,alice_w_3910,Hooli,Free,Singapore,2023-09-29 00:00:00.000000
3911,david.l_3911,Cyberdyne Systems,Basic,Canada,2023-09-25 00:00:00.000000
3912,iris_p_3912,Wayne Enterprises,Basic,India,2024-06-24 00:00:00.000000
3913,bob.smith_3913,Stark Industries,Premium,Germany,2024-02-13 00:00:00.000000
3914,henry.m_3914,Globex,Basic,Japan,2023-12-29 07:11:03.040791
3915,david.l_3915,Initech,Free,Australia,2023-04-16 00:00:00.000000
3916,henry.m_3916,Tyrell Corp,Premium,Singapore,2022-04-10 00:00:00.000000
3917,bob.smith_3917,Tyrell Corp,Free,United States,2023-04-09 00:00:00.000000
3918,alice_w_3918,Stark Industries,Free,Germany,2024-03-28 00:00:00.000000
3919,emma.v_3919,Acme Corp,Premium,Japan,2025-01-31 00:00:00.000000
3920,jack_r_3920,Stark Industries,Free,India,2024-06-15 00:00:00.000000
3921,charlie_k_3921,Hooli,Enterprise,Singapore,2025-10-09 00:00:00.000000
3922,alice_w_3922,Vehement Capital,Premium,Japan,2024-12-12 00:00:00.000000
3923,frank_g_3923,Initech,Premium,Brazil,2025-08-14 00:00:00.000000
3924,charlie_k_3924,Vehement Capital,Basic,India,2025-11-22 00:00:00.000000
3925,bob.smith_3925,Vehement Capital,Basic,Singapore,2025-01-04 00:00:00.000000
3926,charlie_k_3926,Acme Corp,Enterprise,Japan,2025-11-04 00:00:00.000000
3927,iris_p_3927,Wayne Enterprises,Basic,Germany,2024-10-24 00:00:00.000000
3928,frank_g_3928,Hooli,Premium,Australia,2022-07-13 00:00:00.000000
3929,henry.m_1915,Vehement Capital,Free,Japan,2024-08-12 00:00:00.000000
3930,henry.m_3930,Initech,Premium,Canada,2023-03-22 00:00:00.000000
3931,frank_g_3931,Vehement Capital,Enterprise,Australia,2025-05-29 00:00:00.000000
3932,jack_r_3932,Tyrell Corp,Basic,France,2023-10-19 00:00:00.000000
3933,iris_p_3933,Initech,Free,Australia,2024-01-18 00:00:00.000000
3934,iris_p_3934,Vehement Capital,Free,Singapore,2024-12-06 00:00:00.000000
3935,henry.m_3935,Cyberdyne Systems,Basic,Germany,2025-04-22 00:00:00.000000
3936,jack_r_3936,Stark Industries,Free,India,2024-02-10 00:00:00.000000
3937,jack_r_3937,Umbrella Corp,Unknown,India,2025-09-30 00:00:00.000000
3938,bob.smith_3938,Globex,Enterprise,Unknown,2025-02-27 00:00:00.000000
3939,emma.v_630,Stark Industries,Basic,Singapore,2025-12-14 00:00:00.000000
3940,grace_h_3940,Umbrella Corp,Enterprise,India,2024-05-08 00:00:00.000000
3941,emma.v_3941,Vehement Capital,Free,India,2024-09-26 00:00:00.000000
3942,jack_r_3942,Tyrell Corp,Premium,Brazil,2023-02-24 00:00:00.000000
3943,jack_r_3943,Vehement Capital,Enterprise,United States,2023-04-16 00:00:00.000000
3944,alice_w_3944,Stark Industries,Enterprise,United States,2023-07-16 00:00:00.000000
3945,emma.v_3945,Acme Corp,Free,Brazil,2024-06-30 00:00:00.000000
3946,henry.m_3946,Vehement Capital,Enterprise,Germany,2025-08-31 00:00:00.000000
3947,alice_w_3947,Wayne Enterprises,Premium,France,2023-06-26 00:00:00.000000
3948,henry.m_3948,Globex,Basic,Germany,2025-08-30 00:00:00.000000
3949,emma.v_3949,Wayne Enterprises,Free,United States,2024-07-20 00:00:00.000000
3950,grace_h_3950,Globex,Enterprise,Brazil,2022-09-19 00:00:00.000000
3951,charlie_k_3951,Globex,Enterprise,United States,2022-08-06 00:00:00.000000
3952,henry.m_3952,Vehement Capital,Free,Japan,2023-01-27 00:00:00.000000
3953,alice_w_3953,Vehement Capital,Enterprise,India,2024-08-16 00:00:00.000000
3954,emma.v_3954,Tyrell Corp,Enterprise,Brazil,2024-01-14 00:00:00.000000
3955,grace_h_3955,Hooli,Premium,Brazil,2025-07-11 00:00:00.000000
3956,frank_g_3956,Hooli,Enterprise,India,2023-08-06 00:00:00.000000
3957,charlie_k_3957,Globex,Free,Japan,2022-02-19 00:00:00.000000
3958,renee_s_3958,Acme Corp,Free,India,2025-04-12 00:00:00.000000
3959,iris_p_3959,Vehement Capital,Free,United Kingdom,2022-02-19 00:00:00.000000
3960,henry.m_3960,Tyrell Corp,Standard,India,2022-04-16 00:00:00.000000
3961,grace_h_3961,Tyrell Corp,Basic,Germany,2023-11-26 00:00:00.000000
3962,bob.smith_3962,Wayne Enterprises,Basic,Germany,2022-06-30 00:00:00.000000
3963,iris_p_3963,Umbrella Corp,Premium,United States,2025-12-04 00:00:00.000000
3964,alice_w_3964,Hooli,Premium,United Kingdom,2022-03-16 00:00:00.000000
3965,bob.smith_3965,Hooli,Enterprise,Germany,2024-09-24 00:00:00.000000
3966,iris_p_3966,Vehement Capital,Premium,Japan,2024-09-07 00:00:00.000000
3967,frank_g_3967,Globex,Free,India,2023-09-05 00:00:00.000000
3968,frank_g_3968,Wayne Enterprises,Premium,Canada,2023-09-03 00:00:00.000000
3969,jean-luc_3969,Acme Corp,Premium,India,2024-06-06 00:00:00.000000
3970,grace_h_3970,Vehement Capital,Premium,Australia,2025-01-12 00:00:00.000000
3971,jack_r_3971,Unknowm,Free,Japan,2025-07-14 00:00:00.000000
3972,iris_p_3972,Umbrella Corp,Free,Canada,2024-04-09 00:00:00.000000
3973,frank_g_3973,Wayne Enterprises,Basic,Singapore,2025-11-29 00:00:00.000000
3974,emma.v_3974,Hooli,Basic,Japan,2025-08-14 00:00:00.000000
3975,emma.v_3975,Cyberdyne Systems,Free,Japan,2023-05-08 00:00:00.000000
3976,grace_h_3976,Unknowm,Unknown,Australia,2022-07-17 00:00:00.000000
3977,frank_g_3977,Wayne Enterprises,Free,India,2022-01-30 00:00:00.000000
3978,alice_w_3978,Wayne Enterprises,Free,Brazil,2022-04-10 00:00:00.000000
3979,charlie_k_3979,Initech,Free,Brazil,2024-05-02 00:00:00.000000
3980,alice_w_3980,Tyrell Corp,Premium,France,2024-09-05 00:00:00.000000
3981,emma.v_3981,Acme Corp,Basic,India,2025-03-20 00:00:00.000000
3982,henry.m_3982,Unknowm,Premium,Unknown,2022-02-12 00:00:00.000000
3983,david.l_3983,Acme Corp,Enterprise,France,2023-11-16 00:00:00.000000
3984,henry.m_3984,Unknowm,Free,United States,2024-09-23 00:00:00.000000
3985,alice_w_3985,Acme Corp,Enterprise,United States,2023-04-20 00:00:00.000000
3986,josé_m_3986,Vehement Capital,Enterprise,Australia,2025-09-22 00:00:00.000000
3987,frank_g_3987,Globex,Premium,Germany,2023-12-29 07:11:03.040791
3988,jack_r_3988,Tyrell Corp,Basic,United Kingdom,2023-07-18 00:00:00.000000
3989,grace_h_3989,Cyberdyne Systems,Free,United Kingdom,2025-08-31 00:00:00.000000
3990,iris_p_3990,Acme Corp,Premium,Canada,2025-04-04 00:00:00.000000
3991,alice_w_3991,Umbrella Corp,Free,Singapore,2023-07-06 00:00:00.000000
3992,david.l_3992,Cyberdyne Systems,Basic,Japan,2023-07-17 00:00:00.000000
3993,grace_h_3993,Vehement Capital,Enterprise,Japan,2025-10-11 00:00:00.000000
3994,jack_r_3994,Stark Industries,Enterprise,United States,2024-01-18 00:00:00.000000
3995,david.l_3995,Cyberdyne Systems,Free,Brazil,2024-10-19 00:00:00.000000
3996,jack_r_3996,Globex,Enterprise,Canada,2022-11-18 00:00:00.000000
3997,jack_r_3997,Stark Industries,Premium,Brazil,2025-04-20 00:00:00.000000
3998,iris_p_3998,Tyrell Corp,Premium,United Kingdom,2025-02-24 00:00:00.000000
3999,david.l_3999,Acme Corp,Free,India,2022-10-03 00:00:00.000000
4000,alice_w_4000,Stark Industries,Basic,France,2022-01-10 00:00:00.000000
4001,alice_w_4001,Wayne Enterprises,Basic,Brazil,2024-05-16 00:00:00.000000
4002,alice_w_4002,Cyberdyne Systems,Unknown,Germany,2023-02-24 00:00:00.000000
4003,charlie_k_4003,Cyberdyne Systems,Basic,Australia,2024-09-15 00:00:00.000000
4004,iris_p_4004,Umbrella Corp,Enterprise,United Kingdom,2022-03-20 00:00:00.000000
4005,jack_r_4005,Stark Industries,Enterprise,Canada,2023-01-08 00:00:00.000000
4006,josé_m_4006,Hooli,Unknown,Germany,2025-05-15 00:00:00.000000
4007,grace_h_4007,Stark Industries,Basic,France,2022-09-19 00:00:00.000000
4008,bob.smith_4008,Tyrell Corp,Free,Japan,2022-02-05 00:00:00.000000
4009,grace_h_4009,Vehement Capital,Basic,India,2023-06-09 00:00:00.000000
4010,bob.smith_4010,Umbrella Corp,Basic,Singapore,2022-12-05 00:00:00.000000
4011,iris_p_4011,Unknowm,Basic,Brazil,2022-08-21 00:00:00.000000
4012,david.l_4012,Tyrell Corp,Free,Brazil,2023-08-25 00:00:00.000000
4013,frank_g_4013,Globex,Basic,United States,2024-04-10 00:00:00.000000
4014,henry.m_4014,Initech,Premium,Brazil,2022-02-23 00:00:00.000000
4015,henry.m_4015,Initech,Basic,Japan,2022-09-24 00:00:00.000000
4016,alice_w_4016,Vehement Capital,Premium,United States,2023-04-26 00:00:00.000000
4017,emma.v_4017,Unknowm,Unknown,Australia,2022-10-29 00:00:00.000000
4018,grace_h_4018,Umbrella Corp,Free,India,2025-09-02 00:00:00.000000
4019,david.l_4019,Acme Corp,Premium,United Kingdom,2023-07-02 00:00:00.000000
4020,grace_h_4020,Initech,Basic,France,2023-11-29 00:00:00.000000
4021,henry.m_4021,Globex,Premium,India,2022-09-04 00:00:00.000000
4022,bob.smith_4022,Globex,Enterprise,Australia,2023-07-24 00:00:00.000000
4023,iris_p_4023,Stark Industries,Basic,Singapore,2023-12-29 07:11:03.040791
4024,charlie_k_4024,Wayne Enterprises,Basic,Canada,2025-10-11 00:00:00.000000
4025,henry.m_4025,Wayne Enterprises,Free,Japan,2024-07-30 00:00:00.000000
4026,iris_p_4026,Stark Industries,Free,India,2025-08-24 00:00:00.000000
4027,henry.m_4027,Vehement Capital,Free,India,2025-03-16 00:00:00.000000
4028,grace_h_4028,Tyrell Corp,Premium,Canada,2023-09-20 00:00:00.000000
4029,henry.m_4029,Initech,Premium,Australia,2022-01-25 00:00:00.000000
4030,iris_p_4030,Stark Industries,Premium,Canada,2023-03-16 00:00:00.000000
4031,jack_r_4031,Initech,Free,Singapore,2023-12-29 07:11:03.040791
4032,iris_p_4032,Cyberdyne Systems,Free,United Kingdom,2024-02-29 00:00:00.000000
4033,grace_h_4033,Initech,Enterprise,France,2025-10-18 00:00:00.000000
4034,charlie_k_4034,Stark Industries,Premium,Germany,2025-11-03 00:00:00.000000
4035,emma.v_4035,Initech,Free,United States,2023-02-01 00:00:00.000000
4036,charlie_k_4036,Wayne Enterprises,Enterprise,Canada,2022-09-27 00:00:00.000000
4037,henry.m_4037,Initech,Premium,India,2022-11-06 00:00:00.000000
4038,jack_r_4038,Cyberdyne Systems,Premium,Brazil,2023-06-13 00:00:00.000000
4039,grace_h_4039,Umbrella Corp,Premium,France,2022-07-10 00:00:00.000000
4040,cléo.b_4040,Cyberdyne Systems,Premium,Canada,2024-02-07 00:00:00.000000
4041,iris_p_113,Wayne Enterprises,Free,Japan,2024-06-20 00:00:00.000000
4042,alice_w_4042,Initech,Premium,France,2022-03-23 00:00:00.000000
4043,jack_r_4043,Initech,Free,India,2023-06-16 00:00:00.000000
4044,grace_h_4044,Wayne Enterprises,Free,Germany,2024-03-08 00:00:00.000000
4045,alice_w_2965,Acme Corp,Free,India,2024-10-17 00:00:00.000000
4046,henry.m_4046,Tyrell Corp,Basic,India,2024-05-03 00:00:00.000000
4047,emma.v_4047,Wayne Enterprises,Basic,France,2023-11-30 00:00:00.000000
4048,josé_m_4048,Cyberdyne Systems,Enterprise,Unknown,2022-02-22 00:00:00.000000
4049,emma.v_4049,Vehement Capital,Enterprise,Canada,2022-10-20 00:00:00.000000
4050,frank_g_4050,Globex,Basic,India,2023-08-24 00:00:00.000000
4051,grace_h_4051,Vehement Capital,Enterprise,Germany,2022-11-25 00:00:00.000000
4052,frank_g_4052,Globex,Enterprise,France,2024-07-17 00:00:00.000000
4053,frank_g_4053,Stark Industries,Basic,United States,2023-12-15 00:00:00.000000
4054,iris_p_4054,Wayne Enterprises,Premium,Singapore,2022-10-19 00:00:00.000000
4055,charlie_k_4055,Wayne Enterprises,Enterprise,Australia,2024-09-25 00:00:00.000000
4056,jack_r_4056,Wayne Enterprises,Premium,India,2024-02-25 00:00:00.000000
4057,david.l_4057,Initech,Free,Japan,2025-09-22 00:00:00.000000
4058,emma.v_4058,Umbrella Corp,Free,India,2024-11-11 00:00:00.000000
4059,jack_r_4059,Globex,Premium,France,2022-06-22 00:00:00.000000
4060,iris_p_4060,Hooli,Premium,Canada,2022-04-02 00:00:00.000000
4061,grace_h_4061,Hooli,Free,Japan,2023-12-23 00:00:00.000000
4062,frank_g_4062,Tyrell Corp,Free,Unknown,2024-02-02 00:00:00.000000
4063,henry.m_4063,Wayne Enterprises,Free,Germany,2024-03-19 00:00:00.000000
4064,jean-luc_4064,Globex,Enterprise,Australia,2024-01-05 00:00:00.000000
4065,grace_h_4065,Stark Industries,Enterprise,United Kingdom,2023-12-29 07:11:03.040791
4066,grace_h_4066,Wayne Enterprises,Enterprise,France,2023-04-04 00:00:00.000000
4067,charlie_k_4067,Tyrell Corp,Free,United Kingdom,2025-01-04 00:00:00.000000
4068,cléo.b_4068,Tyrell Corp,Basic,Germany,2025-12-14 00:00:00.000000
4069,bob.smith_4069,Cyberdyne Systems,Basic,Japan,2025-08-16 00:00:00.000000
4070,jack_r_4070,Wayne Enterprises,Basic,India,2024-07-19 00:00:00.000000
4071,jack_r_4071,Wayne Enterprises,Basic,Australia,2023-12-29 07:11:03.040791
4072,frank_g_4072,Acme Corp,Free,Australia,2022-10-11 00:00:00.000000
4073,müller_a_4073,Wayne Enterprises,Premium,United Kingdom,2023-12-18 00:00:00.000000
4074,henry.m_4074,Globex,Enterprise,India,2022-11-26 00:00:00.000000
4075,jack_r_4075,Acme Corp,Basic,Australia,2023-03-15 00:00:00.000000
4076,iris_p_4076,Acme Corp,Premium,Germany,2024-04-10 00:00:00.000000
4077,grace_h_4077,Globex,Premium,United States,2023-02-10 00:00:00.000000
4078,david.l_4078,Vehement Capital,Premium,Singapore,2022-10-15 00:00:00.000000
4079,grace_h_4079,Cyberdyne Systems,Free,Japan,2025-11-21 00:00:00.000000
4080,bob.smith_4080,Wayne Enterprises,Basic,India,2023-10-30 00:00:00.000000
4081,charlie_k_4081,Cyberdyne Systems,Basic,United Kingdom,2025-01-03 00:00:00.000000
4082,charlie_k_4082,Hooli,Premium,India,2025-11-13 00:00:00.000000
4083,iris_p_4083,Initech,Basic,France,2025-08-01 00:00:00.000000
4084,emma.v_4084,Acme Corp,Premium,Singapore,2023-08-30 00:00:00.000000
4085,iris_p_4085,Acme Corp,Enterprise,Canada,2022-03-28 00:00:00.000000
4086,alice_w_4086,Umbrella Corp,Basic,Canada,2025-10-30 00:00:00.000000
4087,jack_r_4087,Stark Industries,Free,Australia,2023-11-14 00:00:00.000000
4088,charlie_k_4088,Wayne Enterprises,Basic,Japan,2022-04-07 00:00:00.000000
4089,jack_r_4089,Cyberdyne Systems,Basic,India,2022-04-04 00:00:00.000000
4090,david.l_4090,Vehement Capital,Premium,United States,2023-03-01 00:00:00.000000
4091,henry.m_4091,Stark Industries,Premium,Japan,2025-09-02 00:00:00.000000
4092,iris_p_4092,Cyberdyne Systems,Basic,Singapore,2025-03-27 00:00:00.000000
4093,renee_s_4093,Cyberdyne Systems,Enterprise,United States,2024-07-02 00:00:00.000000
4094,henry.m_4094,Tyrell Corp,Basic,Germany,2023-12-29 07:11:03.040791
4095,emma.v_4095,Acme Corp,Premium,Australia,2022-07-24 00:00:00.000000
4096,david.l_4096,Globex,Free,Germany,2024-09-19 00:00:00.000000
4097,charlie_k_4097,Hooli,Basic,France,2023-11-01 00:00:00.000000
4098,henry.m_4098,Globex,Premium,Brazil,2024-09-22 00:00:00.000000
4099,grace_h_4099,Tyrell Corp,Premium,Australia,2023-03-28 00:00:00.000000
4100,josé_m_4100,Globex,Basic,Brazil,2023-03-02 00:00:00.000000
4101,charlie_k_4101,Initech,Basic,Germany,2022-03-17 00:00:00.000000
4102,iris_p_4102,Globex,Premium,Canada,2022-01-03 00:00:00.000000
4103,emma.v_4103,Hooli,Free,India,2024-01-09 00:00:00.000000
4104,bob.smith_4104,Wayne Enterprises,Basic,Brazil,2025-05-06 00:00:00.000000
4105,müller_a_4105,Cyberdyne Systems,Enterprise,Germany,2025-03-30 00:00:00.000000
4106,alice_w_4106,Initech,Basic,Japan,2022-06-23 00:00:00.000000
4107,david.l_4107,Acme Corp,Gold,Japan,2024-11-11 00:00:00.000000
4108,frank_g_4108,Initech,Free,United Kingdom,2025-09-21 00:00:00.000000
4109,charlie_k_4109,Wayne Enterprises,Premium,Brazil,2025-05-26 00:00:00.000000
4110,jack_r_4110,Stark Industries,Premium,India,2025-03-13 00:00:00.000000
4111,josé_m_4111,Vehement Capital,Premium,Brazil,2023-01-03 00:00:00.000000
4112,emma.v_4112,Acme Corp,Enterprise,United States,2023-12-29 07:11:03.040791
4113,david.l_4113,Wayne Enterprises,Premium,Canada,2025-12-05 00:00:00.000000
4114,charlie_k_4114,Tyrell Corp,Basic,France,2023-05-09 00:00:00.000000
4115,henry.m_4115,Acme Corp,Enterprise,Australia,2025-10-16 00:00:00.000000
4116,charlie_k_4116,Tyrell Corp,Free,Germany,2022-12-04 00:00:00.000000
4117,bob.smith_4117,Wayne Enterprises,Free,Japan,2025-07-23 00:00:00.000000
4118,frank_g_4118,Cyberdyne Systems,Basic,Singapore,2024-08-29 00:00:00.000000
4119,frank_g_4119,Cyberdyne Systems,Basic,United States,2022-03-11 00:00:00.000000
4120,charlie_k_4120,Umbrella Corp,Free,Singapore,2022-03-17 00:00:00.000000
4121,jack_r_4121,Wayne Enterprises,Premium,Canada,2024-08-06 00:00:00.000000
4122,grace_h_4122,Vehement Capital,Free,United States,2022-07-04 00:00:00.000000
4123,alice_w_2854,Stark Industries,Premium,France,2025-08-05 00:00:00.000000
4124,jack_r_4124,Unknowm,Unknown,Japan,2025-12-31 00:00:00.000000
4125,emma.v_4125,Umbrella Corp,Free,United Kingdom,2023-12-29 07:11:03.040791
4126,jack_r_4126,Globex,Enterprise,United States,2024-11-28 00:00:00.000000
4127,iris_p_4127,Vehement Capital,Enterprise,United Kingdom,2024-04-03 00:00:00.000000
4128,charlie_k_4128,Vehement Capital,Free,Australia,2025-06-21 00:00:00.000000
4129,bob.smith_4129,Cyberdyne Systems,Enterprise,India,2022-05-04 00:00:00.000000
4130,grace_h_4130,Tyrell Corp,Corporate,Canada,2024-08-16 00:00:00.000000
4131,emma.v_4131,Acme Corp,Unknown,Unknown,2022-12-11 00:00:00.000000
4132,frank_g_4132,Wayne Enterprises,Free,France,2023-10-14 00:00:00.000000
4133,emma.v_4133,Hooli,Basic,France,2022-11-28 00:00:00.000000
4134,grace_h_4134,Stark Industries,Free,Canada,2022-09-23 00:00:00.000000
4135,jack_r_4135,Wayne Enterprises,Free,India,2024-12-02 00:00:00.000000
4136,frank_g_4136,Acme Corp,Basic,France,2025-10-13 00:00:00.000000
4137,charlie_k_4137,Acme Corp,Basic,India,2022-06-08 00:00:00.000000
4138,henry.m_4138,Cyberdyne Systems,Free,Japan,2023-05-30 00:00:00.000000
4139,jack_r_4139,Umbrella Corp,Basic,United States,2024-07-27 00:00:00.000000
4140,frank_g_4140,Globex,Basic,Singapore,2022-11-22 00:00:00.000000
4141,emma.v_4141,Stark Industries,Enterprise,United States,2023-04-07 00:00:00.000000
4142,emma.v_4142,Initech,Enterprise,Australia,2024-11-08 00:00:00.000000
4143,iris_p_4143,Vehement Capital,Enterprise,India,2025-11-03 00:00:00.000000
4144,grace_h_4144,Globex,Premium,Australia,2023-08-18 00:00:00.000000
4145,charlie_k_4145,Cyberdyne Systems,Basic,Brazil,2024-12-19 00:00:00.000000
4146,charlie_k_4146,Cyberdyne Systems,Basic,United States,2023-02-05 00:00:00.000000
4147,frank_g_4147,Umbrella Corp,Basic,United States,2023-03-01 00:00:00.000000
4148,charlie_k_4148,Umbrella Corp,Basic,Brazil,2023-12-29 07:11:03.040791
4149,charlie_k_4149,Umbrella Corp,Free,Australia,2024-08-07 00:00:00.000000
4150,frank_g_4150,Tyrell Corp,Free,India,2022-06-08 00:00:00.000000
4151,david.l_4151,Unknowm,Premium,Singapore,2025-05-02 00:00:00.000000
4152,josé_m_4152,Unknowm,Unknown,United Kingdom,2025-01-10 00:00:00.000000
4153,emma.v_4153,Tyrell Corp,Enterprise,France,2025-01-28 00:00:00.000000
4154,david.l_4154,Acme Corp,Free,India,2023-09-21 00:00:00.000000
4155,alice_w_4155,Umbrella Corp,Unknown,Brazil,2024-06-21 00:00:00.000000
4156,alice_w_4156,Hooli,Free,Germany,2023-03-10 00:00:00.000000
4157,charlie_k_4157,Cyberdyne Systems,Premium,United Kingdom,2022-05-18 00:00:00.000000
4158,jack_r_4158,Stark Industries,Premium,Japan,2025-06-29 00:00:00.000000
4159,jack_r_4159,Tyrell Corp,Premium,Germany,2023-12-29 07:11:03.040791
4160,henry.m_4160,Acme Corp,Basic,France,2023-07-19 00:00:00.000000
4161,jack_r_4161,Wayne Enterprises,Free,Australia,2023-12-29 07:11:03.040791
4162,emma.v_4162,Hooli,Enterprise,Brazil,2025-08-01 00:00:00.000000
4163,emma.v_4163,Cyberdyne Systems,Premium,Singapore,2023-04-03 00:00:00.000000
4164,david.l_4164,Initech,Free,Brazil,2025-03-28 00:00:00.000000
4165,grace_h_4165,Unknowm,Premium,Unknown,2025-06-10 00:00:00.000000
4166,emma.v_4166,Wayne Enterprises,Free,Singapore,2024-07-18 00:00:00.000000
4167,henry.m_4167,Vehement Capital,Premium,India,2022-04-05 00:00:00.000000
4168,emma.v_4168,Umbrella Corp,Free,Brazil,2022-03-04 00:00:00.000000
4169,grace_h_4169,Tyrell Corp,Free,Singapore,2022-02-04 00:00:00.000000
4170,david.l_4170,Wayne Enterprises,Premium,Germany,2023-11-03 00:00:00.000000
4171,alice_w_4171,Initech,Free,Brazil,2023-12-29 07:11:03.040791
4172,david.l_4172,Vehement Capital,Basic,Canada,2023-12-13 00:00:00.000000
4173,frank_g_4173,Stark Industries,Free,Singapore,2024-09-30 00:00:00.000000
4174,bob.smith_4174,Cyberdyne Systems,Premium,Australia,2023-03-21 00:00:00.000000
4175,frank_g_4175,Vehement Capital,Free,Canada,2023-11-23 00:00:00.000000
4176,müller_a_4176,Acme Corp,Basic,France,2025-07-06 00:00:00.000000
4177,grace_h_4177,Initech,Free,Singapore,2024-11-03 00:00:00.000000
4178,alice_w_4178,Vehement Capital,Enterprise,France,2023-12-29 07:11:03.040791
4179,jack_r_4179,Initech,Enterprise,Australia,2023-11-20 00:00:00.000000
4180,charlie_k_4180,Hooli,Free,Canada,2025-11-14 00:00:00.000000
4181,david.l_4181,Stark Industries,Premium,Japan,2025-07-05 00:00:00.000000
4182,frank_g_164,Cyberdyne Systems,Premium,Canada,2025-09-02 00:00:00.000000
4183,frank_g_4183,Wayne Enterprises,Enterprise,Australia,2024-12-22 00:00:00.000000
4184,jack_r_4184,Hooli,Enterprise,United Kingdom,2023-07-08 00:00:00.000000
4185,alice_w_4185,Stark Industries,Basic,Germany,2023-12-23 00:00:00.000000
4186,iris_p_4186,Cyberdyne Systems,Enterprise,Germany,2024-10-25 00:00:00.000000
4187,iris_p_4187,Vehement Capital,Free,Australia,2024-12-13 00:00:00.000000
4188,grace_h_4188,Stark Industries,Premium,Singapore,2025-09-23 00:00:00.000000
4189,bob.smith_4189,Umbrella Corp,Basic,Brazil,2023-09-14 00:00:00.000000
4190,iris_p_4190,Stark Industries,Free,France,2023-08-29 00:00:00.000000
4191,charlie_k_4191,Umbrella Corp,Premium,United Kingdom,2025-11-02 00:00:00.000000
4192,emma.v_4192,Tyrell Corp,Basic,Germany,2023-12-06 00:00:00.000000
4193,iris_p_4193,Globex,Enterprise,Canada,2023-03-21 00:00:00.000000
4194,bob.smith_4194,Stark Industries,Basic,Canada,2024-09-25 00:00:00.000000
4195,alice_w_4195,Tyrell Corp,Enterprise,United Kingdom,2024-02-13 00:00:00.000000
4196,iris_p_4196,Umbrella Corp,Free,Australia,2025-08-24 00:00:00.000000
4197,henry.m_4197,Wayne Enterprises,Free,Canada,2024-03-29 00:00:00.000000
4198,iris_p_3618,Globex,Free,United States,2025-07-21 00:00:00.000000
4199,jack_r_4199,Cyberdyne Systems,Free,Japan,2023-12-29 07:11:03.040791
4200,david.l_4200,Stark Industries,Premium,Australia,2023-07-10 00:00:00.000000
4201,charlie_k_4201,Umbrella Corp,Free,France,2024-10-21 00:00:00.000000
4202,charlie_k_4202,Unknowm,Premium,United Kingdom,2024-02-13 00:00:00.000000
4203,grace_h_4203,Tyrell Corp,Premium,United Kingdom,2022-06-19 00:00:00.000000
4204,emma.v_4204,Wayne Enterprises,Free,Brazil,2023-01-01 00:00:00.000000
4205,alice_w_4205,Cyberdyne Systems,Free,Brazil,2024-02-13 00:00:00.000000
4206,henry.m_4206,Unknowm,Free,Unknown,2023-05-12 00:00:00.000000
4207,alice_w_4207,Stark Industries,Basic,France,2022-08-19 00:00:00.000000
4208,david.l_4208,Hooli,Premium,Canada,2023-12-13 00:00:00.000000
4209,david.l_4209,Wayne Enterprises,Enterprise,United States,2025-03-19 00:00:00.000000
4210,jack_r_4210,Hooli,Premium,Japan,2025-05-07 00:00:00.000000
4211,emma.v_4211,Wayne Enterprises,Premium,United Kingdom,2024-01-16 00:00:00.000000
4212,frank_g_4212,Cyberdyne Systems,Free,Germany,2024-05-13 00:00:00.000000
4213,bob.smith_2467,Tyrell Corp,Basic,Australia,2022-12-29 00:00:00.000000
4214,jack_r_4214,Cyberdyne Systems,Premium,Australia,2024-12-19 00:00:00.000000
4215,charlie_k_4215,Wayne Enterprises,Enterprise,Unknown,2024-11-20 00:00:00.000000
4216,charlie_k_4216,Vehement Capital,Basic,United States,2022-06-17 00:00:00.000000
4217,frank_g_4217,Stark Industries,Free,Singapore,2024-09-12 00:00:00.000000
4218,charlie_k_4218,Unknowm,Basic,Australia,2025-02-02 00:00:00.000000
4219,henry.m_4219,Acme Corp,Basic,Australia,2025-06-03 00:00:00.000000
4220,david.l_4220,Stark Industries,Free,Canada,2024-05-14 00:00:00.000000
4221,jack_r_4221,Globex,Free,Australia,2024-05-21 00:00:00.000000
4222,david.l_4222,Initech,Basic,India,2022-04-05 00:00:00.000000
4223,henry.m_4223,Acme Corp,Enterprise,Germany,2024-09-10 00:00:00.000000
4224,josé_m_4224,Cyberdyne Systems,Basic,Canada,2025-02-19 00:00:00.000000
4225,grace_h_4225,Vehement Capital,Enterprise,United Kingdom,2025-11-19 00:00:00.000000
4226,grace_h_4226,Initech,Free,Brazil,2022-09-30 00:00:00.000000
4227,frank_g_4227,Wayne Enterprises,Free,Germany,2025-08-28 00:00:00.000000
4228,frank_g_4228,Hooli,Enterprise,United States,2022-10-02 00:00:00.000000
4229,henry.m_4229,Tyrell Corp,Free,United Kingdom,2023-12-29 07:11:03.040791
4230,iris_p_4230,Umbrella Corp,Free,Brazil,2025-09-21 00:00:00.000000
4231,david.l_4231,Umbrella Corp,Free,Canada,2024-02-04 00:00:00.000000
4232,david.l_4232,Acme Corp,Free,Singapore,2023-01-14 00:00:00.000000
4233,jack_r_4233,Tyrell Corp,Basic,Singapore,2025-09-30 00:00:00.000000
4234,bob.smith_4234,Unknowm,Basic,United Kingdom,2025-05-16 00:00:00.000000
4235,jack_r_4235,Wayne Enterprises,Enterprise,United States,2022-11-26 00:00:00.000000
4236,grace_h_4236,Acme Corp,Enterprise,Canada,2025-05-20 00:00:00.000000
4237,bob.smith_4237,Globex,Basic,Brazil,2024-02-22 00:00:00.000000
4238,bob.smith_4238,Acme Corp,Premium,United States,2023-03-10 00:00:00.000000
4239,henry.m_4239,Unknowm,Enterprise,Australia,2022-07-22 00:00:00.000000
4240,henry.m_4240,Acme Corp,Free,United States,2023-09-07 00:00:00.000000
4241,grace_h_4241,Hooli,Free,India,2023-12-23 00:00:00.000000
4242,david.l_4242,Vehement Capital,Enterprise,United States,2024-12-19 00:00:00.000000
4243,henry.m_4243,Stark Industries,Free,France,2022-03-10 00:00:00.000000
4244,bob.smith_4244,Globex,Premium,United Kingdom,2024-09-07 00:00:00.000000
4245,henry.m_4245,Stark Industries,Premium,Germany,2024-05-29 00:00:00.000000
4246,charlie_k_4246,Stark Industries,Free,Japan,2025-09-18 00:00:00.000000
4247,david.l_4247,Stark Industries,Free,India,2022-05-28 00:00:00.000000
4248,müller_a_4248,Vehement Capital,Premium,India,2025-09-07 00:00:00.000000
4249,jack_r_4249,Tyrell Corp,Premium,United States,2025-12-27 00:00:00.000000
4250,henry.m_4250,Vehement Capital,Enterprise,Canada,2023-09-20 00:00:00.000000
4251,alice_w_4251,Umbrella Corp,Basic,India,2025-12-28 00:00:00.000000
4252,henry.m_4252,Wayne Enterprises,Free,Australia,2024-06-03 00:00:00.000000
4253,david.l_4253,Umbrella Corp,Basic,Australia,2022-01-29 00:00:00.000000
4254,david.l_4254,Hooli,Free,United Kingdom,2023-05-13 00:00:00.000000
4255,iris_p_4255,Acme Corp,Unknown,Brazil,2025-02-08 00:00:00.000000
4256,charlie_k_4256,Tyrell Corp,Free,India,2025-10-18 00:00:00.000000
4257,emma.v_4257,Acme Corp,Free,United States,2022-06-07 00:00:00.000000
4258,grace_h_4258,Wayne Enterprises,Free,Singapore,2025-04-20 00:00:00.000000
4259,bob.smith_4259,Umbrella Corp,Premium,Canada,2023-12-29 07:11:03.040791
4260,bob.smith_4260,Vehement Capital,Premium,United States,2022-06-07 00:00:00.000000
4261,charlie_k_4261,Cyberdyne Systems,Free,Brazil,2023-01-28 00:00:00.000000
4262,charlie_k_4262,Cyberdyne Systems,Enterprise,Brazil,2022-11-07 00:00:00.000000
4263,frank_g_4263,Vehement Capital,Enterprise,Germany,2025-03-26 00:00:00.000000
4264,iris_p_4264,Wayne Enterprises,Unknown,France,2023-02-23 00:00:00.000000
4265,müller_a_4265,Globex,Basic,Brazil,2023-05-21 00:00:00.000000
4266,henry.m_4266,Acme Corp,Enterprise,Brazil,2023-12-06 00:00:00.000000
4267,bob.smith_4267,Cyberdyne Systems,Enterprise,Brazil,2023-03-06 00:00:00.000000
4268,henry.m_1184,Acme Corp,Basic,Japan,2022-09-21 00:00:00.000000
4269,grace_h_4269,Umbrella Corp,Premium,Germany,2025-12-28 00:00:00.000000
4270,grace_h_4270,Initech,Basic,United Kingdom,2022-08-02 00:00:00.000000
4271,frank_g_4271,Stark Industries,Free,Japan,2025-04-30 00:00:00.000000
4272,henry.m_4272,Acme Corp,Basic,France,2025-05-06 00:00:00.000000
4273,frank_g_4273,Initech,Free,Brazil,2025-02-06 00:00:00.000000
4274,alice_w_4274,Stark Industries,Basic,India,2022-11-19 00:00:00.000000
4275,henry.m_4275,Vehement Capital,Basic,United States,2024-08-29 00:00:00.000000
4276,alice_w_4276,Initech,Basic,Brazil,2023-12-29 07:11:03.040791
4277,grace_h_4277,Acme Corp,Premium,Brazil,2025-07-05 00:00:00.000000
4278,iris_p_4278,Acme Corp,Enterprise,United Kingdom,2025-10-15 00:00:00.000000
4279,frank_g_4279,Initech,Enterprise,Canada,2023-12-29 07:11:03.040791
4280,alice_w_4280,Globex,Enterprise,Canada,2023-09-02 00:00:00.000000
4281,jack_r_4281,Acme Corp,Premium,Germany,2023-12-29 07:11:03.040791
4282,iris_p_4282,Initech,Enterprise,United Kingdom,2025-04-02 00:00:00.000000
4283,bob.smith_4283,Stark Industries,Premium,Singapore,2024-11-01 00:00:00.000000
4284,henry.m_4284,Stark Industries,Enterprise,France,2024-08-14 00:00:00.000000
4285,jack_r_4285,Wayne Enterprises,Basic,Australia,2023-01-20 00:00:00.000000
4286,iris_p_4286,Umbrella Corp,Free,Australia,2024-01-07 00:00:00.000000
4287,alice_w_4287,Wayne Enterprises,Basic,Japan,2022-11-12 00:00:00.000000
4288,grace_h_4288,Umbrella Corp,Free,Canada,2023-06-05 00:00:00.000000
4289,grace_h_4289,Unknowm,Basic,Unknown,2023-07-15 00:00:00.000000
4290,jack_r_4290,Vehement Capital,Free,France,2024-04-26 00:00:00.000000
4291,grace_h_4291,Cyberdyne Systems,Basic,Japan,2023-11-09 00:00:00.000000
4292,frank_g_4292,Globex,Enterprise,Brazil,2025-04-24 00:00:00.000000
4293,henry.m_4293,Acme Corp,Enterprise,India,2023-09-17 00:00:00.000000
4294,charlie_k_4294,Umbrella Corp,Free,Germany,2023-12-27 00:00:00.000000
4295,frank_g_4295,Hooli,Enterprise,Australia,2025-06-26 00:00:00.000000
4296,emma.v_3614,Tyrell Corp,Basic,United Kingdom,2022-09-17 00:00:00.000000
4297,david.l_4297,Acme Corp,Free,France,2023-11-04 00:00:00.000000
4298,frank_g_4298,Cyberdyne Systems,Basic,India,2025-10-15 00:00:00.000000
4299,henry.m_4299,Vehement Capital,Enterprise,Canada,2023-12-29 07:11:03.040791
4300,grace_h_4300,Tyrell Corp,Premium,Germany,2024-12-19 00:00:00.000000
4301,david.l_4301,Umbrella Corp,Basic,India,2023-12-29 07:11:03.040791
4302,jack_r_4302,Wayne Enterprises,Premium,France,2025-01-26 00:00:00.000000
4303,emma.v_4303,Globex,Basic,Canada,2023-01-27 00:00:00.000000
4304,cléo.b_4304,Wayne Enterprises,Enterprise,Canada,2024-01-03 00:00:00.000000
4305,iris_p_4305,Wayne Enterprises,Free,Singapore,2024-12-08 00:00:00.000000
4306,frank_g_4306,Globex,Basic,Japan,2023-12-11 00:00:00.000000
4307,frank_g_4307,Acme Corp,Free,Singapore,2024-12-03 00:00:00.000000
4308,grace_h_4308,Acme Corp,Basic,Japan,2022-07-28 00:00:00.000000
4309,henry.m_4309,Unknowm,Enterprise,Australia,2025-11-18 00:00:00.000000
4310,frank_g_4310,Hooli,Premium,Australia,2024-10-31 00:00:00.000000
4311,bob.smith_4311,Unknowm,Enterprise,Germany,2024-10-28 00:00:00.000000
4312,jack_r_4312,Globex,Premium,Australia,2025-02-26 00:00:00.000000
4313,charlie_k_4313,Initech,Basic,Germany,2022-02-15 00:00:00.000000
4314,frank_g_4314,Vehement Capital,Basic,Germany,2022-11-11 00:00:00.000000
4315,emma.v_4315,Cyberdyne Systems,Premium,India,2022-02-27 00:00:00.000000
4316,grace_h_4316,Vehement Capital,Basic,France,2025-03-18 00:00:00.000000
4317,bob.smith_4317,Vehement Capital,Free,Japan,2025-03-02 00:00:00.000000
4318,frank_g_4318,Wayne Enterprises,Basic,Unknown,2023-02-21 00:00:00.000000
4319,david.l_4319,Hooli,Basic,Japan,2023-11-14 00:00:00.000000
4320,emma.v_4320,Vehement Capital,Free,Australia,2023-12-29 07:11:03.040791
4321,frank_g_4321,Unknowm,Basic,Australia,2025-12-05 00:00:00.000000
4322,bob.smith_4322,Hooli,Free,Singapore,2025-11-11 00:00:00.000000
4323,emma.v_4323,Globex,Premium,United States,2023-09-29 00:00:00.000000
4324,alice_w_4324,Globex,Basic,Singapore,2025-12-14 00:00:00.000000
4325,cléo.b_4325,Tyrell Corp,Enterprise,Brazil,2024-12-06 00:00:00.000000
4326,alice_w_4326,Initech,Enterprise,Japan,2023-08-14 00:00:00.000000
4327,david.l_4327,Hooli,Premium,Brazil,2022-06-20 00:00:00.000000
4328,emma.v_4328,Cyberdyne Systems,Enterprise,Brazil,2023-12-28 00:00:00.000000
4329,henry.m_4329,Wayne Enterprises,Unknown,Brazil,2025-06-26 00:00:00.000000
4330,alice_w_4330,Wayne Enterprises,Enterprise,United Kingdom,2023-09-30 00:00:00.000000
4331,cléo.b_4331,Vehement Capital,Basic,India,2025-08-21 00:00:00.000000
4332,jack_r_4332,Cyberdyne Systems,Premium,United Kingdom,2024-09-25 00:00:00.000000
4333,iris_p_4333,Cyberdyne Systems,Free,Australia,2024-09-26 00:00:00.000000
4334,david.l_4334,Hooli,Premium,France,2024-05-22 00:00:00.000000
4335,bob.smith_4335,Hooli,Basic,India,2025-04-19 00:00:00.000000
4336,grace_h_4336,Tyrell Corp,Enterprise,Germany,2022-12-04 00:00:00.000000
4337,emma.v_4337,Stark Industries,Basic,United States,2022-07-06 00:00:00.000000
4338,grace_h_4338,Acme Corp,Enterprise,Singapore,2023-09-24 00:00:00.000000
4339,iris_p_4339,Vehement Capital,Basic,United States,2022-11-30 00:00:00.000000
4340,iris_p_4340,Globex,Basic,India,2025-10-10 00:00:00.000000
4341,emma.v_4341,Unknowm,Unknown,Unknown,2022-07-09 00:00:00.000000
4342,charlie_k_4342,Wayne Enterprises,Free,Germany,2023-01-07 00:00:00.000000
4343,iris_p_4343,Acme Corp,Premium,India,2025-10-03 00:00:00.000000
4344,iris_p_4344,Globex,Free,India,2024-11-29 00:00:00.000000
4345,grace_h_4345,Tyrell Corp,Enterprise,Japan,2023-03-14 00:00:00.000000
4346,charlie_k_4346,Unknowm,Basic,France,2022-01-27 00:00:00.000000
4347,grace_h_4347,Umbrella Corp,Enterprise,Brazil,2023-12-29 07:11:03.040791
4348,frank_g_4348,Wayne Enterprises,Free,Australia,2023-05-30 00:00:00.000000
4349,jack_r_4349,Initech,Enterprise,Singapore,2023-01-16 00:00:00.000000
4350,renee_s_4350,Acme Corp,Enterprise,United Kingdom,2025-02-20 00:00:00.000000
4351,alice_w_4351,Stark Industries,Basic,Japan,2024-01-02 00:00:00.000000
4352,frank_g_580,Cyberdyne Systems,Premium,Japan,2022-06-21 00:00:00.000000
4353,emma.v_4353,Vehement Capital,Basic,Brazil,2025-09-21 00:00:00.000000
4354,bob.smith_4354,Unknowm,Enterprise,Brazil,2022-10-06 00:00:00.000000
4355,iris_p_4355,Acme Corp,Free,Singapore,2023-12-29 07:11:03.040791
4356,emma.v_4356,Initech,Enterprise,Japan,2022-04-16 00:00:00.000000
4357,bob.smith_4357,Cyberdyne Systems,Enterprise,Singapore,2022-05-27 00:00:00.000000
4358,frank_g_4358,Stark Industries,Enterprise,United Kingdom,2022-03-12 00:00:00.000000
4359,emma.v_4359,Stark Industries,Premium,Brazil,2022-06-25 00:00:00.000000
4360,iris_p_4360,Initech,Basic,United States,2024-05-20 00:00:00.000000
4361,grace_h_4361,Globex,Enterprise,France,2024-05-31 00:00:00.000000
4362,bob.smith_233,Tyrell Corp,Basic,Singapore,2022-03-10 00:00:00.000000
4363,iris_p_4363,Hooli,Free,United States,2022-03-22 00:00:00.000000
4364,jack_r_4364,Stark Industries,Basic,France,2022-03-24 00:00:00.000000
4365,frank_g_4365,Stark Industries,Free,France,2023-05-24 00:00:00.000000
4366,jack_r_4366,Vehement Capital,Premium,Canada,2022-06-02 00:00:00.000000
4367,jack_r_4367,Initech,Free,Canada,2024-02-10 00:00:00.000000
4368,frank_g_4368,Hooli,Free,Canada,2022-11-10 00:00:00.000000
4369,jack_r_4369,Tyrell Corp,Basic,Germany,2023-10-07 00:00:00.000000
4370,david.l_4370,Umbrella Corp,Basic,India,2025-05-20 00:00:00.000000
4371,bob.smith_4371,Umbrella Corp,Enterprise,Australia,2023-12-04 00:00:00.000000
4372,jack_r_4372,Initech,Premium,Japan,2025-10-29 00:00:00.000000
4373,henry.m_4373,Acme Corp,Enterprise,Germany,2023-12-29 07:11:03.040791
4374,grace_h_4374,Initech,Free,Canada,2024-06-28 00:00:00.000000
4375,emma.v_4375,Initech,Enterprise,Germany,2023-05-31 00:00:00.000000
4376,iris_p_4376,Cyberdyne Systems,Enterprise,Japan,2023-01-20 00:00:00.000000
4377,henry.m_4377,Tyrell Corp,Premium,France,2024-09-30 00:00:00.000000
4378,alice_w_4378,Tyrell Corp,Premium,Canada,2023-02-27 00:00:00.000000
4379,frank_g_4379,Hooli,Premium,France,2024-10-24 00:00:00.000000
4380,iris_p_4380,Hooli,Basic,Japan,2022-06-25 00:00:00.000000
4381,henry.m_4381,Hooli,Enterprise,Japan,2024-08-22 00:00:00.000000
4382,frank_g_4382,Stark Industries,Basic,Australia,2024-04-17 00:00:00.000000
4383,emma.v_4383,Hooli,Enterprise,Canada,2024-02-07 00:00:00.000000
4384,grace_h_4384,Tyrell Corp,Enterprise,India,2023-07-02 00:00:00.000000
4385,bob.smith_4385,Stark Industries,Premium,India,2024-01-04 00:00:00.000000
4386,iris_p_4386,Hooli,Enterprise,Australia,2022-12-09 00:00:00.000000
4387,bob.smith_4387,Hooli,Free,United States,2022-05-10 00:00:00.000000
4388,jack_r_4388,Initech,Basic,Canada,2023-10-17 00:00:00.000000
4389,grace_h_4389,Unknowm,Unknown,Unknown,2025-11-13 00:00:00.000000
4390,frank_g_4390,Wayne Enterprises,Premium,Singapore,2024-05-28 00:00:00.000000
4391,bob.smith_4391,Acme Corp,Free,Canada,2025-07-26 00:00:00.000000
4392,frank_g_4392,Stark Industries,Premium,Australia,2022-01-19 00:00:00.000000
4393,henry.m_4393,Hooli,Premium,Brazil,2022-04-11 00:00:00.000000
4394,grace_h_4394,Stark Industries,Free,United Kingdom,2023-02-01 00:00:00.000000
4395,alice_w_4395,Cyberdyne Systems,Free,Singapore,2023-07-26 00:00:00.000000
4396,charlie_k_4396,Stark Industries,Premium,Germany,2024-03-09 00:00:00.000000
4397,alice_w_4397,Unknowm,Premium,Unknown,2022-03-13 00:00:00.000000
4398,jack_r_4398,Hooli,Enterprise,Germany,2022-05-16 00:00:00.000000
4399,grace_h_4399,Unknowm,Enterprise,Unknown,2022-05-26 00:00:00.000000
4400,grace_h_4400,Stark Industries,Premium,United States,2024-12-02 00:00:00.000000
4401,iris_p_4401,Umbrella Corp,Free,Brazil,2023-12-29 07:11:03.040791
4402,bob.smith_4402,Vehement Capital,Free,Japan,2024-06-07 00:00:00.000000
4403,charlie_k_4403,Globex,Premium,United States,2023-12-29 07:11:03.040791
4404,jack_r_4404,Acme Corp,Free,Singapore,2023-07-02 00:00:00.000000
4405,jack_r_4405,Umbrella Corp,Basic,Australia,2022-12-01 00:00:00.000000
4406,jack_r_4406,Tyrell Corp,Basic,United Kingdom,2024-05-22 00:00:00.000000
4407,david.l_4407,Vehement Capital,Basic,Germany,2022-05-02 00:00:00.000000
4408,bob.smith_4408,Globex,Basic,United Kingdom,2025-11-12 00:00:00.000000
4409,jack_r_4409,Acme Corp,Free,Canada,2023-11-05 00:00:00.000000
4410,iris_p_4410,Globex,Free,Germany,2024-06-16 00:00:00.000000
4411,alice_w_4411,Hooli,Free,Australia,2025-09-17 00:00:00.000000
4412,charlie_k_4412,Hooli,Basic,Singapore,2023-12-29 07:11:03.040791
4413,alice_w_4413,Umbrella Corp,Free,United States,2025-02-25 00:00:00.000000
4414,grace_h_4414,Acme Corp,Premium,Singapore,2024-05-20 00:00:00.000000
4415,alice_w_4415,Hooli,Free,France,2022-03-18 00:00:00.000000
4416,alice_w_4416,Acme Corp,Premium,Singapore,2025-06-30 00:00:00.000000
4417,iris_p_4417,Acme Corp,Premium,Brazil,2023-09-04 00:00:00.000000
4418,frank_g_4418,Hooli,Basic,Australia,2022-10-12 00:00:00.000000
4419,emma.v_4419,Umbrella Corp,Premium,Brazil,2024-07-30 00:00:00.000000
4420,grace_h_4420,Wayne Enterprises,Basic,United States,2022-10-08 00:00:00.000000
4421,alice_w_4421,Cyberdyne Systems,Free,Australia,2023-12-29 07:11:03.040791
4422,alice_w_4422,Globex,Premium,India,2022-08-26 00:00:00.000000
4423,frank_g_4423,Hooli,Premium,France,2022-11-29 00:00:00.000000
4424,emma.v_4424,Wayne Enterprises,Premium,United Kingdom,2024-05-10 00:00:00.000000
4425,bob.smith_4425,Stark Industries,Enterprise,Canada,2023-06-10 00:00:00.000000
4426,henry.m_4426,Tyrell Corp,Free,Brazil,2023-05-07 00:00:00.000000
4427,emma.v_4427,Vehement Capital,Enterprise,France,2022-07-20 00:00:00.000000
4428,alice_w_4428,Initech,Unknown,India,2023-11-01 00:00:00.000000
4429,jack_r_4429,Globex,Premium,Singapore,2023-12-29 07:11:03.040791
4430,david.l_4430,Stark Industries,Enterprise,Germany,2025-07-31 00:00:00.000000
4431,david.l_4431,Wayne Enterprises,Premium,Singapore,2022-08-21 00:00:00.000000
4432,bob.smith_4432,Cyberdyne Systems,Enterprise,Japan,2022-09-06 00:00:00.000000
4433,bob.smith_4433,Cyberdyne Systems,Free,United Kingdom,2025-08-14 00:00:00.000000
4434,david.l_4434,Hooli,Premium,Canada,2025-11-04 00:00:00.000000
4435,henry.m_4435,Globex,Enterprise,Singapore,2024-09-11 00:00:00.000000
4436,charlie_k_4436,Unknowm,Basic,Japan,2025-03-06 00:00:00.000000
4437,jack_r_4437,Vehement Capital,Enterprise,Brazil,2025-07-10 00:00:00.000000
4438,bob.smith_4438,Unknowm,Enterprise,Japan,2022-07-18 00:00:00.000000
4439,grace_h_4439,Acme Corp,Premium,United States,2023-06-16 00:00:00.000000
4440,frank_g_4440,Umbrella Corp,Premium,United States,2023-02-25 00:00:00.000000
4441,frank_g_4441,Initech,Premium,Singapore,2022-11-18 00:00:00.000000
4442,charlie_k_4442,Acme Corp,Premium,United Kingdom,2024-08-05 00:00:00.000000
4443,iris_p_4443,Stark Industries,Free,United States,2023-12-13 00:00:00.000000
4444,alice_w_4444,Acme Corp,Enterprise,France,2022-03-07 00:00:00.000000
4445,iris_p_4445,Stark Industries,Basic,France,2025-03-23 00:00:00.000000
4446,jack_r_4446,Acme Corp,Free,Brazil,2023-12-29 07:11:03.040791
4447,henry.m_4447,Tyrell Corp,Basic,Singapore,2024-01-10 00:00:00.000000
4448,renee_s_4448,Hooli,Enterprise,Australia,2023-12-29 07:11:03.040791
4449,charlie_k_4449,Tyrell Corp,Free,Canada,2025-08-10 00:00:00.000000
4450,david.l_4450,Wayne Enterprises,Free,Germany,2024-08-06 00:00:00.000000
4451,jack_r_4451,Vehement Capital,Basic,United Kingdom,2023-12-29 07:11:03.040791
4452,jack_r_4452,Acme Corp,Basic,India,2023-01-01 00:00:00.000000
4453,david.l_4453,Acme Corp,Free,Japan,2024-11-11 00:00:00.000000
4454,iris_p_4454,Wayne Enterprises,Free,Canada,2023-10-22 00:00:00.000000
4455,henry.m_4455,Globex,Basic,France,2025-09-25 00:00:00.000000
4456,david.l_4456,Umbrella Corp,Premium,Brazil,2025-10-07 00:00:00.000000
4457,iris_p_4457,Acme Corp,Basic,Australia,2022-01-19 00:00:00.000000
4458,emma.v_4458,Hooli,Premium,Australia,2022-07-27 00:00:00.000000
4459,grace_h_4459,Wayne Enterprises,Enterprise,United Kingdom,2023-09-26 00:00:00.000000
4460,david.l_4460,Hooli,Basic,Canada,2022-12-24 00:00:00.000000
4461,emma.v_4461,Globex,Premium,United States,2023-02-26 00:00:00.000000
4462,iris_p_4462,Wayne Enterprises,Free,Unknown,2023-08-05 00:00:00.000000
4463,emma.v_4463,Vehement Capital,Basic,Japan,2023-12-29 07:11:03.040791
4464,henry.m_4464,Hooli,Enterprise,Germany,2022-05-18 00:00:00.000000
4465,bob.smith_4465,Acme Corp,Enterprise,United States,2022-10-28 00:00:00.000000
4466,jack_r_4466,Cyberdyne Systems,Free,Germany,2022-01-14 00:00:00.000000
4467,henry.m_4467,Acme Corp,Basic,United States,2024-07-13 00:00:00.000000
4468,frank_g_4468,Unknowm,Unknown,Unknown,2024-08-23 00:00:00.000000
4469,alice_w_4469,Umbrella Corp,Basic,India,2025-02-07 00:00:00.000000
4470,iris_p_4470,Tyrell Corp,Enterprise,United Kingdom,2022-04-26 00:00:00.000000
4471,iris_p_4471,Unknowm,Unknown,United States,2022-12-06 00:00:00.000000
4472,david.l_4472,Globex,Free,India,2025-01-20 00:00:00.000000
4473,charlie_k_4473,Wayne Enterprises,Enterprise,Brazil,2024-02-19 00:00:00.000000
4474,david.l_4474,Vehement Capital,Free,Germany,2024-12-10 00:00:00.000000
4475,iris_p_4475,Hooli,Basic,Brazil,2023-09-27 00:00:00.000000
4476,henry.m_4476,Acme Corp,Basic,Singapore,2024-10-31 00:00:00.000000
4477,jack_r_4477,Initech,Basic,Australia,2024-12-18 00:00:00.000000
4478,charlie_k_4478,Tyrell Corp,Free,United Kingdom,2022-12-06 00:00:00.000000
4479,iris_p_4479,Tyrell Corp,Free,Japan,2023-06-19 00:00:00.000000
4480,alice_w_4480,Acme Corp,Basic,Singapore,2024-04-26 00:00:00.000000
4481,david.l_4481,Stark Industries,Basic,United Kingdom,2022-09-16 00:00:00.000000
4482,alice_w_4482,Unknowm,Unknown,Brazil,2025-11-13 00:00:00.000000
4483,bob.smith_4483,Acme Corp,Basic,Australia,2022-10-22 00:00:00.000000
4484,frank_g_4484,Acme Corp,Enterprise,Canada,2023-12-16 00:00:00.000000
4485,renee_s_4485,Unknowm,Enterprise,Unknown,2024-12-30 00:00:00.000000
4486,jack_r_4486,Tyrell Corp,Premium,Australia,2022-08-18 00:00:00.000000
4487,grace_h_4487,Hooli,Free,Singapore,2025-05-29 00:00:00.000000
4488,josé_m_4488,Wayne Enterprises,Gold,Singapore,2025-10-26 00:00:00.000000
4489,emma.v_4489,Umbrella Corp,Basic,India,2025-10-24 00:00:00.000000
4490,iris_p_4490,Cyberdyne Systems,Premium,Germany,2025-02-13 00:00:00.000000
4491,frank_g_1986,Wayne Enterprises,Enterprise,Germany,2025-02-25 00:00:00.000000
4492,iris_p_4492,Acme Corp,Premium,Japan,2024-07-27 00:00:00.000000
4493,charlie_k_4493,Umbrella Corp,Enterprise,Japan,2023-12-29 07:11:03.040791
4494,iris_p_4494,Acme Corp,Premium,Japan,2022-04-16 00:00:00.000000
4495,charlie_k_4495,Umbrella Corp,Basic,India,2025-06-24 00:00:00.000000
4496,müller_a_4496,Wayne Enterprises,Basic,United States,2023-05-20 00:00:00.000000
4497,jack_r_4497,Stark Industries,Basic,Germany,2023-05-07 00:00:00.000000
4498,jack_r_4498,Vehement Capital,Enterprise,Brazil,2023-12-29 07:11:03.040791
4499,david.l_4499,Stark Industries,Enterprise,Japan,2022-11-20 00:00:00.000000
4500,josé_m_4500,Tyrell Corp,Basic,Australia,2024-06-08 00:00:00.000000
4501,charlie_k_4501,Unknowm,Premium,Unknown,2024-07-13 00:00:00.000000
4502,emma.v_4502,Hooli,Basic,United Kingdom,2023-10-20 00:00:00.000000
4503,charlie_k_4503,Hooli,Premium,India,2025-11-28 00:00:00.000000
4504,emma.v_2825,Vehement Capital,Enterprise,United Kingdom,2025-05-08 00:00:00.000000
4505,iris_p_4505,Stark Industries,Premium,India,2024-06-04 00:00:00.000000
4506,jack_r_4506,Stark Industries,Premium,Australia,2024-09-15 00:00:00.000000
4507,emma.v_4507,Tyrell Corp,Premium,Japan,2024-06-30 00:00:00.000000
4508,iris_p_4508,Vehement Capital,Free,United States,2022-04-21 00:00:00.000000
4509,david.l_4509,Cyberdyne Systems,Free,United States,2022-04-11 00:00:00.000000
4510,iris_p_4510,Hooli,Premium,Canada,2024-05-23 00:00:00.000000
4511,alice_w_4511,Hooli,Premium,Brazil,2025-01-25 00:00:00.000000
4512,charlie_k_4512,Hooli,Free,Germany,2024-11-17 00:00:00.000000
4513,iris_p_4513,Stark Industries,Basic,India,2025-11-27 00:00:00.000000
4514,henry.m_4514,Vehement Capital,Free,United States,2023-06-30 00:00:00.000000
4515,david.l_4515,Umbrella Corp,Basic,Japan,2025-03-14 00:00:00.000000
4516,frank_g_4516,Initech,Free,United Kingdom,2024-01-11 00:00:00.000000
4517,frank_g_4053,Initech,Premium,Germany,2025-04-27 00:00:00.000000
4518,frank_g_4518,Stark Industries,Basic,Japan,2022-01-09 00:00:00.000000
4519,bob.smith_4519,Cyberdyne Systems,Enterprise,France,2023-11-22 00:00:00.000000
4520,alice_w_4520,Globex,Basic,United Kingdom,2023-08-05 00:00:00.000000
4521,bob.smith_4521,Initech,Basic,Germany,2025-01-08 00:00:00.000000
4522,david.l_4522,Hooli,Enterprise,Japan,2025-11-13 00:00:00.000000
4523,frank_g_18,Stark Industries,Free,United Kingdom,2024-02-09 00:00:00.000000
4524,charlie_k_4524,Cyberdyne Systems,Enterprise,Singapore,2023-02-26 00:00:00.000000
4525,grace_h_4525,Acme Corp,Enterprise,Germany,2023-12-29 07:11:03.040791
4526,frank_g_4526,Initech,Free,Canada,2022-11-29 00:00:00.000000
4527,grace_h_4527,Initech,Free,Japan,2024-12-18 00:00:00.000000
4528,frank_g_4528,Stark Industries,Unknown,Brazil,2023-01-15 00:00:00.000000
4529,charlie_k_4529,Umbrella Corp,Basic,United States,2023-08-23 00:00:00.000000
4530,jack_r_4530,Acme Corp,Free,France,2023-10-06 00:00:00.000000
4531,jack_r_4531,Acme Corp,Unknown,United Kingdom,2025-07-07 00:00:00.000000
4532,david.l_4532,Initech,Free,India,2025-06-13 00:00:00.000000
4533,iris_p_4533,Initech,Free,Singapore,2025-08-09 00:00:00.000000
4534,bob.smith_4534,Globex,Enterprise,Singapore,2023-12-29 07:11:03.040791
4535,frank_g_4535,Hooli,Enterprise,Brazil,2023-06-17 00:00:00.000000
4536,alice_w_4536,Initech,Enterprise,United Kingdom,2022-12-22 00:00:00.000000
4537,grace_h_4537,Hooli,Unknown,Brazil,2024-03-29 00:00:00.000000
4538,emma.v_4538,Acme Corp,Enterprise,Singapore,2023-04-26 00:00:00.000000
4539,bob.smith_963,Stark Industries,Basic,Canada,2025-03-09 00:00:00.000000
4540,frank_g_2405,Hooli,Free,Singapore,2022-07-29 00:00:00.000000
4541,emma.v_4541,Stark Industries,Free,Japan,2024-05-15 00:00:00.000000
4542,alice_w_4542,Stark Industries,Free,Singapore,2024-10-14 00:00:00.000000
4543,cléo.b_4543,Unknowm,Unknown,Singapore,2022-08-27 00:00:00.000000
4544,david.l_4544,Cyberdyne Systems,Free,Singapore,2022-05-05 00:00:00.000000
4545,renee_s_4545,Vehement Capital,Premium,France,2025-06-09 00:00:00.000000
4546,bob.smith_4546,Acme Corp,Premium,France,2022-04-20 00:00:00.000000
4547,iris_p_4547,Hooli,Basic,Brazil,2025-03-25 00:00:00.000000
4548,grace_h_4077,Wayne Enterprises,Enterprise,United Kingdom,2024-11-14 00:00:00.000000
4549,frank_g_4549,Umbrella Corp,Premium,United Kingdom,2024-10-28 00:00:00.000000
4550,grace_h_4550,Initech,Enterprise,United Kingdom,2024-11-04 00:00:00.000000
4551,frank_g_4551,Cyberdyne Systems,Premium,Brazil,2025-06-11 00:00:00.000000
4552,david.l_4552,Globex,Premium,France,2024-09-11 00:00:00.000000
4553,charlie_k_4553,Vehement Capital,Premium,Australia,2025-02-28 00:00:00.000000
4554,henry.m_4554,Umbrella Corp,Free,United States,2022-02-13 00:00:00.000000
4555,henry.m_4555,Globex,Premium,Japan,2025-01-10 00:00:00.000000
4556,iris_p_4556,Unknowm,Basic,Japan,2024-06-22 00:00:00.000000
4557,cléo.b_4557,Globex,Basic,United States,2022-02-10 00:00:00.000000
4558,alice_w_4558,Umbrella Corp,Free,Canada,2022-04-05 00:00:00.000000
4559,david.l_4559,Wayne Enterprises,Enterprise,Australia,2025-09-16 00:00:00.000000
4560,alice_w_4560,Umbrella Corp,Basic,Canada,2024-05-12 00:00:00.000000
4561,emma.v_4561,Acme Corp,Premium,France,2024-01-20 00:00:00.000000
4562,emma.v_4562,Initech,Basic,Japan,2022-03-07 00:00:00.000000
4563,grace_h_4563,Hooli,Premium,India,2024-07-20 00:00:00.000000
4564,charlie_k_4564,Tyrell Corp,Unknown,France,2023-11-05 00:00:00.000000
4565,iris_p_4565,Stark Industries,Free,Singapore,2022-01-27 00:00:00.000000
4566,emma.v_4566,Umbrella Corp,Free,Germany,2024-09-07 00:00:00.000000
4567,jack_r_4567,Globex,Free,Germany,2023-02-21 00:00:00.000000
4568,grace_h_4568,Hooli,Unknown,Australia,2023-08-06 00:00:00.000000
4569,emma.v_4569,Tyrell Corp,Basic,Japan,2023-04-06 00:00:00.000000
4570,david.l_4570,Wayne Enterprises,Basic,Singapore,2023-07-09 00:00:00.000000
4571,frank_g_4571,Initech,Enterprise,Canada,2022-08-12 00:00:00.000000
4572,alice_w_4572,Initech,Basic,India,2025-10-19 00:00:00.000000
4573,frank_g_4573,Cyberdyne Systems,Free,Germany,2023-02-14 00:00:00.000000
4574,grace_h_4574,Initech,Premium,Germany,2025-03-28 00:00:00.000000
4575,emma.v_4575,Stark Industries,Free,United States,2023-07-06 00:00:00.000000
4576,iris_p_4576,Stark Industries,Free,Singapore,2022-10-07 00:00:00.000000
4577,charlie_k_4577,Acme Corp,Premium,Australia,2023-11-06 00:00:00.000000
4578,david.l_4578,Tyrell Corp,Premium,United States,2023-08-17 00:00:00.000000
4579,henry.m_4579,Hooli,Premium,France,2023-12-29 07:11:03.040791
4580,grace_h_4580,Tyrell Corp,Basic,Canada,2025-03-16 00:00:00.000000
4581,bob.smith_4581,Wayne Enterprises,Free,France,2023-07-29 00:00:00.000000
4582,david.l_4582,Stark Industries,Premium,France,2023-11-27 00:00:00.000000
4583,iris_p_4583,Vehement Capital,Premium,Germany,2023-10-29 00:00:00.000000
4584,henry.m_4584,Vehement Capital,Enterprise,United Kingdom,2023-01-14 00:00:00.000000
4585,bob.smith_4585,Cyberdyne Systems,Free,Brazil,2022-07-06 00:00:00.000000
4586,frank_g_4586,Initech,Free,France,2022-11-20 00:00:00.000000
4587,grace_h_4587,Hooli,Free,United States,2025-04-28 00:00:00.000000
4588,jack_r_4588,Umbrella Corp,Premium,France,2024-02-17 00:00:00.000000
4589,jack_r_4589,Acme Corp,Premium,France,2025-03-02 00:00:00.000000
4590,bob.smith_4590,Acme Corp,Free,United Kingdom,2023-12-29 07:11:03.040791
4591,emma.v_4591,Wayne Enterprises,Enterprise,Unknown,2023-06-18 00:00:00.000000
4592,jack_r_4592,Cyberdyne Systems,Premium,Canada,2025-12-16 00:00:00.000000
4593,emma.v_4593,Globex,Premium,India,2023-03-24 00:00:00.000000
4594,grace_h_151,Globex,Free,Singapore,2025-01-07 00:00:00.000000
4595,emma.v_4595,Globex,Enterprise,United Kingdom,2022-02-16 00:00:00.000000
4596,cléo.b_4596,Umbrella Corp,Premium,Singapore,2022-10-30 00:00:00.000000
4597,jack_r_4597,Umbrella Corp,Free,India,2023-12-31 00:00:00.000000
4598,alice_w_4598,Vehement Capital,Free,Canada,2022-02-15 00:00:00.000000
4599,david.l_4599,Cyberdyne Systems,Unknown,Unknown,2025-10-26 00:00:00.000000
4600,frank_g_4600,Globex,Basic,United States,2025-08-19 00:00:00.000000
4601,charlie_k_4601,Wayne Enterprises,Enterprise,United States,2024-12-14 00:00:00.000000
4602,alice_w_4602,Umbrella Corp,Unknown,Unknown,2022-09-28 00:00:00.000000
4603,bob.smith_4603,Vehement Capital,Basic,France,2023-06-17 00:00:00.000000
4604,jack_r_4604,Hooli,Free,France,2022-06-25 00:00:00.000000
4605,david.l_4605,Globex,Premium,India,2023-09-14 00:00:00.000000
4606,iris_p_4606,Globex,Enterprise,Canada,2023-12-18 00:00:00.000000
4607,alice_w_4607,Acme Corp,Premium,India,2023-09-10 00:00:00.000000
4608,jack_r_4608,Wayne Enterprises,Premium,Australia,2022-10-01 00:00:00.000000
4609,iris_p_4609,Vehement Capital,Enterprise,Australia,2025-04-12 00:00:00.000000
4610,henry.m_4610,Vehement Capital,Basic,Unknown,2024-12-13 00:00:00.000000
4611,henry.m_4611,Umbrella Corp,Enterprise,Australia,2025-08-25 00:00:00.000000
4612,emma.v_4612,Vehement Capital,Free,Japan,2024-07-01 00:00:00.000000
4613,bob.smith_4613,Hooli,Free,United States,2025-08-14 00:00:00.000000
4614,david.l_4614,Vehement Capital,Basic,Singapore,2023-10-24 00:00:00.000000
4615,alice_w_4615,Stark Industries,Enterprise,Australia,2025-05-23 00:00:00.000000
4616,iris_p_4616,Cyberdyne Systems,Premium,Germany,2022-09-27 00:00:00.000000
4617,henry.m_4617,Globex,Premium,Brazil,2022-03-09 00:00:00.000000
4618,iris_p_4618,Vehement Capital,Gold,Brazil,2025-02-19 00:00:00.000000
4619,charlie_k_4619,Wayne Enterprises,Free,France,2024-02-12 00:00:00.000000
4620,jack_r_4620,Hooli,Free,Canada,2024-12-08 00:00:00.000000
4621,bob.smith_4621,Hooli,Free,India,2024-05-16 00:00:00.000000
4622,alice_w_4622,Tyrell Corp,Enterprise,Germany,2023-02-27 00:00:00.000000
4623,frank_g_4623,Initech,Enterprise,Canada,2023-10-28 00:00:00.000000
4624,jack_r_4624,Umbrella Corp,Free,Germany,2024-04-28 00:00:00.000000
4625,charlie_k_4625,Hooli,Enterprise,Singapore,2022-09-14 00:00:00.000000
4626,iris_p_4626,Umbrella Corp,Free,Japan,2022-01-06 00:00:00.000000
4627,grace_h_4627,Umbrella Corp,Basic,United Kingdom,2022-03-23 00:00:00.000000
4628,jack_r_4628,Wayne Enterprises,Premium,India,2023-09-09 00:00:00.000000
4629,charlie_k_4629,Umbrella Corp,Basic,Brazil,2023-01-16 00:00:00.000000
4630,grace_h_4630,Hooli,Unknown,Unknown,2024-01-26 00:00:00.000000
4631,bob.smith_4631,Cyberdyne Systems,Enterprise,United Kingdom,2024-04-19 00:00:00.000000
4632,cléo.b_4632,Tyrell Corp,Basic,Brazil,2023-05-31 00:00:00.000000
4633,emma.v_4633,Hooli,Premium,Japan,2023-12-05 00:00:00.000000
4634,frank_g_4634,Hooli,Premium,India,2024-02-27 00:00:00.000000
4635,grace_h_4635,Initech,Basic,United States,2024-10-31 00:00:00.000000
4636,alice_w_4636,Cyberdyne Systems,Enterprise,Germany,2023-05-29 00:00:00.000000
4637,renee_s_4637,Tyrell Corp,Basic,India,2024-11-17 00:00:00.000000
4638,henry.m_4638,Cyberdyne Systems,Free,Canada,2022-02-03 00:00:00.000000
4639,henry.m_4639,Tyrell Corp,Basic,Singapore,2024-09-08 00:00:00.000000
4640,grace_h_4640,Initech,Enterprise,Australia,2022-05-02 00:00:00.000000
4641,iris_p_4641,Tyrell Corp,Premium,France,2024-03-24 00:00:00.000000
4642,henry.m_4642,Cyberdyne Systems,Free,Germany,2023-02-08 00:00:00.000000
4643,jack_r_4643,Globex,Free,India,2025-02-18 00:00:00.000000
4644,charlie_k_4644,Umbrella Corp,Free,Japan,2022-10-03 00:00:00.000000
4645,frank_g_4645,Acme Corp,Enterprise,Canada,2023-10-22 00:00:00.000000
4646,grace_h_4646,Vehement Capital,Free,United States,2025-11-19 00:00:00.000000
4647,iris_p_4647,Hooli,Basic,Canada,2022-01-27 00:00:00.000000
4648,david.l_4648,Tyrell Corp,Premium,France,2025-03-06 00:00:00.000000
4649,frank_g_4649,Acme Corp,Free,Canada,2024-01-22 00:00:00.000000
4650,david.l_4650,Tyrell Corp,Enterprise,United Kingdom,2025-05-17 00:00:00.000000
4651,emma.v_4651,Vehement Capital,Enterprise,Germany,2025-07-03 00:00:00.000000
4652,grace_h_4652,Tyrell Corp,Enterprise,United States,2023-06-27 00:00:00.000000
4653,bob.smith_4653,Initech,Premium,France,2023-06-11 00:00:00.000000
4654,jack_r_4654,Wayne Enterprises,Enterprise,Australia,2022-05-27 00:00:00.000000
4655,bob.smith_4655,Cyberdyne Systems,Enterprise,United Kingdom,2025-12-25 00:00:00.000000
4656,frank_g_4656,Acme Corp,Free,France,2023-09-21 00:00:00.000000
4657,frank_g_4657,Wayne Enterprises,Premium,United Kingdom,2022-01-20 00:00:00.000000
4658,frank_g_4658,Umbrella Corp,Enterprise,Canada,2023-06-22 00:00:00.000000
4659,frank_g_4659,Initech,Basic,Brazil,2023-10-02 00:00:00.000000
4660,charlie_k_4660,Wayne Enterprises,Enterprise,Singapore,2023-08-18 00:00:00.000000
4661,emma.v_4661,Globex,Free,Canada,2024-06-08 00:00:00.000000
4662,bob.smith_4662,Initech,Basic,Brazil,2025-05-28 00:00:00.000000
4663,jack_r_4663,Globex,Enterprise,India,2024-06-01 00:00:00.000000
4664,bob.smith_4664,Globex,Basic,Germany,2023-05-14 00:00:00.000000
4665,charlie_k_4665,Wayne Enterprises,Free,United Kingdom,2022-02-07 00:00:00.000000
4666,henry.m_4666,Initech,Free,India,2022-02-17 00:00:00.000000
4667,david.l_4667,Stark Industries,Premium,Canada,2025-06-30 00:00:00.000000
4668,jack_r_4668,Stark Industries,Premium,Australia,2024-03-06 00:00:00.000000
4669,iris_p_4669,Stark Industries,Premium,France,2024-10-30 00:00:00.000000
4670,charlie_k_4670,Stark Industries,Basic,Brazil,2022-11-14 00:00:00.000000
4671,bob.smith_4671,Tyrell Corp,Free,Australia,2025-02-15 00:00:00.000000
4672,jack_r_4672,Vehement Capital,Enterprise,Singapore,2022-09-07 00:00:00.000000
4673,frank_g_4673,Acme Corp,Premium,Singapore,2025-08-30 00:00:00.000000
4674,frank_g_4674,Initech,Premium,India,2022-06-02 00:00:00.000000
4675,frank_g_4675,Umbrella Corp,Basic,India,2024-03-03 00:00:00.000000
4676,alice_w_4676,Wayne Enterprises,Basic,Germany,2022-11-30 00:00:00.000000
4677,alice_w_4677,Tyrell Corp,Premium,Brazil,2024-03-16 00:00:00.000000
4678,david.l_4678,Vehement Capital,Premium,Germany,2025-12-01 00:00:00.000000
4679,emma.v_4679,Acme Corp,Basic,United Kingdom,2024-12-20 00:00:00.000000
4680,alice_w_4680,Hooli,Free,United States,2022-10-02 00:00:00.000000
4681,bob.smith_4681,Tyrell Corp,Premium,Singapore,2022-01-01 00:00:00.000000
4682,jean-luc_4682,Unknowm,Enterprise,Unknown,2025-05-24 00:00:00.000000
4683,alice_w_4683,Globex,Basic,Japan,2022-07-27 00:00:00.000000
4684,jack_r_4684,Globex,Premium,India,2024-04-14 00:00:00.000000
4685,henry.m_4685,Tyrell Corp,Premium,Singapore,2022-10-12 00:00:00.000000
4686,bob.smith_4686,Hooli,Basic,India,2023-04-12 00:00:00.000000
4687,henry.m_4687,Hooli,Basic,Brazil,2022-12-10 00:00:00.000000
4688,alice_w_4688,Tyrell Corp,Free,United Kingdom,2023-11-22 00:00:00.000000
4689,jack_r_4689,Tyrell Corp,Enterprise,Australia,2024-11-20 00:00:00.000000
4690,iris_p_4690,Vehement Capital,Free,Brazil,2025-04-01 00:00:00.000000
4691,jack_r_4691,Stark Industries,Premium,France,2023-08-28 00:00:00.000000
4692,jean-luc_4692,Tyrell Corp,Enterprise,United States,2023-10-16 00:00:00.000000
4693,david.l_4693,Initech,Premium,Germany,2022-08-06 00:00:00.000000
4694,iris_p_4694,Globex,Enterprise,United States,2023-08-19 00:00:00.000000
4695,bob.smith_4695,Vehement Capital,Basic,Singapore,2022-06-25 00:00:00.000000
4696,henry.m_4696,Stark Industries,Enterprise,Brazil,2025-05-31 00:00:00.000000
4697,jean-luc_4697,Globex,Enterprise,Australia,2023-06-09 00:00:00.000000
4698,emma.v_4698,Tyrell Corp,Free,France,2025-01-18 00:00:00.000000
4699,emma.v_4699,Hooli,Enterprise,Canada,2023-03-09 00:00:00.000000
4700,grace_h_4700,Acme Corp,Basic,Canada,2025-05-18 00:00:00.000000
4701,grace_h_4018,Cyberdyne Systems,Enterprise,Japan,2025-07-11 00:00:00.000000
4702,frank_g_4702,Unknowm,Premium,Australia,2024-03-16 00:00:00.000000
4703,bob.smith_4703,Vehement Capital,Enterprise,Japan,2024-01-23 00:00:00.000000
4704,jack_r_4704,Hooli,Premium,Brazil,2025-09-26 00:00:00.000000
4705,charlie_k_4705,Tyrell Corp,Unknown,Unknown,2024-05-03 00:00:00.000000
4706,emma.v_4706,Umbrella Corp,Basic,Japan,2024-10-30 00:00:00.000000
4707,david.l_4707,Cyberdyne Systems,Premium,France,2024-03-24 00:00:00.000000
4708,grace_h_4708,Initech,Basic,Singapore,2025-01-23 00:00:00.000000
4709,jack_r_4709,Globex,Free,France,2024-11-27 00:00:00.000000
4710,emma.v_4710,Wayne Enterprises,Enterprise,United States,2023-01-05 00:00:00.000000
4711,emma.v_4711,Cyberdyne Systems,Premium,India,2023-06-08 00:00:00.000000
4712,jack_r_4712,Globex,Enterprise,Australia,2024-12-24 00:00:00.000000
4713,alice_w_4713,Globex,Basic,Japan,2022-02-19 00:00:00.000000
4714,jack_r_4714,Cyberdyne Systems,Basic,Australia,2022-09-07 00:00:00.000000
4715,alice_w_4715,Stark Industries,Free,United Kingdom,2024-11-15 00:00:00.000000
4716,charlie_k_4716,Stark Industries,Enterprise,Australia,2022-02-02 00:00:00.000000
4717,jack_r_4717,Hooli,Enterprise,Australia,2022-07-29 00:00:00.000000
4718,bob.smith_4718,Umbrella Corp,Basic,France,2023-01-15 00:00:00.000000
4719,iris_p_4719,Umbrella Corp,Enterprise,France,2024-06-10 00:00:00.000000
4720,jack_r_4720,Cyberdyne Systems,Premium,Japan,2022-12-11 00:00:00.000000
4721,iris_p_4721,Initech,Basic,Canada,2024-01-31 00:00:00.000000
4722,frank_g_4722,Tyrell Corp,Premium,Singapore,2025-03-02 00:00:00.000000
4723,grace_h_4723,Initech,Premium,Canada,2023-08-15 00:00:00.000000
4724,david.l_4724,Vehement Capital,Free,United Kingdom,2025-06-25 00:00:00.000000
4725,iris_p_4725,Stark Industries,Basic,France,2025-10-14 00:00:00.000000
4726,david.l_4726,Umbrella Corp,Enterprise,Australia,2022-01-31 00:00:00.000000
4727,jack_r_4727,Wayne Enterprises,Enterprise,Brazil,2022-11-16 00:00:00.000000
4728,iris_p_4728,Stark Industries,Basic,Australia,2023-11-22 00:00:00.000000
4729,jack_r_4729,Hooli,Basic,Brazil,2025-09-28 00:00:00.000000
4730,emma.v_4730,Stark Industries,Free,India,2024-09-15 00:00:00.000000
4731,müller_a_4731,Acme Corp,Basic,Singapore,2022-07-30 00:00:00.000000
4732,iris_p_4732,Vehement Capital,Free,India,2023-10-19 00:00:00.000000
4733,bob.smith_4733,Wayne Enterprises,Enterprise,United States,2023-07-01 00:00:00.000000
4734,josé_m_4734,Globex,Premium,Singapore,2023-08-02 00:00:00.000000
4735,renee_s_4735,Umbrella Corp,Premium,Japan,2023-03-09 00:00:00.000000
4736,alice_w_4736,Cyberdyne Systems,Premium,Brazil,2022-02-28 00:00:00.000000
4737,frank_g_4737,Stark Industries,Enterprise,Australia,2024-01-19 00:00:00.000000
4738,david.l_4738,Cyberdyne Systems,Free,Germany,2022-05-11 00:00:00.000000
4739,emma.v_4739,Unknowm,Basic,Unknown,2023-03-29 00:00:00.000000
4740,jack_r_4740,Wayne Enterprises,Free,United States,2022-09-06 00:00:00.000000
4741,alice_w_4741,Cyberdyne Systems,Free,Brazil,2023-06-05 00:00:00.000000
4742,grace_h_4742,Tyrell Corp,Premium,Canada,2022-07-13 00:00:00.000000
4743,grace_h_4743,Initech,Enterprise,Australia,2023-04-27 00:00:00.000000
4744,grace_h_4744,Initech,Premium,France,2023-12-29 07:11:03.040791
4745,charlie_k_4745,Acme Corp,Enterprise,India,2024-11-15 00:00:00.000000
4746,iris_p_4746,Globex,Basic,Brazil,2023-05-01 00:00:00.000000
4747,charlie_k_4747,Unknowm,Enterprise,Singapore,2024-02-17 00:00:00.000000
4748,jack_r_4748,Acme Corp,Premium,India,2023-11-20 00:00:00.000000
4749,alice_w_4749,Vehement Capital,Basic,Germany,2022-12-14 00:00:00.000000
4750,cléo.b_4750,Umbrella Corp,Enterprise,France,2025-02-21 00:00:00.000000
4751,david.l_4751,Globex,Enterprise,India,2025-12-16 00:00:00.000000
4752,iris_p_4752,Stark Industries,Premium,Singapore,2023-12-29 07:11:03.040791
4753,grace_h_4753,Tyrell Corp,Enterprise,Australia,2022-08-27 00:00:00.000000
4754,grace_h_4754,Wayne Enterprises,Enterprise,Australia,2024-01-15 00:00:00.000000
4755,david.l_4755,Umbrella Corp,Basic,Brazil,2022-09-13 00:00:00.000000
4756,emma.v_4756,Initech,Premium,United States,2022-04-07 00:00:00.000000
4757,grace_h_4757,Stark Industries,Free,Germany,2024-03-14 00:00:00.000000
4758,emma.v_4758,Tyrell Corp,Premium,United Kingdom,2022-07-04 00:00:00.000000
4759,iris_p_4759,Globex,Free,Japan,2023-07-07 00:00:00.000000
4760,charlie_k_4760,Cyberdyne Systems,Premium,Brazil,2023-12-29 07:11:03.040791
4761,david.l_4761,Umbrella Corp,Enterprise,Canada,2024-08-10 00:00:00.000000
4762,emma.v_4762,Hooli,Free,Germany,2024-10-10 00:00:00.000000
4763,henry.m_4763,Acme Corp,Free,Singapore,2023-09-17 00:00:00.000000
4764,bob.smith_4764,Unknowm,Enterprise,Brazil,2025-06-23 00:00:00.000000
4765,henry.m_4765,Vehement Capital,Premium,Singapore,2024-07-11 00:00:00.000000
4766,david.l_4766,Tyrell Corp,Enterprise,Canada,2022-09-14 00:00:00.000000
4767,iris_p_4767,Stark Industries,Free,France,2025-10-26 00:00:00.000000
4768,iris_p_4768,Hooli,Basic,France,2025-07-16 00:00:00.000000
4769,grace_h_4769,Stark Industries,Enterprise,Singapore,2025-10-01 00:00:00.000000
4770,david.l_4770,Umbrella Corp,Premium,Germany,2024-09-18 00:00:00.000000
4771,grace_h_4771,Acme Corp,Premium,Brazil,2022-05-05 00:00:00.000000
4772,frank_g_4772,Cyberdyne Systems,Enterprise,Australia,2022-01-14 00:00:00.000000
4773,henry.m_4773,Initech,Premium,Singapore,2023-02-23 00:00:00.000000
4774,bob.smith_4774,Globex,Basic,United Kingdom,2022-04-15 00:00:00.000000
4775,jack_r_4775,Stark Industries,Enterprise,India,2024-02-10 00:00:00.000000
4776,iris_p_4776,Tyrell Corp,Premium,France,2022-09-18 00:00:00.000000
4777,alice_w_4777,Vehement Capital,Premium,Germany,2023-05-13 00:00:00.000000
4778,david.l_4778,Tyrell Corp,Basic,United States,2025-12-12 00:00:00.000000
4779,iris_p_4779,Wayne Enterprises,Enterprise,Canada,2023-07-13 00:00:00.000000
4780,emma.v_4780,Cyberdyne Systems,Free,Singapore,2022-09-28 00:00:00.000000
4781,jack_r_4781,Vehement Capital,Free,Japan,2024-04-17 00:00:00.000000
4782,emma.v_4782,Tyrell Corp,Free,Canada,2023-10-23 00:00:00.000000
4783,david.l_4783,Umbrella Corp,Basic,Brazil,2025-05-20 00:00:00.000000
4784,emma.v_4784,Hooli,Free,Australia,2025-08-18 00:00:00.000000
4785,david.l_4785,Umbrella Corp,Basic,Japan,2022-08-15 00:00:00.000000
4786,henry.m_4786,Initech,Enterprise,United States,2024-02-02 00:00:00.000000
4787,grace_h_4787,Cyberdyne Systems,Enterprise,Germany,2023-01-09 00:00:00.000000
4788,frank_g_4788,Stark Industries,Enterprise,United States,2025-09-03 00:00:00.000000
4789,jack_r_4789,Tyrell Corp,Basic,Singapore,2024-06-11 00:00:00.000000
4790,grace_h_4790,Wayne Enterprises,Free,United States,2025-01-27 00:00:00.000000
4791,frank_g_4791,Tyrell Corp,Basic,United Kingdom,2023-12-29 07:11:03.040791
4792,emma.v_4792,Tyrell Corp,Free,Canada,2024-12-26 00:00:00.000000
4793,frank_g_4793,Tyrell Corp,Free,Brazil,2022-02-20 00:00:00.000000
4794,henry.m_4794,Tyrell Corp,Premium,Australia,2024-02-03 00:00:00.000000
4795,henry.m_4795,Umbrella Corp,Basic,United States,2022-11-12 00:00:00.000000
4796,emma.v_4796,Tyrell Corp,Free,Germany,2023-05-19 00:00:00.000000
4797,charlie_k_4797,Stark Industries,Free,Canada,2022-08-02 00:00:00.000000
4798,bob.smith_4798,Unknowm,Unknown,France,2025-03-13 00:00:00.000000
4799,grace_h_4799,Cyberdyne Systems,Premium,United States,2025-10-30 00:00:00.000000
4800,david.l_4755,Wayne Enterprises,Premium,Canada,2025-08-31 00:00:00.000000
4801,jack_r_4801,Initech,Enterprise,Germany,2024-04-18 00:00:00.000000
4802,alice_w_4802,Vehement Capital,Basic,India,2022-04-22 00:00:00.000000
4803,bob.smith_4803,Cyberdyne Systems,Free,Australia,2022-03-21 00:00:00.000000
4804,david.l_4057,Stark Industries,Premium,Germany,2023-05-17 00:00:00.000000
4805,emma.v_4805,Hooli,Basic,Australia,2022-12-29 00:00:00.000000
4806,frank_g_4806,Stark Industries,Free,Brazil,2024-06-05 00:00:00.000000
4807,henry.m_4807,Stark Industries,Premium,Canada,2022-08-23 00:00:00.000000
4808,henry.m_4808,Vehement Capital,Basic,Canada,2022-09-03 00:00:00.000000
4809,grace_h_4809,Tyrell Corp,Enterprise,Singapore,2022-10-26 00:00:00.000000
4810,alice_w_4810,Acme Corp,Enterprise,Japan,2025-04-26 00:00:00.000000
4811,frank_g_2417,Wayne Enterprises,Free,Japan,2024-02-27 00:00:00.000000
4812,charlie_k_4812,Cyberdyne Systems,Enterprise,India,2024-09-20 00:00:00.000000
4813,frank_g_4813,Umbrella Corp,Basic,Australia,2025-09-26 00:00:00.000000
4814,david.l_4814,Globex,Enterprise,United States,2023-07-19 00:00:00.000000
4815,iris_p_4815,Wayne Enterprises,Basic,Canada,2022-12-24 00:00:00.000000
4816,müller_a_4816,Unknowm,Basic,United States,2025-11-21 00:00:00.000000
4817,iris_p_4817,Tyrell Corp,Basic,United Kingdom,2023-04-26 00:00:00.000000
4818,alice_w_4818,Tyrell Corp,Premium,India,2022-12-15 00:00:00.000000
4819,charlie_k_4819,Globex,Enterprise,Japan,2022-07-12 00:00:00.000000
4820,alice_w_4820,Tyrell Corp,Premium,Australia,2022-11-27 00:00:00.000000
4821,david.l_4821,Vehement Capital,Free,India,2023-05-07 00:00:00.000000
4822,charlie_k_4822,Hooli,Free,United States,2023-08-25 00:00:00.000000
4823,cléo.b_4823,Stark Industries,Premium,United Kingdom,2023-09-02 00:00:00.000000
4824,müller_a_4824,Wayne Enterprises,Enterprise,Germany,2022-01-29 00:00:00.000000
4825,iris_p_4825,Cyberdyne Systems,Premium,United Kingdom,2025-09-26 00:00:00.000000
4826,david.l_4826,Hooli,Free,Australia,2024-03-08 00:00:00.000000
4827,renee_s_1973,Wayne Enterprises,Basic,Australia,2025-07-27 00:00:00.000000
4828,josé_m_4828,Acme Corp,Basic,France,2022-08-29 00:00:00.000000
4829,charlie_k_4829,Globex,Unknown,Unknown,2024-06-17 00:00:00.000000
4830,henry.m_4830,Vehement Capital,Enterprise,Singapore,2022-06-15 00:00:00.000000
4831,cléo.b_4831,Vehement Capital,Enterprise,Australia,2025-02-17 00:00:00.000000
4832,frank_g_4832,Globex,Enterprise,Brazil,2023-02-03 00:00:00.000000
4833,frank_g_4833,Cyberdyne Systems,Premium,United Kingdom,2025-10-08 00:00:00.000000
4834,jack_r_4834,Tyrell Corp,Basic,Germany,2022-09-09 00:00:00.000000
4835,iris_p_4835,Acme Corp,Basic,Japan,2022-08-03 00:00:00.000000
4836,jack_r_4836,Umbrella Corp,Free,United States,2022-04-12 00:00:00.000000
4837,jack_r_4837,Acme Corp,Basic,India,2023-12-29 07:11:03.040791
4838,henry.m_4838,Umbrella Corp,Premium,United Kingdom,2025-11-13 00:00:00.000000
4839,alice_w_4839,Acme Corp,Premium,Singapore,2023-10-26 00:00:00.000000
4840,alice_w_4840,Initech,Enterprise,France,2023-02-01 00:00:00.000000
4841,frank_g_4841,Hooli,Premium,France,2022-10-05 00:00:00.000000
4842,alice_w_4842,Hooli,Premium,Germany,2022-02-07 00:00:00.000000
4843,charlie_k_4843,Cyberdyne Systems,Basic,India,2023-06-07 00:00:00.000000
4844,henry.m_4844,Cyberdyne Systems,Basic,Unknown,2022-08-29 00:00:00.000000
4845,iris_p_4845,Umbrella Corp,Unknown,France,2022-11-05 00:00:00.000000
4846,david.l_4846,Unknowm,Premium,United Kingdom,2023-05-10 00:00:00.000000
4847,bob.smith_4847,Unknowm,Unknown,Canada,2024-02-17 00:00:00.000000
4848,alice_w_4848,Globex,Premium,Japan,2022-11-20 00:00:00.000000
4849,bob.smith_4849,Wayne Enterprises,Basic,Brazil,2022-07-15 00:00:00.000000
4850,david.l_4850,Stark Industries,Premium,Australia,2024-07-26 00:00:00.000000
4851,frank_g_4851,Tyrell Corp,Enterprise,United States,2024-11-05 00:00:00.000000
4852,charlie_k_4852,Stark Industries,Basic,Brazil,2023-08-24 00:00:00.000000
4853,jack_r_4853,Stark Industries,Basic,India,2023-05-09 00:00:00.000000
4854,alice_w_4854,Wayne Enterprises,Premium,United Kingdom,2022-06-03 00:00:00.000000
4855,jack_r_4855,Cyberdyne Systems,Premium,Singapore,2024-07-14 00:00:00.000000
4856,müller_a_4856,Umbrella Corp,Basic,United Kingdom,2024-01-17 00:00:00.000000
4857,alice_w_4857,Wayne Enterprises,Free,Australia,2023-04-05 00:00:00.000000
4858,henry.m_4858,Vehement Capital,Enterprise,India,2024-10-30 00:00:00.000000
4859,müller_a_4859,Wayne Enterprises,Enterprise,Germany,2025-02-17 00:00:00.000000
4860,jack_r_4860,Vehement Capital,Basic,India,2023-10-24 00:00:00.000000
4861,grace_h_4861,Umbrella Corp,Enterprise,Brazil,2024-09-25 00:00:00.000000
4862,iris_p_4862,Vehement Capital,Premium,Brazil,2022-05-28 00:00:00.000000
4863,charlie_k_4863,Hooli,Enterprise,United Kingdom,2025-10-30 00:00:00.000000
4864,david.l_4864,Stark Industries,Enterprise,Canada,2024-04-20 00:00:00.000000
4865,emma.v_4865,Unknowm,Enterprise,Unknown,2022-05-03 00:00:00.000000
4866,bob.smith_4866,Vehement Capital,Basic,Japan,2023-12-29 07:11:03.040791
4867,frank_g_4867,Vehement Capital,Basic,Singapore,2024-05-22 00:00:00.000000
4868,emma.v_4868,Initech,Enterprise,India,2024-06-11 00:00:00.000000
4869,alice_w_4869,Cyberdyne Systems,Premium,France,2025-03-10 00:00:00.000000
4870,frank_g_4870,Acme Corp,Premium,India,2024-05-12 00:00:00.000000
4871,jack_r_4871,Hooli,Premium,United States,2025-01-26 00:00:00.000000
4872,david.l_4872,Acme Corp,Free,Germany,2024-05-04 00:00:00.000000
4873,david.l_4873,Vehement Capital,Free,Japan,2024-10-29 00:00:00.000000
4874,charlie_k_4874,Hooli,Free,France,2023-08-18 00:00:00.000000
4875,david.l_4875,Hooli,Premium,United States,2022-04-03 00:00:00.000000
4876,jack_r_4876,Stark Industries,Enterprise,United States,2023-06-23 00:00:00.000000
4877,bob.smith_4877,Initech,Basic,India,2024-07-15 00:00:00.000000
4878,emma.v_4878,Umbrella Corp,Free,United Kingdom,2023-03-25 00:00:00.000000
4879,charlie_k_4879,Vehement Capital,Free,Japan,2024-03-02 00:00:00.000000
4880,jack_r_4880,Wayne Enterprises,Basic,Brazil,2023-12-29 07:11:03.040791
4881,alice_w_4881,Globex,Free,Singapore,2022-12-21 00:00:00.000000
4882,frank_g_4882,Acme Corp,Enterprise,Germany,2024-04-13 00:00:00.000000
4883,charlie_k_4883,Globex,Free,France,2024-11-03 00:00:00.000000
4884,david.l_4884,Wayne Enterprises,Basic,United States,2023-08-03 00:00:00.000000
4885,charlie_k_4885,Stark Industries,Basic,India,2024-02-21 00:00:00.000000
4886,bob.smith_4886,Acme Corp,Enterprise,Singapore,2023-12-19 00:00:00.000000
4887,henry.m_4887,Stark Industries,Enterprise,France,2025-05-05 00:00:00.000000
4888,frank_g_4888,Stark Industries,Basic,Brazil,2023-10-13 00:00:00.000000
4889,cléo.b_4889,Unknowm,Basic,Australia,2022-01-08 00:00:00.000000
4890,jack_r_4890,Initech,Enterprise,Japan,2023-07-22 00:00:00.000000
4891,frank_g_4891,Hooli,Basic,Australia,2024-07-03 00:00:00.000000
4892,charlie_k_4892,Initech,Premium,Australia,2025-04-28 00:00:00.000000
4893,alice_w_4893,Initech,Enterprise,Brazil,2023-05-12 00:00:00.000000
4894,alice_w_4894,Initech,Premium,Canada,2024-06-16 00:00:00.000000
4895,grace_h_4895,Stark Industries,Premium,Australia,2025-07-02 00:00:00.000000
4896,alice_w_4896,Umbrella Corp,Basic,India,2023-10-02 00:00:00.000000
4897,david.l_4897,Acme Corp,Enterprise,France,2025-05-08 00:00:00.000000
4898,charlie_k_4898,Tyrell Corp,Basic,United Kingdom,2022-01-10 00:00:00.000000
4899,bob.smith_4899,Tyrell Corp,Basic,United States,2023-05-02 00:00:00.000000
4900,jack_r_4900,Wayne Enterprises,Premium,Australia,2025-10-13 00:00:00.000000
4901,alice_w_4901,Globex,Enterprise,Singapore,2023-12-29 07:11:03.040791
4902,henry.m_4902,Umbrella Corp,Enterprise,Brazil,2022-06-14 00:00:00.000000
4903,grace_h_4903,Tyrell Corp,Standard,Australia,2025-09-10 00:00:00.000000
4904,jack_r_4904,Cyberdyne Systems,Enterprise,Japan,2025-08-05 00:00:00.000000
4905,henry.m_4905,Umbrella Corp,Corporate,Singapore,2025-04-12 00:00:00.000000
4906,bob.smith_4906,Globex,Free,Germany,2022-12-08 00:00:00.000000
4907,bob.smith_4907,Stark Industries,Free,Canada,2023-03-09 00:00:00.000000
4908,jack_r_4908,Tyrell Corp,Free,United Kingdom,2022-10-03 00:00:00.000000
4909,bob.smith_4909,Vehement Capital,Enterprise,United States,2023-02-20 00:00:00.000000
4910,jean-luc_4910,Stark Industries,Free,Singapore,2025-08-21 00:00:00.000000
4911,charlie_k_4911,Cyberdyne Systems,Premium,United Kingdom,2023-08-26 00:00:00.000000
4912,charlie_k_4912,Globex,Premium,Brazil,2025-11-02 00:00:00.000000
4913,charlie_k_4913,Umbrella Corp,Free,Japan,2024-08-08 00:00:00.000000
4914,bob.smith_4914,Initech,Basic,Singapore,2023-11-19 00:00:00.000000
4915,alice_w_4915,Wayne Enterprises,Enterprise,United States,2025-11-27 00:00:00.000000
4916,frank_g_4916,Tyrell Corp,Premium,Brazil,2023-09-20 00:00:00.000000
4917,frank_g_3751,Vehement Capital,Enterprise,United Kingdom,2022-11-15 00:00:00.000000
4918,grace_h_4918,Wayne Enterprises,Basic,Singapore,2025-04-23 00:00:00.000000
4919,henry.m_4919,Acme Corp,Premium,France,2023-02-24 00:00:00.000000
4920,frank_g_4920,Tyrell Corp,Enterprise,Japan,2024-11-13 00:00:00.000000
4921,alice_w_4921,Globex,Enterprise,Brazil,2022-04-29 00:00:00.000000
4922,alice_w_4922,Vehement Capital,Enterprise,Canada,2022-11-22 00:00:00.000000
4923,iris_p_4923,Vehement Capital,Basic,Canada,2025-02-07 00:00:00.000000
4924,iris_p_4924,Umbrella Corp,Free,Canada,2024-01-09 00:00:00.000000
4925,henry.m_4925,Vehement Capital,Enterprise,India,2024-09-03 00:00:00.000000
4926,jack_r_4926,Acme Corp,Basic,United States,2023-09-28 00:00:00.000000
4927,iris_p_4927,Acme Corp,Basic,United States,2024-03-19 00:00:00.000000
4928,emma.v_4928,Initech,Corporate,India,2022-10-11 00:00:00.000000
4929,henry.m_4929,Vehement Capital,Basic,Germany,2022-06-19 00:00:00.000000
4930,charlie_k_4930,Acme Corp,Free,Singapore,2024-11-17 00:00:00.000000
4931,emma.v_4931,Tyrell Corp,Basic,Germany,2022-11-06 00:00:00.000000
4932,alice_w_4932,Hooli,Free,Canada,2024-04-30 00:00:00.000000
4933,emma.v_4933,Stark Industries,Basic,Germany,2025-12-27 00:00:00.000000
4934,jean-luc_4934,Initech,Enterprise,Japan,2024-02-14 00:00:00.000000
4935,david.l_4935,Stark Industries,Free,United Kingdom,2025-02-21 00:00:00.000000
4936,iris_p_4936,Acme Corp,Enterprise,India,2022-05-11 00:00:00.000000
4937,emma.v_4937,Tyrell Corp,Enterprise,Australia,2024-08-11 00:00:00.000000
4938,josé_m_4938,Tyrell Corp,Basic,United States,2023-09-01 00:00:00.000000
4939,bob.smith_4939,Initech,Basic,United States,2025-08-15 00:00:00.000000
4940,cléo.b_4940,Cyberdyne Systems,Free,United States,2022-01-04 00:00:00.000000
4941,grace_h_4941,Tyrell Corp,Enterprise,Japan,2024-01-08 00:00:00.000000
4942,charlie_k_4942,Wayne Enterprises,Free,Canada,2022-09-03 00:00:00.000000
4943,bob.smith_4943,Wayne Enterprises,Enterprise,United States,2023-03-04 00:00:00.000000
4944,henry.m_4944,Initech,Premium,Singapore,2023-03-18 00:00:00.000000
4945,iris_p_4945,Tyrell Corp,Premium,United States,2022-09-01 00:00:00.000000
4946,iris_p_4946,Tyrell Corp,Premium,United States,2023-09-28 00:00:00.000000
4947,david.l_4947,Umbrella Corp,Free,Singapore,2024-04-26 00:00:00.000000
4948,jack_r_4948,Wayne Enterprises,Premium,Singapore,2024-10-24 00:00:00.000000
4949,jack_r_4949,Hooli,Enterprise,Germany,2025-02-07 00:00:00.000000
4950,henry.m_4950,Tyrell Corp,Basic,United Kingdom,2023-05-15 00:00:00.000000
4951,iris_p_4951,Unknowm,Free,United States,2024-07-25 00:00:00.000000
4952,charlie_k_4952,Acme Corp,Unknown,Unknown,2024-04-19 00:00:00.000000
4953,emma.v_4953,Tyrell Corp,Enterprise,France,2023-07-02 00:00:00.000000
4954,bob.smith_4954,Umbrella Corp,Basic,India,2024-10-24 00:00:00.000000
4955,frank_g_4955,Stark Industries,Premium,Singapore,2022-06-23 00:00:00.000000
4956,henry.m_4956,Globex,Premium,Canada,2023-08-11 00:00:00.000000
4957,alice_w_4957,Initech,Premium,Brazil,2025-05-08 00:00:00.000000
4958,renee_s_4958,Wayne Enterprises,Premium,United States,2022-04-21 00:00:00.000000
4959,grace_h_4959,Unknowm,Premium,Unknown,2023-01-09 00:00:00.000000
4960,emma.v_4960,Wayne Enterprises,Enterprise,Germany,2023-12-21 00:00:00.000000
4961,jack_r_4961,Tyrell Corp,Basic,Japan,2025-09-02 00:00:00.000000
4962,emma.v_4962,Stark Industries,Free,Germany,2025-07-19 00:00:00.000000
4963,david.l_4963,Initech,Basic,Unknown,2023-06-02 00:00:00.000000
4964,bob.smith_4964,Initech,Enterprise,Australia,2023-03-11 00:00:00.000000
4965,charlie_k_4965,Wayne Enterprises,Enterprise,India,2024-02-03 00:00:00.000000
4966,jack_r_4966,Unknowm,Basic,Singapore,2025-07-14 00:00:00.000000
4967,emma.v_4967,Vehement Capital,Premium,India,2025-04-06 00:00:00.000000
4968,emma.v_4968,Stark Industries,Free,Japan,2023-12-12 00:00:00.000000
4969,bob.smith_4969,Acme Corp,Basic,Germany,2023-11-04 00:00:00.000000
4970,jack_r_4970,Umbrella Corp,Enterprise,United Kingdom,2025-08-13 00:00:00.000000
4971,frank_g_4971,Wayne Enterprises,Basic,United States,2023-12-29 07:11:03.040791
4972,bob.smith_4972,Hooli,Enterprise,France,2023-03-26 00:00:00.000000
4973,emma.v_4973,Cyberdyne Systems,Enterprise,Canada,2023-01-15 00:00:00.000000
4974,emma.v_4974,Umbrella Corp,Premium,Japan,2023-08-02 00:00:00.000000
4975,emma.v_4975,Stark Industries,Free,United States,2022-06-15 00:00:00.000000
4976,charlie_k_4976,Tyrell Corp,Premium,France,2025-05-08 00:00:00.000000
4977,grace_h_4977,Acme Corp,Basic,United Kingdom,2025-05-02 00:00:00.000000
4978,frank_g_4978,Initech,Free,Singapore,2023-09-19 00:00:00.000000
4979,bob.smith_4979,Initech,Basic,Brazil,2022-03-04 00:00:00.000000
4980,alice_w_4980,Umbrella Corp,Free,Canada,2024-03-14 00:00:00.000000
4981,jack_r_4981,Vehement Capital,Free,France,2022-09-15 00:00:00.000000
4982,jack_r_4982,Umbrella Corp,Free,Singapore,2022-05-02 00:00:00.000000
4983,bob.smith_4983,Acme Corp,Enterprise,Singapore,2025-04-17 00:00:00.000000
4984,alice_w_4984,Stark Industries,Basic,Australia,2024-02-16 00:00:00.000000
4985,frank_g_4985,Acme Corp,Premium,Brazil,2024-10-15 00:00:00.000000
4986,bob.smith_4986,Umbrella Corp,Basic,Singapore,2022-11-03 00:00:00.000000
4987,grace_h_4987,Vehement Capital,Basic,India,2023-01-14 00:00:00.000000
4988,henry.m_4988,Tyrell Corp,Free,France,2024-02-02 00:00:00.000000
4989,david.l_4989,Globex,Enterprise,United Kingdom,2023-06-09 00:00:00.000000
4990,charlie_k_4990,Vehement Capital,Basic,United Kingdom,2023-02-19 00:00:00.000000
4991,grace_h_4991,Stark Industries,Premium,Japan,2023-12-29 07:11:03.040791
4992,emma.v_4992,Hooli,Enterprise,Singapore,2022-09-16 00:00:00.000000
4993,alice_w_4993,Initech,Premium,United Kingdom,2024-07-22 00:00:00.000000
4994,grace_h_4994,Initech,Basic,Brazil,2025-12-06 00:00:00.000000
4995,iris_p_4995,Tyrell Corp,Premium,India,2023-01-13 00:00:00.000000
4996,grace_h_4996,Globex,Free,United Kingdom,2025-11-20 00:00:00.000000
4997,henry.m_4997,Umbrella Corp,Premium,India,2023-07-08 00:00:00.000000
4998,henry.m_4998,Umbrella Corp,Basic,Canada,2024-06-26 00:00:00.000000
4999,emma.v_4999,Wayne Enterprises,Premium,France,2024-02-09 00:00:00.000000
5000,henry.m_5000,Umbrella Corp,Free,Canada,2022-01-02 00:00:00.000000
